solid 
 facet normal  9.964554e-01 -8.412279e-02  0.000000e+00
   outer loop
     vertex  6.232308e-01  4.790438e-01  4.169999e-10
     vertex  6.250000e-01  5.000000e-01  4.169999e-10
     vertex  6.250000e-01  5.000000e-01  1.000000e+00
   endloop
 endfacet
 facet normal  9.964554e-01 -8.412279e-02  0.000000e+00
   outer loop
     vertex  6.232308e-01  4.790438e-01  4.169999e-10
     vertex  6.250000e-01  5.000000e-01  1.000000e+00
     vertex  6.232308e-01  4.790438e-01  1.000000e+00
   endloop
 endfacet
 facet normal  9.688046e-01 -2.478260e-01  0.000000e+00
   outer loop
     vertex  6.181567e-01  4.592078e-01  4.169999e-10
     vertex  6.232308e-01  4.790438e-01  1.000000e+00
     vertex  6.181567e-01  4.592078e-01  1.000000e+00
   endloop
 endfacet
 facet normal  9.688046e-01 -2.478260e-01  0.000000e+00
   outer loop
     vertex  6.181567e-01  4.592078e-01  4.169999e-10
     vertex  6.232308e-01  4.790438e-01  4.169999e-10
     vertex  6.232308e-01  4.790438e-01  1.000000e+00
   endloop
 endfacet
 facet normal  9.150236e-01 -4.034004e-01  0.000000e+00
   outer loop
     vertex  6.098155e-01  4.402877e-01  4.169999e-10
     vertex  6.181567e-01  4.592078e-01  1.000000e+00
     vertex  6.098155e-01  4.402877e-01  1.000000e+00
   endloop
 endfacet
 facet normal  9.150236e-01 -4.034004e-01  0.000000e+00
   outer loop
     vertex  6.098155e-01  4.402877e-01  4.169999e-10
     vertex  6.181567e-01  4.592078e-01  4.169999e-10
     vertex  6.181567e-01  4.592078e-01  1.000000e+00
   endloop
 endfacet
 facet normal  8.363453e-01 -5.482030e-01  0.000000e+00
   outer loop
     vertex  5.985652e-01  4.231241e-01  4.169999e-10
     vertex  6.098155e-01  4.402877e-01  1.000000e+00
     vertex  5.985652e-01  4.231241e-01  1.000000e+00
   endloop
 endfacet
 facet normal  8.363453e-01 -5.482030e-01  0.000000e+00
   outer loop
     vertex  5.985652e-01  4.231241e-01  4.169999e-10
     vertex  6.098155e-01  4.402877e-01  4.169999e-10
     vertex  6.098155e-01  4.402877e-01  1.000000e+00
   endloop
 endfacet
 facet normal  7.357695e-01 -6.772321e-01  0.000000e+00
   outer loop
     vertex  5.847651e-01  4.081312e-01  4.169999e-10
     vertex  5.985652e-01  4.231241e-01  1.000000e+00
     vertex  5.847651e-01  4.081312e-01  1.000000e+00
   endloop
 endfacet
 facet normal  7.357695e-01 -6.772321e-01  0.000000e+00
   outer loop
     vertex  5.847651e-01  4.081312e-01  4.169999e-10
     vertex  5.985652e-01  4.231241e-01  4.169999e-10
     vertex  5.985652e-01  4.231241e-01  1.000000e+00
   endloop
 endfacet
 facet normal  6.163939e-01 -7.874380e-01  0.000000e+00
   outer loop
     vertex  5.688275e-01  3.956555e-01  4.169999e-10
     vertex  5.847651e-01  4.081312e-01  1.000000e+00
     vertex  5.688275e-01  3.956555e-01  1.000000e+00
   endloop
 endfacet
 facet normal  6.163939e-01 -7.874380e-01  0.000000e+00
   outer loop
     vertex  5.688275e-01  3.956555e-01  4.169999e-10
     vertex  5.847651e-01  4.081312e-01  4.169999e-10
     vertex  5.847651e-01  4.081312e-01  1.000000e+00
   endloop
 endfacet
 facet normal  4.738562e-01 -8.806022e-01  0.000000e+00
   outer loop
     vertex  5.491630e-01  3.850739e-01  4.169999e-10
     vertex  5.688275e-01  3.956555e-01  1.000000e+00
     vertex  5.491630e-01  3.850739e-01  1.000000e+00
   endloop
 endfacet
 facet normal  4.738562e-01 -8.806022e-01  0.000000e+00
   outer loop
     vertex  5.491630e-01  3.850739e-01  4.169999e-10
     vertex  5.688275e-01  3.956555e-01  4.169999e-10
     vertex  5.688275e-01  3.956555e-01  1.000000e+00
   endloop
 endfacet
 facet normal  3.102813e-01 -9.506448e-01  0.000000e+00
   outer loop
     vertex  5.281021e-01  3.781999e-01  4.169999e-10
     vertex  5.491630e-01  3.850739e-01  1.000000e+00
     vertex  5.281021e-01  3.781999e-01  1.000000e+00
   endloop
 endfacet
 facet normal  3.102813e-01 -9.506448e-01  0.000000e+00
   outer loop
     vertex  5.281021e-01  3.781999e-01  4.169999e-10
     vertex  5.491630e-01  3.850739e-01  4.169999e-10
     vertex  5.491630e-01  3.850739e-01  1.000000e+00
   endloop
 endfacet
 facet normal  1.382767e-01 -9.903936e-01  0.000000e+00
   outer loop
     vertex  5.063332e-01  3.751605e-01  4.169999e-10
     vertex  5.281021e-01  3.781999e-01  1.000000e+00
     vertex  5.063332e-01  3.751605e-01  1.000000e+00
   endloop
 endfacet
 facet normal  1.382767e-01 -9.903936e-01  0.000000e+00
   outer loop
     vertex  5.063332e-01  3.751605e-01  4.169999e-10
     vertex  5.281021e-01  3.781999e-01  4.169999e-10
     vertex  5.281021e-01  3.781999e-01  1.000000e+00
   endloop
 endfacet
 facet normal -3.663780e-02 -9.993286e-01  0.000000e+00
   outer loop
     vertex  4.845423e-01  3.759594e-01  4.169999e-10
     vertex  5.063332e-01  3.751605e-01  1.000000e+00
     vertex  4.845423e-01  3.759594e-01  1.000000e+00
   endloop
 endfacet
 facet normal -3.663780e-02 -9.993286e-01  0.000000e+00
   outer loop
     vertex  4.845423e-01  3.759594e-01  4.169999e-10
     vertex  5.063332e-01  3.751605e-01  4.169999e-10
     vertex  5.063332e-01  3.751605e-01  1.000000e+00
   endloop
 endfacet
 facet normal -2.090446e-01 -9.779061e-01  0.000000e+00
   outer loop
     vertex  4.633925e-01  3.804806e-01  4.169999e-10
     vertex  4.845423e-01  3.759594e-01  1.000000e+00
     vertex  4.633925e-01  3.804806e-01  1.000000e+00
   endloop
 endfacet
 facet normal -2.090446e-01 -9.779061e-01  0.000000e+00
   outer loop
     vertex  4.633925e-01  3.804806e-01  4.169999e-10
     vertex  4.845423e-01  3.759594e-01  4.169999e-10
     vertex  4.845423e-01  3.759594e-01  1.000000e+00
   endloop
 endfacet
 facet normal -3.737949e-01 -9.275114e-01  0.000000e+00
   outer loop
     vertex  4.435032e-01  3.884961e-01  4.169999e-10
     vertex  4.633925e-01  3.804806e-01  1.000000e+00
     vertex  4.435032e-01  3.884961e-01  1.000000e+00
   endloop
 endfacet
 facet normal -3.737949e-01 -9.275114e-01  0.000000e+00
   outer loop
     vertex  4.435032e-01  3.884961e-01  4.169999e-10
     vertex  4.633925e-01  3.804806e-01  4.169999e-10
     vertex  4.633925e-01  3.804806e-01  1.000000e+00
   endloop
 endfacet
 facet normal -5.296686e-01 -8.482047e-01  0.000000e+00
   outer loop
     vertex  4.246065e-01  4.002963e-01  4.169999e-10
     vertex  4.435032e-01  3.884961e-01  1.000000e+00
     vertex  4.246065e-01  4.002963e-01  1.000000e+00
   endloop
 endfacet
 facet normal -5.296686e-01 -8.482047e-01  0.000000e+00
   outer loop
     vertex  4.246065e-01  4.002963e-01  4.169999e-10
     vertex  4.435032e-01  3.884961e-01  4.169999e-10
     vertex  4.435032e-01  3.884961e-01  1.000000e+00
   endloop
 endfacet
 facet normal -6.676914e-01 -7.444381e-01  0.000000e+00
   outer loop
     vertex  4.090545e-01  4.142450e-01  4.169999e-10
     vertex  4.246065e-01  4.002963e-01  1.000000e+00
     vertex  4.090545e-01  4.142450e-01  1.000000e+00
   endloop
 endfacet
 facet normal -6.676914e-01 -7.444381e-01  0.000000e+00
   outer loop
     vertex  4.090545e-01  4.142450e-01  4.169999e-10
     vertex  4.246065e-01  4.002963e-01  4.169999e-10
     vertex  4.246065e-01  4.002963e-01  1.000000e+00
   endloop
 endfacet
 facet normal -7.819141e-01 -6.233861e-01  0.000000e+00
   outer loop
     vertex  3.961394e-01  4.304445e-01  4.169999e-10
     vertex  4.090545e-01  4.142450e-01  1.000000e+00
     vertex  3.961394e-01  4.304445e-01  1.000000e+00
   endloop
 endfacet
 facet normal -7.819141e-01 -6.233861e-01  0.000000e+00
   outer loop
     vertex  3.961394e-01  4.304445e-01  4.169999e-10
     vertex  4.090545e-01  4.142450e-01  4.169999e-10
     vertex  4.090545e-01  4.142450e-01  1.000000e+00
   endloop
 endfacet
 facet normal -8.738313e-01 -4.862292e-01  0.000000e+00
   outer loop
     vertex  3.861428e-01  4.484100e-01  4.169999e-10
     vertex  3.961394e-01  4.304445e-01  1.000000e+00
     vertex  3.861428e-01  4.484100e-01  1.000000e+00
   endloop
 endfacet
 facet normal -8.738313e-01 -4.862292e-01  0.000000e+00
   outer loop
     vertex  3.861428e-01  4.484100e-01  4.169999e-10
     vertex  3.961394e-01  4.304445e-01  4.169999e-10
     vertex  3.961394e-01  4.304445e-01  1.000000e+00
   endloop
 endfacet
 facet normal -9.415149e-01 -3.369714e-01  0.000000e+00
   outer loop
     vertex  3.792644e-01  4.676285e-01  4.169999e-10
     vertex  3.861428e-01  4.484100e-01  1.000000e+00
     vertex  3.792644e-01  4.676285e-01  1.000000e+00
   endloop
 endfacet
 facet normal -9.415149e-01 -3.369714e-01  0.000000e+00
   outer loop
     vertex  3.792644e-01  4.676285e-01  4.169999e-10
     vertex  3.861428e-01  4.484100e-01  4.169999e-10
     vertex  3.861428e-01  4.484100e-01  1.000000e+00
   endloop
 endfacet
 facet normal -9.837045e-01 -1.797926e-01  0.000000e+00
   outer loop
     vertex  3.756194e-01  4.875714e-01  4.169999e-10
     vertex  3.792644e-01  4.676285e-01  1.000000e+00
     vertex  3.756194e-01  4.875714e-01  1.000000e+00
   endloop
 endfacet
 facet normal -9.837045e-01 -1.797926e-01  0.000000e+00
   outer loop
     vertex  3.756194e-01  4.875714e-01  4.169999e-10
     vertex  3.792644e-01  4.676285e-01  4.169999e-10
     vertex  3.792644e-01  4.676285e-01  1.000000e+00
   endloop
 endfacet
 facet normal -9.998205e-01 -1.894468e-02  0.000000e+00
   outer loop
     vertex  3.752379e-01  5.077078e-01  4.169999e-10
     vertex  3.756194e-01  4.875714e-01  1.000000e+00
     vertex  3.752379e-01  5.077078e-01  1.000000e+00
   endloop
 endfacet
 facet normal -9.998205e-01 -1.894468e-02  0.000000e+00
   outer loop
     vertex  3.752379e-01  5.077078e-01  4.169999e-10
     vertex  3.756194e-01  4.875714e-01  4.169999e-10
     vertex  3.756194e-01  4.875714e-01  1.000000e+00
   endloop
 endfacet
 facet normal -9.886718e-01  1.500933e-01  0.000000e+00
   outer loop
     vertex  3.785716e-01  5.296671e-01  4.169999e-10
     vertex  3.752379e-01  5.077078e-01  1.000000e+00
     vertex  3.785716e-01  5.296671e-01  1.000000e+00
   endloop
 endfacet
 facet normal -9.886718e-01  1.500933e-01  0.000000e+00
   outer loop
     vertex  3.785716e-01  5.296671e-01  4.169999e-10
     vertex  3.752379e-01  5.077078e-01  4.169999e-10
     vertex  3.752379e-01  5.077078e-01  1.000000e+00
   endloop
 endfacet
 facet normal -9.467260e-01  3.220402e-01  0.000000e+00
   outer loop
     vertex  3.856682e-01  5.505295e-01  4.169999e-10
     vertex  3.785716e-01  5.296671e-01  1.000000e+00
     vertex  3.856682e-01  5.505295e-01  1.000000e+00
   endloop
 endfacet
 facet normal -9.467260e-01  3.220402e-01  0.000000e+00
   outer loop
     vertex  3.856682e-01  5.505295e-01  4.169999e-10
     vertex  3.785716e-01  5.296671e-01  4.169999e-10
     vertex  3.785716e-01  5.296671e-01  1.000000e+00
   endloop
 endfacet
 facet normal -8.758006e-01  4.826730e-01  0.000000e+00
   outer loop
     vertex  3.962205e-01  5.696764e-01  4.169999e-10
     vertex  3.856682e-01  5.505295e-01  1.000000e+00
     vertex  3.962205e-01  5.696764e-01  1.000000e+00
   endloop
 endfacet
 facet normal -8.758006e-01  4.826730e-01  0.000000e+00
   outer loop
     vertex  3.962205e-01  5.696764e-01  4.169999e-10
     vertex  3.856682e-01  5.505295e-01  4.169999e-10
     vertex  3.856682e-01  5.505295e-01  1.000000e+00
   endloop
 endfacet
 facet normal -7.787556e-01  6.273275e-01  0.000000e+00
   outer loop
     vertex  4.098245e-01  5.865643e-01  4.169999e-10
     vertex  3.962205e-01  5.696764e-01  4.169999e-10
     vertex  3.962205e-01  5.696764e-01  1.000000e+00
   endloop
 endfacet
 facet normal -7.787556e-01  6.273275e-01  0.000000e+00
   outer loop
     vertex  4.098245e-01  5.865643e-01  4.169999e-10
     vertex  3.962205e-01  5.696764e-01  1.000000e+00
     vertex  4.098245e-01  5.865643e-01  1.000000e+00
   endloop
 endfacet
 facet normal -6.591631e-01  7.520000e-01  0.000000e+00
   outer loop
     vertex  4.259955e-01  6.007389e-01  4.169999e-10
     vertex  4.098245e-01  5.865643e-01  1.000000e+00
     vertex  4.259955e-01  6.007389e-01  1.000000e+00
   endloop
 endfacet
 facet normal -6.591631e-01  7.520000e-01  0.000000e+00
   outer loop
     vertex  4.259955e-01  6.007389e-01  4.169999e-10
     vertex  4.098245e-01  5.865643e-01  4.169999e-10
     vertex  4.098245e-01  5.865643e-01  1.000000e+00
   endloop
 endfacet
 facet normal -5.202289e-01  8.540269e-01  0.000000e+00
   outer loop
     vertex  4.444331e-01  6.119702e-01  4.169999e-10
     vertex  4.259955e-01  6.007389e-01  4.169999e-10
     vertex  4.259955e-01  6.007389e-01  1.000000e+00
   endloop
 endfacet
 facet normal -5.202289e-01  8.540269e-01  0.000000e+00
   outer loop
     vertex  4.444331e-01  6.119702e-01  4.169999e-10
     vertex  4.259955e-01  6.007389e-01  1.000000e+00
     vertex  4.444331e-01  6.119702e-01  1.000000e+00
   endloop
 endfacet
 facet normal -3.678759e-01  9.298749e-01  0.000000e+00
   outer loop
     vertex  4.639217e-01  6.196802e-01  4.169999e-10
     vertex  4.444331e-01  6.119702e-01  4.169999e-10
     vertex  4.444331e-01  6.119702e-01  1.000000e+00
   endloop
 endfacet
 facet normal -3.678759e-01  9.298749e-01  0.000000e+00
   outer loop
     vertex  4.639217e-01  6.196802e-01  4.169999e-10
     vertex  4.444331e-01  6.119702e-01  1.000000e+00
     vertex  4.639217e-01  6.196802e-01  1.000000e+00
   endloop
 endfacet
 facet normal -2.080517e-01  9.781178e-01  0.000000e+00
   outer loop
     vertex  4.842454e-01  6.240032e-01  4.169999e-10
     vertex  4.639217e-01  6.196802e-01  4.169999e-10
     vertex  4.639217e-01  6.196802e-01  1.000000e+00
   endloop
 endfacet
 facet normal -2.080517e-01  9.781178e-01  0.000000e+00
   outer loop
     vertex  4.842454e-01  6.240032e-01  4.169999e-10
     vertex  4.639217e-01  6.196802e-01  1.000000e+00
     vertex  4.842454e-01  6.240032e-01  1.000000e+00
   endloop
 endfacet
 facet normal -4.380452e-02  9.990401e-01  0.000000e+00
   outer loop
     vertex  5.048408e-01  6.249062e-01  4.169999e-10
     vertex  4.842454e-01  6.240032e-01  4.169999e-10
     vertex  4.842454e-01  6.240032e-01  1.000000e+00
   endloop
 endfacet
 facet normal -4.380452e-02  9.990401e-01  0.000000e+00
   outer loop
     vertex  5.048408e-01  6.249062e-01  4.169999e-10
     vertex  4.842454e-01  6.240032e-01  1.000000e+00
     vertex  5.048408e-01  6.249062e-01  1.000000e+00
   endloop
 endfacet
 facet normal  1.203928e-01  9.927263e-01  0.000000e+00
   outer loop
     vertex  5.251564e-01  6.224425e-01  4.169999e-10
     vertex  5.048408e-01  6.249062e-01  4.169999e-10
     vertex  5.048408e-01  6.249062e-01  1.000000e+00
   endloop
 endfacet
 facet normal  1.203928e-01  9.927263e-01 -0.000000e+00
   outer loop
     vertex  5.251564e-01  6.224425e-01  4.169999e-10
     vertex  5.048408e-01  6.249062e-01  1.000000e+00
     vertex  5.251564e-01  6.224425e-01  1.000000e+00
   endloop
 endfacet
 facet normal  2.802132e-01  9.599378e-01  0.000000e+00
   outer loop
     vertex  5.446650e-01  6.167477e-01  4.169999e-10
     vertex  5.251564e-01  6.224425e-01  4.169999e-10
     vertex  5.251564e-01  6.224425e-01  1.000000e+00
   endloop
 endfacet
 facet normal  2.802132e-01  9.599378e-01 -0.000000e+00
   outer loop
     vertex  5.446650e-01  6.167477e-01  4.169999e-10
     vertex  5.251564e-01  6.224425e-01  1.000000e+00
     vertex  5.446650e-01  6.167477e-01  1.000000e+00
   endloop
 endfacet
 facet normal  4.315733e-01  9.020779e-01  0.000000e+00
   outer loop
     vertex  5.628759e-01  6.080353e-01  4.169999e-10
     vertex  5.446650e-01  6.167477e-01  4.169999e-10
     vertex  5.446650e-01  6.167477e-01  1.000000e+00
   endloop
 endfacet
 facet normal  4.315733e-01  9.020779e-01 -0.000000e+00
   outer loop
     vertex  5.628759e-01  6.080353e-01  4.169999e-10
     vertex  5.446650e-01  6.167477e-01  1.000000e+00
     vertex  5.628759e-01  6.080353e-01  1.000000e+00
   endloop
 endfacet
 facet normal  5.779925e-01  8.160421e-01  0.000000e+00
   outer loop
     vertex  5.810478e-01  5.951643e-01  4.169999e-10
     vertex  5.628759e-01  6.080353e-01  4.169999e-10
     vertex  5.628759e-01  6.080353e-01  1.000000e+00
   endloop
 endfacet
 facet normal  5.779925e-01  8.160421e-01 -0.000000e+00
   outer loop
     vertex  5.810478e-01  5.951643e-01  4.169999e-10
     vertex  5.628759e-01  6.080353e-01  1.000000e+00
     vertex  5.810478e-01  5.951643e-01  1.000000e+00
   endloop
 endfacet
 facet normal  7.131248e-01  7.010371e-01  0.000000e+00
   outer loop
     vertex  5.965359e-01  5.794093e-01  4.169999e-10
     vertex  5.810478e-01  5.951643e-01  4.169999e-10
     vertex  5.810478e-01  5.951643e-01  1.000000e+00
   endloop
 endfacet
 facet normal  7.131248e-01  7.010371e-01 -0.000000e+00
   outer loop
     vertex  5.965359e-01  5.794093e-01  4.169999e-10
     vertex  5.810478e-01  5.951643e-01  1.000000e+00
     vertex  5.965359e-01  5.794093e-01  1.000000e+00
   endloop
 endfacet
 facet normal  8.250111e-01  5.651166e-01  0.000000e+00
   outer loop
     vertex  6.089226e-01  5.613258e-01  4.169999e-10
     vertex  5.965359e-01  5.794093e-01  4.169999e-10
     vertex  5.965359e-01  5.794093e-01  1.000000e+00
   endloop
 endfacet
 facet normal  8.250111e-01  5.651166e-01 -0.000000e+00
   outer loop
     vertex  6.089226e-01  5.613258e-01  4.169999e-10
     vertex  5.965359e-01  5.794093e-01  1.000000e+00
     vertex  6.089226e-01  5.613258e-01  1.000000e+00
   endloop
 endfacet
 facet normal  9.107492e-01  4.129599e-01  0.000000e+00
   outer loop
     vertex  6.179019e-01  5.415229e-01  4.169999e-10
     vertex  6.089226e-01  5.613258e-01  4.169999e-10
     vertex  6.089226e-01  5.613258e-01  1.000000e+00
   endloop
 endfacet
 facet normal  9.107492e-01  4.129599e-01 -0.000000e+00
   outer loop
     vertex  6.179019e-01  5.415229e-01  4.169999e-10
     vertex  6.089226e-01  5.613258e-01  1.000000e+00
     vertex  6.179019e-01  5.415229e-01  1.000000e+00
   endloop
 endfacet
 facet normal  9.687682e-01  2.479682e-01  0.000000e+00
   outer loop
     vertex  6.233523e-01  5.202291e-01  4.169999e-10
     vertex  6.179019e-01  5.415229e-01  4.169999e-10
     vertex  6.179019e-01  5.415229e-01  1.000000e+00
   endloop
 endfacet
 facet normal  9.687682e-01  2.479682e-01 -0.000000e+00
   outer loop
     vertex  6.233523e-01  5.202291e-01  4.169999e-10
     vertex  6.179019e-01  5.415229e-01  1.000000e+00
     vertex  6.233523e-01  5.202291e-01  1.000000e+00
   endloop
 endfacet
 facet normal  9.966991e-01  8.118423e-02  0.000000e+00
   outer loop
     vertex  6.250000e-01  5.000000e-01  4.169999e-10
     vertex  6.233523e-01  5.202291e-01  4.169999e-10
     vertex  6.233523e-01  5.202291e-01  1.000000e+00
   endloop
 endfacet
 facet normal  9.966991e-01  8.118423e-02 -0.000000e+00
   outer loop
     vertex  6.250000e-01  5.000000e-01  4.169999e-10
     vertex  6.233523e-01  5.202291e-01  1.000000e+00
     vertex  6.250000e-01  5.000000e-01  1.000000e+00
   endloop
 endfacet
 facet normal  9.990015e-01  4.467671e-02  0.000000e+00
   outer loop
     vertex  9.980040e-01  5.446321e-01  1.250000e-01
     vertex  1.000000e+00  5.000000e-01  1.250000e-01
     vertex  1.000000e+00  5.000000e-01  4.166000e-09
   endloop
 endfacet
 facet normal  9.990015e-01  4.467671e-02  0.000000e+00
   outer loop
     vertex  9.980040e-01  5.446321e-01  1.250000e-01
     vertex  1.000000e+00  5.000000e-01  4.166000e-09
     vertex  9.980040e-01  5.446321e-01  4.166000e-09
   endloop
 endfacet
 facet normal  9.910492e-01  1.334972e-01  0.000000e+00
   outer loop
     vertex  9.920635e-01  5.887329e-01  1.250000e-01
     vertex  9.980040e-01  5.446321e-01  4.166000e-09
     vertex  9.920635e-01  5.887329e-01  4.166000e-09
   endloop
 endfacet
 facet normal  9.910492e-01  1.334972e-01  0.000000e+00
   outer loop
     vertex  9.920635e-01  5.887329e-01  1.250000e-01
     vertex  9.980040e-01  5.446321e-01  1.250000e-01
     vertex  9.980040e-01  5.446321e-01  4.166000e-09
   endloop
 endfacet
 facet normal  9.752551e-01  2.210826e-01  0.000000e+00
   outer loop
     vertex  9.822255e-01  6.321308e-01  1.250000e-01
     vertex  9.920635e-01  5.887329e-01  4.166000e-09
     vertex  9.822255e-01  6.321308e-01  4.166000e-09
   endloop
 endfacet
 facet normal  9.752551e-01  2.210826e-01  0.000000e+00
   outer loop
     vertex  9.822255e-01  6.321308e-01  1.250000e-01
     vertex  9.920635e-01  5.887329e-01  1.250000e-01
     vertex  9.920635e-01  5.887329e-01  4.166000e-09
   endloop
 endfacet
 facet normal  9.517636e-01  3.068322e-01  0.000000e+00
   outer loop
     vertex  9.685991e-01  6.743987e-01  1.250000e-01
     vertex  9.822255e-01  6.321308e-01  4.166000e-09
     vertex  9.685991e-01  6.743987e-01  4.166000e-09
   endloop
 endfacet
 facet normal  9.517636e-01  3.068322e-01  0.000000e+00
   outer loop
     vertex  9.685991e-01  6.743987e-01  1.250000e-01
     vertex  9.822255e-01  6.321308e-01  1.250000e-01
     vertex  9.822255e-01  6.321308e-01  4.166000e-09
   endloop
 endfacet
 facet normal  9.208184e-01  3.899917e-01  0.000000e+00
   outer loop
     vertex  9.513144e-01  7.152098e-01  1.250000e-01
     vertex  9.685991e-01  6.743987e-01  4.166000e-09
     vertex  9.513144e-01  7.152098e-01  4.166000e-09
   endloop
 endfacet
 facet normal  9.208184e-01  3.899917e-01  0.000000e+00
   outer loop
     vertex  9.513144e-01  7.152098e-01  1.250000e-01
     vertex  9.685991e-01  6.743987e-01  1.250000e-01
     vertex  9.685991e-01  6.743987e-01  4.166000e-09
   endloop
 endfacet
 facet normal  8.827080e-01  4.699218e-01  0.000000e+00
   outer loop
     vertex  9.305297e-01  7.542521e-01  1.250000e-01
     vertex  9.513144e-01  7.152098e-01  4.166000e-09
     vertex  9.305297e-01  7.542521e-01  4.166000e-09
   endloop
 endfacet
 facet normal  8.827080e-01  4.699218e-01  0.000000e+00
   outer loop
     vertex  9.305297e-01  7.542521e-01  1.250000e-01
     vertex  9.513144e-01  7.152098e-01  1.250000e-01
     vertex  9.513144e-01  7.152098e-01  4.166000e-09
   endloop
 endfacet
 facet normal  8.377757e-01  5.460145e-01  0.000000e+00
   outer loop
     vertex  9.064295e-01  7.912302e-01  1.250000e-01
     vertex  9.305297e-01  7.542521e-01  4.166000e-09
     vertex  9.064295e-01  7.912302e-01  4.166000e-09
   endloop
 endfacet
 facet normal  8.377757e-01  5.460145e-01  0.000000e+00
   outer loop
     vertex  9.064295e-01  7.912302e-01  1.250000e-01
     vertex  9.305297e-01  7.542521e-01  1.250000e-01
     vertex  9.305297e-01  7.542521e-01  4.166000e-09
   endloop
 endfacet
 facet normal  7.864157e-01  6.176977e-01  0.000000e+00
   outer loop
     vertex  8.792230e-01  8.258680e-01  1.250000e-01
     vertex  9.064295e-01  7.912302e-01  4.166000e-09
     vertex  8.792230e-01  8.258680e-01  4.166000e-09
   endloop
 endfacet
 facet normal  7.864157e-01  6.176977e-01  0.000000e+00
   outer loop
     vertex  8.792230e-01  8.258680e-01  1.250000e-01
     vertex  9.064295e-01  7.912302e-01  1.250000e-01
     vertex  9.064295e-01  7.912302e-01  4.166000e-09
   endloop
 endfacet
 facet normal  7.290695e-01  6.844397e-01  0.000000e+00
   outer loop
     vertex  8.491421e-01  8.579103e-01  1.250000e-01
     vertex  8.792230e-01  8.258680e-01  4.166000e-09
     vertex  8.491421e-01  8.579103e-01  4.166000e-09
   endloop
 endfacet
 facet normal  7.290695e-01  6.844397e-01  0.000000e+00
   outer loop
     vertex  8.491421e-01  8.579103e-01  1.250000e-01
     vertex  8.792230e-01  8.258680e-01  1.250000e-01
     vertex  8.792230e-01  8.258680e-01  4.166000e-09
   endloop
 endfacet
 facet normal  6.662224e-01  7.457531e-01  0.000000e+00
   outer loop
     vertex  8.164395e-01  8.871254e-01  1.250000e-01
     vertex  8.491421e-01  8.579103e-01  4.166000e-09
     vertex  8.164395e-01  8.871254e-01  4.166000e-09
   endloop
 endfacet
 facet normal  6.662224e-01  7.457531e-01  0.000000e+00
   outer loop
     vertex  8.164395e-01  8.871254e-01  1.250000e-01
     vertex  8.491421e-01  8.579103e-01  1.250000e-01
     vertex  8.491421e-01  8.579103e-01  4.166000e-09
   endloop
 endfacet
 facet normal  5.983989e-01  8.011983e-01  0.000000e+00
   outer loop
     vertex  7.813864e-01  9.133058e-01  1.250000e-01
     vertex  8.164395e-01  8.871254e-01  4.166000e-09
     vertex  7.813864e-01  9.133058e-01  4.166000e-09
   endloop
 endfacet
 facet normal  5.983989e-01  8.011983e-01  0.000000e+00
   outer loop
     vertex  7.813864e-01  9.133058e-01  1.250000e-01
     vertex  8.164395e-01  8.871254e-01  1.250000e-01
     vertex  8.164395e-01  8.871254e-01  4.166000e-09
   endloop
 endfacet
 facet normal  5.261151e-01  8.504134e-01  0.000000e+00
   outer loop
     vertex  7.442261e-01  9.362953e-01  1.250000e-01
     vertex  7.813864e-01  9.133058e-01  4.166000e-09
     vertex  7.442261e-01  9.362953e-01  4.166000e-09
   endloop
 endfacet
 facet normal  5.261151e-01  8.504134e-01  0.000000e+00
   outer loop
     vertex  7.442261e-01  9.362953e-01  1.250000e-01
     vertex  7.813864e-01  9.133058e-01  1.250000e-01
     vertex  7.813864e-01  9.133058e-01  4.166000e-09
   endloop
 endfacet
 facet normal  4.521252e-01  8.919545e-01  0.000000e+00
   outer loop
     vertex  7.075160e-01  9.549034e-01  1.250000e-01
     vertex  7.442261e-01  9.362953e-01  1.250000e-01
     vertex  7.442261e-01  9.362953e-01  4.166000e-09
   endloop
 endfacet
 facet normal  4.521252e-01  8.919545e-01  0.000000e+00
   outer loop
     vertex  7.075160e-01  9.549034e-01  1.250000e-01
     vertex  7.442261e-01  9.362953e-01  4.166000e-09
     vertex  7.075160e-01  9.549034e-01  4.166000e-09
   endloop
 endfacet
 facet normal  3.773189e-01  9.260834e-01  0.000000e+00
   outer loop
     vertex  6.694846e-01  9.703987e-01  1.250000e-01
     vertex  7.075160e-01  9.549034e-01  1.250000e-01
     vertex  7.075160e-01  9.549034e-01  4.166000e-09
   endloop
 endfacet
 facet normal  3.773189e-01  9.260834e-01  0.000000e+00
   outer loop
     vertex  6.694846e-01  9.703987e-01  1.250000e-01
     vertex  7.075160e-01  9.549034e-01  4.166000e-09
     vertex  6.694846e-01  9.703987e-01  4.166000e-09
   endloop
 endfacet
 facet normal  3.001293e-01  9.538985e-01  0.000000e+00
   outer loop
     vertex  6.303926e-01  9.826984e-01  1.250000e-01
     vertex  6.694846e-01  9.703987e-01  1.250000e-01
     vertex  6.694846e-01  9.703987e-01  4.166000e-09
   endloop
 endfacet
 facet normal  3.001293e-01  9.538985e-01  0.000000e+00
   outer loop
     vertex  6.303926e-01  9.826984e-01  1.250000e-01
     vertex  6.694846e-01  9.703987e-01  4.166000e-09
     vertex  6.303926e-01  9.826984e-01  4.166000e-09
   endloop
 endfacet
 facet normal  2.210828e-01  9.752550e-01  0.000000e+00
   outer loop
     vertex  5.905052e-01  9.917406e-01  1.250000e-01
     vertex  6.303926e-01  9.826984e-01  1.250000e-01
     vertex  6.303926e-01  9.826984e-01  4.166000e-09
   endloop
 endfacet
 facet normal  2.210828e-01  9.752550e-01  0.000000e+00
   outer loop
     vertex  5.905052e-01  9.917406e-01  1.250000e-01
     vertex  6.303926e-01  9.826984e-01  4.166000e-09
     vertex  5.905052e-01  9.917406e-01  4.166000e-09
   endloop
 endfacet
 facet normal  1.407133e-01  9.900504e-01  0.000000e+00
   outer loop
     vertex  5.500907e-01  9.974846e-01  1.250000e-01
     vertex  5.905052e-01  9.917406e-01  4.166000e-09
     vertex  5.500907e-01  9.974846e-01  4.166000e-09
   endloop
 endfacet
 facet normal  1.407133e-01  9.900504e-01  0.000000e+00
   outer loop
     vertex  5.500907e-01  9.974846e-01  1.250000e-01
     vertex  5.905052e-01  9.917406e-01  1.250000e-01
     vertex  5.905052e-01  9.917406e-01  4.166000e-09
   endloop
 endfacet
 facet normal  5.955859e-02  9.982248e-01  0.000000e+00
   outer loop
     vertex  5.094184e-01  9.999113e-01  1.250000e-01
     vertex  5.500907e-01  9.974846e-01  4.166000e-09
     vertex  5.094184e-01  9.999113e-01  4.166000e-09
   endloop
 endfacet
 facet normal  5.955859e-02  9.982248e-01  0.000000e+00
   outer loop
     vertex  5.094184e-01  9.999113e-01  1.250000e-01
     vertex  5.500907e-01  9.974846e-01  1.250000e-01
     vertex  5.500907e-01  9.974846e-01  4.166000e-09
   endloop
 endfacet
 facet normal -2.184272e-02  9.997614e-01  0.000000e+00
   outer loop
     vertex  4.687570e-01  9.990229e-01  1.250000e-01
     vertex  5.094184e-01  9.999113e-01  4.166000e-09
     vertex  4.687570e-01  9.990229e-01  4.166000e-09
   endloop
 endfacet
 facet normal -2.184272e-02  9.997614e-01  0.000000e+00
   outer loop
     vertex  4.687570e-01  9.990229e-01  1.250000e-01
     vertex  5.094184e-01  9.999113e-01  1.250000e-01
     vertex  5.094184e-01  9.999113e-01  4.166000e-09
   endloop
 endfacet
 facet normal -1.029548e-01  9.946860e-01  0.000000e+00
   outer loop
     vertex  4.283731e-01  9.948430e-01  1.250000e-01
     vertex  4.687570e-01  9.990229e-01  4.166000e-09
     vertex  4.283731e-01  9.948430e-01  4.166000e-09
   endloop
 endfacet
 facet normal -1.029548e-01  9.946860e-01  0.000000e+00
   outer loop
     vertex  4.283731e-01  9.948430e-01  1.250000e-01
     vertex  4.687570e-01  9.990229e-01  1.250000e-01
     vertex  4.687570e-01  9.990229e-01  4.166000e-09
   endloop
 endfacet
 facet normal -1.832477e-01  9.830668e-01  0.000000e+00
   outer loop
     vertex  3.885297e-01  9.874160e-01  1.250000e-01
     vertex  4.283731e-01  9.948430e-01  4.166000e-09
     vertex  3.885297e-01  9.874160e-01  4.166000e-09
   endloop
 endfacet
 facet normal -1.832477e-01  9.830668e-01  0.000000e+00
   outer loop
     vertex  3.885297e-01  9.874160e-01  1.250000e-01
     vertex  4.283731e-01  9.948430e-01  1.250000e-01
     vertex  4.283731e-01  9.948430e-01  4.166000e-09
   endloop
 endfacet
 facet normal -2.622011e-01  9.650133e-01  0.000000e+00
   outer loop
     vertex  3.494839e-01  9.768070e-01  1.250000e-01
     vertex  3.885297e-01  9.874160e-01  4.166000e-09
     vertex  3.494839e-01  9.768070e-01  4.166000e-09
   endloop
 endfacet
 facet normal -2.622011e-01  9.650133e-01  0.000000e+00
   outer loop
     vertex  3.494839e-01  9.768070e-01  1.250000e-01
     vertex  3.885297e-01  9.874160e-01  1.250000e-01
     vertex  3.885297e-01  9.874160e-01  4.166000e-09
   endloop
 endfacet
 facet normal -3.393069e-01  9.406757e-01  0.000000e+00
   outer loop
     vertex  3.114861e-01  9.631010e-01  1.250000e-01
     vertex  3.494839e-01  9.768070e-01  4.166000e-09
     vertex  3.114861e-01  9.631010e-01  4.166000e-09
   endloop
 endfacet
 facet normal -3.393069e-01  9.406757e-01  0.000000e+00
   outer loop
     vertex  3.114861e-01  9.631010e-01  1.250000e-01
     vertex  3.494839e-01  9.768070e-01  1.250000e-01
     vertex  3.494839e-01  9.768070e-01  4.166000e-09
   endloop
 endfacet
 facet normal -4.140728e-01  9.102438e-01  0.000000e+00
   outer loop
     vertex  2.747780e-01  9.464023e-01  1.250000e-01
     vertex  3.114861e-01  9.631010e-01  4.166000e-09
     vertex  2.747780e-01  9.464023e-01  4.166000e-09
   endloop
 endfacet
 facet normal -4.140728e-01  9.102438e-01  0.000000e+00
   outer loop
     vertex  2.747780e-01  9.464023e-01  1.250000e-01
     vertex  3.114861e-01  9.631010e-01  1.250000e-01
     vertex  3.114861e-01  9.631010e-01  4.166000e-09
   endloop
 endfacet
 facet normal -4.860252e-01  8.739448e-01  0.000000e+00
   outer loop
     vertex  2.395910e-01  9.268339e-01  1.250000e-01
     vertex  2.747780e-01  9.464023e-01  4.166000e-09
     vertex  2.395910e-01  9.268339e-01  4.166000e-09
   endloop
 endfacet
 facet normal -4.860252e-01  8.739448e-01  0.000000e+00
   outer loop
     vertex  2.395910e-01  9.268339e-01  1.250000e-01
     vertex  2.747780e-01  9.464023e-01  1.250000e-01
     vertex  2.747780e-01  9.464023e-01  4.166000e-09
   endloop
 endfacet
 facet normal -5.584170e-01  8.295604e-01  0.000000e+00
   outer loop
     vertex  2.025490e-01  9.018991e-01  1.250000e-01
     vertex  2.395910e-01  9.268339e-01  4.166000e-09
     vertex  2.025490e-01  9.018991e-01  4.166000e-09
   endloop
 endfacet
 facet normal -5.584170e-01  8.295604e-01  0.000000e+00
   outer loop
     vertex  2.025490e-01  9.018991e-01  1.250000e-01
     vertex  2.395910e-01  9.268339e-01  1.250000e-01
     vertex  2.395910e-01  9.268339e-01  4.166000e-09
   endloop
 endfacet
 facet normal -6.301313e-01  7.764886e-01  0.000000e+00
   outer loop
     vertex  1.679458e-01  8.738181e-01  1.250000e-01
     vertex  2.025490e-01  9.018991e-01  4.166000e-09
     vertex  1.679458e-01  8.738181e-01  4.166000e-09
   endloop
 endfacet
 facet normal -6.301313e-01  7.764886e-01  0.000000e+00
   outer loop
     vertex  1.679458e-01  8.738181e-01  1.250000e-01
     vertex  2.025490e-01  9.018991e-01  1.250000e-01
     vertex  2.025490e-01  9.018991e-01  4.166000e-09
   endloop
 endfacet
 facet normal -6.967023e-01  7.173604e-01  0.000000e+00
   outer loop
     vertex  1.360413e-01  8.428324e-01  1.250000e-01
     vertex  1.679458e-01  8.738181e-01  4.166000e-09
     vertex  1.360413e-01  8.428324e-01  4.166000e-09
   endloop
 endfacet
 facet normal -6.967023e-01  7.173604e-01  0.000000e+00
   outer loop
     vertex  1.360413e-01  8.428324e-01  1.250000e-01
     vertex  1.679458e-01  8.738181e-01  1.250000e-01
     vertex  1.679458e-01  8.738181e-01  4.166000e-09
   endloop
 endfacet
 facet normal -7.576337e-01  6.526799e-01  0.000000e+00
   outer loop
     vertex  1.070716e-01  8.092043e-01  1.250000e-01
     vertex  1.360413e-01  8.428324e-01  4.166000e-09
     vertex  1.070716e-01  8.092043e-01  4.166000e-09
   endloop
 endfacet
 facet normal -7.576337e-01  6.526799e-01  0.000000e+00
   outer loop
     vertex  1.070716e-01  8.092043e-01  1.250000e-01
     vertex  1.360413e-01  8.428324e-01  1.250000e-01
     vertex  1.360413e-01  8.428324e-01  4.166000e-09
   endloop
 endfacet
 facet normal -8.124784e-01  5.829913e-01  0.000000e+00
   outer loop
     vertex  8.124746e-02  7.732148e-01  1.250000e-01
     vertex  1.070716e-01  8.092043e-01  4.166000e-09
     vertex  8.124746e-02  7.732148e-01  4.166000e-09
   endloop
 endfacet
 facet normal -8.124784e-01  5.829913e-01  0.000000e+00
   outer loop
     vertex  8.124746e-02  7.732148e-01  1.250000e-01
     vertex  1.070716e-01  8.092043e-01  1.250000e-01
     vertex  1.070716e-01  8.092043e-01  4.166000e-09
   endloop
 endfacet
 facet normal -8.608415e-01  5.088732e-01  0.000000e+00
   outer loop
     vertex  5.875258e-02  7.351610e-01  1.250000e-01
     vertex  8.124746e-02  7.732148e-01  4.166000e-09
     vertex  5.875258e-02  7.351610e-01  4.166000e-09
   endloop
 endfacet
 facet normal -8.608415e-01  5.088732e-01  0.000000e+00
   outer loop
     vertex  5.875258e-02  7.351610e-01  1.250000e-01
     vertex  8.124746e-02  7.732148e-01  1.250000e-01
     vertex  8.124746e-02  7.732148e-01  4.166000e-09
   endloop
 endfacet
 facet normal -9.023832e-01  4.309346e-01  0.000000e+00
   outer loop
     vertex  3.974269e-02  6.953541e-01  1.250000e-01
     vertex  5.875258e-02  7.351610e-01  4.166000e-09
     vertex  3.974269e-02  6.953541e-01  4.166000e-09
   endloop
 endfacet
 facet normal -9.023832e-01  4.309346e-01  0.000000e+00
   outer loop
     vertex  3.974269e-02  6.953541e-01  1.250000e-01
     vertex  5.875258e-02  7.351610e-01  1.250000e-01
     vertex  5.875258e-02  7.351610e-01  4.166000e-09
   endloop
 endfacet
 facet normal -9.368210e-01  3.498090e-01  0.000000e+00
   outer loop
     vertex  2.434435e-02  6.541159e-01  1.250000e-01
     vertex  3.974269e-02  6.953541e-01  4.166000e-09
     vertex  2.434435e-02  6.541159e-01  4.166000e-09
   endloop
 endfacet
 facet normal -9.368210e-01  3.498090e-01  0.000000e+00
   outer loop
     vertex  2.434435e-02  6.541159e-01  1.250000e-01
     vertex  3.974269e-02  6.953541e-01  1.250000e-01
     vertex  3.974269e-02  6.953541e-01  4.166000e-09
   endloop
 endfacet
 facet normal -9.639317e-01  2.661496e-01  0.000000e+00
   outer loop
     vertex  1.265420e-02  6.117769e-01  1.250000e-01
     vertex  2.434435e-02  6.541159e-01  4.166000e-09
     vertex  1.265420e-02  6.117769e-01  4.166000e-09
   endloop
 endfacet
 facet normal -9.639317e-01  2.661496e-01  0.000000e+00
   outer loop
     vertex  1.265420e-02  6.117769e-01  1.250000e-01
     vertex  2.434435e-02  6.541159e-01  1.250000e-01
     vertex  2.434435e-02  6.541159e-01  4.166000e-09
   endloop
 endfacet
 facet normal -9.835523e-01  1.806235e-01  0.000000e+00
   outer loop
     vertex  4.738453e-03  5.686731e-01  1.250000e-01
     vertex  1.265420e-02  6.117769e-01  4.166000e-09
     vertex  4.738453e-03  5.686731e-01  4.166000e-09
   endloop
 endfacet
 facet normal -9.835523e-01  1.806235e-01  0.000000e+00
   outer loop
     vertex  4.738453e-03  5.686731e-01  1.250000e-01
     vertex  1.265420e-02  6.117769e-01  1.250000e-01
     vertex  1.265420e-02  6.117769e-01  4.166000e-09
   endloop
 endfacet
 facet normal -9.955810e-01  9.390660e-02  0.000000e+00
   outer loop
     vertex  6.326053e-04  5.251437e-01  1.250000e-01
     vertex  4.738453e-03  5.686731e-01  4.166000e-09
     vertex  6.326053e-04  5.251437e-01  4.166000e-09
   endloop
 endfacet
 facet normal -9.955810e-01  9.390660e-02  0.000000e+00
   outer loop
     vertex  6.326053e-04  5.251437e-01  1.250000e-01
     vertex  4.738453e-03  5.686731e-01  1.250000e-01
     vertex  4.738453e-03  5.686731e-01  4.166000e-09
   endloop
 endfacet
 facet normal -9.999803e-01  6.274808e-03  0.000000e+00
   outer loop
     vertex  3.563916e-04  4.811251e-01  1.250000e-01
     vertex  6.326053e-04  5.251437e-01  1.250000e-01
     vertex  6.326053e-04  5.251437e-01  4.166000e-09
   endloop
 endfacet
 facet normal -9.999803e-01  6.274808e-03  0.000000e+00
   outer loop
     vertex  3.563916e-04  4.811251e-01  1.250000e-01
     vertex  6.326053e-04  5.251437e-01  4.166000e-09
     vertex  3.563916e-04  4.811251e-01  4.166000e-09
   endloop
 endfacet
 facet normal -9.968890e-01 -7.881832e-02  0.000000e+00
   outer loop
     vertex  3.598166e-03  4.401233e-01  1.250000e-01
     vertex  3.563916e-04  4.811251e-01  1.250000e-01
     vertex  3.563916e-04  4.811251e-01  4.166000e-09
   endloop
 endfacet
 facet normal -9.968890e-01 -7.881832e-02 -0.000000e+00
   outer loop
     vertex  3.598166e-03  4.401233e-01  1.250000e-01
     vertex  3.563916e-04  4.811251e-01  4.166000e-09
     vertex  3.598166e-03  4.401233e-01  4.166000e-09
   endloop
 endfacet
 facet normal -9.870524e-01 -1.603982e-01  0.000000e+00
   outer loop
     vertex  1.018109e-02  3.996136e-01  1.250000e-01
     vertex  3.598166e-03  4.401233e-01  1.250000e-01
     vertex  3.598166e-03  4.401233e-01  4.166000e-09
   endloop
 endfacet
 facet normal -9.870524e-01 -1.603982e-01 -0.000000e+00
   outer loop
     vertex  1.018109e-02  3.996136e-01  1.250000e-01
     vertex  3.598166e-03  4.401233e-01  4.166000e-09
     vertex  1.018109e-02  3.996136e-01  4.166000e-09
   endloop
 endfacet
 facet normal -9.705929e-01 -2.407270e-01  0.000000e+00
   outer loop
     vertex  2.004045e-02  3.598614e-01  1.250000e-01
     vertex  1.018109e-02  3.996136e-01  1.250000e-01
     vertex  1.018109e-02  3.996136e-01  4.166000e-09
   endloop
 endfacet
 facet normal -9.705929e-01 -2.407270e-01 -0.000000e+00
   outer loop
     vertex  2.004045e-02  3.598614e-01  1.250000e-01
     vertex  1.018109e-02  3.996136e-01  4.166000e-09
     vertex  2.004045e-02  3.598614e-01  4.166000e-09
   endloop
 endfacet
 facet normal -9.476603e-01 -3.192803e-01 -0.000000e+00
   outer loop
     vertex  2.004045e-02  3.598614e-01  1.250000e-01
     vertex  2.004045e-02  3.598614e-01  4.166000e-09
     vertex  3.309125e-02  3.211251e-01  4.166000e-09
   endloop
 endfacet
 facet normal -9.476603e-01 -3.192803e-01 -0.000000e+00
   outer loop
     vertex  3.309125e-02  3.211251e-01  1.250000e-01
     vertex  2.004045e-02  3.598614e-01  1.250000e-01
     vertex  3.309125e-02  3.211251e-01  4.166000e-09
   endloop
 endfacet
 facet normal -9.184446e-01 -3.955496e-01  0.000000e+00
   outer loop
     vertex  4.922881e-02  2.836546e-01  1.250000e-01
     vertex  3.309125e-02  3.211251e-01  1.250000e-01
     vertex  3.309125e-02  3.211251e-01  4.166000e-09
   endloop
 endfacet
 facet normal -9.184446e-01 -3.955496e-01 -0.000000e+00
   outer loop
     vertex  4.922881e-02  2.836546e-01  1.250000e-01
     vertex  3.309125e-02  3.211251e-01  4.166000e-09
     vertex  4.922881e-02  2.836546e-01  4.166000e-09
   endloop
 endfacet
 facet normal -8.831743e-01 -4.690450e-01  0.000000e+00
   outer loop
     vertex  6.832954e-02  2.476894e-01  1.250000e-01
     vertex  4.922881e-02  2.836546e-01  1.250000e-01
     vertex  4.922881e-02  2.836546e-01  4.166000e-09
   endloop
 endfacet
 facet normal -8.831743e-01 -4.690450e-01 -0.000000e+00
   outer loop
     vertex  6.832954e-02  2.476894e-01  1.250000e-01
     vertex  4.922881e-02  2.836546e-01  4.166000e-09
     vertex  6.832954e-02  2.476894e-01  4.166000e-09
   endloop
 endfacet
 facet normal -8.421146e-01 -5.392985e-01  0.000000e+00
   outer loop
     vertex  9.025185e-02  2.134578e-01  1.250000e-01
     vertex  6.832954e-02  2.476894e-01  1.250000e-01
     vertex  6.832954e-02  2.476894e-01  4.166000e-09
   endloop
 endfacet
 facet normal -8.421146e-01 -5.392985e-01 -0.000000e+00
   outer loop
     vertex  9.025185e-02  2.134578e-01  1.250000e-01
     vertex  6.832954e-02  2.476894e-01  4.166000e-09
     vertex  9.025185e-02  2.134578e-01  4.166000e-09
   endloop
 endfacet
 facet normal -7.955663e-01 -6.058665e-01  0.000000e+00
   outer loop
     vertex  1.148371e-01  1.811747e-01  1.250000e-01
     vertex  9.025185e-02  2.134578e-01  1.250000e-01
     vertex  9.025185e-02  2.134578e-01  4.166000e-09
   endloop
 endfacet
 facet normal -7.955663e-01 -6.058665e-01 -0.000000e+00
   outer loop
     vertex  1.148371e-01  1.811747e-01  1.250000e-01
     vertex  9.025185e-02  2.134578e-01  4.166000e-09
     vertex  1.148371e-01  1.811747e-01  4.166000e-09
   endloop
 endfacet
 facet normal -7.438627e-01 -6.683325e-01  0.000000e+00
   outer loop
     vertex  1.419108e-01  1.510414e-01  1.250000e-01
     vertex  1.148371e-01  1.811747e-01  1.250000e-01
     vertex  1.148371e-01  1.811747e-01  4.166000e-09
   endloop
 endfacet
 facet normal -7.438627e-01 -6.683325e-01 -0.000000e+00
   outer loop
     vertex  1.419108e-01  1.510414e-01  1.250000e-01
     vertex  1.148371e-01  1.811747e-01  4.166000e-09
     vertex  1.419108e-01  1.510414e-01  4.166000e-09
   endloop
 endfacet
 facet normal -6.873678e-01 -7.263095e-01  0.000000e+00
   outer loop
     vertex  1.712837e-01  1.232433e-01  1.250000e-01
     vertex  1.419108e-01  1.510414e-01  1.250000e-01
     vertex  1.419108e-01  1.510414e-01  4.166000e-09
   endloop
 endfacet
 facet normal -6.873678e-01 -7.263095e-01 -0.000000e+00
   outer loop
     vertex  1.712837e-01  1.232433e-01  1.250000e-01
     vertex  1.419108e-01  1.510414e-01  4.166000e-09
     vertex  1.712837e-01  1.232433e-01  4.166000e-09
   endloop
 endfacet
 facet normal -6.264739e-01 -7.794424e-01 -0.000000e+00
   outer loop
     vertex  1.712837e-01  1.232433e-01  1.250000e-01
     vertex  1.712837e-01  1.232433e-01  4.166000e-09
     vertex  2.027532e-01  9.794984e-02  4.166000e-09
   endloop
 endfacet
 facet normal -6.264739e-01 -7.794424e-01 -0.000000e+00
   outer loop
     vertex  2.027532e-01  9.794984e-02  1.250000e-01
     vertex  1.712837e-01  1.232433e-01  1.250000e-01
     vertex  2.027532e-01  9.794984e-02  4.166000e-09
   endloop
 endfacet
 facet normal -5.615986e-01 -8.274098e-01 -0.000000e+00
   outer loop
     vertex  2.027532e-01  9.794984e-02  1.250000e-01
     vertex  2.027532e-01  9.794984e-02  4.166000e-09
     vertex  2.361047e-01  7.531276e-02  4.166000e-09
   endloop
 endfacet
 facet normal -5.615986e-01 -8.274098e-01 -0.000000e+00
   outer loop
     vertex  2.361047e-01  7.531276e-02  1.250000e-01
     vertex  2.027532e-01  9.794984e-02  1.250000e-01
     vertex  2.361047e-01  7.531276e-02  4.166000e-09
   endloop
 endfacet
 facet normal -4.892882e-01 -8.721222e-01 -0.000000e+00
   outer loop
     vertex  2.750964e-01  5.343715e-02  1.250000e-01
     vertex  2.361047e-01  7.531276e-02  4.166000e-09
     vertex  2.750964e-01  5.343715e-02  4.166000e-09
   endloop
 endfacet
 facet normal -4.892882e-01 -8.721222e-01  0.000000e+00
   outer loop
     vertex  2.750964e-01  5.343715e-02  1.250000e-01
     vertex  2.361047e-01  7.531276e-02  1.250000e-01
     vertex  2.361047e-01  7.531276e-02  4.166000e-09
   endloop
 endfacet
 facet normal -4.095080e-01 -9.123065e-01 -0.000000e+00
   outer loop
     vertex  3.158034e-01  3.516495e-02  1.250000e-01
     vertex  2.750964e-01  5.343715e-02  4.166000e-09
     vertex  3.158034e-01  3.516495e-02  4.166000e-09
   endloop
 endfacet
 facet normal -4.095080e-01 -9.123065e-01  0.000000e+00
   outer loop
     vertex  3.158034e-01  3.516495e-02  1.250000e-01
     vertex  2.750964e-01  5.343715e-02  1.250000e-01
     vertex  2.750964e-01  5.343715e-02  4.166000e-09
   endloop
 endfacet
 facet normal -3.266285e-01 -9.451528e-01 -0.000000e+00
   outer loop
     vertex  3.578921e-01  2.061985e-02  1.250000e-01
     vertex  3.158034e-01  3.516495e-02  4.166000e-09
     vertex  3.578921e-01  2.061985e-02  4.166000e-09
   endloop
 endfacet
 facet normal -3.266285e-01 -9.451528e-01  0.000000e+00
   outer loop
     vertex  3.578921e-01  2.061985e-02  1.250000e-01
     vertex  3.158034e-01  3.516495e-02  1.250000e-01
     vertex  3.158034e-01  3.516495e-02  4.166000e-09
   endloop
 endfacet
 facet normal -2.413257e-01 -9.704442e-01 -0.000000e+00
   outer loop
     vertex  4.010207e-01  9.894814e-03  1.250000e-01
     vertex  3.578921e-01  2.061985e-02  4.166000e-09
     vertex  4.010207e-01  9.894814e-03  4.166000e-09
   endloop
 endfacet
 facet normal -1.542887e-01 -9.880258e-01 -0.000000e+00
   outer loop
     vertex  4.010207e-01  9.894814e-03  1.250000e-01
     vertex  4.010207e-01  9.894814e-03  4.166000e-09
     vertex  4.448424e-01  3.051670e-03  4.166000e-09
   endloop
 endfacet
 facet normal -2.413257e-01 -9.704442e-01  0.000000e+00
   outer loop
     vertex  4.010207e-01  9.894814e-03  1.250000e-01
     vertex  3.578921e-01  2.061985e-02  1.250000e-01
     vertex  3.578921e-01  2.061985e-02  4.166000e-09
   endloop
 endfacet
 facet normal -1.542887e-01 -9.880258e-01 -0.000000e+00
   outer loop
     vertex  4.448424e-01  3.051670e-03  1.250000e-01
     vertex  4.010207e-01  9.894814e-03  1.250000e-01
     vertex  4.448424e-01  3.051670e-03  4.166000e-09
   endloop
 endfacet
 facet normal -6.621436e-02 -9.978054e-01 -0.000000e+00
   outer loop
     vertex  4.890081e-01  1.208376e-04  1.250000e-01
     vertex  4.448424e-01  3.051670e-03  4.166000e-09
     vertex  4.890081e-01  1.208376e-04  4.166000e-09
   endloop
 endfacet
 facet normal  2.219858e-02 -9.997536e-01  0.000000e+00
   outer loop
     vertex  4.890081e-01  1.208376e-04  1.250000e-01
     vertex  4.890081e-01  1.208376e-04  4.166000e-09
     vertex  5.331688e-01  1.101384e-03  4.166000e-09
   endloop
 endfacet
 facet normal -6.621436e-02 -9.978054e-01  0.000000e+00
   outer loop
     vertex  4.890081e-01  1.208376e-04  1.250000e-01
     vertex  4.448424e-01  3.051670e-03  1.250000e-01
     vertex  4.448424e-01  3.051670e-03  4.166000e-09
   endloop
 endfacet
 facet normal  2.219858e-02 -9.997536e-01  0.000000e+00
   outer loop
     vertex  5.331688e-01  1.101384e-03  1.250000e-01
     vertex  4.890081e-01  1.208376e-04  1.250000e-01
     vertex  5.331688e-01  1.101384e-03  4.166000e-09
   endloop
 endfacet
 facet normal  1.102550e-01 -9.939033e-01  0.000000e+00
   outer loop
     vertex  5.769790e-01  5.961303e-03  1.250000e-01
     vertex  5.331688e-01  1.101384e-03  4.166000e-09
     vertex  5.769790e-01  5.961303e-03  4.166000e-09
   endloop
 endfacet
 facet normal  1.972689e-01 -9.803494e-01  0.000000e+00
   outer loop
     vertex  5.769790e-01  5.961303e-03  1.250000e-01
     vertex  5.769790e-01  5.961303e-03  4.166000e-09
     vertex  6.200990e-01  1.463803e-02  4.166000e-09
   endloop
 endfacet
 facet normal  1.102550e-01 -9.939033e-01  0.000000e+00
   outer loop
     vertex  5.769790e-01  5.961303e-03  1.250000e-01
     vertex  5.331688e-01  1.101384e-03  1.250000e-01
     vertex  5.331688e-01  1.101384e-03  4.166000e-09
   endloop
 endfacet
 facet normal  1.972689e-01 -9.803494e-01  0.000000e+00
   outer loop
     vertex  6.200990e-01  1.463803e-02  1.250000e-01
     vertex  5.769790e-01  5.961303e-03  1.250000e-01
     vertex  6.200990e-01  1.463803e-02  4.166000e-09
   endloop
 endfacet
 facet normal  2.825690e-01 -9.592470e-01  0.000000e+00
   outer loop
     vertex  6.621977e-01  2.703923e-02  1.250000e-01
     vertex  6.200990e-01  1.463803e-02  4.166000e-09
     vertex  6.621977e-01  2.703923e-02  4.166000e-09
   endloop
 endfacet
 facet normal  3.655039e-01 -9.308098e-01  0.000000e+00
   outer loop
     vertex  6.621977e-01  2.703923e-02  1.250000e-01
     vertex  6.621977e-01  2.703923e-02  4.166000e-09
     vertex  7.029556e-01  4.304373e-02  4.166000e-09
   endloop
 endfacet
 facet normal  2.825690e-01 -9.592470e-01  0.000000e+00
   outer loop
     vertex  6.621977e-01  2.703923e-02  1.250000e-01
     vertex  6.200990e-01  1.463803e-02  1.250000e-01
     vertex  6.200990e-01  1.463803e-02  4.166000e-09
   endloop
 endfacet
 facet normal  3.655039e-01 -9.308098e-01  0.000000e+00
   outer loop
     vertex  7.029556e-01  4.304373e-02  1.250000e-01
     vertex  6.621977e-01  2.703923e-02  1.250000e-01
     vertex  7.029556e-01  4.304373e-02  4.166000e-09
   endloop
 endfacet
 facet normal  4.454474e-01 -8.953081e-01  0.000000e+00
   outer loop
     vertex  7.420665e-01  6.250281e-02  1.250000e-01
     vertex  7.029556e-01  4.304373e-02  4.166000e-09
     vertex  7.420665e-01  6.250281e-02  4.166000e-09
   endloop
 endfacet
 facet normal  5.191003e-01 -8.547133e-01  0.000000e+00
   outer loop
     vertex  7.420665e-01  6.250281e-02  1.250000e-01
     vertex  7.420665e-01  6.250281e-02  4.166000e-09
     vertex  7.766097e-01  8.348218e-02  4.166000e-09
   endloop
 endfacet
 facet normal  4.454474e-01 -8.953081e-01  0.000000e+00
   outer loop
     vertex  7.420665e-01  6.250281e-02  1.250000e-01
     vertex  7.029556e-01  4.304373e-02  1.250000e-01
     vertex  7.029556e-01  4.304373e-02  4.166000e-09
   endloop
 endfacet
 facet normal  5.191003e-01 -8.547133e-01  0.000000e+00
   outer loop
     vertex  7.766097e-01  8.348218e-02  1.250000e-01
     vertex  7.420665e-01  6.250281e-02  1.250000e-01
     vertex  7.766097e-01  8.348218e-02  4.166000e-09
   endloop
 endfacet
 facet normal  5.869917e-01 -8.095930e-01  0.000000e+00
   outer loop
     vertex  8.098859e-01  1.076090e-01  1.250000e-01
     vertex  7.766097e-01  8.348218e-02  1.250000e-01
     vertex  7.766097e-01  8.348218e-02  4.166000e-09
   endloop
 endfacet
 facet normal  5.869917e-01 -8.095930e-01  0.000000e+00
   outer loop
     vertex  8.098859e-01  1.076090e-01  1.250000e-01
     vertex  7.766097e-01  8.348218e-02  4.166000e-09
     vertex  8.098859e-01  1.076090e-01  4.166000e-09
   endloop
 endfacet
 facet normal  6.514383e-01 -7.587016e-01  0.000000e+00
   outer loop
     vertex  8.410042e-01  1.343279e-01  1.250000e-01
     vertex  8.098859e-01  1.076090e-01  1.250000e-01
     vertex  8.098859e-01  1.076090e-01  4.166000e-09
   endloop
 endfacet
 facet normal  6.514383e-01 -7.587016e-01  0.000000e+00
   outer loop
     vertex  8.410042e-01  1.343279e-01  1.250000e-01
     vertex  8.098859e-01  1.076090e-01  4.166000e-09
     vertex  8.410042e-01  1.343279e-01  4.166000e-09
   endloop
 endfacet
 facet normal  7.113721e-01 -7.028155e-01  0.000000e+00
   outer loop
     vertex  8.410042e-01  1.343279e-01  1.250000e-01
     vertex  8.410042e-01  1.343279e-01  4.166000e-09
     vertex  8.697717e-01  1.634456e-01  4.166000e-09
   endloop
 endfacet
 facet normal  7.113721e-01 -7.028155e-01  0.000000e+00
   outer loop
     vertex  8.697717e-01  1.634456e-01  1.250000e-01
     vertex  8.410042e-01  1.343279e-01  1.250000e-01
     vertex  8.697717e-01  1.634456e-01  4.166000e-09
   endloop
 endfacet
 facet normal  7.664239e-01 -6.423351e-01  0.000000e+00
   outer loop
     vertex  8.960123e-01  1.947555e-01  1.250000e-01
     vertex  8.697717e-01  1.634456e-01  1.250000e-01
     vertex  8.697717e-01  1.634456e-01  4.166000e-09
   endloop
 endfacet
 facet normal  7.664239e-01 -6.423351e-01  0.000000e+00
   outer loop
     vertex  8.960123e-01  1.947555e-01  1.250000e-01
     vertex  8.697717e-01  1.634456e-01  4.166000e-09
     vertex  8.960123e-01  1.947555e-01  4.166000e-09
   endloop
 endfacet
 facet normal  8.162586e-01 -5.776867e-01  0.000000e+00
   outer loop
     vertex  8.960123e-01  1.947555e-01  1.250000e-01
     vertex  8.960123e-01  1.947555e-01  4.166000e-09
     vertex  9.195674e-01  2.280383e-01  4.166000e-09
   endloop
 endfacet
 facet normal  8.162586e-01 -5.776867e-01  0.000000e+00
   outer loop
     vertex  9.195674e-01  2.280383e-01  1.250000e-01
     vertex  8.960123e-01  1.947555e-01  1.250000e-01
     vertex  9.195674e-01  2.280383e-01  4.166000e-09
   endloop
 endfacet
 facet normal  8.605774e-01 -5.093197e-01  0.000000e+00
   outer loop
     vertex  9.195674e-01  2.280383e-01  1.250000e-01
     vertex  9.195674e-01  2.280383e-01  4.166000e-09
     vertex  9.402969e-01  2.630641e-01  4.166000e-09
   endloop
 endfacet
 facet normal  8.605774e-01 -5.093197e-01  0.000000e+00
   outer loop
     vertex  9.402969e-01  2.630641e-01  1.250000e-01
     vertex  9.195674e-01  2.280383e-01  1.250000e-01
     vertex  9.402969e-01  2.630641e-01  4.166000e-09
   endloop
 endfacet
 facet normal  8.991192e-01 -4.377038e-01  0.000000e+00
   outer loop
     vertex  9.580800e-01  2.995935e-01  1.250000e-01
     vertex  9.402969e-01  2.630641e-01  1.250000e-01
     vertex  9.402969e-01  2.630641e-01  4.166000e-09
   endloop
 endfacet
 facet normal  8.991192e-01 -4.377038e-01  0.000000e+00
   outer loop
     vertex  9.580800e-01  2.995935e-01  1.250000e-01
     vertex  9.402969e-01  2.630641e-01  4.166000e-09
     vertex  9.580800e-01  2.995935e-01  4.166000e-09
   endloop
 endfacet
 facet normal  9.316621e-01 -3.633259e-01  0.000000e+00
   outer loop
     vertex  9.580800e-01  2.995935e-01  1.250000e-01
     vertex  9.580800e-01  2.995935e-01  4.166000e-09
     vertex  9.728156e-01  3.373795e-01  4.166000e-09
   endloop
 endfacet
 facet normal  9.316621e-01 -3.633259e-01  0.000000e+00
   outer loop
     vertex  9.728156e-01  3.373795e-01  1.250000e-01
     vertex  9.580800e-01  2.995935e-01  1.250000e-01
     vertex  9.728156e-01  3.373795e-01  4.166000e-09
   endloop
 endfacet
 facet normal  9.580243e-01 -2.866870e-01  0.000000e+00
   outer loop
     vertex  9.844231e-01  3.761686e-01  1.250000e-01
     vertex  9.728156e-01  3.373795e-01  1.250000e-01
     vertex  9.728156e-01  3.373795e-01  4.166000e-09
   endloop
 endfacet
 facet normal  9.580243e-01 -2.866870e-01  0.000000e+00
   outer loop
     vertex  9.844231e-01  3.761686e-01  1.250000e-01
     vertex  9.728156e-01  3.373795e-01  4.166000e-09
     vertex  9.844231e-01  3.761686e-01  4.166000e-09
   endloop
 endfacet
 facet normal  9.780653e-01 -2.082987e-01  0.000000e+00
   outer loop
     vertex  9.928428e-01  4.157029e-01  1.250000e-01
     vertex  9.844231e-01  3.761686e-01  1.250000e-01
     vertex  9.844231e-01  3.761686e-01  4.166000e-09
   endloop
 endfacet
 facet normal  9.780653e-01 -2.082987e-01  0.000000e+00
   outer loop
     vertex  9.928428e-01  4.157029e-01  1.250000e-01
     vertex  9.844231e-01  3.761686e-01  4.166000e-09
     vertex  9.928428e-01  4.157029e-01  4.166000e-09
   endloop
 endfacet
 facet normal  9.919300e-01 -1.267863e-01  0.000000e+00
   outer loop
     vertex  9.982010e-01  4.576240e-01  1.250000e-01
     vertex  9.928428e-01  4.157029e-01  1.250000e-01
     vertex  9.928428e-01  4.157029e-01  4.166000e-09
   endloop
 endfacet
 facet normal  9.919300e-01 -1.267863e-01  0.000000e+00
   outer loop
     vertex  9.982010e-01  4.576240e-01  1.250000e-01
     vertex  9.928428e-01  4.157029e-01  4.166000e-09
     vertex  9.982010e-01  4.576240e-01  4.166000e-09
   endloop
 endfacet
 facet normal  9.991001e-01 -4.241417e-02  0.000000e+00
   outer loop
     vertex  9.982010e-01  4.576240e-01  1.250000e-01
     vertex  9.982010e-01  4.576240e-01  4.166000e-09
     vertex  1.000000e+00  5.000000e-01  4.166000e-09
   endloop
 endfacet
 facet normal  9.991001e-01 -4.241417e-02  0.000000e+00
   outer loop
     vertex  1.000000e+00  5.000000e-01  1.250000e-01
     vertex  9.982010e-01  4.576240e-01  1.250000e-01
     vertex  1.000000e+00  5.000000e-01  4.166000e-09
   endloop
 endfacet
 facet normal  0.000000e+00  0.000000e+00  1.000000e+00
   outer loop
     vertex  3.825384e-01  4.572475e-01  1.250000e-01
     vertex  3.917468e-01  4.375000e-01  1.250000e-01
     vertex  4.042444e-01  4.196516e-01  1.250000e-01
   endloop
 endfacet
 facet normal  0.000000e+00  0.000000e+00  1.000000e+00
   outer loop
     vertex  3.825384e-01  4.572475e-01  1.250000e-01
     vertex  4.042444e-01  4.196516e-01  1.250000e-01
     vertex  4.196515e-01  4.042445e-01  1.250000e-01
   endloop
 endfacet
 facet normal  0.000000e+00  0.000000e+00  1.000000e+00
   outer loop
     vertex  3.825384e-01  4.572475e-01  1.250000e-01
     vertex  4.196515e-01  4.042445e-01  1.250000e-01
     vertex  4.375000e-01  3.917468e-01  1.250000e-01
   endloop
 endfacet
 facet normal  0.000000e+00  0.000000e+00  1.000000e+00
   outer loop
     vertex  3.825384e-01  5.427525e-01  1.250000e-01
     vertex  3.768990e-01  5.217060e-01  1.250000e-01
     vertex  3.750000e-01  5.000000e-01  1.250000e-01
   endloop
 endfacet
 facet normal  0.000000e+00  0.000000e+00  1.000000e+00
   outer loop
     vertex  3.825384e-01  5.427525e-01  1.250000e-01
     vertex  3.750000e-01  5.000000e-01  1.250000e-01
     vertex  3.768990e-01  4.782940e-01  1.250000e-01
   endloop
 endfacet
 facet normal  0.000000e+00  0.000000e+00  1.000000e+00
   outer loop
     vertex  5.625000e-01  3.917468e-01  1.250000e-01
     vertex  5.217060e-01  3.768990e-01  1.250000e-01
     vertex  5.427525e-01  3.825384e-01  1.250000e-01
   endloop
 endfacet
 facet normal  0.000000e+00  0.000000e+00  1.000000e+00
   outer loop
     vertex  3.917468e-01  5.625000e-01  1.250000e-01
     vertex  3.825384e-01  5.427525e-01  1.250000e-01
     vertex  3.768990e-01  4.782940e-01  1.250000e-01
   endloop
 endfacet
 facet normal  0.000000e+00  0.000000e+00  1.000000e+00
   outer loop
     vertex  6.082532e-01  4.375000e-01  1.250000e-01
     vertex  5.803484e-01  4.042444e-01  1.250000e-01
     vertex  5.957555e-01  4.196515e-01  1.250000e-01
   endloop
 endfacet
 facet normal  0.000000e+00  0.000000e+00  1.000000e+00
   outer loop
     vertex  4.375000e-01  6.082532e-01  1.250000e-01
     vertex  4.196516e-01  5.957556e-01  1.250000e-01
     vertex  4.042445e-01  5.803485e-01  1.250000e-01
   endloop
 endfacet
 facet normal  0.000000e+00  0.000000e+00  1.000000e+00
   outer loop
     vertex  6.174616e-01  4.572474e-01  1.250000e-01
     vertex  5.803484e-01  4.042444e-01  1.250000e-01
     vertex  6.082532e-01  4.375000e-01  1.250000e-01
   endloop
 endfacet
 facet normal  0.000000e+00  0.000000e+00  1.000000e+00
   outer loop
     vertex  4.572475e-01  6.174616e-01  1.250000e-01
     vertex  4.375000e-01  6.082532e-01  1.250000e-01
     vertex  4.042445e-01  5.803485e-01  1.250000e-01
   endloop
 endfacet
 facet normal  0.000000e+00  0.000000e+00  1.000000e+00
   outer loop
     vertex  6.231010e-01  4.782939e-01  1.250000e-01
     vertex  5.625000e-01  3.917468e-01  1.250000e-01
     vertex  5.803484e-01  4.042444e-01  1.250000e-01
   endloop
 endfacet
 facet normal  0.000000e+00  0.000000e+00  1.000000e+00
   outer loop
     vertex  6.231010e-01  4.782939e-01  1.250000e-01
     vertex  5.803484e-01  4.042444e-01  1.250000e-01
     vertex  6.174616e-01  4.572474e-01  1.250000e-01
   endloop
 endfacet
 facet normal  0.000000e+00  0.000000e+00  1.000000e+00
   outer loop
     vertex  6.250000e-01  5.000000e-01  1.250000e-01
     vertex  5.625000e-01  3.917468e-01  1.250000e-01
     vertex  6.231010e-01  4.782939e-01  1.250000e-01
   endloop
 endfacet
 facet normal  0.000000e+00  0.000000e+00  1.000000e+00
   outer loop
     vertex  5.217060e-01  6.231010e-01  1.250000e-01
     vertex  5.000000e-01  6.250000e-01  1.250000e-01
     vertex  4.782940e-01  6.231010e-01  1.250000e-01
   endloop
 endfacet
 facet normal  0.000000e+00  0.000000e+00  1.000000e+00
   outer loop
     vertex  6.174616e-01  5.427525e-01  1.250000e-01
     vertex  6.250000e-01  5.000000e-01  1.250000e-01
     vertex  6.231010e-01  5.217060e-01  1.250000e-01
   endloop
 endfacet
 facet normal  0.000000e+00  0.000000e+00  1.000000e+00
   outer loop
     vertex  5.625000e-01  6.082532e-01  1.250000e-01
     vertex  5.427525e-01  6.174616e-01  1.250000e-01
     vertex  5.217060e-01  6.231010e-01  1.250000e-01
   endloop
 endfacet
 facet normal  0.000000e+00  0.000000e+00  1.000000e+00
   outer loop
     vertex  5.803485e-01  5.957556e-01  1.250000e-01
     vertex  3.917468e-01  5.625000e-01  1.250000e-01
     vertex  3.768990e-01  4.782940e-01  1.250000e-01
   endloop
 endfacet
 facet normal  0.000000e+00  0.000000e+00  1.000000e+00
   outer loop
     vertex  5.803485e-01  5.957556e-01  1.250000e-01
     vertex  4.572475e-01  6.174616e-01  1.250000e-01
     vertex  4.042445e-01  5.803485e-01  1.250000e-01
   endloop
 endfacet
 facet normal  0.000000e+00  0.000000e+00  1.000000e+00
   outer loop
     vertex  5.803485e-01  5.957556e-01  1.250000e-01
     vertex  5.217060e-01  3.768990e-01  1.250000e-01
     vertex  5.625000e-01  3.917468e-01  1.250000e-01
   endloop
 endfacet
 facet normal  0.000000e+00  0.000000e+00  1.000000e+00
   outer loop
     vertex  5.803485e-01  5.957556e-01  1.250000e-01
     vertex  5.625000e-01  6.082532e-01  1.250000e-01
     vertex  5.217060e-01  6.231010e-01  1.250000e-01
   endloop
 endfacet
 facet normal  0.000000e+00  0.000000e+00  1.000000e+00
   outer loop
     vertex  5.803485e-01  5.957556e-01  1.250000e-01
     vertex  5.625000e-01  3.917468e-01  1.250000e-01
     vertex  6.250000e-01  5.000000e-01  1.250000e-01
   endloop
 endfacet
 facet normal  0.000000e+00  0.000000e+00  1.000000e+00
   outer loop
     vertex  5.803485e-01  5.957556e-01  1.250000e-01
     vertex  6.250000e-01  5.000000e-01  1.250000e-01
     vertex  6.174616e-01  5.427525e-01  1.250000e-01
   endloop
 endfacet
 facet normal  0.000000e+00  0.000000e+00  1.000000e+00
   outer loop
     vertex  5.803485e-01  5.957556e-01  1.250000e-01
     vertex  5.217060e-01  6.231010e-01  1.250000e-01
     vertex  4.782940e-01  6.231010e-01  1.250000e-01
   endloop
 endfacet
 facet normal  0.000000e+00  0.000000e+00  1.000000e+00
   outer loop
     vertex  5.803485e-01  5.957556e-01  1.250000e-01
     vertex  6.174616e-01  5.427525e-01  1.250000e-01
     vertex  6.082532e-01  5.625000e-01  1.250000e-01
   endloop
 endfacet
 facet normal  0.000000e+00  0.000000e+00  1.000000e+00
   outer loop
     vertex  5.803485e-01  5.957556e-01  1.250000e-01
     vertex  6.082532e-01  5.625000e-01  1.250000e-01
     vertex  5.957556e-01  5.803484e-01  1.250000e-01
   endloop
 endfacet
 facet normal  0.000000e+00  0.000000e+00  1.000000e+00
   outer loop
     vertex  5.803485e-01  5.957556e-01  1.250000e-01
     vertex  4.782940e-01  6.231010e-01  1.250000e-01
     vertex  4.572475e-01  6.174616e-01  1.250000e-01
   endloop
 endfacet
 facet normal  0.000000e+00  0.000000e+00  1.000000e+00
   outer loop
     vertex  5.803485e-01  5.957556e-01  1.250000e-01
     vertex  3.825384e-01  4.572475e-01  1.250000e-01
     vertex  4.375000e-01  3.917468e-01  1.250000e-01
   endloop
 endfacet
 facet normal  0.000000e+00  0.000000e+00  1.000000e+00
   outer loop
     vertex  5.803485e-01  5.957556e-01  1.250000e-01
     vertex  4.042445e-01  5.803485e-01  1.250000e-01
     vertex  3.917468e-01  5.625000e-01  1.250000e-01
   endloop
 endfacet
 facet normal  0.000000e+00  0.000000e+00  1.000000e+00
   outer loop
     vertex  5.803485e-01  5.957556e-01  1.250000e-01
     vertex  3.768990e-01  4.782940e-01  1.250000e-01
     vertex  3.825384e-01  4.572475e-01  1.250000e-01
   endloop
 endfacet
 facet normal  0.000000e+00  0.000000e+00  1.000000e+00
   outer loop
     vertex  5.803485e-01  5.957556e-01  1.250000e-01
     vertex  4.375000e-01  3.917468e-01  1.250000e-01
     vertex  4.572475e-01  3.825384e-01  1.250000e-01
   endloop
 endfacet
 facet normal  0.000000e+00  0.000000e+00  1.000000e+00
   outer loop
     vertex  5.803485e-01  5.957556e-01  1.250000e-01
     vertex  4.572475e-01  3.825384e-01  1.250000e-01
     vertex  4.782940e-01  3.768990e-01  1.250000e-01
   endloop
 endfacet
 facet normal  0.000000e+00  0.000000e+00  1.000000e+00
   outer loop
     vertex  5.803485e-01  5.957556e-01  1.250000e-01
     vertex  4.782940e-01  3.768990e-01  1.250000e-01
     vertex  5.000000e-01  3.750000e-01  1.250000e-01
   endloop
 endfacet
 facet normal  0.000000e+00  0.000000e+00  1.000000e+00
   outer loop
     vertex  5.803485e-01  5.957556e-01  1.250000e-01
     vertex  5.000000e-01  3.750000e-01  1.250000e-01
     vertex  5.217060e-01  3.768990e-01  1.250000e-01
   endloop
 endfacet
 facet normal  9.964554e-01 -8.412279e-02  0.000000e+00
   outer loop
     vertex  6.232308e-01  4.790438e-01  4.166000e-09
     vertex  6.250000e-01  5.000000e-01  4.166000e-09
     vertex  6.250000e-01  5.000000e-01  1.250000e-01
   endloop
 endfacet
 facet normal  9.964554e-01 -8.412279e-02  0.000000e+00
   outer loop
     vertex  6.232308e-01  4.790438e-01  4.166000e-09
     vertex  6.250000e-01  5.000000e-01  1.250000e-01
     vertex  6.232308e-01  4.790438e-01  1.250000e-01
   endloop
 endfacet
 facet normal  9.688046e-01 -2.478260e-01  0.000000e+00
   outer loop
     vertex  6.181567e-01  4.592078e-01  4.166000e-09
     vertex  6.232308e-01  4.790438e-01  1.250000e-01
     vertex  6.181567e-01  4.592078e-01  1.250000e-01
   endloop
 endfacet
 facet normal  9.688046e-01 -2.478260e-01  0.000000e+00
   outer loop
     vertex  6.181567e-01  4.592078e-01  4.166000e-09
     vertex  6.232308e-01  4.790438e-01  4.166000e-09
     vertex  6.232308e-01  4.790438e-01  1.250000e-01
   endloop
 endfacet
 facet normal  9.150236e-01 -4.034004e-01  0.000000e+00
   outer loop
     vertex  6.098155e-01  4.402877e-01  4.166000e-09
     vertex  6.181567e-01  4.592078e-01  1.250000e-01
     vertex  6.098155e-01  4.402877e-01  1.250000e-01
   endloop
 endfacet
 facet normal  9.150236e-01 -4.034004e-01  0.000000e+00
   outer loop
     vertex  6.098155e-01  4.402877e-01  4.166000e-09
     vertex  6.181567e-01  4.592078e-01  4.166000e-09
     vertex  6.181567e-01  4.592078e-01  1.250000e-01
   endloop
 endfacet
 facet normal  8.363453e-01 -5.482030e-01  0.000000e+00
   outer loop
     vertex  5.985652e-01  4.231241e-01  4.166000e-09
     vertex  6.098155e-01  4.402877e-01  4.166000e-09
     vertex  6.098155e-01  4.402877e-01  1.250000e-01
   endloop
 endfacet
 facet normal  8.363453e-01 -5.482030e-01  0.000000e+00
   outer loop
     vertex  5.985652e-01  4.231241e-01  4.166000e-09
     vertex  6.098155e-01  4.402877e-01  1.250000e-01
     vertex  5.985652e-01  4.231241e-01  1.250000e-01
   endloop
 endfacet
 facet normal  7.357695e-01 -6.772321e-01  0.000000e+00
   outer loop
     vertex  5.847651e-01  4.081312e-01  4.166000e-09
     vertex  5.985652e-01  4.231241e-01  4.166000e-09
     vertex  5.985652e-01  4.231241e-01  1.250000e-01
   endloop
 endfacet
 facet normal  7.357695e-01 -6.772321e-01  0.000000e+00
   outer loop
     vertex  5.847651e-01  4.081312e-01  4.166000e-09
     vertex  5.985652e-01  4.231241e-01  1.250000e-01
     vertex  5.847651e-01  4.081312e-01  1.250000e-01
   endloop
 endfacet
 facet normal  6.163939e-01 -7.874380e-01  0.000000e+00
   outer loop
     vertex  5.688275e-01  3.956555e-01  4.166000e-09
     vertex  5.847651e-01  4.081312e-01  4.166000e-09
     vertex  5.847651e-01  4.081312e-01  1.250000e-01
   endloop
 endfacet
 facet normal  6.163939e-01 -7.874380e-01  0.000000e+00
   outer loop
     vertex  5.688275e-01  3.956555e-01  4.166000e-09
     vertex  5.847651e-01  4.081312e-01  1.250000e-01
     vertex  5.688275e-01  3.956555e-01  1.250000e-01
   endloop
 endfacet
 facet normal  4.738562e-01 -8.806022e-01  0.000000e+00
   outer loop
     vertex  5.491630e-01  3.850739e-01  4.166000e-09
     vertex  5.688275e-01  3.956555e-01  1.250000e-01
     vertex  5.491630e-01  3.850739e-01  1.250000e-01
   endloop
 endfacet
 facet normal  4.738562e-01 -8.806022e-01  0.000000e+00
   outer loop
     vertex  5.491630e-01  3.850739e-01  4.166000e-09
     vertex  5.688275e-01  3.956555e-01  4.166000e-09
     vertex  5.688275e-01  3.956555e-01  1.250000e-01
   endloop
 endfacet
 facet normal  3.102813e-01 -9.506448e-01  0.000000e+00
   outer loop
     vertex  5.281021e-01  3.781999e-01  4.166000e-09
     vertex  5.491630e-01  3.850739e-01  1.250000e-01
     vertex  5.281021e-01  3.781999e-01  1.250000e-01
   endloop
 endfacet
 facet normal  3.102813e-01 -9.506448e-01  0.000000e+00
   outer loop
     vertex  5.281021e-01  3.781999e-01  4.166000e-09
     vertex  5.491630e-01  3.850739e-01  4.166000e-09
     vertex  5.491630e-01  3.850739e-01  1.250000e-01
   endloop
 endfacet
 facet normal  1.382767e-01 -9.903936e-01  0.000000e+00
   outer loop
     vertex  5.063332e-01  3.751605e-01  4.166000e-09
     vertex  5.281021e-01  3.781999e-01  1.250000e-01
     vertex  5.063332e-01  3.751605e-01  1.250000e-01
   endloop
 endfacet
 facet normal  1.382767e-01 -9.903936e-01  0.000000e+00
   outer loop
     vertex  5.063332e-01  3.751605e-01  4.166000e-09
     vertex  5.281021e-01  3.781999e-01  4.166000e-09
     vertex  5.281021e-01  3.781999e-01  1.250000e-01
   endloop
 endfacet
 facet normal -3.663780e-02 -9.993286e-01  0.000000e+00
   outer loop
     vertex  4.845423e-01  3.759594e-01  4.166000e-09
     vertex  5.063332e-01  3.751605e-01  1.250000e-01
     vertex  4.845423e-01  3.759594e-01  1.250000e-01
   endloop
 endfacet
 facet normal -3.663780e-02 -9.993286e-01  0.000000e+00
   outer loop
     vertex  4.845423e-01  3.759594e-01  4.166000e-09
     vertex  5.063332e-01  3.751605e-01  4.166000e-09
     vertex  5.063332e-01  3.751605e-01  1.250000e-01
   endloop
 endfacet
 facet normal -2.090446e-01 -9.779061e-01  0.000000e+00
   outer loop
     vertex  4.633925e-01  3.804806e-01  4.166000e-09
     vertex  4.845423e-01  3.759594e-01  1.250000e-01
     vertex  4.633925e-01  3.804806e-01  1.250000e-01
   endloop
 endfacet
 facet normal -2.090446e-01 -9.779061e-01  0.000000e+00
   outer loop
     vertex  4.633925e-01  3.804806e-01  4.166000e-09
     vertex  4.845423e-01  3.759594e-01  4.166000e-09
     vertex  4.845423e-01  3.759594e-01  1.250000e-01
   endloop
 endfacet
 facet normal -3.737949e-01 -9.275114e-01  0.000000e+00
   outer loop
     vertex  4.435032e-01  3.884961e-01  4.166000e-09
     vertex  4.633925e-01  3.804806e-01  1.250000e-01
     vertex  4.435032e-01  3.884961e-01  1.250000e-01
   endloop
 endfacet
 facet normal -3.737949e-01 -9.275114e-01  0.000000e+00
   outer loop
     vertex  4.435032e-01  3.884961e-01  4.166000e-09
     vertex  4.633925e-01  3.804806e-01  4.166000e-09
     vertex  4.633925e-01  3.804806e-01  1.250000e-01
   endloop
 endfacet
 facet normal -5.296686e-01 -8.482047e-01  0.000000e+00
   outer loop
     vertex  4.246065e-01  4.002963e-01  4.166000e-09
     vertex  4.435032e-01  3.884961e-01  1.250000e-01
     vertex  4.246065e-01  4.002963e-01  1.250000e-01
   endloop
 endfacet
 facet normal -5.296686e-01 -8.482047e-01  0.000000e+00
   outer loop
     vertex  4.246065e-01  4.002963e-01  4.166000e-09
     vertex  4.435032e-01  3.884961e-01  4.166000e-09
     vertex  4.435032e-01  3.884961e-01  1.250000e-01
   endloop
 endfacet
 facet normal -6.676914e-01 -7.444381e-01  0.000000e+00
   outer loop
     vertex  4.090545e-01  4.142450e-01  4.166000e-09
     vertex  4.246065e-01  4.002963e-01  1.250000e-01
     vertex  4.090545e-01  4.142450e-01  1.250000e-01
   endloop
 endfacet
 facet normal -6.676914e-01 -7.444381e-01  0.000000e+00
   outer loop
     vertex  4.090545e-01  4.142450e-01  4.166000e-09
     vertex  4.246065e-01  4.002963e-01  4.166000e-09
     vertex  4.246065e-01  4.002963e-01  1.250000e-01
   endloop
 endfacet
 facet normal -7.819141e-01 -6.233861e-01  0.000000e+00
   outer loop
     vertex  3.961394e-01  4.304445e-01  4.166000e-09
     vertex  4.090545e-01  4.142450e-01  1.250000e-01
     vertex  3.961394e-01  4.304445e-01  1.250000e-01
   endloop
 endfacet
 facet normal -7.819141e-01 -6.233861e-01  0.000000e+00
   outer loop
     vertex  3.961394e-01  4.304445e-01  4.166000e-09
     vertex  4.090545e-01  4.142450e-01  4.166000e-09
     vertex  4.090545e-01  4.142450e-01  1.250000e-01
   endloop
 endfacet
 facet normal -8.738313e-01 -4.862292e-01  0.000000e+00
   outer loop
     vertex  3.861428e-01  4.484100e-01  4.166000e-09
     vertex  3.961394e-01  4.304445e-01  1.250000e-01
     vertex  3.861428e-01  4.484100e-01  1.250000e-01
   endloop
 endfacet
 facet normal -8.738313e-01 -4.862292e-01  0.000000e+00
   outer loop
     vertex  3.861428e-01  4.484100e-01  4.166000e-09
     vertex  3.961394e-01  4.304445e-01  4.166000e-09
     vertex  3.961394e-01  4.304445e-01  1.250000e-01
   endloop
 endfacet
 facet normal -9.415149e-01 -3.369714e-01  0.000000e+00
   outer loop
     vertex  3.792644e-01  4.676285e-01  4.166000e-09
     vertex  3.861428e-01  4.484100e-01  1.250000e-01
     vertex  3.792644e-01  4.676285e-01  1.250000e-01
   endloop
 endfacet
 facet normal -9.415149e-01 -3.369714e-01  0.000000e+00
   outer loop
     vertex  3.792644e-01  4.676285e-01  4.166000e-09
     vertex  3.861428e-01  4.484100e-01  4.166000e-09
     vertex  3.861428e-01  4.484100e-01  1.250000e-01
   endloop
 endfacet
 facet normal -9.837045e-01 -1.797926e-01  0.000000e+00
   outer loop
     vertex  3.756194e-01  4.875714e-01  4.166000e-09
     vertex  3.792644e-01  4.676285e-01  1.250000e-01
     vertex  3.756194e-01  4.875714e-01  1.250000e-01
   endloop
 endfacet
 facet normal -9.837045e-01 -1.797926e-01  0.000000e+00
   outer loop
     vertex  3.756194e-01  4.875714e-01  4.166000e-09
     vertex  3.792644e-01  4.676285e-01  4.166000e-09
     vertex  3.792644e-01  4.676285e-01  1.250000e-01
   endloop
 endfacet
 facet normal -9.998205e-01 -1.894468e-02  0.000000e+00
   outer loop
     vertex  3.752379e-01  5.077078e-01  4.166000e-09
     vertex  3.756194e-01  4.875714e-01  1.250000e-01
     vertex  3.752379e-01  5.077078e-01  1.250000e-01
   endloop
 endfacet
 facet normal -9.998205e-01 -1.894468e-02  0.000000e+00
   outer loop
     vertex  3.752379e-01  5.077078e-01  4.166000e-09
     vertex  3.756194e-01  4.875714e-01  4.166000e-09
     vertex  3.756194e-01  4.875714e-01  1.250000e-01
   endloop
 endfacet
 facet normal -9.886718e-01  1.500933e-01  0.000000e+00
   outer loop
     vertex  3.785716e-01  5.296671e-01  4.166000e-09
     vertex  3.752379e-01  5.077078e-01  1.250000e-01
     vertex  3.785716e-01  5.296671e-01  1.250000e-01
   endloop
 endfacet
 facet normal -9.886718e-01  1.500933e-01  0.000000e+00
   outer loop
     vertex  3.785716e-01  5.296671e-01  4.166000e-09
     vertex  3.752379e-01  5.077078e-01  4.166000e-09
     vertex  3.752379e-01  5.077078e-01  1.250000e-01
   endloop
 endfacet
 facet normal -9.467260e-01  3.220402e-01  0.000000e+00
   outer loop
     vertex  3.856682e-01  5.505295e-01  4.166000e-09
     vertex  3.785716e-01  5.296671e-01  1.250000e-01
     vertex  3.856682e-01  5.505295e-01  1.250000e-01
   endloop
 endfacet
 facet normal -9.467260e-01  3.220402e-01  0.000000e+00
   outer loop
     vertex  3.856682e-01  5.505295e-01  4.166000e-09
     vertex  3.785716e-01  5.296671e-01  4.166000e-09
     vertex  3.785716e-01  5.296671e-01  1.250000e-01
   endloop
 endfacet
 facet normal -8.758006e-01  4.826730e-01  0.000000e+00
   outer loop
     vertex  3.962205e-01  5.696764e-01  4.166000e-09
     vertex  3.856682e-01  5.505295e-01  1.250000e-01
     vertex  3.962205e-01  5.696764e-01  1.250000e-01
   endloop
 endfacet
 facet normal -8.758006e-01  4.826730e-01  0.000000e+00
   outer loop
     vertex  3.962205e-01  5.696764e-01  4.166000e-09
     vertex  3.856682e-01  5.505295e-01  4.166000e-09
     vertex  3.856682e-01  5.505295e-01  1.250000e-01
   endloop
 endfacet
 facet normal -7.787556e-01  6.273275e-01  0.000000e+00
   outer loop
     vertex  4.098245e-01  5.865643e-01  4.166000e-09
     vertex  3.962205e-01  5.696764e-01  1.250000e-01
     vertex  4.098245e-01  5.865643e-01  1.250000e-01
   endloop
 endfacet
 facet normal -7.787556e-01  6.273275e-01  0.000000e+00
   outer loop
     vertex  4.098245e-01  5.865643e-01  4.166000e-09
     vertex  3.962205e-01  5.696764e-01  4.166000e-09
     vertex  3.962205e-01  5.696764e-01  1.250000e-01
   endloop
 endfacet
 facet normal -6.591631e-01  7.520000e-01  0.000000e+00
   outer loop
     vertex  4.259955e-01  6.007389e-01  4.166000e-09
     vertex  4.098245e-01  5.865643e-01  1.250000e-01
     vertex  4.259955e-01  6.007389e-01  1.250000e-01
   endloop
 endfacet
 facet normal -6.591631e-01  7.520000e-01  0.000000e+00
   outer loop
     vertex  4.259955e-01  6.007389e-01  4.166000e-09
     vertex  4.098245e-01  5.865643e-01  4.166000e-09
     vertex  4.098245e-01  5.865643e-01  1.250000e-01
   endloop
 endfacet
 facet normal -5.202289e-01  8.540269e-01  0.000000e+00
   outer loop
     vertex  4.444331e-01  6.119702e-01  4.166000e-09
     vertex  4.259955e-01  6.007389e-01  1.250000e-01
     vertex  4.444331e-01  6.119702e-01  1.250000e-01
   endloop
 endfacet
 facet normal -5.202289e-01  8.540269e-01  0.000000e+00
   outer loop
     vertex  4.444331e-01  6.119702e-01  4.166000e-09
     vertex  4.259955e-01  6.007389e-01  4.166000e-09
     vertex  4.259955e-01  6.007389e-01  1.250000e-01
   endloop
 endfacet
 facet normal -3.678759e-01  9.298749e-01  0.000000e+00
   outer loop
     vertex  4.639217e-01  6.196802e-01  4.166000e-09
     vertex  4.444331e-01  6.119702e-01  1.250000e-01
     vertex  4.639217e-01  6.196802e-01  1.250000e-01
   endloop
 endfacet
 facet normal -3.678759e-01  9.298749e-01  0.000000e+00
   outer loop
     vertex  4.639217e-01  6.196802e-01  4.166000e-09
     vertex  4.444331e-01  6.119702e-01  4.166000e-09
     vertex  4.444331e-01  6.119702e-01  1.250000e-01
   endloop
 endfacet
 facet normal -2.080517e-01  9.781178e-01  0.000000e+00
   outer loop
     vertex  4.842454e-01  6.240032e-01  4.166000e-09
     vertex  4.639217e-01  6.196802e-01  1.250000e-01
     vertex  4.842454e-01  6.240032e-01  1.250000e-01
   endloop
 endfacet
 facet normal -2.080517e-01  9.781178e-01  0.000000e+00
   outer loop
     vertex  4.842454e-01  6.240032e-01  4.166000e-09
     vertex  4.639217e-01  6.196802e-01  4.166000e-09
     vertex  4.639217e-01  6.196802e-01  1.250000e-01
   endloop
 endfacet
 facet normal -4.380452e-02  9.990401e-01  0.000000e+00
   outer loop
     vertex  5.048408e-01  6.249062e-01  4.166000e-09
     vertex  4.842454e-01  6.240032e-01  1.250000e-01
     vertex  5.048408e-01  6.249062e-01  1.250000e-01
   endloop
 endfacet
 facet normal -4.380452e-02  9.990401e-01  0.000000e+00
   outer loop
     vertex  5.048408e-01  6.249062e-01  4.166000e-09
     vertex  4.842454e-01  6.240032e-01  4.166000e-09
     vertex  4.842454e-01  6.240032e-01  1.250000e-01
   endloop
 endfacet
 facet normal  1.203928e-01  9.927263e-01  0.000000e+00
   outer loop
     vertex  5.251564e-01  6.224425e-01  4.166000e-09
     vertex  5.048408e-01  6.249062e-01  4.166000e-09
     vertex  5.048408e-01  6.249062e-01  1.250000e-01
   endloop
 endfacet
 facet normal  1.203928e-01  9.927263e-01 -0.000000e+00
   outer loop
     vertex  5.251564e-01  6.224425e-01  4.166000e-09
     vertex  5.048408e-01  6.249062e-01  1.250000e-01
     vertex  5.251564e-01  6.224425e-01  1.250000e-01
   endloop
 endfacet
 facet normal  2.802132e-01  9.599378e-01 -0.000000e+00
   outer loop
     vertex  5.251564e-01  6.224425e-01  4.166000e-09
     vertex  5.251564e-01  6.224425e-01  1.250000e-01
     vertex  5.446650e-01  6.167477e-01  1.250000e-01
   endloop
 endfacet
 facet normal  2.802132e-01  9.599378e-01 -0.000000e+00
   outer loop
     vertex  5.446650e-01  6.167477e-01  4.166000e-09
     vertex  5.251564e-01  6.224425e-01  4.166000e-09
     vertex  5.446650e-01  6.167477e-01  1.250000e-01
   endloop
 endfacet
 facet normal  4.315733e-01  9.020779e-01  0.000000e+00
   outer loop
     vertex  5.628759e-01  6.080353e-01  4.166000e-09
     vertex  5.446650e-01  6.167477e-01  4.166000e-09
     vertex  5.446650e-01  6.167477e-01  1.250000e-01
   endloop
 endfacet
 facet normal  4.315733e-01  9.020779e-01 -0.000000e+00
   outer loop
     vertex  5.628759e-01  6.080353e-01  4.166000e-09
     vertex  5.446650e-01  6.167477e-01  1.250000e-01
     vertex  5.628759e-01  6.080353e-01  1.250000e-01
   endloop
 endfacet
 facet normal  5.779925e-01  8.160421e-01 -0.000000e+00
   outer loop
     vertex  5.628759e-01  6.080353e-01  4.166000e-09
     vertex  5.628759e-01  6.080353e-01  1.250000e-01
     vertex  5.810478e-01  5.951643e-01  1.250000e-01
   endloop
 endfacet
 facet normal  5.779925e-01  8.160421e-01 -0.000000e+00
   outer loop
     vertex  5.810478e-01  5.951643e-01  4.166000e-09
     vertex  5.628759e-01  6.080353e-01  4.166000e-09
     vertex  5.810478e-01  5.951643e-01  1.250000e-01
   endloop
 endfacet
 facet normal  7.131248e-01  7.010371e-01  0.000000e+00
   outer loop
     vertex  5.965359e-01  5.794093e-01  4.166000e-09
     vertex  5.810478e-01  5.951643e-01  4.166000e-09
     vertex  5.810478e-01  5.951643e-01  1.250000e-01
   endloop
 endfacet
 facet normal  7.131248e-01  7.010371e-01 -0.000000e+00
   outer loop
     vertex  5.965359e-01  5.794093e-01  4.166000e-09
     vertex  5.810478e-01  5.951643e-01  1.250000e-01
     vertex  5.965359e-01  5.794093e-01  1.250000e-01
   endloop
 endfacet
 facet normal  8.250111e-01  5.651166e-01  0.000000e+00
   outer loop
     vertex  6.089226e-01  5.613258e-01  4.166000e-09
     vertex  5.965359e-01  5.794093e-01  4.166000e-09
     vertex  5.965359e-01  5.794093e-01  1.250000e-01
   endloop
 endfacet
 facet normal  8.250111e-01  5.651166e-01 -0.000000e+00
   outer loop
     vertex  6.089226e-01  5.613258e-01  4.166000e-09
     vertex  5.965359e-01  5.794093e-01  1.250000e-01
     vertex  6.089226e-01  5.613258e-01  1.250000e-01
   endloop
 endfacet
 facet normal  9.107492e-01  4.129599e-01  0.000000e+00
   outer loop
     vertex  6.179019e-01  5.415229e-01  4.166000e-09
     vertex  6.089226e-01  5.613258e-01  4.166000e-09
     vertex  6.089226e-01  5.613258e-01  1.250000e-01
   endloop
 endfacet
 facet normal  9.107492e-01  4.129599e-01 -0.000000e+00
   outer loop
     vertex  6.179019e-01  5.415229e-01  4.166000e-09
     vertex  6.089226e-01  5.613258e-01  1.250000e-01
     vertex  6.179019e-01  5.415229e-01  1.250000e-01
   endloop
 endfacet
 facet normal  9.687682e-01  2.479682e-01  0.000000e+00
   outer loop
     vertex  6.233523e-01  5.202291e-01  4.166000e-09
     vertex  6.179019e-01  5.415229e-01  4.166000e-09
     vertex  6.179019e-01  5.415229e-01  1.250000e-01
   endloop
 endfacet
 facet normal  9.687682e-01  2.479682e-01 -0.000000e+00
   outer loop
     vertex  6.233523e-01  5.202291e-01  4.166000e-09
     vertex  6.179019e-01  5.415229e-01  1.250000e-01
     vertex  6.233523e-01  5.202291e-01  1.250000e-01
   endloop
 endfacet
 facet normal  9.966991e-01  8.118423e-02  0.000000e+00
   outer loop
     vertex  6.250000e-01  5.000000e-01  4.166000e-09
     vertex  6.233523e-01  5.202291e-01  4.166000e-09
     vertex  6.233523e-01  5.202291e-01  1.250000e-01
   endloop
 endfacet
 facet normal  9.966991e-01  8.118423e-02 -0.000000e+00
   outer loop
     vertex  6.250000e-01  5.000000e-01  4.166000e-09
     vertex  6.233523e-01  5.202291e-01  1.250000e-01
     vertex  6.250000e-01  5.000000e-01  1.250000e-01
   endloop
 endfacet
 facet normal  0.000000e+00  0.000000e+00  1.000000e+00
   outer loop
     vertex  3.825384e-01  4.572475e-01  1.000000e+00
     vertex  3.917468e-01  4.375000e-01  1.000000e+00
     vertex  4.042444e-01  4.196516e-01  1.000000e+00
   endloop
 endfacet
 facet normal  0.000000e+00  0.000000e+00  1.000000e+00
   outer loop
     vertex  3.825384e-01  4.572475e-01  1.000000e+00
     vertex  4.042444e-01  4.196516e-01  1.000000e+00
     vertex  4.196515e-01  4.042445e-01  1.000000e+00
   endloop
 endfacet
 facet normal  0.000000e+00  0.000000e+00  1.000000e+00
   outer loop
     vertex  3.825384e-01  4.572475e-01  1.000000e+00
     vertex  4.196515e-01  4.042445e-01  1.000000e+00
     vertex  4.375000e-01  3.917468e-01  1.000000e+00
   endloop
 endfacet
 facet normal  0.000000e+00  0.000000e+00  1.000000e+00
   outer loop
     vertex  3.825384e-01  5.427525e-01  1.000000e+00
     vertex  3.768990e-01  5.217060e-01  1.000000e+00
     vertex  3.750000e-01  5.000000e-01  1.000000e+00
   endloop
 endfacet
 facet normal  0.000000e+00  0.000000e+00  1.000000e+00
   outer loop
     vertex  3.825384e-01  5.427525e-01  1.000000e+00
     vertex  3.750000e-01  5.000000e-01  1.000000e+00
     vertex  3.768990e-01  4.782940e-01  1.000000e+00
   endloop
 endfacet
 facet normal  0.000000e+00  0.000000e+00  1.000000e+00
   outer loop
     vertex  5.625000e-01  3.917468e-01  1.000000e+00
     vertex  5.217060e-01  3.768990e-01  1.000000e+00
     vertex  5.427525e-01  3.825384e-01  1.000000e+00
   endloop
 endfacet
 facet normal  0.000000e+00  0.000000e+00  1.000000e+00
   outer loop
     vertex  3.917468e-01  5.625000e-01  1.000000e+00
     vertex  3.825384e-01  5.427525e-01  1.000000e+00
     vertex  3.768990e-01  4.782940e-01  1.000000e+00
   endloop
 endfacet
 facet normal  0.000000e+00  0.000000e+00  1.000000e+00
   outer loop
     vertex  6.082532e-01  4.375000e-01  1.000000e+00
     vertex  5.803484e-01  4.042444e-01  1.000000e+00
     vertex  5.957555e-01  4.196515e-01  1.000000e+00
   endloop
 endfacet
 facet normal  0.000000e+00  0.000000e+00  1.000000e+00
   outer loop
     vertex  4.375000e-01  6.082532e-01  1.000000e+00
     vertex  4.196516e-01  5.957556e-01  1.000000e+00
     vertex  4.042445e-01  5.803485e-01  1.000000e+00
   endloop
 endfacet
 facet normal  0.000000e+00  0.000000e+00  1.000000e+00
   outer loop
     vertex  6.174616e-01  4.572474e-01  1.000000e+00
     vertex  5.803484e-01  4.042444e-01  1.000000e+00
     vertex  6.082532e-01  4.375000e-01  1.000000e+00
   endloop
 endfacet
 facet normal  0.000000e+00  0.000000e+00  1.000000e+00
   outer loop
     vertex  4.572475e-01  6.174616e-01  1.000000e+00
     vertex  4.375000e-01  6.082532e-01  1.000000e+00
     vertex  4.042445e-01  5.803485e-01  1.000000e+00
   endloop
 endfacet
 facet normal  0.000000e+00  0.000000e+00  1.000000e+00
   outer loop
     vertex  6.231010e-01  4.782939e-01  1.000000e+00
     vertex  5.625000e-01  3.917468e-01  1.000000e+00
     vertex  5.803484e-01  4.042444e-01  1.000000e+00
   endloop
 endfacet
 facet normal  0.000000e+00  0.000000e+00  1.000000e+00
   outer loop
     vertex  6.231010e-01  4.782939e-01  1.000000e+00
     vertex  5.803484e-01  4.042444e-01  1.000000e+00
     vertex  6.174616e-01  4.572474e-01  1.000000e+00
   endloop
 endfacet
 facet normal  0.000000e+00  0.000000e+00  1.000000e+00
   outer loop
     vertex  6.250000e-01  5.000000e-01  1.000000e+00
     vertex  5.625000e-01  3.917468e-01  1.000000e+00
     vertex  6.231010e-01  4.782939e-01  1.000000e+00
   endloop
 endfacet
 facet normal  0.000000e+00  0.000000e+00  1.000000e+00
   outer loop
     vertex  5.217060e-01  6.231010e-01  1.000000e+00
     vertex  5.000000e-01  6.250000e-01  1.000000e+00
     vertex  4.782940e-01  6.231010e-01  1.000000e+00
   endloop
 endfacet
 facet normal  0.000000e+00  0.000000e+00  1.000000e+00
   outer loop
     vertex  6.174616e-01  5.427525e-01  1.000000e+00
     vertex  6.250000e-01  5.000000e-01  1.000000e+00
     vertex  6.231010e-01  5.217060e-01  1.000000e+00
   endloop
 endfacet
 facet normal  0.000000e+00  0.000000e+00  1.000000e+00
   outer loop
     vertex  5.625000e-01  6.082532e-01  1.000000e+00
     vertex  5.427525e-01  6.174616e-01  1.000000e+00
     vertex  5.217060e-01  6.231010e-01  1.000000e+00
   endloop
 endfacet
 facet normal  0.000000e+00  0.000000e+00  1.000000e+00
   outer loop
     vertex  5.803485e-01  5.957556e-01  1.000000e+00
     vertex  3.917468e-01  5.625000e-01  1.000000e+00
     vertex  3.768990e-01  4.782940e-01  1.000000e+00
   endloop
 endfacet
 facet normal  0.000000e+00  0.000000e+00  1.000000e+00
   outer loop
     vertex  5.803485e-01  5.957556e-01  1.000000e+00
     vertex  4.572475e-01  6.174616e-01  1.000000e+00
     vertex  4.042445e-01  5.803485e-01  1.000000e+00
   endloop
 endfacet
 facet normal  0.000000e+00  0.000000e+00  1.000000e+00
   outer loop
     vertex  5.803485e-01  5.957556e-01  1.000000e+00
     vertex  5.217060e-01  3.768990e-01  1.000000e+00
     vertex  5.625000e-01  3.917468e-01  1.000000e+00
   endloop
 endfacet
 facet normal  0.000000e+00  0.000000e+00  1.000000e+00
   outer loop
     vertex  5.803485e-01  5.957556e-01  1.000000e+00
     vertex  5.625000e-01  6.082532e-01  1.000000e+00
     vertex  5.217060e-01  6.231010e-01  1.000000e+00
   endloop
 endfacet
 facet normal  0.000000e+00  0.000000e+00  1.000000e+00
   outer loop
     vertex  5.803485e-01  5.957556e-01  1.000000e+00
     vertex  5.625000e-01  3.917468e-01  1.000000e+00
     vertex  6.250000e-01  5.000000e-01  1.000000e+00
   endloop
 endfacet
 facet normal  0.000000e+00  0.000000e+00  1.000000e+00
   outer loop
     vertex  5.803485e-01  5.957556e-01  1.000000e+00
     vertex  6.250000e-01  5.000000e-01  1.000000e+00
     vertex  6.174616e-01  5.427525e-01  1.000000e+00
   endloop
 endfacet
 facet normal  0.000000e+00  0.000000e+00  1.000000e+00
   outer loop
     vertex  5.803485e-01  5.957556e-01  1.000000e+00
     vertex  5.217060e-01  6.231010e-01  1.000000e+00
     vertex  4.782940e-01  6.231010e-01  1.000000e+00
   endloop
 endfacet
 facet normal  0.000000e+00  0.000000e+00  1.000000e+00
   outer loop
     vertex  5.803485e-01  5.957556e-01  1.000000e+00
     vertex  6.174616e-01  5.427525e-01  1.000000e+00
     vertex  6.082532e-01  5.625000e-01  1.000000e+00
   endloop
 endfacet
 facet normal  0.000000e+00  0.000000e+00  1.000000e+00
   outer loop
     vertex  5.803485e-01  5.957556e-01  1.000000e+00
     vertex  6.082532e-01  5.625000e-01  1.000000e+00
     vertex  5.957556e-01  5.803484e-01  1.000000e+00
   endloop
 endfacet
 facet normal  0.000000e+00  0.000000e+00  1.000000e+00
   outer loop
     vertex  5.803485e-01  5.957556e-01  1.000000e+00
     vertex  4.782940e-01  6.231010e-01  1.000000e+00
     vertex  4.572475e-01  6.174616e-01  1.000000e+00
   endloop
 endfacet
 facet normal  0.000000e+00  0.000000e+00  1.000000e+00
   outer loop
     vertex  5.803485e-01  5.957556e-01  1.000000e+00
     vertex  3.825384e-01  4.572475e-01  1.000000e+00
     vertex  4.375000e-01  3.917468e-01  1.000000e+00
   endloop
 endfacet
 facet normal  0.000000e+00  0.000000e+00  1.000000e+00
   outer loop
     vertex  5.803485e-01  5.957556e-01  1.000000e+00
     vertex  4.042445e-01  5.803485e-01  1.000000e+00
     vertex  3.917468e-01  5.625000e-01  1.000000e+00
   endloop
 endfacet
 facet normal  0.000000e+00  0.000000e+00  1.000000e+00
   outer loop
     vertex  5.803485e-01  5.957556e-01  1.000000e+00
     vertex  3.768990e-01  4.782940e-01  1.000000e+00
     vertex  3.825384e-01  4.572475e-01  1.000000e+00
   endloop
 endfacet
 facet normal  0.000000e+00  0.000000e+00  1.000000e+00
   outer loop
     vertex  5.803485e-01  5.957556e-01  1.000000e+00
     vertex  4.375000e-01  3.917468e-01  1.000000e+00
     vertex  4.572475e-01  3.825384e-01  1.000000e+00
   endloop
 endfacet
 facet normal  0.000000e+00  0.000000e+00  1.000000e+00
   outer loop
     vertex  5.803485e-01  5.957556e-01  1.000000e+00
     vertex  4.572475e-01  3.825384e-01  1.000000e+00
     vertex  4.782940e-01  3.768990e-01  1.000000e+00
   endloop
 endfacet
 facet normal  0.000000e+00  0.000000e+00  1.000000e+00
   outer loop
     vertex  5.803485e-01  5.957556e-01  1.000000e+00
     vertex  4.782940e-01  3.768990e-01  1.000000e+00
     vertex  5.000000e-01  3.750000e-01  1.000000e+00
   endloop
 endfacet
 facet normal  0.000000e+00  0.000000e+00  1.000000e+00
   outer loop
     vertex  5.803485e-01  5.957556e-01  1.000000e+00
     vertex  5.000000e-01  3.750000e-01  1.000000e+00
     vertex  5.217060e-01  3.768990e-01  1.000000e+00
   endloop
 endfacet
 facet normal -9.990015e-01 -4.467671e-02  0.000000e+00
   outer loop
     vertex  9.980040e-01  5.446321e-01  8.750000e-01
     vertex  1.000000e+00  5.000000e-01  8.750000e-01
     vertex  1.000000e+00  5.000000e-01  1.000000e+00
   endloop
 endfacet
 facet normal -9.990015e-01 -4.467671e-02  0.000000e+00
   outer loop
     vertex  9.980040e-01  5.446321e-01  8.750000e-01
     vertex  1.000000e+00  5.000000e-01  1.000000e+00
     vertex  9.980040e-01  5.446321e-01  1.000000e+00
   endloop
 endfacet
 facet normal -9.910492e-01 -1.334972e-01  0.000000e+00
   outer loop
     vertex  9.920635e-01  5.887329e-01  8.750000e-01
     vertex  9.980040e-01  5.446321e-01  1.000000e+00
     vertex  9.920635e-01  5.887329e-01  1.000000e+00
   endloop
 endfacet
 facet normal -9.910492e-01 -1.334972e-01  0.000000e+00
   outer loop
     vertex  9.920635e-01  5.887329e-01  8.750000e-01
     vertex  9.980040e-01  5.446321e-01  8.750000e-01
     vertex  9.980040e-01  5.446321e-01  1.000000e+00
   endloop
 endfacet
 facet normal -9.752551e-01 -2.210826e-01  0.000000e+00
   outer loop
     vertex  9.822255e-01  6.321308e-01  8.750000e-01
     vertex  9.920635e-01  5.887329e-01  1.000000e+00
     vertex  9.822255e-01  6.321308e-01  1.000000e+00
   endloop
 endfacet
 facet normal -9.752551e-01 -2.210826e-01  0.000000e+00
   outer loop
     vertex  9.822255e-01  6.321308e-01  8.750000e-01
     vertex  9.920635e-01  5.887329e-01  8.750000e-01
     vertex  9.920635e-01  5.887329e-01  1.000000e+00
   endloop
 endfacet
 facet normal -9.517636e-01 -3.068322e-01  0.000000e+00
   outer loop
     vertex  9.685991e-01  6.743987e-01  8.750000e-01
     vertex  9.822255e-01  6.321308e-01  1.000000e+00
     vertex  9.685991e-01  6.743987e-01  1.000000e+00
   endloop
 endfacet
 facet normal -9.517636e-01 -3.068322e-01  0.000000e+00
   outer loop
     vertex  9.685991e-01  6.743987e-01  8.750000e-01
     vertex  9.822255e-01  6.321308e-01  8.750000e-01
     vertex  9.822255e-01  6.321308e-01  1.000000e+00
   endloop
 endfacet
 facet normal -9.208184e-01 -3.899917e-01  0.000000e+00
   outer loop
     vertex  9.513144e-01  7.152098e-01  8.750000e-01
     vertex  9.685991e-01  6.743987e-01  1.000000e+00
     vertex  9.513144e-01  7.152098e-01  1.000000e+00
   endloop
 endfacet
 facet normal -9.208184e-01 -3.899917e-01  0.000000e+00
   outer loop
     vertex  9.513144e-01  7.152098e-01  8.750000e-01
     vertex  9.685991e-01  6.743987e-01  8.750000e-01
     vertex  9.685991e-01  6.743987e-01  1.000000e+00
   endloop
 endfacet
 facet normal -8.827080e-01 -4.699218e-01  0.000000e+00
   outer loop
     vertex  9.305297e-01  7.542521e-01  8.750000e-01
     vertex  9.513144e-01  7.152098e-01  1.000000e+00
     vertex  9.305297e-01  7.542521e-01  1.000000e+00
   endloop
 endfacet
 facet normal -8.827080e-01 -4.699218e-01  0.000000e+00
   outer loop
     vertex  9.305297e-01  7.542521e-01  8.750000e-01
     vertex  9.513144e-01  7.152098e-01  8.750000e-01
     vertex  9.513144e-01  7.152098e-01  1.000000e+00
   endloop
 endfacet
 facet normal -8.377757e-01 -5.460145e-01  0.000000e+00
   outer loop
     vertex  9.064295e-01  7.912302e-01  8.750000e-01
     vertex  9.305297e-01  7.542521e-01  1.000000e+00
     vertex  9.064295e-01  7.912302e-01  1.000000e+00
   endloop
 endfacet
 facet normal -8.377757e-01 -5.460145e-01  0.000000e+00
   outer loop
     vertex  9.064295e-01  7.912302e-01  8.750000e-01
     vertex  9.305297e-01  7.542521e-01  8.750000e-01
     vertex  9.305297e-01  7.542521e-01  1.000000e+00
   endloop
 endfacet
 facet normal -7.864157e-01 -6.176977e-01  0.000000e+00
   outer loop
     vertex  8.792230e-01  8.258680e-01  8.750000e-01
     vertex  9.064295e-01  7.912302e-01  1.000000e+00
     vertex  8.792230e-01  8.258680e-01  1.000000e+00
   endloop
 endfacet
 facet normal -7.864157e-01 -6.176977e-01  0.000000e+00
   outer loop
     vertex  8.792230e-01  8.258680e-01  8.750000e-01
     vertex  9.064295e-01  7.912302e-01  8.750000e-01
     vertex  9.064295e-01  7.912302e-01  1.000000e+00
   endloop
 endfacet
 facet normal -7.290695e-01 -6.844397e-01  0.000000e+00
   outer loop
     vertex  8.491421e-01  8.579103e-01  8.750000e-01
     vertex  8.792230e-01  8.258680e-01  1.000000e+00
     vertex  8.491421e-01  8.579103e-01  1.000000e+00
   endloop
 endfacet
 facet normal -7.290695e-01 -6.844397e-01  0.000000e+00
   outer loop
     vertex  8.491421e-01  8.579103e-01  8.750000e-01
     vertex  8.792230e-01  8.258680e-01  8.750000e-01
     vertex  8.792230e-01  8.258680e-01  1.000000e+00
   endloop
 endfacet
 facet normal -6.662224e-01 -7.457531e-01  0.000000e+00
   outer loop
     vertex  8.164395e-01  8.871254e-01  8.750000e-01
     vertex  8.491421e-01  8.579103e-01  1.000000e+00
     vertex  8.164395e-01  8.871254e-01  1.000000e+00
   endloop
 endfacet
 facet normal -6.662224e-01 -7.457531e-01  0.000000e+00
   outer loop
     vertex  8.164395e-01  8.871254e-01  8.750000e-01
     vertex  8.491421e-01  8.579103e-01  8.750000e-01
     vertex  8.491421e-01  8.579103e-01  1.000000e+00
   endloop
 endfacet
 facet normal -5.983989e-01 -8.011983e-01  0.000000e+00
   outer loop
     vertex  7.813864e-01  9.133058e-01  8.750000e-01
     vertex  8.164395e-01  8.871254e-01  1.000000e+00
     vertex  7.813864e-01  9.133058e-01  1.000000e+00
   endloop
 endfacet
 facet normal -5.983989e-01 -8.011983e-01  0.000000e+00
   outer loop
     vertex  7.813864e-01  9.133058e-01  8.750000e-01
     vertex  8.164395e-01  8.871254e-01  8.750000e-01
     vertex  8.164395e-01  8.871254e-01  1.000000e+00
   endloop
 endfacet
 facet normal -5.261151e-01 -8.504134e-01  0.000000e+00
   outer loop
     vertex  7.442261e-01  9.362953e-01  8.750000e-01
     vertex  7.813864e-01  9.133058e-01  1.000000e+00
     vertex  7.442261e-01  9.362953e-01  1.000000e+00
   endloop
 endfacet
 facet normal -5.261151e-01 -8.504134e-01  0.000000e+00
   outer loop
     vertex  7.442261e-01  9.362953e-01  8.750000e-01
     vertex  7.813864e-01  9.133058e-01  8.750000e-01
     vertex  7.813864e-01  9.133058e-01  1.000000e+00
   endloop
 endfacet
 facet normal -4.521252e-01 -8.919545e-01  0.000000e+00
   outer loop
     vertex  7.075160e-01  9.549034e-01  8.750000e-01
     vertex  7.442261e-01  9.362953e-01  8.750000e-01
     vertex  7.442261e-01  9.362953e-01  1.000000e+00
   endloop
 endfacet
 facet normal -4.521252e-01 -8.919545e-01  0.000000e+00
   outer loop
     vertex  7.075160e-01  9.549034e-01  8.750000e-01
     vertex  7.442261e-01  9.362953e-01  1.000000e+00
     vertex  7.075160e-01  9.549034e-01  1.000000e+00
   endloop
 endfacet
 facet normal -3.773189e-01 -9.260834e-01  0.000000e+00
   outer loop
     vertex  6.694846e-01  9.703987e-01  8.750000e-01
     vertex  7.075160e-01  9.549034e-01  8.750000e-01
     vertex  7.075160e-01  9.549034e-01  1.000000e+00
   endloop
 endfacet
 facet normal -3.773189e-01 -9.260834e-01  0.000000e+00
   outer loop
     vertex  6.694846e-01  9.703987e-01  8.750000e-01
     vertex  7.075160e-01  9.549034e-01  1.000000e+00
     vertex  6.694846e-01  9.703987e-01  1.000000e+00
   endloop
 endfacet
 facet normal -3.001293e-01 -9.538985e-01  0.000000e+00
   outer loop
     vertex  6.303926e-01  9.826984e-01  8.750000e-01
     vertex  6.694846e-01  9.703987e-01  8.750000e-01
     vertex  6.694846e-01  9.703987e-01  1.000000e+00
   endloop
 endfacet
 facet normal -3.001293e-01 -9.538985e-01  0.000000e+00
   outer loop
     vertex  6.303926e-01  9.826984e-01  8.750000e-01
     vertex  6.694846e-01  9.703987e-01  1.000000e+00
     vertex  6.303926e-01  9.826984e-01  1.000000e+00
   endloop
 endfacet
 facet normal -2.210828e-01 -9.752550e-01  0.000000e+00
   outer loop
     vertex  5.905052e-01  9.917406e-01  8.750000e-01
     vertex  6.303926e-01  9.826984e-01  8.750000e-01
     vertex  6.303926e-01  9.826984e-01  1.000000e+00
   endloop
 endfacet
 facet normal -2.210828e-01 -9.752550e-01  0.000000e+00
   outer loop
     vertex  5.905052e-01  9.917406e-01  8.750000e-01
     vertex  6.303926e-01  9.826984e-01  1.000000e+00
     vertex  5.905052e-01  9.917406e-01  1.000000e+00
   endloop
 endfacet
 facet normal -1.407133e-01 -9.900504e-01  0.000000e+00
   outer loop
     vertex  5.500907e-01  9.974846e-01  8.750000e-01
     vertex  5.905052e-01  9.917406e-01  1.000000e+00
     vertex  5.500907e-01  9.974846e-01  1.000000e+00
   endloop
 endfacet
 facet normal -1.407133e-01 -9.900504e-01  0.000000e+00
   outer loop
     vertex  5.500907e-01  9.974846e-01  8.750000e-01
     vertex  5.905052e-01  9.917406e-01  8.750000e-01
     vertex  5.905052e-01  9.917406e-01  1.000000e+00
   endloop
 endfacet
 facet normal -5.955859e-02 -9.982248e-01  0.000000e+00
   outer loop
     vertex  5.094184e-01  9.999113e-01  8.750000e-01
     vertex  5.500907e-01  9.974846e-01  1.000000e+00
     vertex  5.094184e-01  9.999113e-01  1.000000e+00
   endloop
 endfacet
 facet normal -5.955859e-02 -9.982248e-01  0.000000e+00
   outer loop
     vertex  5.094184e-01  9.999113e-01  8.750000e-01
     vertex  5.500907e-01  9.974846e-01  8.750000e-01
     vertex  5.500907e-01  9.974846e-01  1.000000e+00
   endloop
 endfacet
 facet normal  2.184272e-02 -9.997614e-01  0.000000e+00
   outer loop
     vertex  4.687570e-01  9.990229e-01  8.750000e-01
     vertex  5.094184e-01  9.999113e-01  1.000000e+00
     vertex  4.687570e-01  9.990229e-01  1.000000e+00
   endloop
 endfacet
 facet normal  2.184272e-02 -9.997614e-01  0.000000e+00
   outer loop
     vertex  4.687570e-01  9.990229e-01  8.750000e-01
     vertex  5.094184e-01  9.999113e-01  8.750000e-01
     vertex  5.094184e-01  9.999113e-01  1.000000e+00
   endloop
 endfacet
 facet normal  1.029548e-01 -9.946860e-01  0.000000e+00
   outer loop
     vertex  4.283731e-01  9.948430e-01  8.750000e-01
     vertex  4.687570e-01  9.990229e-01  1.000000e+00
     vertex  4.283731e-01  9.948430e-01  1.000000e+00
   endloop
 endfacet
 facet normal  1.029548e-01 -9.946860e-01  0.000000e+00
   outer loop
     vertex  4.283731e-01  9.948430e-01  8.750000e-01
     vertex  4.687570e-01  9.990229e-01  8.750000e-01
     vertex  4.687570e-01  9.990229e-01  1.000000e+00
   endloop
 endfacet
 facet normal  1.832477e-01 -9.830668e-01  0.000000e+00
   outer loop
     vertex  3.885297e-01  9.874160e-01  8.750000e-01
     vertex  4.283731e-01  9.948430e-01  1.000000e+00
     vertex  3.885297e-01  9.874160e-01  1.000000e+00
   endloop
 endfacet
 facet normal  1.832477e-01 -9.830668e-01  0.000000e+00
   outer loop
     vertex  3.885297e-01  9.874160e-01  8.750000e-01
     vertex  4.283731e-01  9.948430e-01  8.750000e-01
     vertex  4.283731e-01  9.948430e-01  1.000000e+00
   endloop
 endfacet
 facet normal  2.622011e-01 -9.650133e-01  0.000000e+00
   outer loop
     vertex  3.494839e-01  9.768070e-01  8.750000e-01
     vertex  3.885297e-01  9.874160e-01  1.000000e+00
     vertex  3.494839e-01  9.768070e-01  1.000000e+00
   endloop
 endfacet
 facet normal  2.622011e-01 -9.650133e-01  0.000000e+00
   outer loop
     vertex  3.494839e-01  9.768070e-01  8.750000e-01
     vertex  3.885297e-01  9.874160e-01  8.750000e-01
     vertex  3.885297e-01  9.874160e-01  1.000000e+00
   endloop
 endfacet
 facet normal  3.393069e-01 -9.406757e-01  0.000000e+00
   outer loop
     vertex  3.114861e-01  9.631010e-01  8.750000e-01
     vertex  3.494839e-01  9.768070e-01  1.000000e+00
     vertex  3.114861e-01  9.631010e-01  1.000000e+00
   endloop
 endfacet
 facet normal  3.393069e-01 -9.406757e-01  0.000000e+00
   outer loop
     vertex  3.114861e-01  9.631010e-01  8.750000e-01
     vertex  3.494839e-01  9.768070e-01  8.750000e-01
     vertex  3.494839e-01  9.768070e-01  1.000000e+00
   endloop
 endfacet
 facet normal  4.140728e-01 -9.102438e-01  0.000000e+00
   outer loop
     vertex  2.747780e-01  9.464023e-01  8.750000e-01
     vertex  3.114861e-01  9.631010e-01  1.000000e+00
     vertex  2.747780e-01  9.464023e-01  1.000000e+00
   endloop
 endfacet
 facet normal  4.140728e-01 -9.102438e-01  0.000000e+00
   outer loop
     vertex  2.747780e-01  9.464023e-01  8.750000e-01
     vertex  3.114861e-01  9.631010e-01  8.750000e-01
     vertex  3.114861e-01  9.631010e-01  1.000000e+00
   endloop
 endfacet
 facet normal  4.860252e-01 -8.739448e-01  0.000000e+00
   outer loop
     vertex  2.395910e-01  9.268339e-01  8.750000e-01
     vertex  2.747780e-01  9.464023e-01  1.000000e+00
     vertex  2.395910e-01  9.268339e-01  1.000000e+00
   endloop
 endfacet
 facet normal  4.860252e-01 -8.739448e-01  0.000000e+00
   outer loop
     vertex  2.395910e-01  9.268339e-01  8.750000e-01
     vertex  2.747780e-01  9.464023e-01  8.750000e-01
     vertex  2.747780e-01  9.464023e-01  1.000000e+00
   endloop
 endfacet
 facet normal  5.584170e-01 -8.295604e-01  0.000000e+00
   outer loop
     vertex  2.025490e-01  9.018991e-01  8.750000e-01
     vertex  2.395910e-01  9.268339e-01  1.000000e+00
     vertex  2.025490e-01  9.018991e-01  1.000000e+00
   endloop
 endfacet
 facet normal  5.584170e-01 -8.295604e-01  0.000000e+00
   outer loop
     vertex  2.025490e-01  9.018991e-01  8.750000e-01
     vertex  2.395910e-01  9.268339e-01  8.750000e-01
     vertex  2.395910e-01  9.268339e-01  1.000000e+00
   endloop
 endfacet
 facet normal  6.301313e-01 -7.764886e-01  0.000000e+00
   outer loop
     vertex  1.679458e-01  8.738181e-01  8.750000e-01
     vertex  2.025490e-01  9.018991e-01  1.000000e+00
     vertex  1.679458e-01  8.738181e-01  1.000000e+00
   endloop
 endfacet
 facet normal  6.301313e-01 -7.764886e-01  0.000000e+00
   outer loop
     vertex  1.679458e-01  8.738181e-01  8.750000e-01
     vertex  2.025490e-01  9.018991e-01  8.750000e-01
     vertex  2.025490e-01  9.018991e-01  1.000000e+00
   endloop
 endfacet
 facet normal  6.967023e-01 -7.173604e-01  0.000000e+00
   outer loop
     vertex  1.360413e-01  8.428324e-01  8.750000e-01
     vertex  1.679458e-01  8.738181e-01  1.000000e+00
     vertex  1.360413e-01  8.428324e-01  1.000000e+00
   endloop
 endfacet
 facet normal  6.967023e-01 -7.173604e-01  0.000000e+00
   outer loop
     vertex  1.360413e-01  8.428324e-01  8.750000e-01
     vertex  1.679458e-01  8.738181e-01  8.750000e-01
     vertex  1.679458e-01  8.738181e-01  1.000000e+00
   endloop
 endfacet
 facet normal  7.576337e-01 -6.526799e-01  0.000000e+00
   outer loop
     vertex  1.070716e-01  8.092043e-01  8.750000e-01
     vertex  1.360413e-01  8.428324e-01  1.000000e+00
     vertex  1.070716e-01  8.092043e-01  1.000000e+00
   endloop
 endfacet
 facet normal  7.576337e-01 -6.526799e-01  0.000000e+00
   outer loop
     vertex  1.070716e-01  8.092043e-01  8.750000e-01
     vertex  1.360413e-01  8.428324e-01  8.750000e-01
     vertex  1.360413e-01  8.428324e-01  1.000000e+00
   endloop
 endfacet
 facet normal  8.124784e-01 -5.829913e-01  0.000000e+00
   outer loop
     vertex  8.124746e-02  7.732148e-01  8.750000e-01
     vertex  1.070716e-01  8.092043e-01  1.000000e+00
     vertex  8.124746e-02  7.732148e-01  1.000000e+00
   endloop
 endfacet
 facet normal  8.124784e-01 -5.829913e-01  0.000000e+00
   outer loop
     vertex  8.124746e-02  7.732148e-01  8.750000e-01
     vertex  1.070716e-01  8.092043e-01  8.750000e-01
     vertex  1.070716e-01  8.092043e-01  1.000000e+00
   endloop
 endfacet
 facet normal  8.608415e-01 -5.088732e-01  0.000000e+00
   outer loop
     vertex  5.875258e-02  7.351610e-01  8.750000e-01
     vertex  8.124746e-02  7.732148e-01  1.000000e+00
     vertex  5.875258e-02  7.351610e-01  1.000000e+00
   endloop
 endfacet
 facet normal  8.608415e-01 -5.088732e-01  0.000000e+00
   outer loop
     vertex  5.875258e-02  7.351610e-01  8.750000e-01
     vertex  8.124746e-02  7.732148e-01  8.750000e-01
     vertex  8.124746e-02  7.732148e-01  1.000000e+00
   endloop
 endfacet
 facet normal  9.023832e-01 -4.309346e-01  0.000000e+00
   outer loop
     vertex  3.974269e-02  6.953541e-01  8.750000e-01
     vertex  5.875258e-02  7.351610e-01  1.000000e+00
     vertex  3.974269e-02  6.953541e-01  1.000000e+00
   endloop
 endfacet
 facet normal  9.023832e-01 -4.309346e-01  0.000000e+00
   outer loop
     vertex  3.974269e-02  6.953541e-01  8.750000e-01
     vertex  5.875258e-02  7.351610e-01  8.750000e-01
     vertex  5.875258e-02  7.351610e-01  1.000000e+00
   endloop
 endfacet
 facet normal  9.368210e-01 -3.498090e-01  0.000000e+00
   outer loop
     vertex  2.434435e-02  6.541159e-01  8.750000e-01
     vertex  3.974269e-02  6.953541e-01  1.000000e+00
     vertex  2.434435e-02  6.541159e-01  1.000000e+00
   endloop
 endfacet
 facet normal  9.368210e-01 -3.498090e-01  0.000000e+00
   outer loop
     vertex  2.434435e-02  6.541159e-01  8.750000e-01
     vertex  3.974269e-02  6.953541e-01  8.750000e-01
     vertex  3.974269e-02  6.953541e-01  1.000000e+00
   endloop
 endfacet
 facet normal  9.639317e-01 -2.661496e-01  0.000000e+00
   outer loop
     vertex  1.265420e-02  6.117769e-01  8.750000e-01
     vertex  2.434435e-02  6.541159e-01  1.000000e+00
     vertex  1.265420e-02  6.117769e-01  1.000000e+00
   endloop
 endfacet
 facet normal  9.639317e-01 -2.661496e-01  0.000000e+00
   outer loop
     vertex  1.265420e-02  6.117769e-01  8.750000e-01
     vertex  2.434435e-02  6.541159e-01  8.750000e-01
     vertex  2.434435e-02  6.541159e-01  1.000000e+00
   endloop
 endfacet
 facet normal  9.835523e-01 -1.806235e-01  0.000000e+00
   outer loop
     vertex  4.738453e-03  5.686731e-01  8.750000e-01
     vertex  1.265420e-02  6.117769e-01  1.000000e+00
     vertex  4.738453e-03  5.686731e-01  1.000000e+00
   endloop
 endfacet
 facet normal  9.835523e-01 -1.806235e-01  0.000000e+00
   outer loop
     vertex  4.738453e-03  5.686731e-01  8.750000e-01
     vertex  1.265420e-02  6.117769e-01  8.750000e-01
     vertex  1.265420e-02  6.117769e-01  1.000000e+00
   endloop
 endfacet
 facet normal  9.955810e-01 -9.390660e-02  0.000000e+00
   outer loop
     vertex  6.326053e-04  5.251437e-01  8.750000e-01
     vertex  4.738453e-03  5.686731e-01  1.000000e+00
     vertex  6.326053e-04  5.251437e-01  1.000000e+00
   endloop
 endfacet
 facet normal  9.955810e-01 -9.390660e-02  0.000000e+00
   outer loop
     vertex  6.326053e-04  5.251437e-01  8.750000e-01
     vertex  4.738453e-03  5.686731e-01  8.750000e-01
     vertex  4.738453e-03  5.686731e-01  1.000000e+00
   endloop
 endfacet
 facet normal  9.999803e-01 -6.274808e-03  0.000000e+00
   outer loop
     vertex  3.563916e-04  4.811251e-01  8.750000e-01
     vertex  6.326053e-04  5.251437e-01  8.750000e-01
     vertex  6.326053e-04  5.251437e-01  1.000000e+00
   endloop
 endfacet
 facet normal  9.999803e-01 -6.274808e-03  0.000000e+00
   outer loop
     vertex  3.563916e-04  4.811251e-01  8.750000e-01
     vertex  6.326053e-04  5.251437e-01  1.000000e+00
     vertex  3.563916e-04  4.811251e-01  1.000000e+00
   endloop
 endfacet
 facet normal  9.968890e-01  7.881832e-02 -0.000000e+00
   outer loop
     vertex  3.563916e-04  4.811251e-01  8.750000e-01
     vertex  3.563916e-04  4.811251e-01  1.000000e+00
     vertex  3.598166e-03  4.401233e-01  1.000000e+00
   endloop
 endfacet
 facet normal  9.968890e-01  7.881832e-02 -0.000000e+00
   outer loop
     vertex  3.598166e-03  4.401233e-01  8.750000e-01
     vertex  3.563916e-04  4.811251e-01  8.750000e-01
     vertex  3.598166e-03  4.401233e-01  1.000000e+00
   endloop
 endfacet
 facet normal  9.870524e-01  1.603982e-01 -0.000000e+00
   outer loop
     vertex  3.598166e-03  4.401233e-01  8.750000e-01
     vertex  3.598166e-03  4.401233e-01  1.000000e+00
     vertex  1.018109e-02  3.996136e-01  1.000000e+00
   endloop
 endfacet
 facet normal  9.870524e-01  1.603982e-01 -0.000000e+00
   outer loop
     vertex  1.018109e-02  3.996136e-01  8.750000e-01
     vertex  3.598166e-03  4.401233e-01  8.750000e-01
     vertex  1.018109e-02  3.996136e-01  1.000000e+00
   endloop
 endfacet
 facet normal  9.705929e-01  2.407270e-01  0.000000e+00
   outer loop
     vertex  2.004045e-02  3.598614e-01  8.750000e-01
     vertex  1.018109e-02  3.996136e-01  8.750000e-01
     vertex  1.018109e-02  3.996136e-01  1.000000e+00
   endloop
 endfacet
 facet normal  9.705929e-01  2.407270e-01 -0.000000e+00
   outer loop
     vertex  2.004045e-02  3.598614e-01  8.750000e-01
     vertex  1.018109e-02  3.996136e-01  1.000000e+00
     vertex  2.004045e-02  3.598614e-01  1.000000e+00
   endloop
 endfacet
 facet normal  9.476603e-01  3.192803e-01  0.000000e+00
   outer loop
     vertex  3.309125e-02  3.211251e-01  8.750000e-01
     vertex  2.004045e-02  3.598614e-01  8.750000e-01
     vertex  2.004045e-02  3.598614e-01  1.000000e+00
   endloop
 endfacet
 facet normal  9.476603e-01  3.192803e-01 -0.000000e+00
   outer loop
     vertex  3.309125e-02  3.211251e-01  8.750000e-01
     vertex  2.004045e-02  3.598614e-01  1.000000e+00
     vertex  3.309125e-02  3.211251e-01  1.000000e+00
   endloop
 endfacet
 facet normal  9.184446e-01  3.955496e-01  0.000000e+00
   outer loop
     vertex  4.922881e-02  2.836546e-01  8.750000e-01
     vertex  3.309125e-02  3.211251e-01  8.750000e-01
     vertex  3.309125e-02  3.211251e-01  1.000000e+00
   endloop
 endfacet
 facet normal  9.184446e-01  3.955496e-01 -0.000000e+00
   outer loop
     vertex  4.922881e-02  2.836546e-01  8.750000e-01
     vertex  3.309125e-02  3.211251e-01  1.000000e+00
     vertex  4.922881e-02  2.836546e-01  1.000000e+00
   endloop
 endfacet
 facet normal  8.831743e-01  4.690450e-01  0.000000e+00
   outer loop
     vertex  6.832954e-02  2.476894e-01  8.750000e-01
     vertex  4.922881e-02  2.836546e-01  8.750000e-01
     vertex  4.922881e-02  2.836546e-01  1.000000e+00
   endloop
 endfacet
 facet normal  8.831743e-01  4.690450e-01 -0.000000e+00
   outer loop
     vertex  6.832954e-02  2.476894e-01  8.750000e-01
     vertex  4.922881e-02  2.836546e-01  1.000000e+00
     vertex  6.832954e-02  2.476894e-01  1.000000e+00
   endloop
 endfacet
 facet normal  8.421146e-01  5.392985e-01  0.000000e+00
   outer loop
     vertex  9.025185e-02  2.134578e-01  8.750000e-01
     vertex  6.832954e-02  2.476894e-01  8.750000e-01
     vertex  6.832954e-02  2.476894e-01  1.000000e+00
   endloop
 endfacet
 facet normal  8.421146e-01  5.392985e-01 -0.000000e+00
   outer loop
     vertex  9.025185e-02  2.134578e-01  8.750000e-01
     vertex  6.832954e-02  2.476894e-01  1.000000e+00
     vertex  9.025185e-02  2.134578e-01  1.000000e+00
   endloop
 endfacet
 facet normal  7.955663e-01  6.058665e-01  0.000000e+00
   outer loop
     vertex  1.148371e-01  1.811747e-01  8.750000e-01
     vertex  9.025185e-02  2.134578e-01  8.750000e-01
     vertex  9.025185e-02  2.134578e-01  1.000000e+00
   endloop
 endfacet
 facet normal  7.955663e-01  6.058665e-01 -0.000000e+00
   outer loop
     vertex  1.148371e-01  1.811747e-01  8.750000e-01
     vertex  9.025185e-02  2.134578e-01  1.000000e+00
     vertex  1.148371e-01  1.811747e-01  1.000000e+00
   endloop
 endfacet
 facet normal  7.438627e-01  6.683325e-01  0.000000e+00
   outer loop
     vertex  1.419108e-01  1.510414e-01  8.750000e-01
     vertex  1.148371e-01  1.811747e-01  8.750000e-01
     vertex  1.148371e-01  1.811747e-01  1.000000e+00
   endloop
 endfacet
 facet normal  7.438627e-01  6.683325e-01 -0.000000e+00
   outer loop
     vertex  1.419108e-01  1.510414e-01  8.750000e-01
     vertex  1.148371e-01  1.811747e-01  1.000000e+00
     vertex  1.419108e-01  1.510414e-01  1.000000e+00
   endloop
 endfacet
 facet normal  6.873678e-01  7.263095e-01  0.000000e+00
   outer loop
     vertex  1.712837e-01  1.232433e-01  8.750000e-01
     vertex  1.419108e-01  1.510414e-01  8.750000e-01
     vertex  1.419108e-01  1.510414e-01  1.000000e+00
   endloop
 endfacet
 facet normal  6.873678e-01  7.263095e-01 -0.000000e+00
   outer loop
     vertex  1.712837e-01  1.232433e-01  8.750000e-01
     vertex  1.419108e-01  1.510414e-01  1.000000e+00
     vertex  1.712837e-01  1.232433e-01  1.000000e+00
   endloop
 endfacet
 facet normal  6.264739e-01  7.794424e-01  0.000000e+00
   outer loop
     vertex  2.027532e-01  9.794984e-02  8.750000e-01
     vertex  1.712837e-01  1.232433e-01  8.750000e-01
     vertex  1.712837e-01  1.232433e-01  1.000000e+00
   endloop
 endfacet
 facet normal  6.264739e-01  7.794424e-01 -0.000000e+00
   outer loop
     vertex  2.027532e-01  9.794984e-02  8.750000e-01
     vertex  1.712837e-01  1.232433e-01  1.000000e+00
     vertex  2.027532e-01  9.794984e-02  1.000000e+00
   endloop
 endfacet
 facet normal  5.615986e-01  8.274098e-01  0.000000e+00
   outer loop
     vertex  2.361047e-01  7.531276e-02  8.750000e-01
     vertex  2.027532e-01  9.794984e-02  8.750000e-01
     vertex  2.027532e-01  9.794984e-02  1.000000e+00
   endloop
 endfacet
 facet normal  5.615986e-01  8.274098e-01 -0.000000e+00
   outer loop
     vertex  2.361047e-01  7.531276e-02  8.750000e-01
     vertex  2.027532e-01  9.794984e-02  1.000000e+00
     vertex  2.361047e-01  7.531276e-02  1.000000e+00
   endloop
 endfacet
 facet normal  4.892882e-01  8.721222e-01 -0.000000e+00
   outer loop
     vertex  2.361047e-01  7.531276e-02  8.750000e-01
     vertex  2.361047e-01  7.531276e-02  1.000000e+00
     vertex  2.750964e-01  5.343715e-02  1.000000e+00
   endloop
 endfacet
 facet normal  4.892882e-01  8.721222e-01 -0.000000e+00
   outer loop
     vertex  2.750964e-01  5.343715e-02  8.750000e-01
     vertex  2.361047e-01  7.531276e-02  8.750000e-01
     vertex  2.750964e-01  5.343715e-02  1.000000e+00
   endloop
 endfacet
 facet normal  4.095080e-01  9.123065e-01 -0.000000e+00
   outer loop
     vertex  3.158034e-01  3.516495e-02  8.750000e-01
     vertex  2.750964e-01  5.343715e-02  1.000000e+00
     vertex  3.158034e-01  3.516495e-02  1.000000e+00
   endloop
 endfacet
 facet normal  4.095080e-01  9.123065e-01  0.000000e+00
   outer loop
     vertex  3.158034e-01  3.516495e-02  8.750000e-01
     vertex  2.750964e-01  5.343715e-02  8.750000e-01
     vertex  2.750964e-01  5.343715e-02  1.000000e+00
   endloop
 endfacet
 facet normal  3.266285e-01  9.451528e-01 -0.000000e+00
   outer loop
     vertex  3.578921e-01  2.061985e-02  8.750000e-01
     vertex  3.158034e-01  3.516495e-02  1.000000e+00
     vertex  3.578921e-01  2.061985e-02  1.000000e+00
   endloop
 endfacet
 facet normal  3.266285e-01  9.451528e-01  0.000000e+00
   outer loop
     vertex  3.578921e-01  2.061985e-02  8.750000e-01
     vertex  3.158034e-01  3.516495e-02  8.750000e-01
     vertex  3.158034e-01  3.516495e-02  1.000000e+00
   endloop
 endfacet
 facet normal  2.413257e-01  9.704442e-01 -0.000000e+00
   outer loop
     vertex  4.010207e-01  9.894814e-03  8.750000e-01
     vertex  3.578921e-01  2.061985e-02  1.000000e+00
     vertex  4.010207e-01  9.894814e-03  1.000000e+00
   endloop
 endfacet
 facet normal  1.542887e-01  9.880258e-01 -0.000000e+00
   outer loop
     vertex  4.010207e-01  9.894814e-03  8.750000e-01
     vertex  4.010207e-01  9.894814e-03  1.000000e+00
     vertex  4.448424e-01  3.051670e-03  1.000000e+00
   endloop
 endfacet
 facet normal  2.413257e-01  9.704442e-01  0.000000e+00
   outer loop
     vertex  4.010207e-01  9.894814e-03  8.750000e-01
     vertex  3.578921e-01  2.061985e-02  8.750000e-01
     vertex  3.578921e-01  2.061985e-02  1.000000e+00
   endloop
 endfacet
 facet normal  1.542887e-01  9.880258e-01 -0.000000e+00
   outer loop
     vertex  4.448424e-01  3.051670e-03  8.750000e-01
     vertex  4.010207e-01  9.894814e-03  8.750000e-01
     vertex  4.448424e-01  3.051670e-03  1.000000e+00
   endloop
 endfacet
 facet normal  6.621436e-02  9.978054e-01 -0.000000e+00
   outer loop
     vertex  4.890081e-01  1.208376e-04  8.750000e-01
     vertex  4.448424e-01  3.051670e-03  1.000000e+00
     vertex  4.890081e-01  1.208376e-04  1.000000e+00
   endloop
 endfacet
 facet normal -2.219858e-02  9.997536e-01  0.000000e+00
   outer loop
     vertex  4.890081e-01  1.208376e-04  8.750000e-01
     vertex  4.890081e-01  1.208376e-04  1.000000e+00
     vertex  5.331688e-01  1.101384e-03  1.000000e+00
   endloop
 endfacet
 facet normal  6.621436e-02  9.978054e-01  0.000000e+00
   outer loop
     vertex  4.890081e-01  1.208376e-04  8.750000e-01
     vertex  4.448424e-01  3.051670e-03  8.750000e-01
     vertex  4.448424e-01  3.051670e-03  1.000000e+00
   endloop
 endfacet
 facet normal -1.102550e-01  9.939033e-01  0.000000e+00
   outer loop
     vertex  5.331688e-01  1.101384e-03  8.750000e-01
     vertex  5.331688e-01  1.101384e-03  1.000000e+00
     vertex  5.769790e-01  5.961303e-03  1.000000e+00
   endloop
 endfacet
 facet normal -2.219858e-02  9.997536e-01  0.000000e+00
   outer loop
     vertex  5.331688e-01  1.101384e-03  8.750000e-01
     vertex  4.890081e-01  1.208376e-04  8.750000e-01
     vertex  5.331688e-01  1.101384e-03  1.000000e+00
   endloop
 endfacet
 facet normal -1.972689e-01  9.803494e-01  0.000000e+00
   outer loop
     vertex  5.769790e-01  5.961303e-03  8.750000e-01
     vertex  5.769790e-01  5.961303e-03  1.000000e+00
     vertex  6.200990e-01  1.463803e-02  1.000000e+00
   endloop
 endfacet
 facet normal -1.102550e-01  9.939033e-01  0.000000e+00
   outer loop
     vertex  5.769790e-01  5.961303e-03  8.750000e-01
     vertex  5.331688e-01  1.101384e-03  8.750000e-01
     vertex  5.769790e-01  5.961303e-03  1.000000e+00
   endloop
 endfacet
 facet normal -1.972689e-01  9.803494e-01  0.000000e+00
   outer loop
     vertex  6.200990e-01  1.463803e-02  8.750000e-01
     vertex  5.769790e-01  5.961303e-03  8.750000e-01
     vertex  6.200990e-01  1.463803e-02  1.000000e+00
   endloop
 endfacet
 facet normal -2.825690e-01  9.592470e-01  0.000000e+00
   outer loop
     vertex  6.621977e-01  2.703923e-02  8.750000e-01
     vertex  6.200990e-01  1.463803e-02  1.000000e+00
     vertex  6.621977e-01  2.703923e-02  1.000000e+00
   endloop
 endfacet
 facet normal -2.825690e-01  9.592470e-01  0.000000e+00
   outer loop
     vertex  6.621977e-01  2.703923e-02  8.750000e-01
     vertex  6.200990e-01  1.463803e-02  8.750000e-01
     vertex  6.200990e-01  1.463803e-02  1.000000e+00
   endloop
 endfacet
 facet normal -3.655039e-01  9.308098e-01  0.000000e+00
   outer loop
     vertex  7.029556e-01  4.304373e-02  8.750000e-01
     vertex  6.621977e-01  2.703923e-02  1.000000e+00
     vertex  7.029556e-01  4.304373e-02  1.000000e+00
   endloop
 endfacet
 facet normal -3.655039e-01  9.308098e-01  0.000000e+00
   outer loop
     vertex  7.029556e-01  4.304373e-02  8.750000e-01
     vertex  6.621977e-01  2.703923e-02  8.750000e-01
     vertex  6.621977e-01  2.703923e-02  1.000000e+00
   endloop
 endfacet
 facet normal -4.454474e-01  8.953081e-01  0.000000e+00
   outer loop
     vertex  7.420665e-01  6.250281e-02  8.750000e-01
     vertex  7.029556e-01  4.304373e-02  1.000000e+00
     vertex  7.420665e-01  6.250281e-02  1.000000e+00
   endloop
 endfacet
 facet normal -5.191003e-01  8.547133e-01  0.000000e+00
   outer loop
     vertex  7.420665e-01  6.250281e-02  8.750000e-01
     vertex  7.420665e-01  6.250281e-02  1.000000e+00
     vertex  7.766097e-01  8.348218e-02  1.000000e+00
   endloop
 endfacet
 facet normal -4.454474e-01  8.953081e-01  0.000000e+00
   outer loop
     vertex  7.420665e-01  6.250281e-02  8.750000e-01
     vertex  7.029556e-01  4.304373e-02  8.750000e-01
     vertex  7.029556e-01  4.304373e-02  1.000000e+00
   endloop
 endfacet
 facet normal -5.191003e-01  8.547133e-01  0.000000e+00
   outer loop
     vertex  7.766097e-01  8.348218e-02  8.750000e-01
     vertex  7.420665e-01  6.250281e-02  8.750000e-01
     vertex  7.766097e-01  8.348218e-02  1.000000e+00
   endloop
 endfacet
 facet normal -5.869917e-01  8.095930e-01  0.000000e+00
   outer loop
     vertex  8.098859e-01  1.076090e-01  8.750000e-01
     vertex  7.766097e-01  8.348218e-02  8.750000e-01
     vertex  7.766097e-01  8.348218e-02  1.000000e+00
   endloop
 endfacet
 facet normal -5.869917e-01  8.095930e-01  0.000000e+00
   outer loop
     vertex  8.098859e-01  1.076090e-01  8.750000e-01
     vertex  7.766097e-01  8.348218e-02  1.000000e+00
     vertex  8.098859e-01  1.076090e-01  1.000000e+00
   endloop
 endfacet
 facet normal -6.514383e-01  7.587016e-01  0.000000e+00
   outer loop
     vertex  8.410042e-01  1.343279e-01  8.750000e-01
     vertex  8.098859e-01  1.076090e-01  8.750000e-01
     vertex  8.098859e-01  1.076090e-01  1.000000e+00
   endloop
 endfacet
 facet normal -6.514383e-01  7.587016e-01  0.000000e+00
   outer loop
     vertex  8.410042e-01  1.343279e-01  8.750000e-01
     vertex  8.098859e-01  1.076090e-01  1.000000e+00
     vertex  8.410042e-01  1.343279e-01  1.000000e+00
   endloop
 endfacet
 facet normal -7.113721e-01  7.028155e-01  0.000000e+00
   outer loop
     vertex  8.410042e-01  1.343279e-01  8.750000e-01
     vertex  8.410042e-01  1.343279e-01  1.000000e+00
     vertex  8.697717e-01  1.634456e-01  1.000000e+00
   endloop
 endfacet
 facet normal -7.113721e-01  7.028155e-01  0.000000e+00
   outer loop
     vertex  8.697717e-01  1.634456e-01  8.750000e-01
     vertex  8.410042e-01  1.343279e-01  8.750000e-01
     vertex  8.697717e-01  1.634456e-01  1.000000e+00
   endloop
 endfacet
 facet normal -7.664239e-01  6.423351e-01  0.000000e+00
   outer loop
     vertex  8.960123e-01  1.947555e-01  8.750000e-01
     vertex  8.697717e-01  1.634456e-01  8.750000e-01
     vertex  8.697717e-01  1.634456e-01  1.000000e+00
   endloop
 endfacet
 facet normal -7.664239e-01  6.423351e-01  0.000000e+00
   outer loop
     vertex  8.960123e-01  1.947555e-01  8.750000e-01
     vertex  8.697717e-01  1.634456e-01  1.000000e+00
     vertex  8.960123e-01  1.947555e-01  1.000000e+00
   endloop
 endfacet
 facet normal -8.162586e-01  5.776867e-01  0.000000e+00
   outer loop
     vertex  8.960123e-01  1.947555e-01  8.750000e-01
     vertex  8.960123e-01  1.947555e-01  1.000000e+00
     vertex  9.195674e-01  2.280383e-01  1.000000e+00
   endloop
 endfacet
 facet normal -8.162586e-01  5.776867e-01  0.000000e+00
   outer loop
     vertex  9.195674e-01  2.280383e-01  8.750000e-01
     vertex  8.960123e-01  1.947555e-01  8.750000e-01
     vertex  9.195674e-01  2.280383e-01  1.000000e+00
   endloop
 endfacet
 facet normal -8.605774e-01  5.093197e-01  0.000000e+00
   outer loop
     vertex  9.402969e-01  2.630641e-01  8.750000e-01
     vertex  9.195674e-01  2.280383e-01  8.750000e-01
     vertex  9.195674e-01  2.280383e-01  1.000000e+00
   endloop
 endfacet
 facet normal -8.605774e-01  5.093197e-01  0.000000e+00
   outer loop
     vertex  9.402969e-01  2.630641e-01  8.750000e-01
     vertex  9.195674e-01  2.280383e-01  1.000000e+00
     vertex  9.402969e-01  2.630641e-01  1.000000e+00
   endloop
 endfacet
 facet normal -8.991192e-01  4.377038e-01  0.000000e+00
   outer loop
     vertex  9.580800e-01  2.995935e-01  8.750000e-01
     vertex  9.402969e-01  2.630641e-01  8.750000e-01
     vertex  9.402969e-01  2.630641e-01  1.000000e+00
   endloop
 endfacet
 facet normal -8.991192e-01  4.377038e-01  0.000000e+00
   outer loop
     vertex  9.580800e-01  2.995935e-01  8.750000e-01
     vertex  9.402969e-01  2.630641e-01  1.000000e+00
     vertex  9.580800e-01  2.995935e-01  1.000000e+00
   endloop
 endfacet
 facet normal -9.316621e-01  3.633259e-01  0.000000e+00
   outer loop
     vertex  9.728156e-01  3.373795e-01  8.750000e-01
     vertex  9.580800e-01  2.995935e-01  8.750000e-01
     vertex  9.580800e-01  2.995935e-01  1.000000e+00
   endloop
 endfacet
 facet normal -9.316621e-01  3.633259e-01  0.000000e+00
   outer loop
     vertex  9.728156e-01  3.373795e-01  8.750000e-01
     vertex  9.580800e-01  2.995935e-01  1.000000e+00
     vertex  9.728156e-01  3.373795e-01  1.000000e+00
   endloop
 endfacet
 facet normal -9.580243e-01  2.866870e-01  0.000000e+00
   outer loop
     vertex  9.844231e-01  3.761686e-01  8.750000e-01
     vertex  9.728156e-01  3.373795e-01  8.750000e-01
     vertex  9.728156e-01  3.373795e-01  1.000000e+00
   endloop
 endfacet
 facet normal -9.580243e-01  2.866870e-01  0.000000e+00
   outer loop
     vertex  9.844231e-01  3.761686e-01  8.750000e-01
     vertex  9.728156e-01  3.373795e-01  1.000000e+00
     vertex  9.844231e-01  3.761686e-01  1.000000e+00
   endloop
 endfacet
 facet normal -9.780653e-01  2.082987e-01  0.000000e+00
   outer loop
     vertex  9.928428e-01  4.157029e-01  8.750000e-01
     vertex  9.844231e-01  3.761686e-01  8.750000e-01
     vertex  9.844231e-01  3.761686e-01  1.000000e+00
   endloop
 endfacet
 facet normal -9.780653e-01  2.082987e-01  0.000000e+00
   outer loop
     vertex  9.928428e-01  4.157029e-01  8.750000e-01
     vertex  9.844231e-01  3.761686e-01  1.000000e+00
     vertex  9.928428e-01  4.157029e-01  1.000000e+00
   endloop
 endfacet
 facet normal -9.919300e-01  1.267863e-01  0.000000e+00
   outer loop
     vertex  9.982010e-01  4.576240e-01  8.750000e-01
     vertex  9.928428e-01  4.157029e-01  8.750000e-01
     vertex  9.928428e-01  4.157029e-01  1.000000e+00
   endloop
 endfacet
 facet normal -9.919300e-01  1.267863e-01  0.000000e+00
   outer loop
     vertex  9.982010e-01  4.576240e-01  8.750000e-01
     vertex  9.928428e-01  4.157029e-01  1.000000e+00
     vertex  9.982010e-01  4.576240e-01  1.000000e+00
   endloop
 endfacet
 facet normal -9.991001e-01  4.241417e-02  0.000000e+00
   outer loop
     vertex  1.000000e+00  5.000000e-01  8.750000e-01
     vertex  9.982010e-01  4.576240e-01  8.750000e-01
     vertex  9.982010e-01  4.576240e-01  1.000000e+00
   endloop
 endfacet
 facet normal -9.991001e-01  4.241417e-02  0.000000e+00
   outer loop
     vertex  1.000000e+00  5.000000e-01  8.750000e-01
     vertex  9.982010e-01  4.576240e-01  1.000000e+00
     vertex  1.000000e+00  5.000000e-01  1.000000e+00
   endloop
 endfacet
 facet normal  0.000000e+00  0.000000e+00  1.000000e+00
   outer loop
     vertex  5.803485e-01  5.957556e-01  8.750000e-01
     vertex  6.250000e-01  5.000000e-01  8.750000e-01
     vertex  6.231010e-01  5.217060e-01  8.750000e-01
   endloop
 endfacet
 facet normal  0.000000e+00  0.000000e+00  1.000000e+00
   outer loop
     vertex  5.803485e-01  5.957556e-01  8.750000e-01
     vertex  6.231010e-01  5.217060e-01  8.750000e-01
     vertex  6.174616e-01  5.427525e-01  8.750000e-01
   endloop
 endfacet
 facet normal  0.000000e+00  0.000000e+00  1.000000e+00
   outer loop
     vertex  5.803485e-01  5.957556e-01  8.750000e-01
     vertex  6.174616e-01  5.427525e-01  8.750000e-01
     vertex  6.082532e-01  5.625000e-01  8.750000e-01
   endloop
 endfacet
 facet normal  0.000000e+00  0.000000e+00  1.000000e+00
   outer loop
     vertex  5.803485e-01  5.957556e-01  8.750000e-01
     vertex  6.082532e-01  5.625000e-01  8.750000e-01
     vertex  5.957556e-01  5.803484e-01  8.750000e-01
   endloop
 endfacet
 facet normal  0.000000e+00  0.000000e+00  1.000000e+00
   outer loop
     vertex  5.803485e-01  5.957556e-01  8.750000e-01
     vertex  5.625000e-01  6.082532e-01  8.750000e-01
     vertex  5.427525e-01  6.174616e-01  8.750000e-01
   endloop
 endfacet
 facet normal  0.000000e+00  0.000000e+00  1.000000e+00
   outer loop
     vertex  5.803485e-01  5.957556e-01  8.750000e-01
     vertex  5.427525e-01  6.174616e-01  8.750000e-01
     vertex  5.217060e-01  6.231010e-01  8.750000e-01
   endloop
 endfacet
 facet normal  0.000000e+00  0.000000e+00  1.000000e+00
   outer loop
     vertex  5.803485e-01  5.957556e-01  8.750000e-01
     vertex  5.217060e-01  6.231010e-01  8.750000e-01
     vertex  5.000000e-01  6.250000e-01  8.750000e-01
   endloop
 endfacet
 facet normal  0.000000e+00  0.000000e+00  1.000000e+00
   outer loop
     vertex  5.803485e-01  5.957556e-01  8.750000e-01
     vertex  5.000000e-01  6.250000e-01  8.750000e-01
     vertex  4.782940e-01  6.231010e-01  8.750000e-01
   endloop
 endfacet
 facet normal  0.000000e+00  0.000000e+00  1.000000e+00
   outer loop
     vertex  5.803485e-01  5.957556e-01  8.750000e-01
     vertex  4.782940e-01  6.231010e-01  8.750000e-01
     vertex  4.572475e-01  6.174616e-01  8.750000e-01
   endloop
 endfacet
 facet normal  0.000000e+00  0.000000e+00  1.000000e+00
   outer loop
     vertex  5.803485e-01  5.957556e-01  8.750000e-01
     vertex  4.572475e-01  6.174616e-01  8.750000e-01
     vertex  4.375000e-01  6.082532e-01  8.750000e-01
   endloop
 endfacet
 facet normal  0.000000e+00  0.000000e+00  1.000000e+00
   outer loop
     vertex  5.803485e-01  5.957556e-01  8.750000e-01
     vertex  4.375000e-01  6.082532e-01  8.750000e-01
     vertex  4.196516e-01  5.957556e-01  8.750000e-01
   endloop
 endfacet
 facet normal  0.000000e+00  0.000000e+00  1.000000e+00
   outer loop
     vertex  5.803485e-01  5.957556e-01  8.750000e-01
     vertex  4.196516e-01  5.957556e-01  8.750000e-01
     vertex  4.042445e-01  5.803485e-01  8.750000e-01
   endloop
 endfacet
 facet normal  0.000000e+00  0.000000e+00  1.000000e+00
   outer loop
     vertex  5.803485e-01  5.957556e-01  8.750000e-01
     vertex  4.042445e-01  5.803485e-01  8.750000e-01
     vertex  3.917468e-01  5.625000e-01  8.750000e-01
   endloop
 endfacet
 facet normal  0.000000e+00  0.000000e+00  1.000000e+00
   outer loop
     vertex  5.803485e-01  5.957556e-01  8.750000e-01
     vertex  3.917468e-01  5.625000e-01  8.750000e-01
     vertex  3.825384e-01  5.427525e-01  8.750000e-01
   endloop
 endfacet
 facet normal  0.000000e+00  0.000000e+00  1.000000e+00
   outer loop
     vertex  5.803485e-01  5.957556e-01  8.750000e-01
     vertex  3.825384e-01  5.427525e-01  8.750000e-01
     vertex  3.768990e-01  5.217060e-01  8.750000e-01
   endloop
 endfacet
 facet normal  0.000000e+00  0.000000e+00  1.000000e+00
   outer loop
     vertex  5.803485e-01  5.957556e-01  8.750000e-01
     vertex  3.768990e-01  5.217060e-01  8.750000e-01
     vertex  3.750000e-01  5.000000e-01  8.750000e-01
   endloop
 endfacet
 facet normal  0.000000e+00  0.000000e+00  1.000000e+00
   outer loop
     vertex  5.803485e-01  5.957556e-01  8.750000e-01
     vertex  3.750000e-01  5.000000e-01  8.750000e-01
     vertex  3.768990e-01  4.782940e-01  8.750000e-01
   endloop
 endfacet
 facet normal  0.000000e+00  0.000000e+00  1.000000e+00
   outer loop
     vertex  5.803485e-01  5.957556e-01  8.750000e-01
     vertex  3.768990e-01  4.782940e-01  8.750000e-01
     vertex  3.825384e-01  4.572475e-01  8.750000e-01
   endloop
 endfacet
 facet normal  0.000000e+00  0.000000e+00  1.000000e+00
   outer loop
     vertex  5.803485e-01  5.957556e-01  8.750000e-01
     vertex  3.825384e-01  4.572475e-01  8.750000e-01
     vertex  3.917468e-01  4.375000e-01  8.750000e-01
   endloop
 endfacet
 facet normal  0.000000e+00  0.000000e+00  1.000000e+00
   outer loop
     vertex  5.803485e-01  5.957556e-01  8.750000e-01
     vertex  3.917468e-01  4.375000e-01  8.750000e-01
     vertex  4.042444e-01  4.196516e-01  8.750000e-01
   endloop
 endfacet
 facet normal  0.000000e+00  0.000000e+00  1.000000e+00
   outer loop
     vertex  5.803485e-01  5.957556e-01  8.750000e-01
     vertex  4.042444e-01  4.196516e-01  8.750000e-01
     vertex  4.196515e-01  4.042445e-01  8.750000e-01
   endloop
 endfacet
 facet normal  0.000000e+00  0.000000e+00  1.000000e+00
   outer loop
     vertex  5.803485e-01  5.957556e-01  8.750000e-01
     vertex  4.196515e-01  4.042445e-01  8.750000e-01
     vertex  4.375000e-01  3.917468e-01  8.750000e-01
   endloop
 endfacet
 facet normal  0.000000e+00  0.000000e+00  1.000000e+00
   outer loop
     vertex  5.803485e-01  5.957556e-01  8.750000e-01
     vertex  4.375000e-01  3.917468e-01  8.750000e-01
     vertex  4.572475e-01  3.825384e-01  8.750000e-01
   endloop
 endfacet
 facet normal  0.000000e+00  0.000000e+00  1.000000e+00
   outer loop
     vertex  5.803485e-01  5.957556e-01  8.750000e-01
     vertex  4.572475e-01  3.825384e-01  8.750000e-01
     vertex  4.782940e-01  3.768990e-01  8.750000e-01
   endloop
 endfacet
 facet normal  0.000000e+00  0.000000e+00  1.000000e+00
   outer loop
     vertex  5.803485e-01  5.957556e-01  8.750000e-01
     vertex  4.782940e-01  3.768990e-01  8.750000e-01
     vertex  5.000000e-01  3.750000e-01  8.750000e-01
   endloop
 endfacet
 facet normal  0.000000e+00  0.000000e+00  1.000000e+00
   outer loop
     vertex  5.803485e-01  5.957556e-01  8.750000e-01
     vertex  5.000000e-01  3.750000e-01  8.750000e-01
     vertex  5.217060e-01  3.768990e-01  8.750000e-01
   endloop
 endfacet
 facet normal  0.000000e+00  0.000000e+00  1.000000e+00
   outer loop
     vertex  5.803485e-01  5.957556e-01  8.750000e-01
     vertex  5.217060e-01  3.768990e-01  8.750000e-01
     vertex  5.427525e-01  3.825384e-01  8.750000e-01
   endloop
 endfacet
 facet normal  0.000000e+00  0.000000e+00  1.000000e+00
   outer loop
     vertex  5.803485e-01  5.957556e-01  8.750000e-01
     vertex  5.427525e-01  3.825384e-01  8.750000e-01
     vertex  5.625000e-01  3.917468e-01  8.750000e-01
   endloop
 endfacet
 facet normal  0.000000e+00  0.000000e+00  1.000000e+00
   outer loop
     vertex  5.803485e-01  5.957556e-01  8.750000e-01
     vertex  5.625000e-01  3.917468e-01  8.750000e-01
     vertex  5.803484e-01  4.042444e-01  8.750000e-01
   endloop
 endfacet
 facet normal  0.000000e+00  0.000000e+00  1.000000e+00
   outer loop
     vertex  5.803485e-01  5.957556e-01  8.750000e-01
     vertex  5.803484e-01  4.042444e-01  8.750000e-01
     vertex  5.957555e-01  4.196515e-01  8.750000e-01
   endloop
 endfacet
 facet normal  0.000000e+00  0.000000e+00  1.000000e+00
   outer loop
     vertex  5.803485e-01  5.957556e-01  8.750000e-01
     vertex  5.957555e-01  4.196515e-01  8.750000e-01
     vertex  6.082532e-01  4.375000e-01  8.750000e-01
   endloop
 endfacet
 facet normal  0.000000e+00  0.000000e+00  1.000000e+00
   outer loop
     vertex  5.803485e-01  5.957556e-01  8.750000e-01
     vertex  6.082532e-01  4.375000e-01  8.750000e-01
     vertex  6.174616e-01  4.572474e-01  8.750000e-01
   endloop
 endfacet
 facet normal  0.000000e+00  0.000000e+00  1.000000e+00
   outer loop
     vertex  5.803485e-01  5.957556e-01  8.750000e-01
     vertex  6.174616e-01  4.572474e-01  8.750000e-01
     vertex  6.231010e-01  4.782939e-01  8.750000e-01
   endloop
 endfacet
 facet normal  0.000000e+00  0.000000e+00  1.000000e+00
   outer loop
     vertex  5.803485e-01  5.957556e-01  8.750000e-01
     vertex  6.231010e-01  4.782939e-01  8.750000e-01
     vertex  6.250000e-01  5.000000e-01  8.750000e-01
   endloop
 endfacet
 facet normal  0.000000e+00  0.000000e+00 -1.000000e+00
   outer loop
     vertex  4.042445e-01  5.803485e-01  1.250000e-01
     vertex  6.231010e-01  5.217060e-01  1.250000e-01
     vertex  6.250000e-01  5.000000e-01  1.250000e-01
   endloop
 endfacet
 facet normal  0.000000e+00  0.000000e+00 -1.000000e+00
   outer loop
     vertex  4.042445e-01  5.803485e-01  1.250000e-01
     vertex  6.174616e-01  5.427525e-01  1.250000e-01
     vertex  6.231010e-01  5.217060e-01  1.250000e-01
   endloop
 endfacet
 facet normal  0.000000e+00  0.000000e+00 -1.000000e+00
   outer loop
     vertex  4.042445e-01  5.803485e-01  1.250000e-01
     vertex  6.082532e-01  5.625000e-01  1.250000e-01
     vertex  6.174616e-01  5.427525e-01  1.250000e-01
   endloop
 endfacet
 facet normal  0.000000e+00  0.000000e+00 -1.000000e+00
   outer loop
     vertex  4.042445e-01  5.803485e-01  1.250000e-01
     vertex  5.957556e-01  5.803484e-01  1.250000e-01
     vertex  6.082532e-01  5.625000e-01  1.250000e-01
   endloop
 endfacet
 facet normal  0.000000e+00  0.000000e+00 -1.000000e+00
   outer loop
     vertex  4.042445e-01  5.803485e-01  1.250000e-01
     vertex  5.803485e-01  5.957556e-01  1.250000e-01
     vertex  5.957556e-01  5.803484e-01  1.250000e-01
   endloop
 endfacet
 facet normal  0.000000e+00  0.000000e+00 -1.000000e+00
   outer loop
     vertex  4.042445e-01  5.803485e-01  1.250000e-01
     vertex  5.625000e-01  6.082532e-01  1.250000e-01
     vertex  5.803485e-01  5.957556e-01  1.250000e-01
   endloop
 endfacet
 facet normal  0.000000e+00  0.000000e+00 -1.000000e+00
   outer loop
     vertex  4.042445e-01  5.803485e-01  1.250000e-01
     vertex  5.427525e-01  6.174616e-01  1.250000e-01
     vertex  5.625000e-01  6.082532e-01  1.250000e-01
   endloop
 endfacet
 facet normal  0.000000e+00  0.000000e+00 -1.000000e+00
   outer loop
     vertex  4.042445e-01  5.803485e-01  1.250000e-01
     vertex  5.217060e-01  6.231010e-01  1.250000e-01
     vertex  5.427525e-01  6.174616e-01  1.250000e-01
   endloop
 endfacet
 facet normal  0.000000e+00  0.000000e+00 -1.000000e+00
   outer loop
     vertex  4.042445e-01  5.803485e-01  1.250000e-01
     vertex  5.000000e-01  6.250000e-01  1.250000e-01
     vertex  5.217060e-01  6.231010e-01  1.250000e-01
   endloop
 endfacet
 facet normal  0.000000e+00  0.000000e+00 -1.000000e+00
   outer loop
     vertex  4.042445e-01  5.803485e-01  1.250000e-01
     vertex  4.782940e-01  6.231010e-01  1.250000e-01
     vertex  5.000000e-01  6.250000e-01  1.250000e-01
   endloop
 endfacet
 facet normal  0.000000e+00  0.000000e+00 -1.000000e+00
   outer loop
     vertex  4.042445e-01  5.803485e-01  1.250000e-01
     vertex  4.572475e-01  6.174616e-01  1.250000e-01
     vertex  4.782940e-01  6.231010e-01  1.250000e-01
   endloop
 endfacet
 facet normal  0.000000e+00  0.000000e+00 -1.000000e+00
   outer loop
     vertex  4.042445e-01  5.803485e-01  1.250000e-01
     vertex  4.375000e-01  6.082532e-01  1.250000e-01
     vertex  4.572475e-01  6.174616e-01  1.250000e-01
   endloop
 endfacet
 facet normal  0.000000e+00  0.000000e+00 -1.000000e+00
   outer loop
     vertex  4.042445e-01  5.803485e-01  1.250000e-01
     vertex  4.196516e-01  5.957556e-01  1.250000e-01
     vertex  4.375000e-01  6.082532e-01  1.250000e-01
   endloop
 endfacet
 facet normal  0.000000e+00  0.000000e+00 -1.000000e+00
   outer loop
     vertex  4.042445e-01  5.803485e-01  1.250000e-01
     vertex  3.825384e-01  5.427525e-01  1.250000e-01
     vertex  3.917468e-01  5.625000e-01  1.250000e-01
   endloop
 endfacet
 facet normal  0.000000e+00  0.000000e+00 -1.000000e+00
   outer loop
     vertex  4.042445e-01  5.803485e-01  1.250000e-01
     vertex  3.768990e-01  5.217060e-01  1.250000e-01
     vertex  3.825384e-01  5.427525e-01  1.250000e-01
   endloop
 endfacet
 facet normal  0.000000e+00  0.000000e+00 -1.000000e+00
   outer loop
     vertex  4.042445e-01  5.803485e-01  1.250000e-01
     vertex  3.750000e-01  5.000000e-01  1.250000e-01
     vertex  3.768990e-01  5.217060e-01  1.250000e-01
   endloop
 endfacet
 facet normal  0.000000e+00  0.000000e+00 -1.000000e+00
   outer loop
     vertex  4.042445e-01  5.803485e-01  1.250000e-01
     vertex  3.768990e-01  4.782940e-01  1.250000e-01
     vertex  3.750000e-01  5.000000e-01  1.250000e-01
   endloop
 endfacet
 facet normal  0.000000e+00  0.000000e+00 -1.000000e+00
   outer loop
     vertex  4.042445e-01  5.803485e-01  1.250000e-01
     vertex  3.825384e-01  4.572475e-01  1.250000e-01
     vertex  3.768990e-01  4.782940e-01  1.250000e-01
   endloop
 endfacet
 facet normal  0.000000e+00  0.000000e+00 -1.000000e+00
   outer loop
     vertex  4.042445e-01  5.803485e-01  1.250000e-01
     vertex  3.917468e-01  4.375000e-01  1.250000e-01
     vertex  3.825384e-01  4.572475e-01  1.250000e-01
   endloop
 endfacet
 facet normal  0.000000e+00  0.000000e+00 -1.000000e+00
   outer loop
     vertex  4.042445e-01  5.803485e-01  1.250000e-01
     vertex  4.042444e-01  4.196516e-01  1.250000e-01
     vertex  3.917468e-01  4.375000e-01  1.250000e-01
   endloop
 endfacet
 facet normal  0.000000e+00 -0.000000e+00 -1.000000e+00
   outer loop
     vertex  4.042445e-01  5.803485e-01  1.250000e-01
     vertex  4.196515e-01  4.042445e-01  1.250000e-01
     vertex  4.042444e-01  4.196516e-01  1.250000e-01
   endloop
 endfacet
 facet normal  0.000000e+00  0.000000e+00 -1.000000e+00
   outer loop
     vertex  4.042445e-01  5.803485e-01  1.250000e-01
     vertex  4.375000e-01  3.917468e-01  1.250000e-01
     vertex  4.196515e-01  4.042445e-01  1.250000e-01
   endloop
 endfacet
 facet normal  0.000000e+00  0.000000e+00 -1.000000e+00
   outer loop
     vertex  4.042445e-01  5.803485e-01  1.250000e-01
     vertex  4.572475e-01  3.825384e-01  1.250000e-01
     vertex  4.375000e-01  3.917468e-01  1.250000e-01
   endloop
 endfacet
 facet normal  0.000000e+00  0.000000e+00 -1.000000e+00
   outer loop
     vertex  4.042445e-01  5.803485e-01  1.250000e-01
     vertex  4.782940e-01  3.768990e-01  1.250000e-01
     vertex  4.572475e-01  3.825384e-01  1.250000e-01
   endloop
 endfacet
 facet normal  0.000000e+00  0.000000e+00 -1.000000e+00
   outer loop
     vertex  4.042445e-01  5.803485e-01  1.250000e-01
     vertex  5.000000e-01  3.750000e-01  1.250000e-01
     vertex  4.782940e-01  3.768990e-01  1.250000e-01
   endloop
 endfacet
 facet normal  0.000000e+00  0.000000e+00 -1.000000e+00
   outer loop
     vertex  4.042445e-01  5.803485e-01  1.250000e-01
     vertex  5.217060e-01  3.768990e-01  1.250000e-01
     vertex  5.000000e-01  3.750000e-01  1.250000e-01
   endloop
 endfacet
 facet normal  0.000000e+00  0.000000e+00 -1.000000e+00
   outer loop
     vertex  4.042445e-01  5.803485e-01  1.250000e-01
     vertex  5.427525e-01  3.825384e-01  1.250000e-01
     vertex  5.217060e-01  3.768990e-01  1.250000e-01
   endloop
 endfacet
 facet normal  0.000000e+00  0.000000e+00 -1.000000e+00
   outer loop
     vertex  4.042445e-01  5.803485e-01  1.250000e-01
     vertex  5.625000e-01  3.917468e-01  1.250000e-01
     vertex  5.427525e-01  3.825384e-01  1.250000e-01
   endloop
 endfacet
 facet normal  0.000000e+00  0.000000e+00 -1.000000e+00
   outer loop
     vertex  4.042445e-01  5.803485e-01  1.250000e-01
     vertex  5.803484e-01  4.042444e-01  1.250000e-01
     vertex  5.625000e-01  3.917468e-01  1.250000e-01
   endloop
 endfacet
 facet normal  0.000000e+00  0.000000e+00 -1.000000e+00
   outer loop
     vertex  4.042445e-01  5.803485e-01  1.250000e-01
     vertex  5.957555e-01  4.196515e-01  1.250000e-01
     vertex  5.803484e-01  4.042444e-01  1.250000e-01
   endloop
 endfacet
 facet normal  0.000000e+00  0.000000e+00 -1.000000e+00
   outer loop
     vertex  4.042445e-01  5.803485e-01  1.250000e-01
     vertex  6.082532e-01  4.375000e-01  1.250000e-01
     vertex  5.957555e-01  4.196515e-01  1.250000e-01
   endloop
 endfacet
 facet normal  0.000000e+00  0.000000e+00 -1.000000e+00
   outer loop
     vertex  4.042445e-01  5.803485e-01  1.250000e-01
     vertex  6.174616e-01  4.572474e-01  1.250000e-01
     vertex  6.082532e-01  4.375000e-01  1.250000e-01
   endloop
 endfacet
 facet normal  0.000000e+00  0.000000e+00 -1.000000e+00
   outer loop
     vertex  4.042445e-01  5.803485e-01  1.250000e-01
     vertex  6.231010e-01  4.782939e-01  1.250000e-01
     vertex  6.174616e-01  4.572474e-01  1.250000e-01
   endloop
 endfacet
 facet normal  0.000000e+00  0.000000e+00 -1.000000e+00
   outer loop
     vertex  4.042445e-01  5.803485e-01  1.250000e-01
     vertex  6.250000e-01  5.000000e-01  1.250000e-01
     vertex  6.231010e-01  4.782939e-01  1.250000e-01
   endloop
 endfacet
 facet normal  9.964554e-01 -8.412279e-02  0.000000e+00
   outer loop
     vertex  6.232308e-01  4.790438e-01  8.750000e-01
     vertex  6.250000e-01  5.000000e-01  8.750000e-01
     vertex  6.250000e-01  5.000000e-01  1.000000e+00
   endloop
 endfacet
 facet normal  9.964554e-01 -8.412279e-02  0.000000e+00
   outer loop
     vertex  6.232308e-01  4.790438e-01  8.750000e-01
     vertex  6.250000e-01  5.000000e-01  1.000000e+00
     vertex  6.232308e-01  4.790438e-01  1.000000e+00
   endloop
 endfacet
 facet normal  9.688046e-01 -2.478260e-01  0.000000e+00
   outer loop
     vertex  6.181567e-01  4.592078e-01  8.750000e-01
     vertex  6.232308e-01  4.790438e-01  1.000000e+00
     vertex  6.181567e-01  4.592078e-01  1.000000e+00
   endloop
 endfacet
 facet normal  9.688046e-01 -2.478260e-01  0.000000e+00
   outer loop
     vertex  6.181567e-01  4.592078e-01  8.750000e-01
     vertex  6.232308e-01  4.790438e-01  8.750000e-01
     vertex  6.232308e-01  4.790438e-01  1.000000e+00
   endloop
 endfacet
 facet normal  9.150236e-01 -4.034004e-01  0.000000e+00
   outer loop
     vertex  6.098155e-01  4.402877e-01  8.750000e-01
     vertex  6.181567e-01  4.592078e-01  1.000000e+00
     vertex  6.098155e-01  4.402877e-01  1.000000e+00
   endloop
 endfacet
 facet normal  9.150236e-01 -4.034004e-01  0.000000e+00
   outer loop
     vertex  6.098155e-01  4.402877e-01  8.750000e-01
     vertex  6.181567e-01  4.592078e-01  8.750000e-01
     vertex  6.181567e-01  4.592078e-01  1.000000e+00
   endloop
 endfacet
 facet normal  8.363453e-01 -5.482030e-01  0.000000e+00
   outer loop
     vertex  5.985652e-01  4.231241e-01  8.750000e-01
     vertex  6.098155e-01  4.402877e-01  8.750000e-01
     vertex  6.098155e-01  4.402877e-01  1.000000e+00
   endloop
 endfacet
 facet normal  8.363453e-01 -5.482030e-01  0.000000e+00
   outer loop
     vertex  5.985652e-01  4.231241e-01  8.750000e-01
     vertex  6.098155e-01  4.402877e-01  1.000000e+00
     vertex  5.985652e-01  4.231241e-01  1.000000e+00
   endloop
 endfacet
 facet normal  7.357695e-01 -6.772321e-01  0.000000e+00
   outer loop
     vertex  5.847651e-01  4.081312e-01  8.750000e-01
     vertex  5.985652e-01  4.231241e-01  8.750000e-01
     vertex  5.985652e-01  4.231241e-01  1.000000e+00
   endloop
 endfacet
 facet normal  7.357695e-01 -6.772321e-01  0.000000e+00
   outer loop
     vertex  5.847651e-01  4.081312e-01  8.750000e-01
     vertex  5.985652e-01  4.231241e-01  1.000000e+00
     vertex  5.847651e-01  4.081312e-01  1.000000e+00
   endloop
 endfacet
 facet normal  6.163939e-01 -7.874380e-01  0.000000e+00
   outer loop
     vertex  5.688275e-01  3.956555e-01  8.750000e-01
     vertex  5.847651e-01  4.081312e-01  8.750000e-01
     vertex  5.847651e-01  4.081312e-01  1.000000e+00
   endloop
 endfacet
 facet normal  6.163939e-01 -7.874380e-01  0.000000e+00
   outer loop
     vertex  5.688275e-01  3.956555e-01  8.750000e-01
     vertex  5.847651e-01  4.081312e-01  1.000000e+00
     vertex  5.688275e-01  3.956555e-01  1.000000e+00
   endloop
 endfacet
 facet normal  4.738562e-01 -8.806022e-01  0.000000e+00
   outer loop
     vertex  5.491630e-01  3.850739e-01  8.750000e-01
     vertex  5.688275e-01  3.956555e-01  1.000000e+00
     vertex  5.491630e-01  3.850739e-01  1.000000e+00
   endloop
 endfacet
 facet normal  4.738562e-01 -8.806022e-01  0.000000e+00
   outer loop
     vertex  5.491630e-01  3.850739e-01  8.750000e-01
     vertex  5.688275e-01  3.956555e-01  8.750000e-01
     vertex  5.688275e-01  3.956555e-01  1.000000e+00
   endloop
 endfacet
 facet normal  3.102813e-01 -9.506448e-01  0.000000e+00
   outer loop
     vertex  5.281021e-01  3.781999e-01  8.750000e-01
     vertex  5.491630e-01  3.850739e-01  1.000000e+00
     vertex  5.281021e-01  3.781999e-01  1.000000e+00
   endloop
 endfacet
 facet normal  3.102813e-01 -9.506448e-01  0.000000e+00
   outer loop
     vertex  5.281021e-01  3.781999e-01  8.750000e-01
     vertex  5.491630e-01  3.850739e-01  8.750000e-01
     vertex  5.491630e-01  3.850739e-01  1.000000e+00
   endloop
 endfacet
 facet normal  1.382767e-01 -9.903936e-01  0.000000e+00
   outer loop
     vertex  5.063332e-01  3.751605e-01  8.750000e-01
     vertex  5.281021e-01  3.781999e-01  1.000000e+00
     vertex  5.063332e-01  3.751605e-01  1.000000e+00
   endloop
 endfacet
 facet normal  1.382767e-01 -9.903936e-01  0.000000e+00
   outer loop
     vertex  5.063332e-01  3.751605e-01  8.750000e-01
     vertex  5.281021e-01  3.781999e-01  8.750000e-01
     vertex  5.281021e-01  3.781999e-01  1.000000e+00
   endloop
 endfacet
 facet normal -3.663780e-02 -9.993286e-01  0.000000e+00
   outer loop
     vertex  4.845423e-01  3.759594e-01  8.750000e-01
     vertex  5.063332e-01  3.751605e-01  1.000000e+00
     vertex  4.845423e-01  3.759594e-01  1.000000e+00
   endloop
 endfacet
 facet normal -3.663780e-02 -9.993286e-01  0.000000e+00
   outer loop
     vertex  4.845423e-01  3.759594e-01  8.750000e-01
     vertex  5.063332e-01  3.751605e-01  8.750000e-01
     vertex  5.063332e-01  3.751605e-01  1.000000e+00
   endloop
 endfacet
 facet normal -2.090446e-01 -9.779061e-01  0.000000e+00
   outer loop
     vertex  4.633925e-01  3.804806e-01  8.750000e-01
     vertex  4.845423e-01  3.759594e-01  1.000000e+00
     vertex  4.633925e-01  3.804806e-01  1.000000e+00
   endloop
 endfacet
 facet normal -2.090446e-01 -9.779061e-01  0.000000e+00
   outer loop
     vertex  4.633925e-01  3.804806e-01  8.750000e-01
     vertex  4.845423e-01  3.759594e-01  8.750000e-01
     vertex  4.845423e-01  3.759594e-01  1.000000e+00
   endloop
 endfacet
 facet normal -3.737949e-01 -9.275114e-01  0.000000e+00
   outer loop
     vertex  4.435032e-01  3.884961e-01  8.750000e-01
     vertex  4.633925e-01  3.804806e-01  1.000000e+00
     vertex  4.435032e-01  3.884961e-01  1.000000e+00
   endloop
 endfacet
 facet normal -3.737949e-01 -9.275114e-01  0.000000e+00
   outer loop
     vertex  4.435032e-01  3.884961e-01  8.750000e-01
     vertex  4.633925e-01  3.804806e-01  8.750000e-01
     vertex  4.633925e-01  3.804806e-01  1.000000e+00
   endloop
 endfacet
 facet normal -5.296686e-01 -8.482047e-01  0.000000e+00
   outer loop
     vertex  4.246065e-01  4.002963e-01  8.750000e-01
     vertex  4.435032e-01  3.884961e-01  1.000000e+00
     vertex  4.246065e-01  4.002963e-01  1.000000e+00
   endloop
 endfacet
 facet normal -5.296686e-01 -8.482047e-01  0.000000e+00
   outer loop
     vertex  4.246065e-01  4.002963e-01  8.750000e-01
     vertex  4.435032e-01  3.884961e-01  8.750000e-01
     vertex  4.435032e-01  3.884961e-01  1.000000e+00
   endloop
 endfacet
 facet normal -6.676914e-01 -7.444381e-01  0.000000e+00
   outer loop
     vertex  4.090545e-01  4.142450e-01  8.750000e-01
     vertex  4.246065e-01  4.002963e-01  1.000000e+00
     vertex  4.090545e-01  4.142450e-01  1.000000e+00
   endloop
 endfacet
 facet normal -6.676914e-01 -7.444381e-01  0.000000e+00
   outer loop
     vertex  4.090545e-01  4.142450e-01  8.750000e-01
     vertex  4.246065e-01  4.002963e-01  8.750000e-01
     vertex  4.246065e-01  4.002963e-01  1.000000e+00
   endloop
 endfacet
 facet normal -7.819141e-01 -6.233861e-01  0.000000e+00
   outer loop
     vertex  3.961394e-01  4.304445e-01  8.750000e-01
     vertex  4.090545e-01  4.142450e-01  1.000000e+00
     vertex  3.961394e-01  4.304445e-01  1.000000e+00
   endloop
 endfacet
 facet normal -7.819141e-01 -6.233861e-01  0.000000e+00
   outer loop
     vertex  3.961394e-01  4.304445e-01  8.750000e-01
     vertex  4.090545e-01  4.142450e-01  8.750000e-01
     vertex  4.090545e-01  4.142450e-01  1.000000e+00
   endloop
 endfacet
 facet normal -8.738313e-01 -4.862292e-01  0.000000e+00
   outer loop
     vertex  3.861428e-01  4.484100e-01  8.750000e-01
     vertex  3.961394e-01  4.304445e-01  1.000000e+00
     vertex  3.861428e-01  4.484100e-01  1.000000e+00
   endloop
 endfacet
 facet normal -8.738313e-01 -4.862292e-01  0.000000e+00
   outer loop
     vertex  3.861428e-01  4.484100e-01  8.750000e-01
     vertex  3.961394e-01  4.304445e-01  8.750000e-01
     vertex  3.961394e-01  4.304445e-01  1.000000e+00
   endloop
 endfacet
 facet normal -9.415149e-01 -3.369714e-01  0.000000e+00
   outer loop
     vertex  3.792644e-01  4.676285e-01  8.750000e-01
     vertex  3.861428e-01  4.484100e-01  1.000000e+00
     vertex  3.792644e-01  4.676285e-01  1.000000e+00
   endloop
 endfacet
 facet normal -9.415149e-01 -3.369714e-01  0.000000e+00
   outer loop
     vertex  3.792644e-01  4.676285e-01  8.750000e-01
     vertex  3.861428e-01  4.484100e-01  8.750000e-01
     vertex  3.861428e-01  4.484100e-01  1.000000e+00
   endloop
 endfacet
 facet normal -9.837045e-01 -1.797926e-01  0.000000e+00
   outer loop
     vertex  3.756194e-01  4.875714e-01  8.750000e-01
     vertex  3.792644e-01  4.676285e-01  1.000000e+00
     vertex  3.756194e-01  4.875714e-01  1.000000e+00
   endloop
 endfacet
 facet normal -9.837045e-01 -1.797926e-01  0.000000e+00
   outer loop
     vertex  3.756194e-01  4.875714e-01  8.750000e-01
     vertex  3.792644e-01  4.676285e-01  8.750000e-01
     vertex  3.792644e-01  4.676285e-01  1.000000e+00
   endloop
 endfacet
 facet normal -9.998205e-01 -1.894468e-02  0.000000e+00
   outer loop
     vertex  3.752379e-01  5.077078e-01  8.750000e-01
     vertex  3.756194e-01  4.875714e-01  1.000000e+00
     vertex  3.752379e-01  5.077078e-01  1.000000e+00
   endloop
 endfacet
 facet normal -9.998205e-01 -1.894468e-02  0.000000e+00
   outer loop
     vertex  3.752379e-01  5.077078e-01  8.750000e-01
     vertex  3.756194e-01  4.875714e-01  8.750000e-01
     vertex  3.756194e-01  4.875714e-01  1.000000e+00
   endloop
 endfacet
 facet normal -9.886718e-01  1.500933e-01  0.000000e+00
   outer loop
     vertex  3.785716e-01  5.296671e-01  8.750000e-01
     vertex  3.752379e-01  5.077078e-01  1.000000e+00
     vertex  3.785716e-01  5.296671e-01  1.000000e+00
   endloop
 endfacet
 facet normal -9.886718e-01  1.500933e-01  0.000000e+00
   outer loop
     vertex  3.785716e-01  5.296671e-01  8.750000e-01
     vertex  3.752379e-01  5.077078e-01  8.750000e-01
     vertex  3.752379e-01  5.077078e-01  1.000000e+00
   endloop
 endfacet
 facet normal -9.467260e-01  3.220402e-01  0.000000e+00
   outer loop
     vertex  3.856682e-01  5.505295e-01  8.750000e-01
     vertex  3.785716e-01  5.296671e-01  1.000000e+00
     vertex  3.856682e-01  5.505295e-01  1.000000e+00
   endloop
 endfacet
 facet normal -9.467260e-01  3.220402e-01  0.000000e+00
   outer loop
     vertex  3.856682e-01  5.505295e-01  8.750000e-01
     vertex  3.785716e-01  5.296671e-01  8.750000e-01
     vertex  3.785716e-01  5.296671e-01  1.000000e+00
   endloop
 endfacet
 facet normal -8.758006e-01  4.826730e-01  0.000000e+00
   outer loop
     vertex  3.962205e-01  5.696764e-01  8.750000e-01
     vertex  3.856682e-01  5.505295e-01  1.000000e+00
     vertex  3.962205e-01  5.696764e-01  1.000000e+00
   endloop
 endfacet
 facet normal -8.758006e-01  4.826730e-01  0.000000e+00
   outer loop
     vertex  3.962205e-01  5.696764e-01  8.750000e-01
     vertex  3.856682e-01  5.505295e-01  8.750000e-01
     vertex  3.856682e-01  5.505295e-01  1.000000e+00
   endloop
 endfacet
 facet normal -7.787556e-01  6.273275e-01  0.000000e+00
   outer loop
     vertex  4.098245e-01  5.865643e-01  8.750000e-01
     vertex  3.962205e-01  5.696764e-01  1.000000e+00
     vertex  4.098245e-01  5.865643e-01  1.000000e+00
   endloop
 endfacet
 facet normal -7.787556e-01  6.273275e-01  0.000000e+00
   outer loop
     vertex  4.098245e-01  5.865643e-01  8.750000e-01
     vertex  3.962205e-01  5.696764e-01  8.750000e-01
     vertex  3.962205e-01  5.696764e-01  1.000000e+00
   endloop
 endfacet
 facet normal -6.591631e-01  7.520000e-01  0.000000e+00
   outer loop
     vertex  4.259955e-01  6.007389e-01  8.750000e-01
     vertex  4.098245e-01  5.865643e-01  1.000000e+00
     vertex  4.259955e-01  6.007389e-01  1.000000e+00
   endloop
 endfacet
 facet normal -6.591631e-01  7.520000e-01  0.000000e+00
   outer loop
     vertex  4.259955e-01  6.007389e-01  8.750000e-01
     vertex  4.098245e-01  5.865643e-01  8.750000e-01
     vertex  4.098245e-01  5.865643e-01  1.000000e+00
   endloop
 endfacet
 facet normal -5.202289e-01  8.540269e-01  0.000000e+00
   outer loop
     vertex  4.444331e-01  6.119702e-01  8.750000e-01
     vertex  4.259955e-01  6.007389e-01  1.000000e+00
     vertex  4.444331e-01  6.119702e-01  1.000000e+00
   endloop
 endfacet
 facet normal -5.202289e-01  8.540269e-01  0.000000e+00
   outer loop
     vertex  4.444331e-01  6.119702e-01  8.750000e-01
     vertex  4.259955e-01  6.007389e-01  8.750000e-01
     vertex  4.259955e-01  6.007389e-01  1.000000e+00
   endloop
 endfacet
 facet normal -3.678759e-01  9.298749e-01  0.000000e+00
   outer loop
     vertex  4.639217e-01  6.196802e-01  8.750000e-01
     vertex  4.444331e-01  6.119702e-01  1.000000e+00
     vertex  4.639217e-01  6.196802e-01  1.000000e+00
   endloop
 endfacet
 facet normal -3.678759e-01  9.298749e-01  0.000000e+00
   outer loop
     vertex  4.639217e-01  6.196802e-01  8.750000e-01
     vertex  4.444331e-01  6.119702e-01  8.750000e-01
     vertex  4.444331e-01  6.119702e-01  1.000000e+00
   endloop
 endfacet
 facet normal -2.080517e-01  9.781178e-01  0.000000e+00
   outer loop
     vertex  4.842454e-01  6.240032e-01  8.750000e-01
     vertex  4.639217e-01  6.196802e-01  1.000000e+00
     vertex  4.842454e-01  6.240032e-01  1.000000e+00
   endloop
 endfacet
 facet normal -2.080517e-01  9.781178e-01  0.000000e+00
   outer loop
     vertex  4.842454e-01  6.240032e-01  8.750000e-01
     vertex  4.639217e-01  6.196802e-01  8.750000e-01
     vertex  4.639217e-01  6.196802e-01  1.000000e+00
   endloop
 endfacet
 facet normal -4.380452e-02  9.990401e-01  0.000000e+00
   outer loop
     vertex  5.048408e-01  6.249062e-01  8.750000e-01
     vertex  4.842454e-01  6.240032e-01  1.000000e+00
     vertex  5.048408e-01  6.249062e-01  1.000000e+00
   endloop
 endfacet
 facet normal -4.380452e-02  9.990401e-01  0.000000e+00
   outer loop
     vertex  5.048408e-01  6.249062e-01  8.750000e-01
     vertex  4.842454e-01  6.240032e-01  8.750000e-01
     vertex  4.842454e-01  6.240032e-01  1.000000e+00
   endloop
 endfacet
 facet normal  1.203928e-01  9.927263e-01  0.000000e+00
   outer loop
     vertex  5.251564e-01  6.224425e-01  8.750000e-01
     vertex  5.048408e-01  6.249062e-01  8.750000e-01
     vertex  5.048408e-01  6.249062e-01  1.000000e+00
   endloop
 endfacet
 facet normal  1.203928e-01  9.927263e-01 -0.000000e+00
   outer loop
     vertex  5.251564e-01  6.224425e-01  8.750000e-01
     vertex  5.048408e-01  6.249062e-01  1.000000e+00
     vertex  5.251564e-01  6.224425e-01  1.000000e+00
   endloop
 endfacet
 facet normal  2.802132e-01  9.599378e-01  0.000000e+00
   outer loop
     vertex  5.446650e-01  6.167477e-01  8.750000e-01
     vertex  5.251564e-01  6.224425e-01  8.750000e-01
     vertex  5.251564e-01  6.224425e-01  1.000000e+00
   endloop
 endfacet
 facet normal  2.802132e-01  9.599378e-01 -0.000000e+00
   outer loop
     vertex  5.446650e-01  6.167477e-01  8.750000e-01
     vertex  5.251564e-01  6.224425e-01  1.000000e+00
     vertex  5.446650e-01  6.167477e-01  1.000000e+00
   endloop
 endfacet
 facet normal  4.315733e-01  9.020779e-01  0.000000e+00
   outer loop
     vertex  5.628759e-01  6.080353e-01  8.750000e-01
     vertex  5.446650e-01  6.167477e-01  8.750000e-01
     vertex  5.446650e-01  6.167477e-01  1.000000e+00
   endloop
 endfacet
 facet normal  4.315733e-01  9.020779e-01 -0.000000e+00
   outer loop
     vertex  5.628759e-01  6.080353e-01  8.750000e-01
     vertex  5.446650e-01  6.167477e-01  1.000000e+00
     vertex  5.628759e-01  6.080353e-01  1.000000e+00
   endloop
 endfacet
 facet normal  5.779925e-01  8.160421e-01 -0.000000e+00
   outer loop
     vertex  5.810478e-01  5.951643e-01  8.750000e-01
     vertex  5.628759e-01  6.080353e-01  1.000000e+00
     vertex  5.810478e-01  5.951643e-01  1.000000e+00
   endloop
 endfacet
 facet normal  5.779925e-01  8.160421e-01  0.000000e+00
   outer loop
     vertex  5.810478e-01  5.951643e-01  8.750000e-01
     vertex  5.628759e-01  6.080353e-01  8.750000e-01
     vertex  5.628759e-01  6.080353e-01  1.000000e+00
   endloop
 endfacet
 facet normal  7.131248e-01  7.010371e-01  0.000000e+00
   outer loop
     vertex  5.965359e-01  5.794093e-01  8.750000e-01
     vertex  5.810478e-01  5.951643e-01  8.750000e-01
     vertex  5.810478e-01  5.951643e-01  1.000000e+00
   endloop
 endfacet
 facet normal  7.131248e-01  7.010371e-01 -0.000000e+00
   outer loop
     vertex  5.965359e-01  5.794093e-01  8.750000e-01
     vertex  5.810478e-01  5.951643e-01  1.000000e+00
     vertex  5.965359e-01  5.794093e-01  1.000000e+00
   endloop
 endfacet
 facet normal  8.250111e-01  5.651166e-01 -0.000000e+00
   outer loop
     vertex  6.089226e-01  5.613258e-01  8.750000e-01
     vertex  5.965359e-01  5.794093e-01  1.000000e+00
     vertex  6.089226e-01  5.613258e-01  1.000000e+00
   endloop
 endfacet
 facet normal  9.107492e-01  4.129599e-01 -0.000000e+00
   outer loop
     vertex  6.089226e-01  5.613258e-01  8.750000e-01
     vertex  6.089226e-01  5.613258e-01  1.000000e+00
     vertex  6.179019e-01  5.415229e-01  1.000000e+00
   endloop
 endfacet
 facet normal  8.250111e-01  5.651166e-01  0.000000e+00
   outer loop
     vertex  6.089226e-01  5.613258e-01  8.750000e-01
     vertex  5.965359e-01  5.794093e-01  8.750000e-01
     vertex  5.965359e-01  5.794093e-01  1.000000e+00
   endloop
 endfacet
 facet normal  9.107492e-01  4.129599e-01 -0.000000e+00
   outer loop
     vertex  6.179019e-01  5.415229e-01  8.750000e-01
     vertex  6.089226e-01  5.613258e-01  8.750000e-01
     vertex  6.179019e-01  5.415229e-01  1.000000e+00
   endloop
 endfacet
 facet normal  9.687682e-01  2.479682e-01  0.000000e+00
   outer loop
     vertex  6.233523e-01  5.202291e-01  8.750000e-01
     vertex  6.179019e-01  5.415229e-01  8.750000e-01
     vertex  6.179019e-01  5.415229e-01  1.000000e+00
   endloop
 endfacet
 facet normal  9.687682e-01  2.479682e-01 -0.000000e+00
   outer loop
     vertex  6.233523e-01  5.202291e-01  8.750000e-01
     vertex  6.179019e-01  5.415229e-01  1.000000e+00
     vertex  6.233523e-01  5.202291e-01  1.000000e+00
   endloop
 endfacet
 facet normal  9.966991e-01  8.118423e-02  0.000000e+00
   outer loop
     vertex  6.250000e-01  5.000000e-01  8.750000e-01
     vertex  6.233523e-01  5.202291e-01  8.750000e-01
     vertex  6.233523e-01  5.202291e-01  1.000000e+00
   endloop
 endfacet
 facet normal  9.966991e-01  8.118423e-02 -0.000000e+00
   outer loop
     vertex  6.250000e-01  5.000000e-01  8.750000e-01
     vertex  6.233523e-01  5.202291e-01  1.000000e+00
     vertex  6.250000e-01  5.000000e-01  1.000000e+00
   endloop
 endfacet
endsolid
