solid 
 facet normal  6.136355e-01  3.503241e-01 -7.076189e-01
   outer loop
     vertex  2.686875e-01  2.438197e-01  6.955591e-02
     vertex  2.548154e-01  2.329943e-01  5.216694e-02
     vertex  2.530767e-01  2.360399e-01  5.216694e-02
   endloop
 endfacet
 facet normal  5.890833e-01  3.915014e-01 -7.068999e-01
   outer loop
     vertex  2.652468e-01  2.491255e-01  6.955591e-02
     vertex  2.530767e-01  2.360399e-01  5.216694e-02
     vertex  2.511020e-01  2.390111e-01  5.216694e-02
   endloop
 endfacet
 facet normal  5.942797e-01  3.853671e-01 -7.059206e-01
   outer loop
     vertex  2.652468e-01  2.491255e-01  6.955591e-02
     vertex  2.686875e-01  2.438197e-01  6.955591e-02
     vertex  2.530767e-01  2.360399e-01  5.216694e-02
   endloop
 endfacet
 facet normal  5.557922e-01  4.377593e-01 -7.067262e-01
   outer loop
     vertex  2.612555e-01  2.541931e-01  6.955591e-02
     vertex  2.652468e-01  2.491255e-01  6.955591e-02
     vertex  2.511020e-01  2.390111e-01  5.216694e-02
   endloop
 endfacet
 facet normal  5.433615e-01  4.490357e-01 -7.093132e-01
   outer loop
     vertex  2.612555e-01  2.541931e-01  6.955591e-02
     vertex  2.511020e-01  2.390111e-01  5.216694e-02
     vertex  2.464621e-01  2.446257e-01  5.216694e-02
   endloop
 endfacet
 facet normal  4.747280e-01  5.209695e-01 -7.093829e-01
   outer loop
     vertex  2.567379e-01  2.589398e-01  6.955591e-02
     vertex  2.464621e-01  2.446257e-01  5.216694e-02
     vertex  2.409680e-01  2.496321e-01  5.216694e-02
   endloop
 endfacet
 facet normal  5.133520e-01  4.885640e-01 -7.055317e-01
   outer loop
     vertex  2.567379e-01  2.589398e-01  6.955591e-02
     vertex  2.612555e-01  2.541931e-01  6.955591e-02
     vertex  2.464621e-01  2.446257e-01  5.216694e-02
   endloop
 endfacet
 facet normal  4.529796e-01  5.473019e-01 -7.037543e-01
   outer loop
     vertex  2.490680e-01  2.652879e-01  6.955591e-02
     vertex  2.567379e-01  2.589398e-01  6.955591e-02
     vertex  2.409680e-01  2.496321e-01  5.216694e-02
   endloop
 endfacet
 facet normal  3.954049e-01  5.834004e-01 -7.094357e-01
   outer loop
     vertex  2.490680e-01  2.652879e-01  6.955591e-02
     vertex  2.409680e-01  2.496321e-01  5.216694e-02
     vertex  2.347512e-01  2.538456e-01  5.216694e-02
   endloop
 endfacet
 facet normal  3.075371e-01  6.341309e-01 -7.094357e-01
   outer loop
     vertex  2.375021e-01  2.719655e-01  6.955591e-02
     vertex  2.347512e-01  2.538456e-01  5.216694e-02
     vertex  2.279938e-01  2.571228e-01  5.216694e-02
   endloop
 endfacet
 facet normal  3.568344e-01  6.180553e-01 -7.004833e-01
   outer loop
     vertex  2.375021e-01  2.719655e-01  6.955591e-02
     vertex  2.490680e-01  2.652879e-01  6.955591e-02
     vertex  2.347512e-01  2.538456e-01  5.216694e-02
   endloop
 endfacet
 facet normal  2.147742e-01  6.746437e-01 -7.062067e-01
   outer loop
     vertex  2.249921e-01  2.762809e-01  6.955591e-02
     vertex  2.279938e-01  2.571228e-01  5.216694e-02
     vertex  2.209110e-01  2.593776e-01  5.216694e-02
   endloop
 endfacet
 facet normal  1.177071e-01  6.981163e-01 -7.062426e-01
   outer loop
     vertex  2.249921e-01  2.762809e-01  6.955591e-02
     vertex  2.209110e-01  2.593776e-01  5.216694e-02
     vertex  2.137287e-01  2.605886e-01  5.216694e-02
   endloop
 endfacet
 facet normal  2.322982e-01  6.734107e-01 -7.018231e-01
   outer loop
     vertex  2.249921e-01  2.762809e-01  6.955591e-02
     vertex  2.375021e-01  2.719655e-01  6.955591e-02
     vertex  2.279938e-01  2.571228e-01  5.216694e-02
   endloop
 endfacet
 facet normal  1.023009e-01  7.046405e-01 -7.021512e-01
   outer loop
     vertex  2.122445e-01  2.781316e-01  6.955591e-02
     vertex  2.249921e-01  2.762809e-01  6.955591e-02
     vertex  2.137287e-01  2.605886e-01  5.216694e-02
   endloop
 endfacet
 facet normal  4.446239e-02  7.051803e-01 -7.076325e-01
   outer loop
     vertex  2.122445e-01  2.781316e-01  6.955591e-02
     vertex  2.137287e-01  2.605886e-01  5.216694e-02
     vertex  2.101683e-01  2.608131e-01  5.216694e-02
   endloop
 endfacet
 facet normal -3.438589e-03  7.087414e-01 -7.054600e-01
   outer loop
     vertex  2.122445e-01  2.781316e-01  6.955591e-02
     vertex  2.101683e-01  2.608131e-01  5.216694e-02
     vertex  2.066613e-01  2.607961e-01  5.216694e-02
   endloop
 endfacet
 facet normal -3.438589e-03 -7.087414e-01 -7.054600e-01
   outer loop
     vertex  2.122445e-01  1.392038e-01  6.955591e-02
     vertex  2.066613e-01  1.565394e-01  5.216694e-02
     vertex  2.101683e-01  1.565224e-01  5.216694e-02
   endloop
 endfacet
 facet normal  4.446239e-02 -7.051803e-01 -7.076325e-01
   outer loop
     vertex  2.122445e-01  1.392038e-01  6.955591e-02
     vertex  2.101683e-01  1.565224e-01  5.216694e-02
     vertex  2.137287e-01  1.567469e-01  5.216694e-02
   endloop
 endfacet
 facet normal  2.147742e-01 -6.746437e-01 -7.062067e-01
   outer loop
     vertex  2.249921e-01  1.410546e-01  6.955591e-02
     vertex  2.209110e-01  1.579579e-01  5.216694e-02
     vertex  2.279938e-01  1.602127e-01  5.216694e-02
   endloop
 endfacet
 facet normal  1.023009e-01 -7.046405e-01 -7.021512e-01
   outer loop
     vertex  2.249921e-01  1.410546e-01  6.955591e-02
     vertex  2.122445e-01  1.392038e-01  6.955591e-02
     vertex  2.137287e-01  1.567469e-01  5.216694e-02
   endloop
 endfacet
 facet normal  1.177071e-01 -6.981163e-01 -7.062426e-01
   outer loop
     vertex  2.249921e-01  1.410546e-01  6.955591e-02
     vertex  2.137287e-01  1.567469e-01  5.216694e-02
     vertex  2.209110e-01  1.579579e-01  5.216694e-02
   endloop
 endfacet
 facet normal  2.322982e-01 -6.734107e-01 -7.018231e-01
   outer loop
     vertex  2.375021e-01  1.453700e-01  6.955591e-02
     vertex  2.249921e-01  1.410546e-01  6.955591e-02
     vertex  2.279938e-01  1.602127e-01  5.216694e-02
   endloop
 endfacet
 facet normal  3.075371e-01 -6.341309e-01 -7.094357e-01
   outer loop
     vertex  2.375021e-01  1.453700e-01  6.955591e-02
     vertex  2.279938e-01  1.602127e-01  5.216694e-02
     vertex  2.347512e-01  1.634898e-01  5.216694e-02
   endloop
 endfacet
 facet normal  3.568344e-01 -6.180553e-01 -7.004833e-01
   outer loop
     vertex  2.490680e-01  1.520476e-01  6.955591e-02
     vertex  2.375021e-01  1.453700e-01  6.955591e-02
     vertex  2.347512e-01  1.634898e-01  5.216694e-02
   endloop
 endfacet
 facet normal  3.954049e-01 -5.834004e-01 -7.094357e-01
   outer loop
     vertex  2.490680e-01  1.520476e-01  6.955591e-02
     vertex  2.347512e-01  1.634898e-01  5.216694e-02
     vertex  2.409680e-01  1.677033e-01  5.216694e-02
   endloop
 endfacet
 facet normal  4.529796e-01 -5.473019e-01 -7.037543e-01
   outer loop
     vertex  2.567379e-01  1.583956e-01  6.955591e-02
     vertex  2.490680e-01  1.520476e-01  6.955591e-02
     vertex  2.409680e-01  1.677033e-01  5.216694e-02
   endloop
 endfacet
 facet normal  4.747280e-01 -5.209695e-01 -7.093829e-01
   outer loop
     vertex  2.567379e-01  1.583956e-01  6.955591e-02
     vertex  2.409680e-01  1.677033e-01  5.216694e-02
     vertex  2.464621e-01  1.727098e-01  5.216694e-02
   endloop
 endfacet
 facet normal  5.133520e-01 -4.885640e-01 -7.055317e-01
   outer loop
     vertex  2.612555e-01  1.631424e-01  6.955591e-02
     vertex  2.567379e-01  1.583956e-01  6.955591e-02
     vertex  2.464621e-01  1.727098e-01  5.216694e-02
   endloop
 endfacet
 facet normal  5.433615e-01 -4.490357e-01 -7.093132e-01
   outer loop
     vertex  2.612555e-01  1.631424e-01  6.955591e-02
     vertex  2.464621e-01  1.727098e-01  5.216694e-02
     vertex  2.511020e-01  1.783244e-01  5.216694e-02
   endloop
 endfacet
 facet normal  5.557922e-01 -4.377593e-01 -7.067262e-01
   outer loop
     vertex  2.652468e-01  1.682099e-01  6.955591e-02
     vertex  2.612555e-01  1.631424e-01  6.955591e-02
     vertex  2.511020e-01  1.783244e-01  5.216694e-02
   endloop
 endfacet
 facet normal  5.890833e-01 -3.915014e-01 -7.068999e-01
   outer loop
     vertex  2.652468e-01  1.682099e-01  6.955591e-02
     vertex  2.511020e-01  1.783244e-01  5.216694e-02
     vertex  2.530767e-01  1.812956e-01  5.216694e-02
   endloop
 endfacet
 facet normal  6.136355e-01 -3.503241e-01 -7.076189e-01
   outer loop
     vertex  2.686875e-01  1.735158e-01  6.955591e-02
     vertex  2.530767e-01  1.812956e-01  5.216694e-02
     vertex  2.548154e-01  1.843412e-01  5.216694e-02
   endloop
 endfacet
 facet normal  5.942797e-01 -3.853671e-01 -7.059206e-01
   outer loop
     vertex  2.686875e-01  1.735158e-01  6.955591e-02
     vertex  2.652468e-01  1.682099e-01  6.955591e-02
     vertex  2.530767e-01  1.812956e-01  5.216694e-02
   endloop
 endfacet
 facet normal  6.908918e-01  1.507498e-01 -7.070665e-01
   outer loop
     vertex  2.340648e-01  2.146122e-01  2.608347e-02
     vertex  2.594619e-01  2.205567e-01  5.216694e-02
     vertex  2.342326e-01  2.138430e-01  2.608347e-02
   endloop
 endfacet
 facet normal  6.859939e-01  1.716705e-01 -7.070654e-01
   outer loop
     vertex  2.338711e-01  2.153861e-01  2.608347e-02
     vertex  2.594619e-01  2.205567e-01  5.216694e-02
     vertex  2.340648e-01  2.146122e-01  2.608347e-02
   endloop
 endfacet
 facet normal  6.810272e-01  1.928841e-01 -7.063977e-01
   outer loop
     vertex  2.336509e-01  2.161635e-01  2.608347e-02
     vertex  2.594619e-01  2.205567e-01  5.216694e-02
     vertex  2.338711e-01  2.153861e-01  2.608347e-02
   endloop
 endfacet
 facet normal  6.784389e-01  2.041237e-01 -7.057295e-01
   outer loop
     vertex  2.336509e-01  2.161635e-01  2.608347e-02
     vertex  2.575893e-01  2.267805e-01  5.216694e-02
     vertex  2.594619e-01  2.205567e-01  5.216694e-02
   endloop
 endfacet
 facet normal  6.706985e-01  2.245271e-01 -7.069307e-01
   outer loop
     vertex  2.331285e-01  2.177241e-01  2.608347e-02
     vertex  2.575893e-01  2.267805e-01  5.216694e-02
     vertex  2.336509e-01  2.161635e-01  2.608347e-02
   endloop
 endfacet
 facet normal  6.136355e-01  3.503241e-01 -7.076189e-01
   outer loop
     vertex  2.386776e-01  2.262437e-01  3.477796e-02
     vertex  2.317416e-01  2.208310e-01  2.608347e-02
     vertex  2.308722e-01  2.223538e-01  2.608347e-02
   endloop
 endfacet
 facet normal  6.678127e-01  2.720757e-01 -6.928210e-01
   outer loop
     vertex  2.386776e-01  2.262437e-01  3.477796e-02
     vertex  2.331285e-01  2.177241e-01  2.608347e-02
     vertex  2.324931e-01  2.192837e-01  2.608347e-02
   endloop
 endfacet
 facet normal  6.403170e-01  3.031758e-01 -7.057468e-01
   outer loop
     vertex  2.386776e-01  2.262437e-01  3.477796e-02
     vertex  2.575893e-01  2.267805e-01  5.216694e-02
     vertex  2.331285e-01  2.177241e-01  2.608347e-02
   endloop
 endfacet
 facet normal  6.393750e-01  3.105491e-01 -7.033910e-01
   outer loop
     vertex  2.386776e-01  2.262437e-01  3.477796e-02
     vertex  2.324931e-01  2.192837e-01  2.608347e-02
     vertex  2.317416e-01  2.208310e-01  2.608347e-02
   endloop
 endfacet
 facet normal  6.145636e-01  3.508540e-01 -7.065501e-01
   outer loop
     vertex  2.386776e-01  2.262437e-01  3.477796e-02
     vertex  2.530767e-01  2.360399e-01  5.216694e-02
     vertex  2.548154e-01  2.329943e-01  5.216694e-02
   endloop
 endfacet
 facet normal  6.487079e-01  2.642922e-01 -7.136720e-01
   outer loop
     vertex  2.386776e-01  2.262437e-01  3.477796e-02
     vertex  2.563185e-01  2.298997e-01  5.216694e-02
     vertex  2.575893e-01  2.267805e-01  5.216694e-02
   endloop
 endfacet
 facet normal  6.346528e-01  3.082556e-01 -7.086567e-01
   outer loop
     vertex  2.386776e-01  2.262437e-01  3.477796e-02
     vertex  2.548154e-01  2.329943e-01  5.216694e-02
     vertex  2.563185e-01  2.298997e-01  5.216694e-02
   endloop
 endfacet
 facet normal  5.890833e-01  3.915014e-01 -7.068999e-01
   outer loop
     vertex  2.369573e-01  2.288966e-01  3.477796e-02
     vertex  2.511020e-01  2.390111e-01  5.216694e-02
     vertex  2.530767e-01  2.360399e-01  5.216694e-02
   endloop
 endfacet
 facet normal  5.607315e-01  4.311398e-01 -7.068937e-01
   outer loop
     vertex  2.369573e-01  2.288966e-01  3.477796e-02
     vertex  2.298849e-01  2.238394e-01  2.608347e-02
     vertex  2.287813e-01  2.252747e-01  2.608347e-02
   endloop
 endfacet
 facet normal  5.942797e-01  3.853671e-01 -7.059206e-01
   outer loop
     vertex  2.369573e-01  2.288966e-01  3.477796e-02
     vertex  2.386776e-01  2.262437e-01  3.477796e-02
     vertex  2.308722e-01  2.223538e-01  2.608347e-02
   endloop
 endfacet
 facet normal  5.929067e-01  3.844768e-01 -7.075586e-01
   outer loop
     vertex  2.369573e-01  2.288966e-01  3.477796e-02
     vertex  2.530767e-01  2.360399e-01  5.216694e-02
     vertex  2.386776e-01  2.262437e-01  3.477796e-02
   endloop
 endfacet
 facet normal  5.890833e-01  3.915014e-01 -7.068999e-01
   outer loop
     vertex  2.369573e-01  2.288966e-01  3.477796e-02
     vertex  2.308722e-01  2.223538e-01  2.608347e-02
     vertex  2.298849e-01  2.238394e-01  2.608347e-02
   endloop
 endfacet
 facet normal  5.564681e-01  4.382916e-01 -7.058638e-01
   outer loop
     vertex  2.349616e-01  2.314304e-01  3.477796e-02
     vertex  2.369573e-01  2.288966e-01  3.477796e-02
     vertex  2.287813e-01  2.252747e-01  2.608347e-02
   endloop
 endfacet
 facet normal  5.371862e-01  4.596025e-01 -7.072457e-01
   outer loop
     vertex  2.349616e-01  2.314304e-01  3.477796e-02
     vertex  2.287813e-01  2.252747e-01  2.608347e-02
     vertex  2.281869e-01  2.259695e-01  2.608347e-02
   endloop
 endfacet
 facet normal  5.557922e-01  4.377593e-01 -7.067262e-01
   outer loop
     vertex  2.349616e-01  2.314304e-01  3.477796e-02
     vertex  2.511020e-01  2.390111e-01  5.216694e-02
     vertex  2.369573e-01  2.288966e-01  3.477796e-02
   endloop
 endfacet
 facet normal  5.211300e-01  4.785932e-01 -7.066627e-01
   outer loop
     vertex  2.349616e-01  2.314304e-01  3.477796e-02
     vertex  2.281869e-01  2.259695e-01  2.608347e-02
     vertex  2.275649e-01  2.266467e-01  2.608347e-02
   endloop
 endfacet
 facet normal  5.469225e-01  4.519786e-01 -7.046922e-01
   outer loop
     vertex  2.349616e-01  2.314304e-01  3.477796e-02
     vertex  2.464621e-01  2.446257e-01  5.216694e-02
     vertex  2.511020e-01  2.390111e-01  5.216694e-02
   endloop
 endfacet
 facet normal  6.420246e-01  3.062821e-01 -7.028483e-01
   outer loop
     vertex  2.652784e-01  2.310139e-01  6.086142e-02
     vertex  2.548154e-01  2.329943e-01  5.216694e-02
     vertex  2.686875e-01  2.438197e-01  6.955591e-02
   endloop
 endfacet
 facet normal  6.814881e-01  2.050411e-01 -7.025184e-01
   outer loop
     vertex  2.652784e-01  2.310139e-01  6.086142e-02
     vertex  2.594619e-01  2.205567e-01  5.216694e-02
     vertex  2.575893e-01  2.267805e-01  5.216694e-02
   endloop
 endfacet
 facet normal  6.539582e-01  2.664312e-01 -7.080629e-01
   outer loop
     vertex  2.652784e-01  2.310139e-01  6.086142e-02
     vertex  2.575893e-01  2.267805e-01  5.216694e-02
     vertex  2.563185e-01  2.298997e-01  5.216694e-02
   endloop
 endfacet
 facet normal  6.414935e-01  3.115781e-01 -7.010029e-01
   outer loop
     vertex  2.652784e-01  2.310139e-01  6.086142e-02
     vertex  2.563185e-01  2.298997e-01  5.216694e-02
     vertex  2.548154e-01  2.329943e-01  5.216694e-02
   endloop
 endfacet
 facet normal  6.840004e-01  2.022781e-01 -7.008759e-01
   outer loop
     vertex  2.857907e-01  2.219029e-01  7.825040e-02
     vertex  2.594619e-01  2.205567e-01  5.216694e-02
     vertex  2.652784e-01  2.310139e-01  6.086142e-02
   endloop
 endfacet
 facet normal  7.043830e-01  7.955315e-02 -7.053481e-01
   outer loop
     vertex  2.857907e-01  2.219029e-01  7.825040e-02
     vertex  2.867999e-01  2.129671e-01  7.825040e-02
     vertex  2.605100e-01  2.144790e-01  5.216694e-02
   endloop
 endfacet
 facet normal  6.956036e-01  1.199605e-01 -7.083397e-01
   outer loop
     vertex  2.857907e-01  2.219029e-01  7.825040e-02
     vertex  2.605100e-01  2.144790e-01  5.216694e-02
     vertex  2.594619e-01  2.205567e-01  5.216694e-02
   endloop
 endfacet
 facet normal  4.779469e-01  5.245019e-01 -7.046024e-01
   outer loop
     vertex  2.327028e-01  2.338038e-01  3.477796e-02
     vertex  2.409680e-01  2.496321e-01  5.216694e-02
     vertex  2.464621e-01  2.446257e-01  5.216694e-02
   endloop
 endfacet
 facet normal  5.116453e-01  4.869397e-01 -7.078904e-01
   outer loop
     vertex  2.327028e-01  2.338038e-01  3.477796e-02
     vertex  2.464621e-01  2.446257e-01  5.216694e-02
     vertex  2.349616e-01  2.314304e-01  3.477796e-02
   endloop
 endfacet
 facet normal  5.133520e-01  4.885640e-01 -7.055317e-01
   outer loop
     vertex  2.327028e-01  2.338038e-01  3.477796e-02
     vertex  2.349616e-01  2.314304e-01  3.477796e-02
     vertex  2.275649e-01  2.266467e-01  2.608347e-02
   endloop
 endfacet
 facet normal  4.640412e-01  5.340729e-01 -7.067049e-01
   outer loop
     vertex  2.302012e-01  2.359773e-01  3.477796e-02
     vertex  2.409680e-01  2.496321e-01  5.216694e-02
     vertex  2.327028e-01  2.338038e-01  3.477796e-02
   endloop
 endfacet
 facet normal  4.617026e-01  5.313814e-01 -7.102566e-01
   outer loop
     vertex  2.302012e-01  2.359773e-01  3.477796e-02
     vertex  2.327028e-01  2.338038e-01  3.477796e-02
     vertex  2.275649e-01  2.266467e-01  2.608347e-02
   endloop
 endfacet
 facet normal  4.177006e-01  5.708326e-01 -7.068779e-01
   outer loop
     vertex  2.281823e-01  2.374547e-01  3.477796e-02
     vertex  2.409680e-01  2.496321e-01  5.216694e-02
     vertex  2.302012e-01  2.359773e-01  3.477796e-02
   endloop
 endfacet
 facet normal  3.982624e-01  5.876166e-01 -7.043393e-01
   outer loop
     vertex  2.281823e-01  2.374547e-01  3.477796e-02
     vertex  2.347512e-01  2.538456e-01  5.216694e-02
     vertex  2.409680e-01  2.496321e-01  5.216694e-02
   endloop
 endfacet
 facet normal  3.831395e-01  5.955265e-01 -7.060823e-01
   outer loop
     vertex  2.267761e-01  2.383594e-01  3.477796e-02
     vertex  2.347512e-01  2.538456e-01  5.216694e-02
     vertex  2.281823e-01  2.374547e-01  3.477796e-02
   endloop
 endfacet
 facet normal  6.784537e-01  2.534564e-01 -6.895364e-01
   outer loop
     vertex  2.895401e-01  2.405908e-01  8.694489e-02
     vertex  3.009631e-01  2.573209e-01  1.043339e-01
     vertex  3.102560e-01  2.324456e-01  1.043339e-01
   endloop
 endfacet
 facet normal  6.367621e-01  3.098628e-01 -7.060588e-01
   outer loop
     vertex  2.895401e-01  2.405908e-01  8.694489e-02
     vertex  2.652784e-01  2.310139e-01  6.086142e-02
     vertex  2.686875e-01  2.438197e-01  6.955591e-02
   endloop
 endfacet
 facet normal  6.827351e-01  1.911278e-01 -7.052255e-01
   outer loop
     vertex  2.895401e-01  2.405908e-01  8.694489e-02
     vertex  2.857907e-01  2.219029e-01  7.825040e-02
     vertex  2.652784e-01  2.310139e-01  6.086142e-02
   endloop
 endfacet
 facet normal  6.357222e-01  3.182704e-01 -7.032505e-01
   outer loop
     vertex  2.826826e-01  2.542880e-01  8.694489e-02
     vertex  2.895401e-01  2.405908e-01  8.694489e-02
     vertex  2.686875e-01  2.438197e-01  6.955591e-02
   endloop
 endfacet
 facet normal  5.924498e-01  3.841805e-01 -7.081021e-01
   outer loop
     vertex  2.826826e-01  2.542880e-01  8.694489e-02
     vertex  2.686875e-01  2.438197e-01  6.955591e-02
     vertex  2.652468e-01  2.491255e-01  6.955591e-02
   endloop
 endfacet
 facet normal  6.265906e-01  3.136988e-01 -7.134264e-01
   outer loop
     vertex  2.826826e-01  2.542880e-01  8.694489e-02
     vertex  3.009631e-01  2.573209e-01  1.043339e-01
     vertex  2.895401e-01  2.405908e-01  8.694489e-02
   endloop
 endfacet
 facet normal  5.875331e-01  4.219472e-01 -6.904820e-01
   outer loop
     vertex  2.757129e-01  2.640244e-01  8.694489e-02
     vertex  2.842566e-01  2.805836e-01  1.043339e-01
     vertex  3.009631e-01  2.573209e-01  1.043339e-01
   endloop
 endfacet
 facet normal  5.876575e-01  4.206710e-01 -6.911546e-01
   outer loop
     vertex  2.757129e-01  2.640244e-01  8.694489e-02
     vertex  3.009631e-01  2.573209e-01  1.043339e-01
     vertex  2.826826e-01  2.542880e-01  8.694489e-02
   endloop
 endfacet
 facet normal  5.546675e-01  4.368734e-01 -7.081565e-01
   outer loop
     vertex  2.757129e-01  2.640244e-01  8.694489e-02
     vertex  2.652468e-01  2.491255e-01  6.955591e-02
     vertex  2.612555e-01  2.541931e-01  6.955591e-02
   endloop
 endfacet
 facet normal  5.783943e-01  4.140399e-01 -7.028734e-01
   outer loop
     vertex  2.757129e-01  2.640244e-01  8.694489e-02
     vertex  2.826826e-01  2.542880e-01  8.694489e-02
     vertex  2.652468e-01  2.491255e-01  6.955591e-02
   endloop
 endfacet
 facet normal  6.899536e-01  1.724631e-01 -7.030082e-01
   outer loop
     vertex  3.343562e-01  2.434684e-01  1.304173e-01
     vertex  3.576620e-01  2.565554e-01  1.565008e-01
     vertex  3.626705e-01  2.365183e-01  1.565008e-01
   endloop
 endfacet
 facet normal  6.896460e-01  1.542432e-01 -7.075291e-01
   outer loop
     vertex  3.343562e-01  2.434684e-01  1.304173e-01
     vertex  3.626705e-01  2.365183e-01  1.565008e-01
     vertex  3.372061e-01  2.307263e-01  1.304173e-01
   endloop
 endfacet
 facet normal  6.616058e-01  2.606339e-01 -7.030987e-01
   outer loop
     vertex  3.289532e-01  2.590671e-01  1.304173e-01
     vertex  3.502909e-01  2.752663e-01  1.565008e-01
     vertex  3.576620e-01  2.565554e-01  1.565008e-01
   endloop
 endfacet
 facet normal  6.653229e-01  2.304534e-01 -7.100962e-01
   outer loop
     vertex  3.289532e-01  2.590671e-01  1.304173e-01
     vertex  3.576620e-01  2.565554e-01  1.565008e-01
     vertex  3.343562e-01  2.434684e-01  1.304173e-01
   endloop
 endfacet
 facet normal -5.205239e-02  7.155404e-01 -6.966294e-01
   outer loop
     vertex  1.984307e-01  2.686620e-01  6.086142e-02
     vertex  2.122445e-01  2.781316e-01  6.955591e-02
     vertex  2.066613e-01  2.607961e-01  5.216694e-02
   endloop
 endfacet
 facet normal -2.601220e-02  6.964131e-01 -7.171695e-01
   outer loop
     vertex  1.984307e-01  2.686620e-01  6.086142e-02
     vertex  1.999190e-01  2.776713e-01  6.955591e-02
     vertex  2.122445e-01  2.781316e-01  6.955591e-02
   endloop
 endfacet
 facet normal  1.568982e-01  6.835067e-01 -7.128826e-01
   outer loop
     vertex  2.210884e-01  2.947209e-01  8.694489e-02
     vertex  2.331543e-01  3.100875e-01  1.043339e-01
     vertex  2.350198e-01  2.915229e-01  8.694489e-02
   endloop
 endfacet
 facet normal  1.007247e-01  6.937843e-01 -7.131044e-01
   outer loop
     vertex  2.210884e-01  2.947209e-01  8.694489e-02
     vertex  2.249921e-01  2.762809e-01  6.955591e-02
     vertex  2.122445e-01  2.781316e-01  6.955591e-02
   endloop
 endfacet
 facet normal  7.188253e-02  7.221243e-01 -6.880185e-01
   outer loop
     vertex  2.210884e-01  2.947209e-01  8.694489e-02
     vertex  2.046549e-01  3.129244e-01  1.043339e-01
     vertex  2.331543e-01  3.100875e-01  1.043339e-01
   endloop
 endfacet
 facet normal  1.595249e-01  6.949494e-01 -7.011399e-01
   outer loop
     vertex  2.210884e-01  2.947209e-01  8.694489e-02
     vertex  2.350198e-01  2.915229e-01  8.694489e-02
     vertex  2.249921e-01  2.762809e-01  6.955591e-02
   endloop
 endfacet
 facet normal -1.421894e-01  6.994329e-01 -7.004112e-01
   outer loop
     vertex  1.946676e-01  2.678970e-01  6.086142e-02
     vertex  1.999190e-01  2.776713e-01  6.955591e-02
     vertex  1.984307e-01  2.686620e-01  6.086142e-02
   endloop
 endfacet
 facet normal -1.492835e-01  7.007528e-01 -6.976102e-01
   outer loop
     vertex  1.946676e-01  2.678970e-01  6.086142e-02
     vertex  1.885331e-01  2.752457e-01  6.955591e-02
     vertex  1.999190e-01  2.776713e-01  6.955591e-02
   endloop
 endfacet
 facet normal -1.772671e-01  6.864358e-01 -7.052533e-01
   outer loop
     vertex  1.922388e-01  2.672698e-01  6.086142e-02
     vertex  1.885331e-01  2.752457e-01  6.955591e-02
     vertex  1.946676e-01  2.678970e-01  6.086142e-02
   endloop
 endfacet
 facet normal -2.433502e-01  6.608624e-01 -7.099589e-01
   outer loop
     vertex  1.922388e-01  2.672698e-01  6.086142e-02
     vertex  1.808165e-01  2.724042e-01  6.955591e-02
     vertex  1.885331e-01  2.752457e-01  6.955591e-02
   endloop
 endfacet
 facet normal  7.081779e-01  9.888523e-02 -6.990749e-01
   outer loop
     vertex  3.867511e-01  2.489585e-01  1.825843e-01
     vertex  3.909762e-01  2.186997e-01  1.825843e-01
     vertex  3.641945e-01  2.261015e-01  1.565008e-01
   endloop
 endfacet
 facet normal  7.057970e-01  1.032584e-01 -7.008482e-01
   outer loop
     vertex  3.867511e-01  2.489585e-01  1.825843e-01
     vertex  3.641945e-01  2.261015e-01  1.565008e-01
     vertex  3.626705e-01  2.365183e-01  1.565008e-01
   endloop
 endfacet
 facet normal  6.821307e-01  1.705077e-01 -7.110730e-01
   outer loop
     vertex  3.867511e-01  2.489585e-01  1.825843e-01
     vertex  3.626705e-01  2.365183e-01  1.565008e-01
     vertex  3.576620e-01  2.565554e-01  1.565008e-01
   endloop
 endfacet
 facet normal  6.825497e-01  2.018235e-01 -7.024195e-01
   outer loop
     vertex  3.800256e-01  2.717034e-01  1.825843e-01
     vertex  3.867511e-01  2.489585e-01  1.825843e-01
     vertex  3.576620e-01  2.565554e-01  1.565008e-01
   endloop
 endfacet
 facet normal  6.544261e-01  2.578055e-01 -7.108184e-01
   outer loop
     vertex  3.800256e-01  2.717034e-01  1.825843e-01
     vertex  3.576620e-01  2.565554e-01  1.565008e-01
     vertex  3.502909e-01  2.752663e-01  1.565008e-01
   endloop
 endfacet
 facet normal -1.194732e-01  7.127715e-01 -6.911461e-01
   outer loop
     vertex  1.904374e-01  2.936799e-01  8.694489e-02
     vertex  1.784658e-01  3.085347e-01  1.043339e-01
     vertex  2.046549e-01  3.129244e-01  1.043339e-01
   endloop
 endfacet
 facet normal  6.507917e-01  2.878660e-01 -7.025691e-01
   outer loop
     vertex  3.705835e-01  2.930496e-01  1.825843e-01
     vertex  3.800256e-01  2.717034e-01  1.825843e-01
     vertex  3.502909e-01  2.752663e-01  1.565008e-01
   endloop
 endfacet
 facet normal -2.434869e-01  6.612336e-01 -7.095662e-01
   outer loop
     vertex  1.785572e-01  2.902322e-01  8.694489e-02
     vertex  1.885331e-01  2.752457e-01  6.955591e-02
     vertex  1.808165e-01  2.724042e-01  6.955591e-02
   endloop
 endfacet
 facet normal -1.958662e-01  6.749292e-01 -7.114120e-01
   outer loop
     vertex  1.785572e-01  2.902322e-01  8.694489e-02
     vertex  1.784658e-01  3.085347e-01  1.043339e-01
     vertex  1.904374e-01  2.936799e-01  8.694489e-02
   endloop
 endfacet
 facet normal -2.855132e-01  6.593644e-01 -6.955004e-01
   outer loop
     vertex  1.785572e-01  2.902322e-01  8.694489e-02
     vertex  1.565008e-01  2.990235e-01  1.043339e-01
     vertex  1.784658e-01  3.085347e-01  1.043339e-01
   endloop
 endfacet
 facet normal -1.983005e-01  6.833178e-01 -7.026761e-01
   outer loop
     vertex  1.785572e-01  2.902322e-01  8.694489e-02
     vertex  1.904374e-01  2.936799e-01  8.694489e-02
     vertex  1.885331e-01  2.752457e-01  6.955591e-02
   endloop
 endfacet
 facet normal -3.103952e-01  6.432991e-01 -6.998722e-01
   outer loop
     vertex  1.785572e-01  2.902322e-01  8.694489e-02
     vertex  1.808165e-01  2.724042e-01  6.955591e-02
     vertex  1.761087e-01  2.701326e-01  6.955591e-02
   endloop
 endfacet
 facet normal -3.233111e-01  6.136631e-01 -7.203385e-01
   outer loop
     vertex  1.584221e-01  2.796240e-01  8.694489e-02
     vertex  1.565008e-01  2.990235e-01  1.043339e-01
     vertex  1.785572e-01  2.902322e-01  8.694489e-02
   endloop
 endfacet
 facet normal -4.296210e-01  5.787642e-01 -6.931506e-01
   outer loop
     vertex  1.584221e-01  2.796240e-01  8.694489e-02
     vertex  1.372814e-01  2.847568e-01  1.043339e-01
     vertex  1.565008e-01  2.990235e-01  1.043339e-01
   endloop
 endfacet
 facet normal -4.439520e-01  5.549255e-01 -7.035370e-01
   outer loop
     vertex  1.504700e-01  2.732621e-01  8.694489e-02
     vertex  1.372814e-01  2.847568e-01  1.043339e-01
     vertex  1.584221e-01  2.796240e-01  8.694489e-02
   endloop
 endfacet
 facet normal -1.997803e-01  6.825269e-01 -7.030255e-01
   outer loop
     vertex  1.756520e-01  3.348368e-01  1.304173e-01
     vertex  1.547251e-01  3.555782e-01  1.565008e-01
     vertex  1.748801e-01  3.614777e-01  1.565008e-01
   endloop
 endfacet
 facet normal -2.826330e-01  6.512829e-01 -7.042366e-01
   outer loop
     vertex  1.600326e-01  3.296773e-01  1.304173e-01
     vertex  1.382125e-01  3.484124e-01  1.565008e-01
     vertex  1.547251e-01  3.555782e-01  1.565008e-01
   endloop
 endfacet
 facet normal -2.210483e-01  6.691720e-01 -7.094692e-01
   outer loop
     vertex  1.600326e-01  3.296773e-01  1.304173e-01
     vertex  1.547251e-01  3.555782e-01  1.565008e-01
     vertex  1.756520e-01  3.348368e-01  1.304173e-01
   endloop
 endfacet
 facet normal -5.172419e-01  4.792280e-01 -7.090849e-01
   outer loop
     vertex  1.356356e-01  2.658275e-01  9.274122e-02
     vertex  1.372814e-01  2.847568e-01  1.043339e-01
     vertex  1.504700e-01  2.732621e-01  8.694489e-02
   endloop
 endfacet
 facet normal -5.230335e-01  5.129098e-01 -6.807051e-01
   outer loop
     vertex  1.356356e-01  2.658275e-01  9.274122e-02
     vertex  1.504700e-01  2.732621e-01  8.694489e-02
     vertex  1.429483e-01  2.655920e-01  8.694489e-02
   endloop
 endfacet
 facet normal -5.476174e-01  4.444334e-01 -7.089388e-01
   outer loop
     vertex  1.356356e-01  2.658275e-01  9.274122e-02
     vertex  1.429483e-01  2.655920e-01  8.694489e-02
     vertex  1.394372e-01  2.612657e-01  8.694489e-02
   endloop
 endfacet
 facet normal -5.650697e-01  4.660617e-01 -6.807957e-01
   outer loop
     vertex  1.356356e-01  2.658275e-01  9.274122e-02
     vertex  1.203852e-01  2.642713e-01  1.043339e-01
     vertex  1.372814e-01  2.847568e-01  1.043339e-01
   endloop
 endfacet
 facet normal -5.795546e-01  4.110935e-01 -7.036466e-01
   outer loop
     vertex  1.361425e-01  2.566209e-01  8.694489e-02
     vertex  1.356356e-01  2.658275e-01  9.274122e-02
     vertex  1.394372e-01  2.612657e-01  8.694489e-02
   endloop
 endfacet
 facet normal -5.809721e-01  3.959388e-01 -7.111286e-01
   outer loop
     vertex  1.287598e-01  2.557384e-01  9.274122e-02
     vertex  1.203852e-01  2.642713e-01  1.043339e-01
     vertex  1.356356e-01  2.658275e-01  9.274122e-02
   endloop
 endfacet
 facet normal -5.941019e-01  4.048870e-01 -6.950608e-01
   outer loop
     vertex  1.287598e-01  2.557384e-01  9.274122e-02
     vertex  1.356356e-01  2.658275e-01  9.274122e-02
     vertex  1.361425e-01  2.566209e-01  8.694489e-02
   endloop
 endfacet
 facet normal -6.081455e-01  3.220620e-01 -7.255585e-01
   outer loop
     vertex  1.248282e-01  2.483145e-01  9.274122e-02
     vertex  1.287598e-01  2.557384e-01  9.274122e-02
     vertex  1.361425e-01  2.566209e-01  8.694489e-02
   endloop
 endfacet
 facet normal -6.719774e-01  3.036258e-01 -6.754685e-01
   outer loop
     vertex  1.248282e-01  2.483145e-01  9.274122e-02
     vertex  1.085924e-01  2.381717e-01  1.043339e-01
     vertex  1.203852e-01  2.642713e-01  1.043339e-01
   endloop
 endfacet
 facet normal -6.302598e-01  3.337733e-01 -7.009764e-01
   outer loop
     vertex  1.248282e-01  2.483145e-01  9.274122e-02
     vertex  1.203852e-01  2.642713e-01  1.043339e-01
     vertex  1.287598e-01  2.557384e-01  9.274122e-02
   endloop
 endfacet
 facet normal -4.720941e-01  5.226941e-01 -7.098718e-01
   outer loop
     vertex  1.154879e-01  2.999158e-01  1.304173e-01
     vertex  1.064126e-01  3.271430e-01  1.565008e-01
     vertex  1.273454e-01  3.106253e-01  1.304173e-01
   endloop
 endfacet
 facet normal -4.781635e-01  5.192202e-01 -7.083573e-01
   outer loop
     vertex  1.154879e-01  2.999158e-01  1.304173e-01
     vertex  9.899756e-02  3.203143e-01  1.565008e-01
     vertex  1.064126e-01  3.271430e-01  1.565008e-01
   endloop
 endfacet
 facet normal -5.116938e-01  4.893469e-01 -7.061933e-01
   outer loop
     vertex  1.154879e-01  2.999158e-01  1.304173e-01
     vertex  9.223835e-02  3.132464e-01  1.565008e-01
     vertex  9.899756e-02  3.203143e-01  1.565008e-01
   endloop
 endfacet
 facet normal -5.585755e-01  4.402046e-01 -7.030031e-01
   outer loop
     vertex  1.046994e-01  2.874032e-01  1.304173e-01
     vertex  7.977109e-02  2.974267e-01  1.565008e-01
     vertex  9.223835e-02  3.132464e-01  1.565008e-01
   endloop
 endfacet
 facet normal -5.331792e-01  4.597136e-01 -7.101995e-01
   outer loop
     vertex  1.046994e-01  2.874032e-01  1.304173e-01
     vertex  9.223835e-02  3.132464e-01  1.565008e-01
     vertex  1.154879e-01  2.999158e-01  1.304173e-01
   endloop
 endfacet
 facet normal -5.938032e-01  3.815944e-01 -7.083668e-01
   outer loop
     vertex  9.547064e-02  2.734373e-01  1.304173e-01
     vertex  7.438036e-02  2.890381e-01  1.565008e-01
     vertex  7.977109e-02  2.974267e-01  1.565008e-01
   endloop
 endfacet
 facet normal -5.872270e-01  3.880453e-01 -7.103416e-01
   outer loop
     vertex  9.547064e-02  2.734373e-01  1.304173e-01
     vertex  7.977109e-02  2.974267e-01  1.565008e-01
     vertex  1.046994e-01  2.874032e-01  1.304173e-01
   endloop
 endfacet
 facet normal -6.719774e-01 -3.036258e-01 -6.754685e-01
   outer loop
     vertex  1.248282e-01  1.690209e-01  9.274122e-02
     vertex  1.203852e-01  1.530642e-01  1.043339e-01
     vertex  1.085924e-01  1.791638e-01  1.043339e-01
   endloop
 endfacet
 facet normal -6.302598e-01 -3.337733e-01 -7.009764e-01
   outer loop
     vertex  1.287598e-01  1.615971e-01  9.274122e-02
     vertex  1.203852e-01  1.530642e-01  1.043339e-01
     vertex  1.248282e-01  1.690209e-01  9.274122e-02
   endloop
 endfacet
 facet normal -6.081455e-01 -3.220620e-01 -7.255585e-01
   outer loop
     vertex  1.287598e-01  1.615971e-01  9.274122e-02
     vertex  1.248282e-01  1.690209e-01  9.274122e-02
     vertex  1.361425e-01  1.607146e-01  8.694489e-02
   endloop
 endfacet
 facet normal -5.650697e-01 -4.660617e-01 -6.807957e-01
   outer loop
     vertex  1.356356e-01  1.515080e-01  9.274122e-02
     vertex  1.372814e-01  1.325787e-01  1.043339e-01
     vertex  1.203852e-01  1.530642e-01  1.043339e-01
   endloop
 endfacet
 facet normal -5.809721e-01 -3.959388e-01 -7.111286e-01
   outer loop
     vertex  1.356356e-01  1.515080e-01  9.274122e-02
     vertex  1.203852e-01  1.530642e-01  1.043339e-01
     vertex  1.287598e-01  1.615971e-01  9.274122e-02
   endloop
 endfacet
 facet normal -5.941019e-01 -4.048870e-01 -6.950608e-01
   outer loop
     vertex  1.356356e-01  1.515080e-01  9.274122e-02
     vertex  1.287598e-01  1.615971e-01  9.274122e-02
     vertex  1.361425e-01  1.607146e-01  8.694489e-02
   endloop
 endfacet
 facet normal -5.795546e-01 -4.110935e-01 -7.036466e-01
   outer loop
     vertex  1.356356e-01  1.515080e-01  9.274122e-02
     vertex  1.361425e-01  1.607146e-01  8.694489e-02
     vertex  1.394372e-01  1.560698e-01  8.694489e-02
   endloop
 endfacet
 facet normal -5.476174e-01 -4.444334e-01 -7.089388e-01
   outer loop
     vertex  1.356356e-01  1.515080e-01  9.274122e-02
     vertex  1.394372e-01  1.560698e-01  8.694489e-02
     vertex  1.429483e-01  1.517435e-01  8.694489e-02
   endloop
 endfacet
 facet normal -5.172419e-01 -4.792280e-01 -7.090849e-01
   outer loop
     vertex  1.504700e-01  1.440733e-01  8.694489e-02
     vertex  1.372814e-01  1.325787e-01  1.043339e-01
     vertex  1.356356e-01  1.515080e-01  9.274122e-02
   endloop
 endfacet
 facet normal -5.230335e-01 -5.129098e-01 -6.807051e-01
   outer loop
     vertex  1.504700e-01  1.440733e-01  8.694489e-02
     vertex  1.356356e-01  1.515080e-01  9.274122e-02
     vertex  1.429483e-01  1.517435e-01  8.694489e-02
   endloop
 endfacet
 facet normal -4.296210e-01 -5.787642e-01 -6.931506e-01
   outer loop
     vertex  1.584221e-01  1.377115e-01  8.694489e-02
     vertex  1.565008e-01  1.183120e-01  1.043339e-01
     vertex  1.372814e-01  1.325787e-01  1.043339e-01
   endloop
 endfacet
 facet normal -4.439520e-01 -5.549255e-01 -7.035370e-01
   outer loop
     vertex  1.584221e-01  1.377115e-01  8.694489e-02
     vertex  1.372814e-01  1.325787e-01  1.043339e-01
     vertex  1.504700e-01  1.440733e-01  8.694489e-02
   endloop
 endfacet
 facet normal -2.433502e-01 -6.608624e-01 -7.099589e-01
   outer loop
     vertex  1.922388e-01  1.500657e-01  6.086142e-02
     vertex  1.885331e-01  1.420898e-01  6.955591e-02
     vertex  1.808165e-01  1.449313e-01  6.955591e-02
   endloop
 endfacet
 facet normal -1.492835e-01 -7.007528e-01 -6.976102e-01
   outer loop
     vertex  1.946676e-01  1.494385e-01  6.086142e-02
     vertex  1.999190e-01  1.396642e-01  6.955591e-02
     vertex  1.885331e-01  1.420898e-01  6.955591e-02
   endloop
 endfacet
 facet normal -1.772671e-01 -6.864358e-01 -7.052533e-01
   outer loop
     vertex  1.946676e-01  1.494385e-01  6.086142e-02
     vertex  1.885331e-01  1.420898e-01  6.955591e-02
     vertex  1.922388e-01  1.500657e-01  6.086142e-02
   endloop
 endfacet
 facet normal -1.421894e-01 -6.994329e-01 -7.004112e-01
   outer loop
     vertex  1.984307e-01  1.486734e-01  6.086142e-02
     vertex  1.999190e-01  1.396642e-01  6.955591e-02
     vertex  1.946676e-01  1.494385e-01  6.086142e-02
   endloop
 endfacet
 facet normal -5.205239e-02 -7.155404e-01 -6.966294e-01
   outer loop
     vertex  1.984307e-01  1.486734e-01  6.086142e-02
     vertex  2.066613e-01  1.565394e-01  5.216694e-02
     vertex  2.122445e-01  1.392038e-01  6.955591e-02
   endloop
 endfacet
 facet normal -2.601220e-02 -6.964131e-01 -7.171695e-01
   outer loop
     vertex  1.984307e-01  1.486734e-01  6.086142e-02
     vertex  2.122445e-01  1.392038e-01  6.955591e-02
     vertex  1.999190e-01  1.396642e-01  6.955591e-02
   endloop
 endfacet
 facet normal -2.434869e-01 -6.612336e-01 -7.095662e-01
   outer loop
     vertex  1.785572e-01  1.271032e-01  8.694489e-02
     vertex  1.808165e-01  1.449313e-01  6.955591e-02
     vertex  1.885331e-01  1.420898e-01  6.955591e-02
   endloop
 endfacet
 facet normal -3.233111e-01 -6.136631e-01 -7.203385e-01
   outer loop
     vertex  1.785572e-01  1.271032e-01  8.694489e-02
     vertex  1.565008e-01  1.183120e-01  1.043339e-01
     vertex  1.584221e-01  1.377115e-01  8.694489e-02
   endloop
 endfacet
 facet normal -2.855132e-01 -6.593644e-01 -6.955004e-01
   outer loop
     vertex  1.785572e-01  1.271032e-01  8.694489e-02
     vertex  1.784658e-01  1.088008e-01  1.043339e-01
     vertex  1.565008e-01  1.183120e-01  1.043339e-01
   endloop
 endfacet
 facet normal -3.103952e-01 -6.432991e-01 -6.998722e-01
   outer loop
     vertex  1.785572e-01  1.271032e-01  8.694489e-02
     vertex  1.761087e-01  1.472029e-01  6.955591e-02
     vertex  1.808165e-01  1.449313e-01  6.955591e-02
   endloop
 endfacet
 facet normal -1.194732e-01 -7.127715e-01 -6.911461e-01
   outer loop
     vertex  1.904374e-01  1.236556e-01  8.694489e-02
     vertex  2.046549e-01  1.044111e-01  1.043339e-01
     vertex  1.784658e-01  1.088008e-01  1.043339e-01
   endloop
 endfacet
 facet normal -1.983005e-01 -6.833178e-01 -7.026761e-01
   outer loop
     vertex  1.904374e-01  1.236556e-01  8.694489e-02
     vertex  1.785572e-01  1.271032e-01  8.694489e-02
     vertex  1.885331e-01  1.420898e-01  6.955591e-02
   endloop
 endfacet
 facet normal -1.958662e-01 -6.749292e-01 -7.114120e-01
   outer loop
     vertex  1.904374e-01  1.236556e-01  8.694489e-02
     vertex  1.784658e-01  1.088008e-01  1.043339e-01
     vertex  1.785572e-01  1.271032e-01  8.694489e-02
   endloop
 endfacet
 facet normal -1.463014e-01 -6.867548e-01 -7.120139e-01
   outer loop
     vertex  1.904374e-01  1.236556e-01  8.694489e-02
     vertex  1.885331e-01  1.420898e-01  6.955591e-02
     vertex  1.999190e-01  1.396642e-01  6.955591e-02
   endloop
 endfacet
 facet normal  3.831395e-01 -5.955265e-01 -7.060823e-01
   outer loop
     vertex  2.281823e-01  1.798808e-01  3.477796e-02
     vertex  2.347512e-01  1.634898e-01  5.216694e-02
     vertex  2.267761e-01  1.789761e-01  3.477796e-02
   endloop
 endfacet
 facet normal  3.982624e-01 -5.876166e-01 -7.043393e-01
   outer loop
     vertex  2.281823e-01  1.798808e-01  3.477796e-02
     vertex  2.409680e-01  1.677033e-01  5.216694e-02
     vertex  2.347512e-01  1.634898e-01  5.216694e-02
   endloop
 endfacet
 facet normal  4.177006e-01 -5.708326e-01 -7.068779e-01
   outer loop
     vertex  2.302012e-01  1.813581e-01  3.477796e-02
     vertex  2.409680e-01  1.677033e-01  5.216694e-02
     vertex  2.281823e-01  1.798808e-01  3.477796e-02
   endloop
 endfacet
 facet normal -4.165083e-01 -5.610994e-01 -7.153240e-01
   outer loop
     vertex  1.344470e-01  1.014299e-01  1.304173e-01
     vertex  1.372814e-01  1.325787e-01  1.043339e-01
     vertex  1.565008e-01  1.183120e-01  1.043339e-01
   endloop
 endfacet
 facet normal  4.617026e-01 -5.313814e-01 -7.102566e-01
   outer loop
     vertex  2.327028e-01  1.835317e-01  3.477796e-02
     vertex  2.302012e-01  1.813581e-01  3.477796e-02
     vertex  2.275649e-01  1.906888e-01  2.608347e-02
   endloop
 endfacet
 facet normal  4.640412e-01 -5.340729e-01 -7.067049e-01
   outer loop
     vertex  2.327028e-01  1.835317e-01  3.477796e-02
     vertex  2.409680e-01  1.677033e-01  5.216694e-02
     vertex  2.302012e-01  1.813581e-01  3.477796e-02
   endloop
 endfacet
 facet normal  4.779469e-01 -5.245019e-01 -7.046024e-01
   outer loop
     vertex  2.327028e-01  1.835317e-01  3.477796e-02
     vertex  2.464621e-01  1.727098e-01  5.216694e-02
     vertex  2.409680e-01  1.677033e-01  5.216694e-02
   endloop
 endfacet
 facet normal -3.657837e-01 -6.026026e-01 -7.092760e-01
   outer loop
     vertex  1.477856e-01  9.333323e-02  1.304173e-01
     vertex  1.234184e-01  7.742353e-02  1.565008e-01
     vertex  1.344470e-01  1.014299e-01  1.304173e-01
   endloop
 endfacet
 facet normal -3.480102e-01 -6.199433e-01 -7.032490e-01
   outer loop
     vertex  1.477856e-01  9.333323e-02  1.304173e-01
     vertex  1.410203e-01  6.754252e-02  1.565008e-01
     vertex  1.234184e-01  7.742353e-02  1.565008e-01
   endloop
 endfacet
 facet normal  5.469225e-01 -4.519786e-01 -7.046922e-01
   outer loop
     vertex  2.349616e-01  1.859051e-01  3.477796e-02
     vertex  2.511020e-01  1.783244e-01  5.216694e-02
     vertex  2.464621e-01  1.727098e-01  5.216694e-02
   endloop
 endfacet
 facet normal  5.371862e-01 -4.596025e-01 -7.072457e-01
   outer loop
     vertex  2.349616e-01  1.859051e-01  3.477796e-02
     vertex  2.281869e-01  1.913660e-01  2.608347e-02
     vertex  2.287813e-01  1.920607e-01  2.608347e-02
   endloop
 endfacet
 facet normal  5.116453e-01 -4.869397e-01 -7.078904e-01
   outer loop
     vertex  2.349616e-01  1.859051e-01  3.477796e-02
     vertex  2.464621e-01  1.727098e-01  5.216694e-02
     vertex  2.327028e-01  1.835317e-01  3.477796e-02
   endloop
 endfacet
 facet normal  5.133520e-01 -4.885640e-01 -7.055317e-01
   outer loop
     vertex  2.349616e-01  1.859051e-01  3.477796e-02
     vertex  2.327028e-01  1.835317e-01  3.477796e-02
     vertex  2.275649e-01  1.906888e-01  2.608347e-02
   endloop
 endfacet
 facet normal  5.211300e-01 -4.785932e-01 -7.066627e-01
   outer loop
     vertex  2.349616e-01  1.859051e-01  3.477796e-02
     vertex  2.275649e-01  1.906888e-01  2.608347e-02
     vertex  2.281869e-01  1.913660e-01  2.608347e-02
   endloop
 endfacet
 facet normal  7.188253e-02 -7.221243e-01 -6.880185e-01
   outer loop
     vertex  2.210884e-01  1.226146e-01  8.694489e-02
     vertex  2.331543e-01  1.072480e-01  1.043339e-01
     vertex  2.046549e-01  1.044111e-01  1.043339e-01
   endloop
 endfacet
 facet normal  5.890833e-01 -3.915014e-01 -7.068999e-01
   outer loop
     vertex  2.369573e-01  1.884388e-01  3.477796e-02
     vertex  2.530767e-01  1.812956e-01  5.216694e-02
     vertex  2.511020e-01  1.783244e-01  5.216694e-02
   endloop
 endfacet
 facet normal  5.564681e-01 -4.382916e-01 -7.058638e-01
   outer loop
     vertex  2.369573e-01  1.884388e-01  3.477796e-02
     vertex  2.349616e-01  1.859051e-01  3.477796e-02
     vertex  2.287813e-01  1.920607e-01  2.608347e-02
   endloop
 endfacet
 facet normal  5.557922e-01 -4.377593e-01 -7.067262e-01
   outer loop
     vertex  2.369573e-01  1.884388e-01  3.477796e-02
     vertex  2.511020e-01  1.783244e-01  5.216694e-02
     vertex  2.349616e-01  1.859051e-01  3.477796e-02
   endloop
 endfacet
 facet normal  5.607315e-01 -4.311398e-01 -7.068937e-01
   outer loop
     vertex  2.369573e-01  1.884388e-01  3.477796e-02
     vertex  2.287813e-01  1.920607e-01  2.608347e-02
     vertex  2.298849e-01  1.934961e-01  2.608347e-02
   endloop
 endfacet
 facet normal  5.890833e-01 -3.915014e-01 -7.068999e-01
   outer loop
     vertex  2.369573e-01  1.884388e-01  3.477796e-02
     vertex  2.298849e-01  1.934961e-01  2.608347e-02
     vertex  2.308722e-01  1.949817e-01  2.608347e-02
   endloop
 endfacet
 facet normal -2.693470e-01 -6.574009e-01 -7.037586e-01
   outer loop
     vertex  1.612952e-01  8.715839e-02  1.304173e-01
     vertex  1.578481e-01  6.064792e-02  1.565008e-01
     vertex  1.410203e-01  6.754252e-02  1.565008e-01
   endloop
 endfacet
 facet normal -2.929052e-01 -6.408296e-01 -7.096083e-01
   outer loop
     vertex  1.612952e-01  8.715839e-02  1.304173e-01
     vertex  1.410203e-01  6.754252e-02  1.565008e-01
     vertex  1.477856e-01  9.333323e-02  1.304173e-01
   endloop
 endfacet
 facet normal  6.145636e-01 -3.508540e-01 -7.065501e-01
   outer loop
     vertex  2.386776e-01  1.910918e-01  3.477796e-02
     vertex  2.548154e-01  1.843412e-01  5.216694e-02
     vertex  2.530767e-01  1.812956e-01  5.216694e-02
   endloop
 endfacet
 facet normal  6.346528e-01 -3.082556e-01 -7.086567e-01
   outer loop
     vertex  2.386776e-01  1.910918e-01  3.477796e-02
     vertex  2.563185e-01  1.874357e-01  5.216694e-02
     vertex  2.548154e-01  1.843412e-01  5.216694e-02
   endloop
 endfacet
 facet normal  6.487079e-01 -2.642922e-01 -7.136720e-01
   outer loop
     vertex  2.386776e-01  1.910918e-01  3.477796e-02
     vertex  2.575893e-01  1.905549e-01  5.216694e-02
     vertex  2.563185e-01  1.874357e-01  5.216694e-02
   endloop
 endfacet
 facet normal  5.942797e-01 -3.853671e-01 -7.059206e-01
   outer loop
     vertex  2.386776e-01  1.910918e-01  3.477796e-02
     vertex  2.369573e-01  1.884388e-01  3.477796e-02
     vertex  2.308722e-01  1.949817e-01  2.608347e-02
   endloop
 endfacet
 facet normal  5.929067e-01 -3.844768e-01 -7.075586e-01
   outer loop
     vertex  2.386776e-01  1.910918e-01  3.477796e-02
     vertex  2.530767e-01  1.812956e-01  5.216694e-02
     vertex  2.369573e-01  1.884388e-01  3.477796e-02
   endloop
 endfacet
 facet normal  6.136355e-01 -3.503241e-01 -7.076189e-01
   outer loop
     vertex  2.386776e-01  1.910918e-01  3.477796e-02
     vertex  2.308722e-01  1.949817e-01  2.608347e-02
     vertex  2.317416e-01  1.965045e-01  2.608347e-02
   endloop
 endfacet
 facet normal  6.393750e-01 -3.105491e-01 -7.033910e-01
   outer loop
     vertex  2.386776e-01  1.910918e-01  3.477796e-02
     vertex  2.317416e-01  1.965045e-01  2.608347e-02
     vertex  2.324931e-01  1.980517e-01  2.608347e-02
   endloop
 endfacet
 facet normal  1.568982e-01 -6.835067e-01 -7.128826e-01
   outer loop
     vertex  2.350198e-01  1.258125e-01  8.694489e-02
     vertex  2.331543e-01  1.072480e-01  1.043339e-01
     vertex  2.210884e-01  1.226146e-01  8.694489e-02
   endloop
 endfacet
 facet normal  1.595249e-01 -6.949494e-01 -7.011399e-01
   outer loop
     vertex  2.350198e-01  1.258125e-01  8.694489e-02
     vertex  2.210884e-01  1.226146e-01  8.694489e-02
     vertex  2.249921e-01  1.410546e-01  6.955591e-02
   endloop
 endfacet
 facet normal  6.403170e-01 -3.031758e-01 -7.057468e-01
   outer loop
     vertex  2.331285e-01  1.996113e-01  2.608347e-02
     vertex  2.575893e-01  1.905549e-01  5.216694e-02
     vertex  2.386776e-01  1.910918e-01  3.477796e-02
   endloop
 endfacet
 facet normal  6.678127e-01 -2.720757e-01 -6.928210e-01
   outer loop
     vertex  2.331285e-01  1.996113e-01  2.608347e-02
     vertex  2.386776e-01  1.910918e-01  3.477796e-02
     vertex  2.324931e-01  1.980517e-01  2.608347e-02
   endloop
 endfacet
 facet normal -2.076968e-01 -6.748148e-01 -7.081574e-01
   outer loop
     vertex  1.764936e-01  8.228141e-02  1.304173e-01
     vertex  1.674607e-01  5.768933e-02  1.565008e-01
     vertex  1.578481e-01  6.064792e-02  1.565008e-01
   endloop
 endfacet
 facet normal -1.650171e-01 -6.884653e-01 -7.062471e-01
   outer loop
     vertex  1.764936e-01  8.228141e-02  1.304173e-01
     vertex  1.769539e-01  5.541392e-02  1.565008e-01
     vertex  1.674607e-01  5.768933e-02  1.565008e-01
   endloop
 endfacet
 facet normal -2.151731e-01 -6.705554e-01 -7.099690e-01
   outer loop
     vertex  1.764936e-01  8.228141e-02  1.304173e-01
     vertex  1.578481e-01  6.064792e-02  1.565008e-01
     vertex  1.612952e-01  8.715839e-02  1.304173e-01
   endloop
 endfacet
 facet normal  6.784389e-01 -2.041237e-01 -7.057295e-01
   outer loop
     vertex  2.336509e-01  2.011720e-01  2.608347e-02
     vertex  2.594619e-01  1.967788e-01  5.216694e-02
     vertex  2.575893e-01  1.905549e-01  5.216694e-02
   endloop
 endfacet
 facet normal  6.706985e-01 -2.245271e-01 -7.069307e-01
   outer loop
     vertex  2.336509e-01  2.011720e-01  2.608347e-02
     vertex  2.575893e-01  1.905549e-01  5.216694e-02
     vertex  2.331285e-01  1.996113e-01  2.608347e-02
   endloop
 endfacet
 facet normal  6.810272e-01 -1.928841e-01 -7.063977e-01
   outer loop
     vertex  2.338711e-01  2.019494e-01  2.608347e-02
     vertex  2.594619e-01  1.967788e-01  5.216694e-02
     vertex  2.336509e-01  2.011720e-01  2.608347e-02
   endloop
 endfacet
 facet normal  6.859939e-01 -1.716705e-01 -7.070654e-01
   outer loop
     vertex  2.340648e-01  2.027233e-01  2.608347e-02
     vertex  2.594619e-01  1.967788e-01  5.216694e-02
     vertex  2.338711e-01  2.019494e-01  2.608347e-02
   endloop
 endfacet
 facet normal -9.894720e-02 -7.043524e-01 -7.029204e-01
   outer loop
     vertex  1.927432e-01  7.922629e-02  1.304173e-01
     vertex  1.969293e-01  5.260778e-02  1.565008e-01
     vertex  1.769539e-01  5.541392e-02  1.565008e-01
   endloop
 endfacet
 facet normal -1.300649e-01 -6.917899e-01 -7.102885e-01
   outer loop
     vertex  1.927432e-01  7.922629e-02  1.304173e-01
     vertex  1.769539e-01  5.541392e-02  1.565008e-01
     vertex  1.764936e-01  8.228141e-02  1.304173e-01
   endloop
 endfacet
 facet normal  6.908918e-01 -1.507498e-01 -7.070665e-01
   outer loop
     vertex  2.342326e-01  2.034925e-01  2.608347e-02
     vertex  2.594619e-01  1.967788e-01  5.216694e-02
     vertex  2.340648e-01  2.027233e-01  2.608347e-02
   endloop
 endfacet
 facet normal  6.414935e-01 -3.115781e-01 -7.010029e-01
   outer loop
     vertex  2.652784e-01  1.863216e-01  6.086142e-02
     vertex  2.548154e-01  1.843412e-01  5.216694e-02
     vertex  2.563185e-01  1.874357e-01  5.216694e-02
   endloop
 endfacet
 facet normal  6.539582e-01 -2.664312e-01 -7.080629e-01
   outer loop
     vertex  2.652784e-01  1.863216e-01  6.086142e-02
     vertex  2.563185e-01  1.874357e-01  5.216694e-02
     vertex  2.575893e-01  1.905549e-01  5.216694e-02
   endloop
 endfacet
 facet normal  6.420246e-01 -3.062821e-01 -7.028483e-01
   outer loop
     vertex  2.652784e-01  1.863216e-01  6.086142e-02
     vertex  2.686875e-01  1.735158e-01  6.955591e-02
     vertex  2.548154e-01  1.843412e-01  5.216694e-02
   endloop
 endfacet
 facet normal  6.814881e-01 -2.050411e-01 -7.025184e-01
   outer loop
     vertex  2.652784e-01  1.863216e-01  6.086142e-02
     vertex  2.575893e-01  1.905549e-01  5.216694e-02
     vertex  2.594619e-01  1.967788e-01  5.216694e-02
   endloop
 endfacet
 facet normal  5.546675e-01 -4.368734e-01 -7.081565e-01
   outer loop
     vertex  2.757129e-01  1.533111e-01  8.694489e-02
     vertex  2.612555e-01  1.631424e-01  6.955591e-02
     vertex  2.652468e-01  1.682099e-01  6.955591e-02
   endloop
 endfacet
 facet normal -2.668903e-01 -6.514047e-01 -7.102404e-01
   outer loop
     vertex  1.363122e-01  4.103216e-02  1.825843e-01
     vertex  1.410203e-01  6.754252e-02  1.565008e-01
     vertex  1.578481e-01  6.064792e-02  1.565008e-01
   endloop
 endfacet
 facet normal  5.924498e-01 -3.841805e-01 -7.081021e-01
   outer loop
     vertex  2.826826e-01  1.630475e-01  8.694489e-02
     vertex  2.652468e-01  1.682099e-01  6.955591e-02
     vertex  2.686875e-01  1.735158e-01  6.955591e-02
   endloop
 endfacet
 facet normal  5.783943e-01 -4.140399e-01 -7.028734e-01
   outer loop
     vertex  2.826826e-01  1.630475e-01  8.694489e-02
     vertex  2.757129e-01  1.533111e-01  8.694489e-02
     vertex  2.652468e-01  1.682099e-01  6.955591e-02
   endloop
 endfacet
 facet normal -2.415331e-01 -6.692269e-01 -7.027070e-01
   outer loop
     vertex  1.572872e-01  3.346198e-02  1.825843e-01
     vertex  1.363122e-01  4.103216e-02  1.825843e-01
     vertex  1.578481e-01  6.064792e-02  1.565008e-01
   endloop
 endfacet
 facet normal  6.357222e-01 -3.182704e-01 -7.032505e-01
   outer loop
     vertex  2.895401e-01  1.767447e-01  8.694489e-02
     vertex  2.826826e-01  1.630475e-01  8.694489e-02
     vertex  2.686875e-01  1.735158e-01  6.955591e-02
   endloop
 endfacet
 facet normal  6.367621e-01 -3.098628e-01 -7.060588e-01
   outer loop
     vertex  2.895401e-01  1.767447e-01  8.694489e-02
     vertex  2.686875e-01  1.735158e-01  6.955591e-02
     vertex  2.652784e-01  1.863216e-01  6.086142e-02
   endloop
 endfacet
 facet normal  6.265906e-01 -3.136988e-01 -7.134264e-01
   outer loop
     vertex  2.895401e-01  1.767447e-01  8.694489e-02
     vertex  3.009631e-01  1.600146e-01  1.043339e-01
     vertex  2.826826e-01  1.630475e-01  8.694489e-02
   endloop
 endfacet
 facet normal  6.784537e-01 -2.534564e-01 -6.895364e-01
   outer loop
     vertex  2.895401e-01  1.767447e-01  8.694489e-02
     vertex  3.102560e-01  1.848899e-01  1.043339e-01
     vertex  3.009631e-01  1.600146e-01  1.043339e-01
   endloop
 endfacet
 facet normal  6.840004e-01 -2.022781e-01 -7.008759e-01
   outer loop
     vertex  2.857907e-01  1.954326e-01  7.825040e-02
     vertex  2.652784e-01  1.863216e-01  6.086142e-02
     vertex  2.594619e-01  1.967788e-01  5.216694e-02
   endloop
 endfacet
 facet normal  6.827351e-01 -1.911278e-01 -7.052255e-01
   outer loop
     vertex  2.857907e-01  1.954326e-01  7.825040e-02
     vertex  2.895401e-01  1.767447e-01  8.694489e-02
     vertex  2.652784e-01  1.863216e-01  6.086142e-02
   endloop
 endfacet
 facet normal  6.956036e-01 -1.199605e-01 -7.083397e-01
   outer loop
     vertex  2.857907e-01  1.954326e-01  7.825040e-02
     vertex  2.594619e-01  1.967788e-01  5.216694e-02
     vertex  2.605100e-01  2.028565e-01  5.216694e-02
   endloop
 endfacet
 facet normal  7.043830e-01 -7.955315e-02 -7.053481e-01
   outer loop
     vertex  2.867999e-01  2.043683e-01  7.825040e-02
     vertex  2.857907e-01  1.954326e-01  7.825040e-02
     vertex  2.605100e-01  2.028565e-01  5.216694e-02
   endloop
 endfacet
 facet normal  6.263269e-01 -3.370036e-01 -7.029532e-01
   outer loop
     vertex  3.216431e-01  1.435122e-01  1.304173e-01
     vertex  3.511979e-01  1.440329e-01  1.565008e-01
     vertex  3.411374e-01  1.253353e-01  1.565008e-01
   endloop
 endfacet
 facet normal  6.320787e-01 -3.104441e-01 -7.100007e-01
   outer loop
     vertex  3.292942e-01  1.590902e-01  1.304173e-01
     vertex  3.511979e-01  1.440329e-01  1.565008e-01
     vertex  3.216431e-01  1.435122e-01  1.304173e-01
   endloop
 endfacet
 facet normal  6.647522e-01 -2.515492e-01 -7.034398e-01
   outer loop
     vertex  3.292942e-01  1.590902e-01  1.304173e-01
     vertex  3.582815e-01  1.627523e-01  1.565008e-01
     vertex  3.511979e-01  1.440329e-01  1.565008e-01
   endloop
 endfacet
 facet normal  6.697069e-01 -1.925441e-01 -7.172304e-01
   outer loop
     vertex  3.372061e-01  1.866092e-01  1.304173e-01
     vertex  3.582815e-01  1.627523e-01  1.565008e-01
     vertex  3.292942e-01  1.590902e-01  1.304173e-01
   endloop
 endfacet
 facet normal  6.884318e-01 -1.642300e-01 -7.064631e-01
   outer loop
     vertex  3.372061e-01  1.866092e-01  1.304173e-01
     vertex  3.628969e-01  1.820994e-01  1.565008e-01
     vertex  3.582815e-01  1.627523e-01  1.565008e-01
   endloop
 endfacet
 facet normal  7.049377e-01  5.885788e-02 -7.068229e-01
   outer loop
     vertex  2.216645e-01  2.097501e-01  1.304174e-02
     vertex  2.345889e-01  2.115734e-01  2.608347e-02
     vertex  2.347118e-01  2.101009e-01  2.608347e-02
   endloop
 endfacet
 facet normal  7.054575e-01  4.877611e-02 -7.070718e-01
   outer loop
     vertex  2.216645e-01  2.097501e-01  1.304174e-02
     vertex  2.347118e-01  2.101009e-01  2.608347e-02
     vertex  2.086677e-01  2.086677e-01  1.605000e-09
   endloop
 endfacet
 facet normal  7.043851e-01  6.370774e-02 -7.069533e-01
   outer loop
     vertex  2.216478e-01  2.099348e-01  1.304174e-02
     vertex  2.345889e-01  2.115734e-01  2.608347e-02
     vertex  2.216645e-01  2.097501e-01  1.304174e-02
   endloop
 endfacet
 facet normal  7.032608e-01  7.373692e-02 -7.070977e-01
   outer loop
     vertex  2.216283e-01  2.101206e-01  1.304174e-02
     vertex  2.345889e-01  2.115734e-01  2.608347e-02
     vertex  2.216478e-01  2.099348e-01  1.304174e-02
   endloop
 endfacet
 facet normal  7.021284e-01  8.383751e-02 -7.070976e-01
   outer loop
     vertex  2.216060e-01  2.103074e-01  1.304174e-02
     vertex  2.345889e-01  2.115734e-01  2.608347e-02
     vertex  2.216283e-01  2.101206e-01  1.304174e-02
   endloop
 endfacet
 facet normal  7.009876e-01  9.401343e-02 -7.069497e-01
   outer loop
     vertex  2.215808e-01  2.104952e-01  1.304174e-02
     vertex  2.345889e-01  2.115734e-01  2.608347e-02
     vertex  2.216060e-01  2.103074e-01  1.304174e-02
   endloop
 endfacet
 facet normal  7.004078e-01  9.926878e-02 -7.068059e-01
   outer loop
     vertex  2.215808e-01  2.104952e-01  1.304174e-02
     vertex  2.343754e-01  2.130795e-01  2.608347e-02
     vertex  2.345889e-01  2.115734e-01  2.608347e-02
   endloop
 endfacet
 facet normal  6.986378e-01  1.093579e-01 -7.070687e-01
   outer loop
     vertex  2.215216e-01  2.108736e-01  1.304174e-02
     vertex  2.343754e-01  2.130795e-01  2.608347e-02
     vertex  2.215808e-01  2.104952e-01  1.304174e-02
   endloop
 endfacet
 facet normal  6.950995e-01  1.299697e-01 -7.070676e-01
   outer loop
     vertex  2.214502e-01  2.112554e-01  1.304174e-02
     vertex  2.342326e-01  2.138430e-01  2.608347e-02
     vertex  2.343754e-01  2.130795e-01  2.608347e-02
   endloop
 endfacet
 facet normal  6.950995e-01  1.299697e-01 -7.070676e-01
   outer loop
     vertex  2.214502e-01  2.112554e-01  1.304174e-02
     vertex  2.343754e-01  2.130795e-01  2.608347e-02
     vertex  2.215216e-01  2.108736e-01  1.304174e-02
   endloop
 endfacet
 facet normal  6.908918e-01  1.507498e-01 -7.070665e-01
   outer loop
     vertex  2.213663e-01  2.116400e-01  1.304174e-02
     vertex  2.340648e-01  2.146122e-01  2.608347e-02
     vertex  2.342326e-01  2.138430e-01  2.608347e-02
   endloop
 endfacet
 facet normal  6.908918e-01  1.507498e-01 -7.070665e-01
   outer loop
     vertex  2.213663e-01  2.116400e-01  1.304174e-02
     vertex  2.342326e-01  2.138430e-01  2.608347e-02
     vertex  2.214502e-01  2.112554e-01  1.304174e-02
   endloop
 endfacet
 facet normal  6.859939e-01  1.716705e-01 -7.070654e-01
   outer loop
     vertex  2.212694e-01  2.120269e-01  1.304174e-02
     vertex  2.338711e-01  2.153861e-01  2.608347e-02
     vertex  2.340648e-01  2.146122e-01  2.608347e-02
   endloop
 endfacet
 facet normal  6.859939e-01  1.716705e-01 -7.070654e-01
   outer loop
     vertex  2.212694e-01  2.120269e-01  1.304174e-02
     vertex  2.340648e-01  2.146122e-01  2.608347e-02
     vertex  2.213663e-01  2.116400e-01  1.304174e-02
   endloop
 endfacet
 facet normal  6.803864e-01  1.927026e-01 -7.070644e-01
   outer loop
     vertex  2.211593e-01  2.124156e-01  1.304174e-02
     vertex  2.336509e-01  2.161635e-01  2.608347e-02
     vertex  2.338711e-01  2.153861e-01  2.608347e-02
   endloop
 endfacet
 facet normal  6.803864e-01  1.927026e-01 -7.070644e-01
   outer loop
     vertex  2.211593e-01  2.124156e-01  1.304174e-02
     vertex  2.338711e-01  2.153861e-01  2.608347e-02
     vertex  2.212694e-01  2.120269e-01  1.304174e-02
   endloop
 endfacet
 facet normal  6.708655e-01  2.245830e-01 -7.067546e-01
   outer loop
     vertex  2.210357e-01  2.128055e-01  1.304174e-02
     vertex  2.331285e-01  2.177241e-01  2.608347e-02
     vertex  2.336509e-01  2.161635e-01  2.608347e-02
   endloop
 endfacet
 facet normal  6.740510e-01  2.138147e-01 -7.070633e-01
   outer loop
     vertex  2.210357e-01  2.128055e-01  1.304174e-02
     vertex  2.336509e-01  2.161635e-01  2.608347e-02
     vertex  2.211593e-01  2.124156e-01  1.304174e-02
   endloop
 endfacet
 facet normal  6.689574e-01  2.297050e-01 -7.069170e-01
   outer loop
     vertex  2.209686e-01  2.130007e-01  1.304174e-02
     vertex  2.331285e-01  2.177241e-01  2.608347e-02
     vertex  2.210357e-01  2.128055e-01  1.304174e-02
   endloop
 endfacet
 facet normal  7.080164e-01  1.323850e-01 -6.936764e-01
   outer loop
     vertex  2.477784e-01  2.097347e-01  3.912520e-02
     vertex  2.343754e-01  2.130795e-01  2.608347e-02
     vertex  2.342326e-01  2.138430e-01  2.608347e-02
   endloop
 endfacet
 facet normal  7.060320e-01  5.894924e-02 -7.057222e-01
   outer loop
     vertex  2.477784e-01  2.097347e-01  3.912520e-02
     vertex  2.347118e-01  2.101009e-01  2.608347e-02
     vertex  2.345889e-01  2.115734e-01  2.608347e-02
   endloop
 endfacet
 facet normal  7.045980e-01  8.788623e-02 -7.041432e-01
   outer loop
     vertex  2.477784e-01  2.097347e-01  3.912520e-02
     vertex  2.342326e-01  2.138430e-01  2.608347e-02
     vertex  2.594619e-01  2.205567e-01  5.216694e-02
   endloop
 endfacet
 facet normal  7.048581e-01  5.297553e-02 -7.073674e-01
   outer loop
     vertex  2.477784e-01  2.097347e-01  3.912520e-02
     vertex  2.605100e-01  2.144790e-01  5.216694e-02
     vertex  2.867999e-01  2.129671e-01  7.825040e-02
   endloop
 endfacet
 facet normal  6.885642e-01  1.187465e-01 -7.153870e-01
   outer loop
     vertex  2.477784e-01  2.097347e-01  3.912520e-02
     vertex  2.594619e-01  2.205567e-01  5.216694e-02
     vertex  2.605100e-01  2.144790e-01  5.216694e-02
   endloop
 endfacet
 facet normal  7.065428e-01  2.907176e-02 -7.070729e-01
   outer loop
     vertex  2.477784e-01  2.097347e-01  3.912520e-02
     vertex  2.086677e-01  2.086677e-01  1.605000e-09
     vertex  2.347118e-01  2.101009e-01  2.608347e-02
   endloop
 endfacet
 facet normal  7.066010e-01  1.001465e-01 -7.004896e-01
   outer loop
     vertex  2.477784e-01  2.097347e-01  3.912520e-02
     vertex  2.345889e-01  2.115734e-01  2.608347e-02
     vertex  2.343754e-01  2.130795e-01  2.608347e-02
   endloop
 endfacet
 facet normal  6.550155e-01  2.668620e-01 -7.069224e-01
   outer loop
     vertex  2.208981e-01  2.131959e-01  1.304174e-02
     vertex  2.324931e-01  2.192837e-01  2.608347e-02
     vertex  2.331285e-01  2.177241e-01  2.608347e-02
   endloop
 endfacet
 facet normal  6.650597e-01  2.402319e-01 -7.070956e-01
   outer loop
     vertex  2.208981e-01  2.131959e-01  1.304174e-02
     vertex  2.331285e-01  2.177241e-01  2.608347e-02
     vertex  2.209686e-01  2.130007e-01  1.304174e-02
   endloop
 endfacet
 facet normal  4.166178e-01  5.693528e-01 -7.087080e-01
   outer loop
     vertex  2.173622e-01  2.237270e-01  1.738898e-02
     vertex  2.281823e-01  2.374547e-01  3.477796e-02
     vertex  2.302012e-01  2.359773e-01  3.477796e-02
   endloop
 endfacet
 facet normal  4.537401e-01  5.355162e-01 -7.122796e-01
   outer loop
     vertex  2.173622e-01  2.237270e-01  1.738898e-02
     vertex  2.302012e-01  2.359773e-01  3.477796e-02
     vertex  2.275649e-01  2.266467e-01  2.608347e-02
   endloop
 endfacet
 facet normal  3.824754e-01  5.944943e-01 -7.073112e-01
   outer loop
     vertex  2.173622e-01  2.237270e-01  1.738898e-02
     vertex  2.267761e-01  2.383594e-01  3.477796e-02
     vertex  2.281823e-01  2.374547e-01  3.477796e-02
   endloop
 endfacet
 facet normal  7.001339e-01  7.907326e-02 -7.096196e-01
   outer loop
     vertex  2.990592e-01  2.214598e-01  9.129214e-02
     vertex  2.867999e-01  2.129671e-01  7.825040e-02
     vertex  2.857907e-01  2.219029e-01  7.825040e-02
   endloop
 endfacet
 facet normal  6.719889e-01  1.706111e-01 -7.206405e-01
   outer loop
     vertex  2.990592e-01  2.214598e-01  9.129214e-02
     vertex  2.895401e-01  2.405908e-01  8.694489e-02
     vertex  3.102560e-01  2.324456e-01  1.043339e-01
   endloop
 endfacet
 facet normal  6.919345e-01  1.857592e-01 -6.976533e-01
   outer loop
     vertex  2.990592e-01  2.214598e-01  9.129214e-02
     vertex  2.857907e-01  2.219029e-01  7.825040e-02
     vertex  2.895401e-01  2.405908e-01  8.694489e-02
   endloop
 endfacet
 facet normal  7.005934e-01  1.208210e-01 -7.032576e-01
   outer loop
     vertex  3.123522e-01  2.202903e-01  1.043339e-01
     vertex  2.990592e-01  2.214598e-01  9.129214e-02
     vertex  3.102560e-01  2.324456e-01  1.043339e-01
   endloop
 endfacet
 facet normal  7.017090e-01  7.507574e-02 -7.084971e-01
   outer loop
     vertex  3.123522e-01  2.202903e-01  1.043339e-01
     vertex  2.867999e-01  2.129671e-01  7.825040e-02
     vertex  2.990592e-01  2.214598e-01  9.129214e-02
   endloop
 endfacet
 facet normal  7.040302e-01  1.214137e-01 -6.997144e-01
   outer loop
     vertex  3.256384e-01  2.184093e-01  1.173756e-01
     vertex  3.123522e-01  2.202903e-01  1.043339e-01
     vertex  3.102560e-01  2.324456e-01  1.043339e-01
   endloop
 endfacet
 facet normal  7.036953e-01  6.475390e-02 -7.075450e-01
   outer loop
     vertex  3.256384e-01  2.184093e-01  1.173756e-01
     vertex  2.867999e-01  2.129671e-01  7.825040e-02
     vertex  3.123522e-01  2.202903e-01  1.043339e-01
   endloop
 endfacet
 facet normal  3.095681e-01  6.383187e-01 -7.047814e-01
   outer loop
     vertex  2.252550e-01  2.488513e-01  4.347245e-02
     vertex  2.279938e-01  2.571228e-01  5.216694e-02
     vertex  2.347512e-01  2.538456e-01  5.216694e-02
   endloop
 endfacet
 facet normal  3.154562e-01  6.321878e-01 -7.076906e-01
   outer loop
     vertex  2.252550e-01  2.488513e-01  4.347245e-02
     vertex  2.347512e-01  2.538456e-01  5.216694e-02
     vertex  2.267761e-01  2.383594e-01  3.477796e-02
   endloop
 endfacet
 facet normal  2.161064e-01  6.788283e-01 -7.017764e-01
   outer loop
     vertex  2.223356e-01  2.499357e-01  4.347245e-02
     vertex  2.209110e-01  2.593776e-01  5.216694e-02
     vertex  2.279938e-01  2.571228e-01  5.216694e-02
   endloop
 endfacet
 facet normal  2.460331e-01  6.623576e-01 -7.076370e-01
   outer loop
     vertex  2.223356e-01  2.499357e-01  4.347245e-02
     vertex  2.279938e-01  2.571228e-01  5.216694e-02
     vertex  2.252550e-01  2.488513e-01  4.347245e-02
   endloop
 endfacet
 facet normal  2.444412e-01  6.580719e-01 -7.121727e-01
   outer loop
     vertex  2.223356e-01  2.499357e-01  4.347245e-02
     vertex  2.252550e-01  2.488513e-01  4.347245e-02
     vertex  2.163931e-01  2.395973e-01  3.187979e-02
   endloop
 endfacet
 facet normal  2.115769e-01  6.791386e-01 -7.028556e-01
   outer loop
     vertex  2.208564e-01  2.503965e-01  4.347245e-02
     vertex  2.209110e-01  2.593776e-01  5.216694e-02
     vertex  2.223356e-01  2.499357e-01  4.347245e-02
   endloop
 endfacet
 facet normal  2.099093e-01  6.737858e-01 -7.084848e-01
   outer loop
     vertex  2.208564e-01  2.503965e-01  4.347245e-02
     vertex  2.223356e-01  2.499357e-01  4.347245e-02
     vertex  2.163931e-01  2.395973e-01  3.187979e-02
   endloop
 endfacet
 facet normal  1.174447e-01  6.965602e-01 -7.078210e-01
   outer loop
     vertex  2.193681e-01  2.508027e-01  4.347245e-02
     vertex  2.137287e-01  2.605886e-01  5.216694e-02
     vertex  2.209110e-01  2.593776e-01  5.216694e-02
   endloop
 endfacet
 facet normal  1.863516e-01  6.827803e-01 -7.064589e-01
   outer loop
     vertex  2.193681e-01  2.508027e-01  4.347245e-02
     vertex  2.209110e-01  2.593776e-01  5.216694e-02
     vertex  2.208564e-01  2.503965e-01  4.347245e-02
   endloop
 endfacet
 facet normal  1.202829e-01  6.981912e-01 -7.057345e-01
   outer loop
     vertex  2.193681e-01  2.508027e-01  4.347245e-02
     vertex  2.163931e-01  2.395973e-01  3.187979e-02
     vertex  2.116200e-01  2.389549e-01  3.043071e-02
   endloop
 endfacet
 facet normal  1.861760e-01  6.821368e-01 -7.071265e-01
   outer loop
     vertex  2.193681e-01  2.508027e-01  4.347245e-02
     vertex  2.208564e-01  2.503965e-01  4.347245e-02
     vertex  2.163931e-01  2.395973e-01  3.187979e-02
   endloop
 endfacet
 facet normal  5.147580e-01  4.888076e-01 -7.043375e-01
   outer loop
     vertex  2.620718e-01  2.658615e-01  7.825040e-02
     vertex  2.757129e-01  2.640244e-01  8.694489e-02
     vertex  2.612555e-01  2.541931e-01  6.955591e-02
   endloop
 endfacet
 facet normal  4.498510e-01  5.435218e-01 -7.086735e-01
   outer loop
     vertex  2.620718e-01  2.658615e-01  7.825040e-02
     vertex  2.567379e-01  2.589398e-01  6.955591e-02
     vertex  2.490680e-01  2.652879e-01  6.955591e-02
   endloop
 endfacet
 facet normal  5.139510e-01  4.891341e-01 -7.047000e-01
   outer loop
     vertex  2.620718e-01  2.658615e-01  7.825040e-02
     vertex  2.612555e-01  2.541931e-01  6.955591e-02
     vertex  2.567379e-01  2.589398e-01  6.955591e-02
   endloop
 endfacet
 facet normal  6.745274e-01  1.350139e-01 -7.257989e-01
   outer loop
     vertex  3.203763e-01  2.446988e-01  1.173756e-01
     vertex  3.372061e-01  2.307263e-01  1.304173e-01
     vertex  3.256384e-01  2.184093e-01  1.173756e-01
   endloop
 endfacet
 facet normal  6.442025e-01  2.406609e-01 -7.260065e-01
   outer loop
     vertex  3.203763e-01  2.446988e-01  1.173756e-01
     vertex  3.102560e-01  2.324456e-01  1.043339e-01
     vertex  3.009631e-01  2.573209e-01  1.043339e-01
   endloop
 endfacet
 facet normal  7.125682e-01  1.426282e-01 -6.869526e-01
   outer loop
     vertex  3.203763e-01  2.446988e-01  1.173756e-01
     vertex  3.256384e-01  2.184093e-01  1.173756e-01
     vertex  3.102560e-01  2.324456e-01  1.043339e-01
   endloop
 endfacet
 facet normal  6.813157e-01  1.523801e-01 -7.159534e-01
   outer loop
     vertex  3.203763e-01  2.446988e-01  1.173756e-01
     vertex  3.343562e-01  2.434684e-01  1.304173e-01
     vertex  3.372061e-01  2.307263e-01  1.304173e-01
   endloop
 endfacet
 facet normal  6.741932e-01  2.335258e-01 -7.006634e-01
   outer loop
     vertex  3.203763e-01  2.446988e-01  1.173756e-01
     vertex  3.289532e-01  2.590671e-01  1.304173e-01
     vertex  3.343562e-01  2.434684e-01  1.304173e-01
   endloop
 endfacet
 facet normal  7.070739e-01  9.643212e-03 -7.070739e-01
   outer loop
     vertex  3.520734e-01  2.125801e-01  1.434591e-01
     vertex  4.173355e-01  2.086677e-01  2.086677e-01
     vertex  2.086677e-01  2.086677e-01  1.605000e-09
   endloop
 endfacet
 facet normal  7.040919e-01  5.191430e-02 -7.082087e-01
   outer loop
     vertex  3.520734e-01  2.125801e-01  1.434591e-01
     vertex  3.641945e-01  2.261015e-01  1.565008e-01
     vertex  3.909762e-01  2.186997e-01  1.825843e-01
   endloop
 endfacet
 facet normal  7.088114e-01  7.677701e-02 -7.012073e-01
   outer loop
     vertex  3.520734e-01  2.125801e-01  1.434591e-01
     vertex  3.256384e-01  2.184093e-01  1.173756e-01
     vertex  3.372061e-01  2.307263e-01  1.304173e-01
   endloop
 endfacet
 facet normal  7.065428e-01  2.907176e-02 -7.070729e-01
   outer loop
     vertex  3.520734e-01  2.125801e-01  1.434591e-01
     vertex  2.477784e-01  2.097347e-01  3.912520e-02
     vertex  2.867999e-01  2.129671e-01  7.825040e-02
   endloop
 endfacet
 facet normal -7.069428e-01 -1.315625e-02  7.071484e-01
   outer loop
     vertex  3.520734e-01  2.125801e-01  1.434591e-01
     vertex  2.086677e-01  2.086677e-01  1.605000e-09
     vertex  2.477784e-01  2.097347e-01  3.912520e-02
   endloop
 endfacet
 facet normal  6.757146e-01  9.885736e-02 -7.305046e-01
   outer loop
     vertex  3.520734e-01  2.125801e-01  1.434591e-01
     vertex  3.626705e-01  2.365183e-01  1.565008e-01
     vertex  3.641945e-01  2.261015e-01  1.565008e-01
   endloop
 endfacet
 facet normal  7.062947e-01  4.053413e-02 -7.067565e-01
   outer loop
     vertex  3.520734e-01  2.125801e-01  1.434591e-01
     vertex  2.867999e-01  2.129671e-01  7.825040e-02
     vertex  3.256384e-01  2.184093e-01  1.173756e-01
   endloop
 endfacet
 facet normal  7.057150e-01  7.160943e-02 -7.048677e-01
   outer loop
     vertex  3.520734e-01  2.125801e-01  1.434591e-01
     vertex  3.372061e-01  2.307263e-01  1.304173e-01
     vertex  3.626705e-01  2.365183e-01  1.565008e-01
   endloop
 endfacet
 facet normal  7.072952e-01  2.125675e-02 -7.065986e-01
   outer loop
     vertex  3.520734e-01  2.125801e-01  1.434591e-01
     vertex  3.909762e-01  2.186997e-01  1.825843e-01
     vertex  4.173355e-01  2.086677e-01  2.086677e-01
   endloop
 endfacet
 facet normal  2.290791e-02  7.065968e-01 -7.072455e-01
   outer loop
     vertex  2.077167e-01  2.434327e-01  3.477796e-02
     vertex  2.116200e-01  2.389549e-01  3.043071e-02
     vertex  2.076645e-01  2.347319e-01  2.608347e-02
   endloop
 endfacet
 facet normal  4.421099e-02  7.011930e-01 -7.115994e-01
   outer loop
     vertex  2.074077e-01  2.492224e-01  4.057428e-02
     vertex  2.101683e-01  2.608131e-01  5.216694e-02
     vertex  2.137287e-01  2.605886e-01  5.216694e-02
   endloop
 endfacet
 facet normal -3.432918e-03  7.075726e-01 -7.066323e-01
   outer loop
     vertex  2.074077e-01  2.492224e-01  4.057428e-02
     vertex  2.066613e-01  2.607961e-01  5.216694e-02
     vertex  2.101683e-01  2.608131e-01  5.216694e-02
   endloop
 endfacet
 facet normal  8.364192e-02  6.883669e-01 -7.205241e-01
   outer loop
     vertex  2.074077e-01  2.492224e-01  4.057428e-02
     vertex  2.137287e-01  2.605886e-01  5.216694e-02
     vertex  2.193681e-01  2.508027e-01  4.347245e-02
   endloop
 endfacet
 facet normal  7.360952e-02  7.160126e-01 -6.941957e-01
   outer loop
     vertex  2.074077e-01  2.492224e-01  4.057428e-02
     vertex  2.193681e-01  2.508027e-01  4.347245e-02
     vertex  2.116200e-01  2.389549e-01  3.043071e-02
   endloop
 endfacet
 facet normal  2.611997e-02  7.079618e-01 -7.057675e-01
   outer loop
     vertex  2.074077e-01  2.492224e-01  4.057428e-02
     vertex  2.116200e-01  2.389549e-01  3.043071e-02
     vertex  2.077167e-01  2.434327e-01  3.477796e-02
   endloop
 endfacet
 facet normal  5.165282e-01  4.802301e-01 -7.089271e-01
   outer loop
     vertex  2.755785e-01  2.770039e-01  9.563938e-02
     vertex  2.757129e-01  2.640244e-01  8.694489e-02
     vertex  2.620718e-01  2.658615e-01  7.825040e-02
   endloop
 endfacet
 facet normal  4.818746e-01  5.288122e-01 -6.986805e-01
   outer loop
     vertex  2.755785e-01  2.770039e-01  9.563938e-02
     vertex  2.732682e-01  2.905966e-01  1.043339e-01
     vertex  2.842566e-01  2.805836e-01  1.043339e-01
   endloop
 endfacet
 facet normal  5.133544e-01  4.812686e-01 -7.105264e-01
   outer loop
     vertex  2.755785e-01  2.770039e-01  9.563938e-02
     vertex  2.842566e-01  2.805836e-01  1.043339e-01
     vertex  2.757129e-01  2.640244e-01  8.694489e-02
   endloop
 endfacet
 facet normal -8.676486e-02  7.044454e-01 -7.044349e-01
   outer loop
     vertex  2.025909e-01  2.370051e-01  2.898163e-02
     vertex  2.077167e-01  2.434327e-01  3.477796e-02
     vertex  2.076645e-01  2.347319e-01  2.608347e-02
   endloop
 endfacet
 facet normal -8.248921e-02  7.028938e-01 -7.064954e-01
   outer loop
     vertex  2.025909e-01  2.370051e-01  2.898163e-02
     vertex  2.074077e-01  2.492224e-01  4.057428e-02
     vertex  2.077167e-01  2.434327e-01  3.477796e-02
   endloop
 endfacet
 facet normal  3.499150e-01  6.060705e-01 -7.143095e-01
   outer loop
     vertex  2.436504e-01  2.786630e-01  7.825040e-02
     vertex  2.490680e-01  2.652879e-01  6.955591e-02
     vertex  2.375021e-01  2.719655e-01  6.955591e-02
   endloop
 endfacet
 facet normal  2.353845e-01  6.823576e-01 -6.920854e-01
   outer loop
     vertex  2.436504e-01  2.786630e-01  7.825040e-02
     vertex  2.375021e-01  2.719655e-01  6.955591e-02
     vertex  2.249921e-01  2.762809e-01  6.955591e-02
   endloop
 endfacet
 facet normal  2.503113e-01  6.519232e-01 -7.157796e-01
   outer loop
     vertex  2.436504e-01  2.786630e-01  7.825040e-02
     vertex  2.249921e-01  2.762809e-01  6.955591e-02
     vertex  2.350198e-01  2.915229e-01  8.694489e-02
   endloop
 endfacet
 facet normal  5.561420e-01  3.994031e-01 -7.288232e-01
   outer loop
     vertex  3.073112e-01  2.722798e-01  1.173756e-01
     vertex  3.009631e-01  2.573209e-01  1.043339e-01
     vertex  2.842566e-01  2.805836e-01  1.043339e-01
   endloop
 endfacet
 facet normal  6.183118e-01  2.928922e-01 -7.293180e-01
   outer loop
     vertex  3.073112e-01  2.722798e-01  1.173756e-01
     vertex  3.289532e-01  2.590671e-01  1.304173e-01
     vertex  3.203763e-01  2.446988e-01  1.173756e-01
   endloop
 endfacet
 facet normal  6.614728e-01  3.133374e-01 -6.813761e-01
   outer loop
     vertex  3.073112e-01  2.722798e-01  1.173756e-01
     vertex  3.203763e-01  2.446988e-01  1.173756e-01
     vertex  3.009631e-01  2.573209e-01  1.043339e-01
   endloop
 endfacet
 facet normal  6.221496e-01  3.090487e-01 -7.193183e-01
   outer loop
     vertex  3.073112e-01  2.722798e-01  1.173756e-01
     vertex  3.215012e-01  2.740687e-01  1.304173e-01
     vertex  3.289532e-01  2.590671e-01  1.304173e-01
   endloop
 endfacet
 facet normal -9.732468e-02  6.904586e-01 -7.167948e-01
   outer loop
     vertex  1.960836e-01  2.502790e-01  4.347245e-02
     vertex  1.984307e-01  2.686620e-01  6.086142e-02
     vertex  2.066613e-01  2.607961e-01  5.216694e-02
   endloop
 endfacet
 facet normal -1.766853e-01  6.841829e-01 -7.075847e-01
   outer loop
     vertex  1.960836e-01  2.502790e-01  4.347245e-02
     vertex  1.922388e-01  2.672698e-01  6.086142e-02
     vertex  1.946676e-01  2.678970e-01  6.086142e-02
   endloop
 endfacet
 facet normal -1.402293e-01  6.897913e-01 -7.102983e-01
   outer loop
     vertex  1.960836e-01  2.502790e-01  4.347245e-02
     vertex  1.946676e-01  2.678970e-01  6.086142e-02
     vertex  1.984307e-01  2.686620e-01  6.086142e-02
   endloop
 endfacet
 facet normal -1.153262e-01  6.992432e-01 -7.055202e-01
   outer loop
     vertex  1.960836e-01  2.502790e-01  4.347245e-02
     vertex  2.066613e-01  2.607961e-01  5.216694e-02
     vertex  2.074077e-01  2.492224e-01  4.057428e-02
   endloop
 endfacet
 facet normal -1.127360e-01  7.069588e-01 -6.982119e-01
   outer loop
     vertex  1.960836e-01  2.502790e-01  4.347245e-02
     vertex  2.074077e-01  2.492224e-01  4.057428e-02
     vertex  2.025909e-01  2.370051e-01  2.898163e-02
   endloop
 endfacet
 facet normal  2.110231e-01  6.628609e-01 -7.183903e-01
   outer loop
     vertex  2.472681e-01  2.961715e-01  9.563938e-02
     vertex  2.331543e-01  3.100875e-01  1.043339e-01
     vertex  2.473199e-01  3.055778e-01  1.043339e-01
   endloop
 endfacet
 facet normal  2.378640e-01  6.766250e-01 -6.968496e-01
   outer loop
     vertex  2.472681e-01  2.961715e-01  9.563938e-02
     vertex  2.350198e-01  2.915229e-01  8.694489e-02
     vertex  2.331543e-01  3.100875e-01  1.043339e-01
   endloop
 endfacet
 facet normal  2.571029e-01  6.537311e-01 -7.117119e-01
   outer loop
     vertex  2.472681e-01  2.961715e-01  9.563938e-02
     vertex  2.436504e-01  2.786630e-01  7.825040e-02
     vertex  2.350198e-01  2.915229e-01  8.694489e-02
   endloop
 endfacet
 facet normal  3.122751e-01  6.439004e-01 -6.984816e-01
   outer loop
     vertex  2.472681e-01  2.961715e-01  9.563938e-02
     vertex  2.473199e-01  3.055778e-01  1.043339e-01
     vertex  2.608347e-01  2.990235e-01  1.043339e-01
   endloop
 endfacet
 facet normal -2.549452e-01  6.489210e-01 -7.168713e-01
   outer loop
     vertex  1.899418e-01  2.526684e-01  4.781969e-02
     vertex  1.960836e-01  2.502790e-01  4.347245e-02
     vertex  1.912788e-01  2.387863e-01  3.477796e-02
   endloop
 endfacet
 facet normal -2.370812e-01  6.676404e-01 -7.057257e-01
   outer loop
     vertex  1.899418e-01  2.526684e-01  4.781969e-02
     vertex  1.808165e-01  2.724042e-01  6.955591e-02
     vertex  1.922388e-01  2.672698e-01  6.086142e-02
   endloop
 endfacet
 facet normal -2.394096e-01  6.674583e-01 -7.051117e-01
   outer loop
     vertex  1.899418e-01  2.526684e-01  4.781969e-02
     vertex  1.922388e-01  2.672698e-01  6.086142e-02
     vertex  1.960836e-01  2.502790e-01  4.347245e-02
   endloop
 endfacet
 facet normal -3.072541e-01  6.367891e-01 -7.071737e-01
   outer loop
     vertex  1.899418e-01  2.526684e-01  4.781969e-02
     vertex  1.761087e-01  2.701326e-01  6.955591e-02
     vertex  1.808165e-01  2.724042e-01  6.955591e-02
   endloop
 endfacet
 facet normal  1.122542e-02  7.206463e-01 -6.932120e-01
   outer loop
     vertex  2.022122e-01  2.866514e-01  7.825040e-02
     vertex  2.210884e-01  2.947209e-01  8.694489e-02
     vertex  2.122445e-01  2.781316e-01  6.955591e-02
   endloop
 endfacet
 facet normal -1.182793e-01  6.878042e-01 -7.161951e-01
   outer loop
     vertex  2.022122e-01  2.866514e-01  7.825040e-02
     vertex  1.885331e-01  2.752457e-01  6.955591e-02
     vertex  1.904374e-01  2.936799e-01  8.694489e-02
   endloop
 endfacet
 facet normal -2.610072e-02  6.987830e-01 -7.148574e-01
   outer loop
     vertex  2.022122e-01  2.866514e-01  7.825040e-02
     vertex  2.122445e-01  2.781316e-01  6.955591e-02
     vertex  1.999190e-01  2.776713e-01  6.955591e-02
   endloop
 endfacet
 facet normal -1.506648e-01  7.072371e-01 -6.907357e-01
   outer loop
     vertex  2.022122e-01  2.866514e-01  7.825040e-02
     vertex  1.999190e-01  2.776713e-01  6.955591e-02
     vertex  1.885331e-01  2.752457e-01  6.955591e-02
   endloop
 endfacet
 facet normal  3.713907e-02  7.075943e-01 -7.056423e-01
   outer loop
     vertex  2.053237e-01  2.955483e-01  8.694489e-02
     vertex  2.046549e-01  3.129244e-01  1.043339e-01
     vertex  2.210884e-01  2.947209e-01  8.694489e-02
   endloop
 endfacet
 facet normal -8.935601e-02  7.119381e-01 -6.965341e-01
   outer loop
     vertex  2.053237e-01  2.955483e-01  8.694489e-02
     vertex  2.022122e-01  2.866514e-01  7.825040e-02
     vertex  1.904374e-01  2.936799e-01  8.694489e-02
   endloop
 endfacet
 facet normal  3.631731e-02  6.919377e-01 -7.210432e-01
   outer loop
     vertex  2.053237e-01  2.955483e-01  8.694489e-02
     vertex  2.210884e-01  2.947209e-01  8.694489e-02
     vertex  2.022122e-01  2.866514e-01  7.825040e-02
   endloop
 endfacet
 facet normal -8.822308e-02  7.029116e-01 -7.057847e-01
   outer loop
     vertex  2.053237e-01  2.955483e-01  8.694489e-02
     vertex  1.904374e-01  2.936799e-01  8.694489e-02
     vertex  2.046549e-01  3.129244e-01  1.043339e-01
   endloop
 endfacet
 facet normal -3.427130e-01  6.137550e-01 -7.112332e-01
   outer loop
     vertex  1.810326e-01  2.476937e-01  4.781969e-02
     vertex  1.761087e-01  2.701326e-01  6.955591e-02
     vertex  1.899418e-01  2.526684e-01  4.781969e-02
   endloop
 endfacet
 facet normal -3.483150e-01  6.237874e-01 -6.996899e-01
   outer loop
     vertex  1.810326e-01  2.476937e-01  4.781969e-02
     vertex  1.899418e-01  2.526684e-01  4.781969e-02
     vertex  1.912788e-01  2.387863e-01  3.477796e-02
   endloop
 endfacet
 facet normal -4.061721e-01  5.739186e-01 -7.110849e-01
   outer loop
     vertex  1.810326e-01  2.476937e-01  4.781969e-02
     vertex  1.912788e-01  2.387863e-01  3.477796e-02
     vertex  1.908212e-01  2.276900e-01  2.608347e-02
   endloop
 endfacet
 facet normal  5.749986e-01  4.236843e-01 -6.999058e-01
   outer loop
     vertex  3.359490e-01  3.206684e-01  1.695425e-01
     vertex  3.407700e-01  2.925813e-01  1.565008e-01
     vertex  3.279474e-01  3.099834e-01  1.565008e-01
   endloop
 endfacet
 facet normal  5.041987e-01  4.902090e-01 -7.109703e-01
   outer loop
     vertex  3.359490e-01  3.206684e-01  1.695425e-01
     vertex  3.279474e-01  3.099834e-01  1.565008e-01
     vertex  3.132988e-01  3.250500e-01  1.565008e-01
   endloop
 endfacet
 facet normal  6.780715e-02  6.811834e-01 -7.289659e-01
   outer loop
     vertex  2.145526e-01  3.258957e-01  1.173756e-01
     vertex  2.331543e-01  3.100875e-01  1.043339e-01
     vertex  2.046549e-01  3.129244e-01  1.043339e-01
   endloop
 endfacet
 facet normal -4.580483e-01  5.417065e-01 -7.048020e-01
   outer loop
     vertex  1.723037e-01  2.447120e-01  5.120088e-02
     vertex  1.810326e-01  2.476937e-01  4.781969e-02
     vertex  1.908212e-01  2.276900e-01  2.608347e-02
   endloop
 endfacet
 facet normal  5.032615e-01  4.965827e-01 -7.072012e-01
   outer loop
     vertex  3.253819e-01  3.375687e-01  1.738898e-01
     vertex  3.359490e-01  3.206684e-01  1.695425e-01
     vertex  3.132988e-01  3.250500e-01  1.565008e-01
   endloop
 endfacet
 facet normal -3.469918e-01  6.374387e-01 -6.879452e-01
   outer loop
     vertex  1.640532e-01  2.729536e-01  7.825040e-02
     vertex  1.785572e-01  2.902322e-01  8.694489e-02
     vertex  1.761087e-01  2.701326e-01  6.955591e-02
   endloop
 endfacet
 facet normal -3.328007e-01  6.316751e-01 -7.001644e-01
   outer loop
     vertex  1.640532e-01  2.729536e-01  7.825040e-02
     vertex  1.584221e-01  2.796240e-01  8.694489e-02
     vertex  1.785572e-01  2.902322e-01  8.694489e-02
   endloop
 endfacet
 facet normal  4.438446e-01  5.520611e-01 -7.058544e-01
   outer loop
     vertex  3.070813e-01  3.467237e-01  1.695425e-01
     vertex  3.253819e-01  3.375687e-01  1.738898e-01
     vertex  3.132988e-01  3.250500e-01  1.565008e-01
   endloop
 endfacet
 facet normal  3.639445e-01  6.124163e-01 -7.017768e-01
   outer loop
     vertex  3.070813e-01  3.467237e-01  1.695425e-01
     vertex  2.979200e-01  3.372233e-01  1.565008e-01
     vertex  2.789205e-01  3.485143e-01  1.565008e-01
   endloop
 endfacet
 facet normal  4.372995e-01  5.524518e-01 -7.096240e-01
   outer loop
     vertex  3.070813e-01  3.467237e-01  1.695425e-01
     vertex  3.132988e-01  3.250500e-01  1.565008e-01
     vertex  2.979200e-01  3.372233e-01  1.565008e-01
   endloop
 endfacet
 facet normal -6.192494e-01  3.515156e-01 -7.021161e-01
   outer loop
     vertex  1.730463e-01  2.248509e-01  3.912520e-02
     vertex  1.551833e-01  2.310095e-01  5.796326e-02
     vertex  1.743075e-01  2.328615e-01  4.202337e-02
   endloop
 endfacet
 facet normal -4.581540e-01  5.448233e-01 -7.023265e-01
   outer loop
     vertex  1.625681e-01  2.527144e-01  6.375959e-02
     vertex  1.810326e-01  2.476937e-01  4.781969e-02
     vertex  1.723037e-01  2.447120e-01  5.120088e-02
   endloop
 endfacet
 facet normal -4.408814e-01  5.727132e-01 -6.911029e-01
   outer loop
     vertex  1.625681e-01  2.527144e-01  6.375959e-02
     vertex  1.761087e-01  2.701326e-01  6.955591e-02
     vertex  1.810326e-01  2.476937e-01  4.781969e-02
   endloop
 endfacet
 facet normal -3.997678e-01  5.538248e-01 -7.303860e-01
   outer loop
     vertex  1.604329e-01  2.702837e-01  7.825040e-02
     vertex  1.761087e-01  2.701326e-01  6.955591e-02
     vertex  1.625681e-01  2.527144e-01  6.375959e-02
   endloop
 endfacet
 facet normal -4.024272e-01  5.456827e-01 -7.350393e-01
   outer loop
     vertex  1.604329e-01  2.702837e-01  7.825040e-02
     vertex  1.640532e-01  2.729536e-01  7.825040e-02
     vertex  1.761087e-01  2.701326e-01  6.955591e-02
   endloop
 endfacet
 facet normal -4.192983e-01  5.685595e-01 -7.077634e-01
   outer loop
     vertex  1.604329e-01  2.702837e-01  7.825040e-02
     vertex  1.584221e-01  2.796240e-01  8.694489e-02
     vertex  1.640532e-01  2.729536e-01  7.825040e-02
   endloop
 endfacet
 facet normal -4.454282e-01  5.567707e-01 -7.011420e-01
   outer loop
     vertex  1.604329e-01  2.702837e-01  7.825040e-02
     vertex  1.504700e-01  2.732621e-01  8.694489e-02
     vertex  1.584221e-01  2.796240e-01  8.694489e-02
   endloop
 endfacet
 facet normal -1.366317e-01  7.003599e-01 -7.005910e-01
   outer loop
     vertex  1.838740e-01  3.233948e-01  1.173756e-01
     vertex  1.756520e-01  3.348368e-01  1.304173e-01
     vertex  1.918393e-01  3.379948e-01  1.304173e-01
   endloop
 endfacet
 facet normal -1.137122e-01  6.784016e-01 -7.258380e-01
   outer loop
     vertex  1.838740e-01  3.233948e-01  1.173756e-01
     vertex  2.046549e-01  3.129244e-01  1.043339e-01
     vertex  1.784658e-01  3.085347e-01  1.043339e-01
   endloop
 endfacet
 facet normal -2.184020e-01  6.611609e-01 -7.177513e-01
   outer loop
     vertex  1.838740e-01  3.233948e-01  1.173756e-01
     vertex  1.600326e-01  3.296773e-01  1.304173e-01
     vertex  1.756520e-01  3.348368e-01  1.304173e-01
   endloop
 endfacet
 facet normal  5.432664e-01  4.682247e-01 -6.968696e-01
   outer loop
     vertex  3.595419e-01  3.331929e-01  1.956260e-01
     vertex  3.578378e-01  3.545804e-01  2.086677e-01
     vertex  3.749954e-01  3.346730e-01  2.086677e-01
   endloop
 endfacet
 facet normal -4.843690e-01  5.208764e-01 -7.029042e-01
   outer loop
     vertex  1.561885e-01  2.572112e-01  7.148802e-02
     vertex  1.604329e-01  2.702837e-01  7.825040e-02
     vertex  1.625681e-01  2.527144e-01  6.375959e-02
   endloop
 endfacet
 facet normal -4.673873e-01  5.211565e-01 -7.141043e-01
   outer loop
     vertex  1.561885e-01  2.572112e-01  7.148802e-02
     vertex  1.504700e-01  2.732621e-01  8.694489e-02
     vertex  1.604329e-01  2.702837e-01  7.825040e-02
   endloop
 endfacet
 facet normal -5.471833e-01  4.440811e-01 -7.094945e-01
   outer loop
     vertex  1.561885e-01  2.572112e-01  7.148802e-02
     vertex  1.394372e-01  2.612657e-01  8.694489e-02
     vertex  1.429483e-01  2.655920e-01  8.694489e-02
   endloop
 endfacet
 facet normal -5.070826e-01  4.972676e-01 -7.039830e-01
   outer loop
     vertex  1.561885e-01  2.572112e-01  7.148802e-02
     vertex  1.429483e-01  2.655920e-01  8.694489e-02
     vertex  1.504700e-01  2.732621e-01  8.694489e-02
   endloop
 endfacet
 facet normal  5.133735e-01  4.762283e-01 -7.139007e-01
   outer loop
     vertex  3.400625e-01  3.476749e-01  1.912788e-01
     vertex  3.578378e-01  3.545804e-01  2.086677e-01
     vertex  3.595419e-01  3.331929e-01  1.956260e-01
   endloop
 endfacet
 facet normal  4.690495e-01  5.202626e-01 -7.136661e-01
   outer loop
     vertex  3.273301e-01  3.641951e-01  1.956260e-01
     vertex  3.383978e-01  3.721068e-01  2.086677e-01
     vertex  3.578378e-01  3.545804e-01  2.086677e-01
   endloop
 endfacet
 facet normal  4.689025e-01  5.444119e-01 -6.955186e-01
   outer loop
     vertex  3.273301e-01  3.641951e-01  1.956260e-01
     vertex  3.578378e-01  3.545804e-01  2.086677e-01
     vertex  3.400625e-01  3.476749e-01  1.912788e-01
   endloop
 endfacet
 facet normal -5.567251e-01  4.237332e-01 -7.144979e-01
   outer loop
     vertex  1.472179e-01  2.470540e-01  7.245408e-02
     vertex  1.394372e-01  2.612657e-01  8.694489e-02
     vertex  1.561885e-01  2.572112e-01  7.148802e-02
   endloop
 endfacet
 facet normal -5.752020e-01  4.080061e-01 -7.089948e-01
   outer loop
     vertex  1.472179e-01  2.470540e-01  7.245408e-02
     vertex  1.361425e-01  2.566209e-01  8.694489e-02
     vertex  1.394372e-01  2.612657e-01  8.694489e-02
   endloop
 endfacet
 facet normal -2.749373e-01  6.349405e-01 -7.219834e-01
   outer loop
     vertex  1.571694e-01  3.141426e-01  1.173756e-01
     vertex  1.784658e-01  3.085347e-01  1.043339e-01
     vertex  1.565008e-01  2.990235e-01  1.043339e-01
   endloop
 endfacet
 facet normal -2.384268e-01  6.881719e-01 -6.852533e-01
   outer loop
     vertex  1.571694e-01  3.141426e-01  1.173756e-01
     vertex  1.838740e-01  3.233948e-01  1.173756e-01
     vertex  1.784658e-01  3.085347e-01  1.043339e-01
   endloop
 endfacet
 facet normal -2.253641e-01  6.504691e-01 -7.253282e-01
   outer loop
     vertex  1.571694e-01  3.141426e-01  1.173756e-01
     vertex  1.600326e-01  3.296773e-01  1.304173e-01
     vertex  1.838740e-01  3.233948e-01  1.173756e-01
   endloop
 endfacet
 facet normal -6.073406e-01  3.653936e-01 -7.054254e-01
   outer loop
     vertex  1.459666e-01  2.449742e-01  7.245408e-02
     vertex  1.361425e-01  2.566209e-01  8.694489e-02
     vertex  1.472179e-01  2.470540e-01  7.245408e-02
   endloop
 endfacet
 facet normal  4.099053e-01  5.884763e-01 -6.969026e-01
   outer loop
     vertex  3.172501e-01  3.713927e-01  1.956260e-01
     vertex  3.170053e-01  3.870079e-01  2.086677e-01
     vertex  3.383978e-01  3.721068e-01  2.086677e-01
   endloop
 endfacet
 facet normal  4.136140e-01  5.792592e-01 -7.024117e-01
   outer loop
     vertex  3.172501e-01  3.713927e-01  1.956260e-01
     vertex  3.383978e-01  3.721068e-01  2.086677e-01
     vertex  3.273301e-01  3.641951e-01  1.956260e-01
   endloop
 endfacet
 facet normal -6.230104e-01  3.468221e-01 -7.011223e-01
   outer loop
     vertex  1.447753e-01  2.428343e-01  7.245408e-02
     vertex  1.361425e-01  2.566209e-01  8.694489e-02
     vertex  1.459666e-01  2.449742e-01  7.245408e-02
   endloop
 endfacet
 facet normal -6.182710e-01  3.516627e-01 -7.029042e-01
   outer loop
     vertex  1.447753e-01  2.428343e-01  7.245408e-02
     vertex  1.248282e-01  2.483145e-01  9.274122e-02
     vertex  1.361425e-01  2.566209e-01  8.694489e-02
   endloop
 endfacet
 facet normal -3.588523e-01  6.187134e-01 -6.988696e-01
   outer loop
     vertex  1.426874e-01  3.057431e-01  1.173756e-01
     vertex  1.571694e-01  3.141426e-01  1.173756e-01
     vertex  1.565008e-01  2.990235e-01  1.043339e-01
   endloop
 endfacet
 facet normal -4.120857e-01  5.551415e-01 -7.224980e-01
   outer loop
     vertex  1.426874e-01  3.057431e-01  1.173756e-01
     vertex  1.565008e-01  2.990235e-01  1.043339e-01
     vertex  1.372814e-01  2.847568e-01  1.043339e-01
   endloop
 endfacet
 facet normal -7.053374e-01  7.069908e-02 -7.053374e-01
   outer loop
     vertex  1.461766e-01  2.213224e-01  6.375959e-02
     vertex  1.565008e-01  2.086677e-01  5.216694e-02
     vertex  1.391118e-01  2.086677e-01  6.955591e-02
   endloop
 endfacet
 facet normal -7.053374e-01  7.069908e-02 -7.053374e-01
   outer loop
     vertex  1.461766e-01  2.213224e-01  6.375959e-02
     vertex  1.546981e-01  2.195968e-01  5.506510e-02
     vertex  1.565008e-01  2.086677e-01  5.216694e-02
   endloop
 endfacet
 facet normal -6.776159e-01  2.079396e-01 -7.054062e-01
   outer loop
     vertex  1.461766e-01  2.213224e-01  6.375959e-02
     vertex  1.551833e-01  2.310095e-01  5.796326e-02
     vertex  1.546981e-01  2.195968e-01  5.506510e-02
   endloop
 endfacet
 facet normal -3.147308e-01  6.436614e-01 -6.975991e-01
   outer loop
     vertex  1.430284e-01  3.213627e-01  1.304173e-01
     vertex  1.600326e-01  3.296773e-01  1.304173e-01
     vertex  1.571694e-01  3.141426e-01  1.173756e-01
   endloop
 endfacet
 facet normal -4.048001e-01  5.912522e-01 -6.975369e-01
   outer loop
     vertex  1.430284e-01  3.213627e-01  1.304173e-01
     vertex  1.426874e-01  3.057431e-01  1.173756e-01
     vertex  1.273454e-01  3.106253e-01  1.304173e-01
   endloop
 endfacet
 facet normal -3.507287e-01  6.047072e-01 -7.150655e-01
   outer loop
     vertex  1.430284e-01  3.213627e-01  1.304173e-01
     vertex  1.571694e-01  3.141426e-01  1.173756e-01
     vertex  1.426874e-01  3.057431e-01  1.173756e-01
   endloop
 endfacet
 facet normal -7.053374e-01  7.069908e-02 -7.053374e-01
   outer loop
     vertex  1.404956e-01  2.224728e-01  6.955591e-02
     vertex  1.391118e-01  2.086677e-01  6.955591e-02
     vertex  1.275192e-01  2.086677e-01  8.114857e-02
   endloop
 endfacet
 facet normal -7.053374e-01  7.069908e-02 -7.053374e-01
   outer loop
     vertex  1.404956e-01  2.224728e-01  6.955591e-02
     vertex  1.461766e-01  2.213224e-01  6.375959e-02
     vertex  1.391118e-01  2.086677e-01  6.955591e-02
   endloop
 endfacet
 facet normal -6.776159e-01  2.079396e-01 -7.054062e-01
   outer loop
     vertex  1.404956e-01  2.224728e-01  6.955591e-02
     vertex  1.551833e-01  2.310095e-01  5.796326e-02
     vertex  1.461766e-01  2.213224e-01  6.375959e-02
   endloop
 endfacet
 facet normal -6.734282e-01  1.876537e-01 -7.150388e-01
   outer loop
     vertex  1.344244e-01  2.301339e-01  7.728435e-02
     vertex  1.551833e-01  2.310095e-01  5.796326e-02
     vertex  1.404956e-01  2.224728e-01  6.955591e-02
   endloop
 endfacet
 facet normal -6.522069e-01  2.608611e-01 -7.117427e-01
   outer loop
     vertex  1.344244e-01  2.301339e-01  7.728435e-02
     vertex  1.248282e-01  2.483145e-01  9.274122e-02
     vertex  1.447753e-01  2.428343e-01  7.245408e-02
   endloop
 endfacet
 facet normal -6.614770e-01  2.735264e-01 -6.983062e-01
   outer loop
     vertex  1.344244e-01  2.301339e-01  7.728435e-02
     vertex  1.447753e-01  2.428343e-01  7.245408e-02
     vertex  1.551833e-01  2.310095e-01  5.796326e-02
   endloop
 endfacet
 facet normal -7.251434e-01  1.109248e-01 -6.796048e-01
   outer loop
     vertex  1.344244e-01  2.301339e-01  7.728435e-02
     vertex  1.404956e-01  2.224728e-01  6.955591e-02
     vertex  1.275192e-01  2.086677e-01  8.114857e-02
   endloop
 endfacet
 facet normal -4.785179e-01  5.490870e-01 -6.852182e-01
   outer loop
     vertex  1.215233e-01  2.872991e-01  1.173756e-01
     vertex  1.426874e-01  3.057431e-01  1.173756e-01
     vertex  1.372814e-01  2.847568e-01  1.043339e-01
   endloop
 endfacet
 facet normal -5.403170e-01  4.658679e-01 -7.007315e-01
   outer loop
     vertex  1.215233e-01  2.872991e-01  1.173756e-01
     vertex  1.046994e-01  2.874032e-01  1.304173e-01
     vertex  1.154879e-01  2.999158e-01  1.304173e-01
   endloop
 endfacet
 facet normal -4.673393e-01  5.174296e-01 -7.168407e-01
   outer loop
     vertex  1.215233e-01  2.872991e-01  1.173756e-01
     vertex  1.154879e-01  2.999158e-01  1.304173e-01
     vertex  1.273454e-01  3.106253e-01  1.304173e-01
   endloop
 endfacet
 facet normal -4.519500e-01  5.186010e-01 -7.258059e-01
   outer loop
     vertex  1.215233e-01  2.872991e-01  1.173756e-01
     vertex  1.273454e-01  3.106253e-01  1.304173e-01
     vertex  1.426874e-01  3.057431e-01  1.173756e-01
   endloop
 endfacet
 facet normal -5.304021e-01  4.374683e-01 -7.261509e-01
   outer loop
     vertex  1.215233e-01  2.872991e-01  1.173756e-01
     vertex  1.372814e-01  2.847568e-01  1.043339e-01
     vertex  1.203852e-01  2.642713e-01  1.043339e-01
   endloop
 endfacet
 facet normal -4.212626e-01  5.744241e-01 -7.018367e-01
   outer loop
     vertex  1.314743e-01  3.295878e-01  1.434591e-01
     vertex  1.273454e-01  3.106253e-01  1.304173e-01
     vertex  1.064126e-01  3.271430e-01  1.565008e-01
   endloop
 endfacet
 facet normal -3.615461e-01  6.149399e-01 -7.008091e-01
   outer loop
     vertex  1.314743e-01  3.295878e-01  1.434591e-01
     vertex  1.208147e-01  3.381836e-01  1.565008e-01
     vertex  1.382125e-01  3.484124e-01  1.565008e-01
   endloop
 endfacet
 facet normal -4.258461e-01  5.555052e-01 -7.141912e-01
   outer loop
     vertex  1.314743e-01  3.295878e-01  1.434591e-01
     vertex  1.064126e-01  3.271430e-01  1.565008e-01
     vertex  1.208147e-01  3.381836e-01  1.565008e-01
   endloop
 endfacet
 facet normal -3.175585e-01  6.494444e-01 -6.909259e-01
   outer loop
     vertex  1.314743e-01  3.295878e-01  1.434591e-01
     vertex  1.600326e-01  3.296773e-01  1.304173e-01
     vertex  1.430284e-01  3.213627e-01  1.304173e-01
   endloop
 endfacet
 facet normal -3.293006e-01  6.145301e-01 -7.168779e-01
   outer loop
     vertex  1.314743e-01  3.295878e-01  1.434591e-01
     vertex  1.382125e-01  3.484124e-01  1.565008e-01
     vertex  1.600326e-01  3.296773e-01  1.304173e-01
   endloop
 endfacet
 facet normal -3.953159e-01  5.773995e-01 -7.143774e-01
   outer loop
     vertex  1.314743e-01  3.295878e-01  1.434591e-01
     vertex  1.430284e-01  3.213627e-01  1.304173e-01
     vertex  1.273454e-01  3.106253e-01  1.304173e-01
   endloop
 endfacet
 facet normal -6.832299e-01  2.288928e-01 -6.934011e-01
   outer loop
     vertex  1.238871e-01  2.279461e-01  8.694489e-02
     vertex  1.248282e-01  2.483145e-01  9.274122e-02
     vertex  1.344244e-01  2.301339e-01  7.728435e-02
   endloop
 endfacet
 facet normal -6.830838e-01  8.924733e-02 -7.248665e-01
   outer loop
     vertex  1.238871e-01  2.279461e-01  8.694489e-02
     vertex  1.344244e-01  2.301339e-01  7.728435e-02
     vertex  1.275192e-01  2.086677e-01  8.114857e-02
   endloop
 endfacet
 facet normal -6.813144e-01 -1.131486e-01 -7.231929e-01
   outer loop
     vertex  1.530703e-01  1.922767e-01  5.796326e-02
     vertex  1.499005e-01  1.928397e-01  6.086142e-02
     vertex  1.565008e-01  2.086677e-01  5.216694e-02
   endloop
 endfacet
 facet normal -6.736068e-01 -2.874614e-01 -6.808964e-01
   outer loop
     vertex  1.530703e-01  1.922767e-01  5.796326e-02
     vertex  1.547173e-01  1.746878e-01  6.375959e-02
     vertex  1.499005e-01  1.928397e-01  6.086142e-02
   endloop
 endfacet
 facet normal -6.496520e-01  2.356993e-01 -7.227711e-01
   outer loop
     vertex  1.143738e-01  2.372737e-01  9.853754e-02
     vertex  1.248282e-01  2.483145e-01  9.274122e-02
     vertex  1.238871e-01  2.279461e-01  8.694489e-02
   endloop
 endfacet
 facet normal -6.881856e-01  1.505649e-01 -7.097399e-01
   outer loop
     vertex  1.143738e-01  2.372737e-01  9.853754e-02
     vertex  1.054150e-01  2.236490e-01  1.043339e-01
     vertex  1.085924e-01  2.381717e-01  1.043339e-01
   endloop
 endfacet
 facet normal -6.633283e-01  2.596358e-01 -7.018439e-01
   outer loop
     vertex  1.143738e-01  2.372737e-01  9.853754e-02
     vertex  1.085924e-01  2.381717e-01  1.043339e-01
     vertex  1.248282e-01  2.483145e-01  9.274122e-02
   endloop
 endfacet
 facet normal -7.063344e-01 -4.672735e-02 -7.063344e-01
   outer loop
     vertex  1.382815e-01  1.993140e-01  7.100500e-02
     vertex  1.391118e-01  2.086677e-01  6.955591e-02
     vertex  1.565008e-01  2.086677e-01  5.216694e-02
   endloop
 endfacet
 facet normal -6.872793e-01 -1.079855e-01 -7.183219e-01
   outer loop
     vertex  1.382815e-01  1.993140e-01  7.100500e-02
     vertex  1.565008e-01  2.086677e-01  5.216694e-02
     vertex  1.499005e-01  1.928397e-01  6.086142e-02
   endloop
 endfacet
 facet normal -7.063344e-01 -4.672735e-02 -7.063344e-01
   outer loop
     vertex  1.382815e-01  1.993140e-01  7.100500e-02
     vertex  1.275192e-01  2.086677e-01  8.114857e-02
     vertex  1.391118e-01  2.086677e-01  6.955591e-02
   endloop
 endfacet
 facet normal -2.790006e-01  6.429127e-01 -7.133175e-01
   outer loop
     vertex  1.439519e-01  3.653730e-01  1.695425e-01
     vertex  1.547251e-01  3.555782e-01  1.565008e-01
     vertex  1.382125e-01  3.484124e-01  1.565008e-01
   endloop
 endfacet
 facet normal -6.026647e-01  4.155984e-01 -6.812292e-01
   outer loop
     vertex  1.041973e-01  2.621743e-01  1.173756e-01
     vertex  1.215233e-01  2.872991e-01  1.173756e-01
     vertex  1.203852e-01  2.642713e-01  1.043339e-01
   endloop
 endfacet
 facet normal -6.238113e-01  2.818625e-01 -7.289808e-01
   outer loop
     vertex  1.041973e-01  2.621743e-01  1.173756e-01
     vertex  1.203852e-01  2.642713e-01  1.043339e-01
     vertex  1.085924e-01  2.381717e-01  1.043339e-01
   endloop
 endfacet
 facet normal -5.630876e-01  3.883060e-01 -7.294866e-01
   outer loop
     vertex  1.041973e-01  2.621743e-01  1.173756e-01
     vertex  1.046994e-01  2.874032e-01  1.304173e-01
     vertex  1.215233e-01  2.872991e-01  1.173756e-01
   endloop
 endfacet
 facet normal -5.798870e-01  3.831950e-01 -7.189525e-01
   outer loop
     vertex  1.041973e-01  2.621743e-01  1.173756e-01
     vertex  9.547064e-02  2.734373e-01  1.304173e-01
     vertex  1.046994e-01  2.874032e-01  1.304173e-01
   endloop
 endfacet
 facet normal -2.929841e-01  6.694651e-01 -6.826249e-01
   outer loop
     vertex  1.293699e-01  3.634240e-01  1.738898e-01
     vertex  1.523766e-01  3.823580e-01  1.825843e-01
     vertex  1.439519e-01  3.653730e-01  1.695425e-01
   endloop
 endfacet
 facet normal -6.928667e-01 -1.331385e-01 -7.086677e-01
   outer loop
     vertex  1.326006e-01  1.903125e-01  7.825040e-02
     vertex  1.382815e-01  1.993140e-01  7.100500e-02
     vertex  1.499005e-01  1.928397e-01  6.086142e-02
   endloop
 endfacet
 facet normal -7.243971e-01 -9.267990e-02 -6.831247e-01
   outer loop
     vertex  1.326006e-01  1.903125e-01  7.825040e-02
     vertex  1.275192e-01  2.086677e-01  8.114857e-02
     vertex  1.382815e-01  1.993140e-01  7.100500e-02
   endloop
 endfacet
 facet normal -3.542946e-01  6.026060e-01 -7.150814e-01
   outer loop
     vertex  1.201724e-01  3.532819e-01  1.695425e-01
     vertex  1.382125e-01  3.484124e-01  1.565008e-01
     vertex  1.208147e-01  3.381836e-01  1.565008e-01
   endloop
 endfacet
 facet normal -4.413614e-01  5.757444e-01 -6.882721e-01
   outer loop
     vertex  1.201724e-01  3.532819e-01  1.695425e-01
     vertex  1.208147e-01  3.381836e-01  1.565008e-01
     vertex  1.064126e-01  3.271430e-01  1.565008e-01
   endloop
 endfacet
 facet normal -3.269996e-01  6.431076e-01 -6.924477e-01
   outer loop
     vertex  1.201724e-01  3.532819e-01  1.695425e-01
     vertex  1.439519e-01  3.653730e-01  1.695425e-01
     vertex  1.382125e-01  3.484124e-01  1.565008e-01
   endloop
 endfacet
 facet normal -3.017632e-01  5.934755e-01 -7.461406e-01
   outer loop
     vertex  1.201724e-01  3.532819e-01  1.695425e-01
     vertex  1.293699e-01  3.634240e-01  1.738898e-01
     vertex  1.439519e-01  3.653730e-01  1.695425e-01
   endloop
 endfacet
 facet normal -6.784429e-01 -2.066234e-01 -7.049979e-01
   outer loop
     vertex  1.366052e-01  1.821078e-01  7.680132e-02
     vertex  1.326006e-01  1.903125e-01  7.825040e-02
     vertex  1.499005e-01  1.928397e-01  6.086142e-02
   endloop
 endfacet
 facet normal -6.341057e-01 -2.831491e-01 -7.195392e-01
   outer loop
     vertex  1.366052e-01  1.821078e-01  7.680132e-02
     vertex  1.499005e-01  1.928397e-01  6.086142e-02
     vertex  1.547173e-01  1.746878e-01  6.375959e-02
   endloop
 endfacet
 facet normal -6.364000e-01 -3.191927e-01 -7.022186e-01
   outer loop
     vertex  1.366052e-01  1.821078e-01  7.680132e-02
     vertex  1.547173e-01  1.746878e-01  6.375959e-02
     vertex  1.361425e-01  1.607146e-01  8.694489e-02
   endloop
 endfacet
 facet normal -6.104218e-01 -3.285318e-01 -7.207303e-01
   outer loop
     vertex  1.366052e-01  1.821078e-01  7.680132e-02
     vertex  1.361425e-01  1.607146e-01  8.694489e-02
     vertex  1.248282e-01  1.690209e-01  9.274122e-02
   endloop
 endfacet
 facet normal -2.733300e-01  6.554279e-01 -7.040632e-01
   outer loop
     vertex  1.248752e-01  3.708893e-01  1.825843e-01
     vertex  1.523766e-01  3.823580e-01  1.825843e-01
     vertex  1.293699e-01  3.634240e-01  1.738898e-01
   endloop
 endfacet
 facet normal -3.722388e-01  6.003049e-01 -7.078647e-01
   outer loop
     vertex  1.248752e-01  3.708893e-01  1.825843e-01
     vertex  1.293699e-01  3.634240e-01  1.738898e-01
     vertex  1.006091e-01  3.558423e-01  1.825843e-01
   endloop
 endfacet
 facet normal -6.996321e-01 -8.160787e-02 -7.098275e-01
   outer loop
     vertex  1.238871e-01  1.893894e-01  8.694489e-02
     vertex  1.275192e-01  2.086677e-01  8.114857e-02
     vertex  1.326006e-01  1.903125e-01  7.825040e-02
   endloop
 endfacet
 facet normal -6.798389e-01 -2.075929e-01 -7.033664e-01
   outer loop
     vertex  1.238871e-01  1.893894e-01  8.694489e-02
     vertex  1.326006e-01  1.903125e-01  7.825040e-02
     vertex  1.366052e-01  1.821078e-01  7.680132e-02
   endloop
 endfacet
 facet normal -6.836918e-01 -2.287938e-01 -6.929782e-01
   outer loop
     vertex  1.238871e-01  1.893894e-01  8.694489e-02
     vertex  1.366052e-01  1.821078e-01  7.680132e-02
     vertex  1.248282e-01  1.690209e-01  9.274122e-02
   endloop
 endfacet
 facet normal -5.128307e-01 -4.876660e-01 -7.065314e-01
   outer loop
     vertex  1.729746e-01  1.706232e-01  5.216694e-02
     vertex  1.854564e-01  1.889887e-01  3.043071e-02
     vertex  1.908212e-01  1.896455e-01  2.608347e-02
   endloop
 endfacet
 facet normal -3.271112e-01  6.353296e-01 -6.995388e-01
   outer loop
     vertex  1.269098e-01  3.863899e-01  1.956260e-01
     vertex  1.009604e-01  3.873892e-01  2.086677e-01
     vertex  1.257639e-01  4.001597e-01  2.086677e-01
   endloop
 endfacet
 facet normal -2.671854e-01  6.406935e-01 -7.198082e-01
   outer loop
     vertex  1.269098e-01  3.863899e-01  1.956260e-01
     vertex  1.523766e-01  3.823580e-01  1.825843e-01
     vertex  1.248752e-01  3.708893e-01  1.825843e-01
   endloop
 endfacet
 facet normal -3.671738e-01  5.921367e-01 -7.173266e-01
   outer loop
     vertex  1.171570e-01  3.766361e-01  1.912788e-01
     vertex  1.248752e-01  3.708893e-01  1.825843e-01
     vertex  1.006091e-01  3.558423e-01  1.825843e-01
   endloop
 endfacet
 facet normal -3.205322e-01  6.341185e-01 -7.036710e-01
   outer loop
     vertex  1.171570e-01  3.766361e-01  1.912788e-01
     vertex  1.269098e-01  3.863899e-01  1.956260e-01
     vertex  1.248752e-01  3.708893e-01  1.825843e-01
   endloop
 endfacet
 facet normal -6.881856e-01 -1.505649e-01 -7.097399e-01
   outer loop
     vertex  1.143738e-01  1.800618e-01  9.853754e-02
     vertex  1.085924e-01  1.791638e-01  1.043339e-01
     vertex  1.054150e-01  1.936865e-01  1.043339e-01
   endloop
 endfacet
 facet normal -6.633283e-01 -2.596358e-01 -7.018439e-01
   outer loop
     vertex  1.143738e-01  1.800618e-01  9.853754e-02
     vertex  1.248282e-01  1.690209e-01  9.274122e-02
     vertex  1.085924e-01  1.791638e-01  1.043339e-01
   endloop
 endfacet
 facet normal -6.496520e-01 -2.356993e-01 -7.227711e-01
   outer loop
     vertex  1.143738e-01  1.800618e-01  9.853754e-02
     vertex  1.238871e-01  1.893894e-01  8.694489e-02
     vertex  1.248282e-01  1.690209e-01  9.274122e-02
   endloop
 endfacet
 facet normal -4.203876e-01 -5.717095e-01 -7.045725e-01
   outer loop
     vertex  1.872729e-01  1.708244e-01  4.347245e-02
     vertex  1.729746e-01  1.706232e-01  5.216694e-02
     vertex  1.908212e-01  1.896455e-01  2.608347e-02
   endloop
 endfacet
 facet normal -5.649507e-01 -4.221882e-01 -7.089343e-01
   outer loop
     vertex  1.511921e-01  1.599388e-01  7.535224e-02
     vertex  1.547173e-01  1.746878e-01  6.375959e-02
     vertex  1.670962e-01  1.711005e-01  5.603115e-02
   endloop
 endfacet
 facet normal -5.670615e-01 -4.209414e-01 -7.079899e-01
   outer loop
     vertex  1.511921e-01  1.599388e-01  7.535224e-02
     vertex  1.361425e-01  1.607146e-01  8.694489e-02
     vertex  1.547173e-01  1.746878e-01  6.375959e-02
   endloop
 endfacet
 facet normal -5.709650e-01 -4.050007e-01 -7.141242e-01
   outer loop
     vertex  1.511921e-01  1.599388e-01  7.535224e-02
     vertex  1.394372e-01  1.560698e-01  8.694489e-02
     vertex  1.361425e-01  1.607146e-01  8.694489e-02
   endloop
 endfacet
 facet normal -5.496900e-01 -4.461155e-01 -7.062732e-01
   outer loop
     vertex  1.511921e-01  1.599388e-01  7.535224e-02
     vertex  1.429483e-01  1.517435e-01  8.694489e-02
     vertex  1.394372e-01  1.560698e-01  8.694489e-02
   endloop
 endfacet
 facet normal -5.041806e-01 -4.944218e-01 -7.080601e-01
   outer loop
     vertex  1.511921e-01  1.599388e-01  7.535224e-02
     vertex  1.504700e-01  1.440733e-01  8.694489e-02
     vertex  1.429483e-01  1.517435e-01  8.694489e-02
   endloop
 endfacet
 facet normal -5.041024e-01 -4.984443e-01 -7.052901e-01
   outer loop
     vertex  1.640495e-01  1.591454e-01  6.665775e-02
     vertex  1.670962e-01  1.711005e-01  5.603115e-02
     vertex  1.729746e-01  1.706232e-01  5.216694e-02
   endloop
 endfacet
 facet normal -5.069597e-01 -4.968777e-01 -7.043468e-01
   outer loop
     vertex  1.640495e-01  1.591454e-01  6.665775e-02
     vertex  1.511921e-01  1.599388e-01  7.535224e-02
     vertex  1.670962e-01  1.711005e-01  5.603115e-02
   endloop
 endfacet
 facet normal -4.452345e-01 -5.479078e-01 -7.082113e-01
   outer loop
     vertex  1.721763e-01  1.581606e-01  6.231051e-02
     vertex  1.640495e-01  1.591454e-01  6.665775e-02
     vertex  1.729746e-01  1.706232e-01  5.216694e-02
   endloop
 endfacet
 facet normal -5.080457e-01 -4.929668e-01 -7.063096e-01
   outer loop
     vertex  1.595230e-01  1.541214e-01  7.342013e-02
     vertex  1.511921e-01  1.599388e-01  7.535224e-02
     vertex  1.640495e-01  1.591454e-01  6.665775e-02
   endloop
 endfacet
 facet normal -5.080457e-01 -4.929668e-01 -7.063096e-01
   outer loop
     vertex  1.595230e-01  1.541214e-01  7.342013e-02
     vertex  1.504700e-01  1.440733e-01  8.694489e-02
     vertex  1.511921e-01  1.599388e-01  7.535224e-02
   endloop
 endfacet
 facet normal -4.212654e-01 -5.693453e-01 -7.059614e-01
   outer loop
     vertex  1.796861e-01  1.584701e-01  5.796326e-02
     vertex  1.729746e-01  1.706232e-01  5.216694e-02
     vertex  1.872729e-01  1.708244e-01  4.347245e-02
   endloop
 endfacet
 facet normal -3.960840e-01 -5.642338e-01 -7.244016e-01
   outer loop
     vertex  1.796861e-01  1.584701e-01  5.796326e-02
     vertex  1.721763e-01  1.581606e-01  6.231051e-02
     vertex  1.729746e-01  1.706232e-01  5.216694e-02
   endloop
 endfacet
 facet normal -1.750555e-01 -6.778717e-01 -7.140347e-01
   outer loop
     vertex  1.920401e-01  1.653808e-01  4.637061e-02
     vertex  1.946676e-01  1.494385e-01  6.086142e-02
     vertex  1.922388e-01  1.500657e-01  6.086142e-02
   endloop
 endfacet
 facet normal -3.020130e-01 -6.404333e-01 -7.061397e-01
   outer loop
     vertex  1.920401e-01  1.653808e-01  4.637061e-02
     vertex  1.872729e-01  1.708244e-01  4.347245e-02
     vertex  1.982755e-01  1.816134e-01  2.898163e-02
   endloop
 endfacet
 facet normal -4.376423e-01 -5.805247e-01 -6.866297e-01
   outer loop
     vertex  1.732740e-01  1.544765e-01  6.472564e-02
     vertex  1.640495e-01  1.591454e-01  6.665775e-02
     vertex  1.721763e-01  1.581606e-01  6.231051e-02
   endloop
 endfacet
 facet normal -4.319254e-01 -5.611945e-01 -7.060462e-01
   outer loop
     vertex  1.732740e-01  1.544765e-01  6.472564e-02
     vertex  1.595230e-01  1.541214e-01  7.342013e-02
     vertex  1.640495e-01  1.591454e-01  6.665775e-02
   endloop
 endfacet
 facet normal -3.634278e-01 -6.095192e-01 -7.045612e-01
   outer loop
     vertex  1.732740e-01  1.544765e-01  6.472564e-02
     vertex  1.796861e-01  1.584701e-01  5.796326e-02
     vertex  1.761087e-01  1.472029e-01  6.955591e-02
   endloop
 endfacet
 facet normal -3.887761e-01 -5.833421e-01 -7.131376e-01
   outer loop
     vertex  1.732740e-01  1.544765e-01  6.472564e-02
     vertex  1.721763e-01  1.581606e-01  6.231051e-02
     vertex  1.796861e-01  1.584701e-01  5.796326e-02
   endloop
 endfacet
 facet normal -2.971386e-01 -6.382918e-01 -7.101353e-01
   outer loop
     vertex  1.833728e-01  1.554434e-01  5.892932e-02
     vertex  1.872729e-01  1.708244e-01  4.347245e-02
     vertex  1.920401e-01  1.653808e-01  4.637061e-02
   endloop
 endfacet
 facet normal -3.079793e-01 -6.382921e-01 -7.055012e-01
   outer loop
     vertex  1.833728e-01  1.554434e-01  5.892932e-02
     vertex  1.808165e-01  1.449313e-01  6.955591e-02
     vertex  1.761087e-01  1.472029e-01  6.955591e-02
   endloop
 endfacet
 facet normal -2.516592e-01 -6.668881e-01 -7.013757e-01
   outer loop
     vertex  1.833728e-01  1.554434e-01  5.892932e-02
     vertex  1.920401e-01  1.653808e-01  4.637061e-02
     vertex  1.922388e-01  1.500657e-01  6.086142e-02
   endloop
 endfacet
 facet normal -3.292096e-01 -6.264946e-01 -7.064882e-01
   outer loop
     vertex  1.833728e-01  1.554434e-01  5.892932e-02
     vertex  1.796861e-01  1.584701e-01  5.796326e-02
     vertex  1.872729e-01  1.708244e-01  4.347245e-02
   endloop
 endfacet
 facet normal -3.274813e-01 -6.250526e-01 -7.085656e-01
   outer loop
     vertex  1.833728e-01  1.554434e-01  5.892932e-02
     vertex  1.761087e-01  1.472029e-01  6.955591e-02
     vertex  1.796861e-01  1.584701e-01  5.796326e-02
   endloop
 endfacet
 facet normal -2.448902e-01 -6.591827e-01 -7.109901e-01
   outer loop
     vertex  1.833728e-01  1.554434e-01  5.892932e-02
     vertex  1.922388e-01  1.500657e-01  6.086142e-02
     vertex  1.808165e-01  1.449313e-01  6.955591e-02
   endloop
 endfacet
 facet normal -3.649159e-01 -6.095630e-01 -7.037538e-01
   outer loop
     vertex  1.640532e-01  1.443819e-01  7.825040e-02
     vertex  1.732740e-01  1.544765e-01  6.472564e-02
     vertex  1.761087e-01  1.472029e-01  6.955591e-02
   endloop
 endfacet
 facet normal -3.328007e-01 -6.316751e-01 -7.001644e-01
   outer loop
     vertex  1.640532e-01  1.443819e-01  7.825040e-02
     vertex  1.785572e-01  1.271032e-01  8.694489e-02
     vertex  1.584221e-01  1.377115e-01  8.694489e-02
   endloop
 endfacet
 facet normal -3.469918e-01 -6.374387e-01 -6.879452e-01
   outer loop
     vertex  1.640532e-01  1.443819e-01  7.825040e-02
     vertex  1.761087e-01  1.472029e-01  6.955591e-02
     vertex  1.785572e-01  1.271032e-01  8.694489e-02
   endloop
 endfacet
 facet normal -4.395552e-01 -5.547924e-01 -7.063969e-01
   outer loop
     vertex  1.640532e-01  1.443819e-01  7.825040e-02
     vertex  1.504700e-01  1.440733e-01  8.694489e-02
     vertex  1.595230e-01  1.541214e-01  7.342013e-02
   endloop
 endfacet
 facet normal -4.345599e-01 -5.542201e-01 -7.099280e-01
   outer loop
     vertex  1.640532e-01  1.443819e-01  7.825040e-02
     vertex  1.595230e-01  1.541214e-01  7.342013e-02
     vertex  1.732740e-01  1.544765e-01  6.472564e-02
   endloop
 endfacet
 facet normal -4.409221e-01 -5.511382e-01 -7.084027e-01
   outer loop
     vertex  1.640532e-01  1.443819e-01  7.825040e-02
     vertex  1.584221e-01  1.377115e-01  8.694489e-02
     vertex  1.504700e-01  1.440733e-01  8.694489e-02
   endloop
 endfacet
 facet normal -6.756585e-01  1.968319e-01 -7.104525e-01
   outer loop
     vertex  4.821773e-02  2.479778e-01  1.651953e-01
     vertex  4.772896e-02  2.619911e-01  1.695425e-01
     vertex  6.104874e-02  2.606402e-01  1.565008e-01
   endloop
 endfacet
 facet normal -7.203537e-01  1.026222e-01 -6.859732e-01
   outer loop
     vertex  4.821773e-02  2.479778e-01  1.651953e-01
     vertex  5.541769e-02  2.403998e-01  1.565008e-01
     vertex  5.265309e-02  2.209938e-01  1.565008e-01
   endloop
 endfacet
 facet normal -6.706185e-01  1.865721e-01 -7.179566e-01
   outer loop
     vertex  4.821773e-02  2.479778e-01  1.651953e-01
     vertex  6.104874e-02  2.606402e-01  1.565008e-01
     vertex  5.541769e-02  2.403998e-01  1.565008e-01
   endloop
 endfacet
 facet normal -6.239750e-01 -2.819364e-01 -7.288121e-01
   outer loop
     vertex  1.042605e-01  1.550380e-01  1.173756e-01
     vertex  1.085924e-01  1.791638e-01  1.043339e-01
     vertex  1.203852e-01  1.530642e-01  1.043339e-01
   endloop
 endfacet
 facet normal -6.687595e-01  1.989103e-01 -7.163766e-01
   outer loop
     vertex  4.474768e-02  2.519677e-01  1.695425e-01
     vertex  4.772896e-02  2.619911e-01  1.695425e-01
     vertex  4.821773e-02  2.479778e-01  1.651953e-01
   endloop
 endfacet
 facet normal -6.889564e-01  1.172199e-01 -7.152612e-01
   outer loop
     vertex  3.598976e-02  2.291610e-01  1.738898e-01
     vertex  4.821773e-02  2.479778e-01  1.651953e-01
     vertex  5.265309e-02  2.209938e-01  1.565008e-01
   endloop
 endfacet
 facet normal -7.074552e-01  1.396045e-01 -6.928331e-01
   outer loop
     vertex  3.598976e-02  2.291610e-01  1.738898e-01
     vertex  4.474768e-02  2.519677e-01  1.695425e-01
     vertex  4.821773e-02  2.479778e-01  1.651953e-01
   endloop
 endfacet
 facet normal -5.307759e-01 -4.377766e-01 -7.256918e-01
   outer loop
     vertex  1.217913e-01  1.297405e-01  1.173756e-01
     vertex  1.203852e-01  1.530642e-01  1.043339e-01
     vertex  1.372814e-01  1.325787e-01  1.043339e-01
   endloop
 endfacet
 facet normal -4.844634e-01 -5.353092e-01 -6.919099e-01
   outer loop
     vertex  1.217913e-01  1.297405e-01  1.173756e-01
     vertex  1.372814e-01  1.325787e-01  1.043339e-01
     vertex  1.344470e-01  1.014299e-01  1.304173e-01
   endloop
 endfacet
 facet normal -6.790834e-01  2.302470e-01 -6.970165e-01
   outer loop
     vertex  2.486035e-02  2.756332e-01  1.956260e-01
     vertex  7.223815e-03  2.630972e-01  2.086677e-01
     vertex  1.566017e-02  2.879792e-01  2.086677e-01
   endloop
 endfacet
 facet normal -7.160574e-01  2.435775e-02 -6.976163e-01
   outer loop
     vertex  3.928086e-02  2.014042e-01  1.695425e-01
     vertex  3.598976e-02  2.291610e-01  1.738898e-01
     vertex  5.265309e-02  2.209938e-01  1.565008e-01
   endloop
 endfacet
 facet normal -7.024916e-01  5.741986e-03 -7.116689e-01
   outer loop
     vertex  3.928086e-02  2.014042e-01  1.695425e-01
     vertex  5.265309e-02  2.209938e-01  1.565008e-01
     vertex  5.247245e-02  1.988936e-01  1.565008e-01
   endloop
 endfacet
 facet normal -7.089570e-01 -9.484086e-02 -6.988456e-01
   outer loop
     vertex  3.928086e-02  2.014042e-01  1.695425e-01
     vertex  5.247245e-02  1.988936e-01  1.565008e-01
     vertex  5.539554e-02  1.770428e-01  1.565008e-01
   endloop
 endfacet
 facet normal -6.844143e-01  1.395604e-01 -7.156116e-01
   outer loop
     vertex  2.107530e-02  2.641530e-01  1.956260e-01
     vertex  1.995671e-03  2.374580e-01  2.086677e-01
     vertex  7.223815e-03  2.630972e-01  2.086677e-01
   endloop
 endfacet
 facet normal -6.771681e-01  2.232627e-01 -7.011399e-01
   outer loop
     vertex  2.107530e-02  2.641530e-01  1.956260e-01
     vertex  7.223815e-03  2.630972e-01  2.086677e-01
     vertex  2.486035e-02  2.756332e-01  1.956260e-01
   endloop
 endfacet
 facet normal  1.174447e-01 -6.965602e-01 -7.078210e-01
   outer loop
     vertex  2.193681e-01  1.665328e-01  4.347245e-02
     vertex  2.209110e-01  1.579579e-01  5.216694e-02
     vertex  2.137287e-01  1.567469e-01  5.216694e-02
   endloop
 endfacet
 facet normal  1.863516e-01 -6.827803e-01 -7.064589e-01
   outer loop
     vertex  2.208564e-01  1.669390e-01  4.347245e-02
     vertex  2.209110e-01  1.579579e-01  5.216694e-02
     vertex  2.193681e-01  1.665328e-01  4.347245e-02
   endloop
 endfacet
 facet normal -6.919814e-01  1.495387e-01 -7.062577e-01
   outer loop
     vertex  1.920645e-02  2.349733e-01  1.912788e-01
     vertex  1.995671e-03  2.374580e-01  2.086677e-01
     vertex  2.107530e-02  2.641530e-01  1.956260e-01
   endloop
 endfacet
 facet normal  2.115769e-01 -6.791386e-01 -7.028556e-01
   outer loop
     vertex  2.223356e-01  1.673998e-01  4.347245e-02
     vertex  2.209110e-01  1.579579e-01  5.216694e-02
     vertex  2.208564e-01  1.669390e-01  4.347245e-02
   endloop
 endfacet
 facet normal  2.161064e-01 -6.788283e-01 -7.017764e-01
   outer loop
     vertex  2.223356e-01  1.673998e-01  4.347245e-02
     vertex  2.279938e-01  1.602127e-01  5.216694e-02
     vertex  2.209110e-01  1.579579e-01  5.216694e-02
   endloop
 endfacet
 facet normal -4.280559e-01 -5.289312e-01 -7.328028e-01
   outer loop
     vertex  1.192619e-01  1.137189e-01  1.304173e-01
     vertex  1.217913e-01  1.297405e-01  1.173756e-01
     vertex  1.344470e-01  1.014299e-01  1.304173e-01
   endloop
 endfacet
 facet normal -5.328818e-01 -4.820084e-01 -6.954890e-01
   outer loop
     vertex  1.192619e-01  1.137189e-01  1.304173e-01
     vertex  1.052540e-01  1.292052e-01  1.304173e-01
     vertex  1.217913e-01  1.297405e-01  1.173756e-01
   endloop
 endfacet
 facet normal  3.154562e-01 -6.321878e-01 -7.076906e-01
   outer loop
     vertex  2.252550e-01  1.684842e-01  4.347245e-02
     vertex  2.267761e-01  1.789761e-01  3.477796e-02
     vertex  2.347512e-01  1.634898e-01  5.216694e-02
   endloop
 endfacet
 facet normal  2.460331e-01 -6.623576e-01 -7.076370e-01
   outer loop
     vertex  2.252550e-01  1.684842e-01  4.347245e-02
     vertex  2.279938e-01  1.602127e-01  5.216694e-02
     vertex  2.223356e-01  1.673998e-01  4.347245e-02
   endloop
 endfacet
 facet normal  3.095681e-01 -6.383187e-01 -7.047814e-01
   outer loop
     vertex  2.252550e-01  1.684842e-01  4.347245e-02
     vertex  2.347512e-01  1.634898e-01  5.216694e-02
     vertex  2.279938e-01  1.602127e-01  5.216694e-02
   endloop
 endfacet
 facet normal -7.068723e-01  4.427167e-02 -7.059544e-01
   outer loop
     vertex  1.305823e-02  2.061275e-01  1.956260e-01
     vertex  1.995671e-03  2.374580e-01  2.086677e-01
     vertex  1.920645e-02  2.349733e-01  1.912788e-01
   endloop
 endfacet
 facet normal -6.952651e-01  5.288679e-02 -7.168050e-01
   outer loop
     vertex  1.305823e-02  2.061275e-01  1.956260e-01
     vertex  1.881465e-05  2.114697e-01  2.086677e-01
     vertex  1.995671e-03  2.374580e-01  2.086677e-01
   endloop
 endfacet
 facet normal -6.363932e-02 -7.166809e-01 -6.944915e-01
   outer loop
     vertex  2.091544e-01  1.304189e-01  7.825040e-02
     vertex  1.904374e-01  1.236556e-01  8.694489e-02
     vertex  1.999190e-01  1.396642e-01  6.955591e-02
   endloop
 endfacet
 facet normal  7.057650e-02 -6.922268e-01 -7.182208e-01
   outer loop
     vertex  2.091544e-01  1.304189e-01  7.825040e-02
     vertex  2.249921e-01  1.410546e-01  6.955591e-02
     vertex  2.210884e-01  1.226146e-01  8.694489e-02
   endloop
 endfacet
 facet normal -2.609184e-02 -6.985452e-01 -7.150901e-01
   outer loop
     vertex  2.091544e-01  1.304189e-01  7.825040e-02
     vertex  1.999190e-01  1.396642e-01  6.955591e-02
     vertex  2.122445e-01  1.392038e-01  6.955591e-02
   endloop
 endfacet
 facet normal  1.042237e-01 -7.178845e-01 -6.883163e-01
   outer loop
     vertex  2.091544e-01  1.304189e-01  7.825040e-02
     vertex  2.122445e-01  1.392038e-01  6.955591e-02
     vertex  2.249921e-01  1.410546e-01  6.955591e-02
   endloop
 endfacet
 facet normal -4.903723e-01 -5.178671e-01 -7.009626e-01
   outer loop
     vertex  1.056862e-01  1.087913e-01  1.434591e-01
     vertex  1.089417e-01  8.805586e-02  1.565008e-01
     vertex  9.367015e-02  1.025166e-01  1.565008e-01
   endloop
 endfacet
 facet normal -5.177763e-01 -4.683449e-01 -7.159335e-01
   outer loop
     vertex  1.056862e-01  1.087913e-01  1.434591e-01
     vertex  1.052540e-01  1.292052e-01  1.304173e-01
     vertex  1.192619e-01  1.137189e-01  1.304173e-01
   endloop
 endfacet
 facet normal -7.185736e-01 -4.008040e-02 -6.942950e-01
   outer loop
     vertex  1.359981e-02  1.939017e-01  1.956260e-01
     vertex  1.624671e-03  1.826794e-01  2.086677e-01
     vertex  1.881465e-05  2.114697e-01  2.086677e-01
   endloop
 endfacet
 facet normal -7.132581e-01 -3.159592e-02 -7.001889e-01
   outer loop
     vertex  1.359981e-02  1.939017e-01  1.956260e-01
     vertex  1.881465e-05  2.114697e-01  2.086677e-01
     vertex  1.305823e-02  2.061275e-01  1.956260e-01
   endloop
 endfacet
 facet normal -3.625648e-01 -5.972996e-01 -7.153880e-01
   outer loop
     vertex  1.576987e-01  1.029360e-01  1.173756e-01
     vertex  1.477856e-01  9.333323e-02  1.304173e-01
     vertex  1.344470e-01  1.014299e-01  1.304173e-01
   endloop
 endfacet
 facet normal -3.523772e-01 -6.211727e-01 -6.999820e-01
   outer loop
     vertex  1.576987e-01  1.029360e-01  1.173756e-01
     vertex  1.344470e-01  1.014299e-01  1.304173e-01
     vertex  1.565008e-01  1.183120e-01  1.043339e-01
   endloop
 endfacet
 facet normal -2.746707e-01 -6.343249e-01 -7.226257e-01
   outer loop
     vertex  1.576987e-01  1.029360e-01  1.173756e-01
     vertex  1.565008e-01  1.183120e-01  1.043339e-01
     vertex  1.784658e-01  1.088008e-01  1.043339e-01
   endloop
 endfacet
 facet normal -2.960642e-01 -6.477410e-01 -7.019812e-01
   outer loop
     vertex  1.576987e-01  1.029360e-01  1.173756e-01
     vertex  1.612952e-01  8.715839e-02  1.304173e-01
     vertex  1.477856e-01  9.333323e-02  1.304173e-01
   endloop
 endfacet
 facet normal -8.822308e-02 -7.029116e-01 -7.057847e-01
   outer loop
     vertex  2.053237e-01  1.217872e-01  8.694489e-02
     vertex  2.046549e-01  1.044111e-01  1.043339e-01
     vertex  1.904374e-01  1.236556e-01  8.694489e-02
   endloop
 endfacet
 facet normal -8.631917e-02 -6.877423e-01 -7.208048e-01
   outer loop
     vertex  2.053237e-01  1.217872e-01  8.694489e-02
     vertex  1.904374e-01  1.236556e-01  8.694489e-02
     vertex  2.091544e-01  1.304189e-01  7.825040e-02
   endloop
 endfacet
 facet normal  3.765416e-02 -7.174082e-01 -6.956347e-01
   outer loop
     vertex  2.053237e-01  1.217872e-01  8.694489e-02
     vertex  2.091544e-01  1.304189e-01  7.825040e-02
     vertex  2.210884e-01  1.226146e-01  8.694489e-02
   endloop
 endfacet
 facet normal  3.713907e-02 -7.075943e-01 -7.056423e-01
   outer loop
     vertex  2.053237e-01  1.217872e-01  8.694489e-02
     vertex  2.210884e-01  1.226146e-01  8.694489e-02
     vertex  2.046549e-01  1.044111e-01  1.043339e-01
   endloop
 endfacet
 facet normal  6.550155e-01 -2.668620e-01 -7.069224e-01
   outer loop
     vertex  2.208981e-01  2.041395e-01  1.304174e-02
     vertex  2.331285e-01  1.996113e-01  2.608347e-02
     vertex  2.324931e-01  1.980517e-01  2.608347e-02
   endloop
 endfacet
 facet normal  6.650597e-01 -2.402319e-01 -7.070956e-01
   outer loop
     vertex  2.209686e-01  2.043348e-01  1.304174e-02
     vertex  2.331285e-01  1.996113e-01  2.608347e-02
     vertex  2.208981e-01  2.041395e-01  1.304174e-02
   endloop
 endfacet
 facet normal  6.689574e-01 -2.297050e-01 -7.069170e-01
   outer loop
     vertex  2.210357e-01  2.045300e-01  1.304174e-02
     vertex  2.331285e-01  1.996113e-01  2.608347e-02
     vertex  2.209686e-01  2.043348e-01  1.304174e-02
   endloop
 endfacet
 facet normal  6.708655e-01 -2.245830e-01 -7.067546e-01
   outer loop
     vertex  2.210357e-01  2.045300e-01  1.304174e-02
     vertex  2.336509e-01  2.011720e-01  2.608347e-02
     vertex  2.331285e-01  1.996113e-01  2.608347e-02
   endloop
 endfacet
 facet normal  6.740510e-01 -2.138147e-01 -7.070633e-01
   outer loop
     vertex  2.211593e-01  2.049199e-01  1.304174e-02
     vertex  2.336509e-01  2.011720e-01  2.608347e-02
     vertex  2.210357e-01  2.045300e-01  1.304174e-02
   endloop
 endfacet
 facet normal -1.318105e-01 -7.010745e-01 -7.007999e-01
   outer loop
     vertex  1.842628e-01  9.385733e-02  1.173756e-01
     vertex  1.927432e-01  7.922629e-02  1.304173e-01
     vertex  1.764936e-01  8.228141e-02  1.304173e-01
   endloop
 endfacet
 facet normal -1.136343e-01 -6.779366e-01 -7.262845e-01
   outer loop
     vertex  1.842628e-01  9.385733e-02  1.173756e-01
     vertex  1.784658e-01  1.088008e-01  1.043339e-01
     vertex  2.046549e-01  1.044111e-01  1.043339e-01
   endloop
 endfacet
 facet normal -2.131356e-01 -6.642058e-01 -7.165221e-01
   outer loop
     vertex  1.842628e-01  9.385733e-02  1.173756e-01
     vertex  1.764936e-01  8.228141e-02  1.304173e-01
     vertex  1.612952e-01  8.715839e-02  1.304173e-01
   endloop
 endfacet
 facet normal -2.224136e-01 -6.507761e-01 -7.259633e-01
   outer loop
     vertex  1.842628e-01  9.385733e-02  1.173756e-01
     vertex  1.612952e-01  8.715839e-02  1.304173e-01
     vertex  1.576987e-01  1.029360e-01  1.173756e-01
   endloop
 endfacet
 facet normal -2.355803e-01 -6.893015e-01 -6.851024e-01
   outer loop
     vertex  1.842628e-01  9.385733e-02  1.173756e-01
     vertex  1.576987e-01  1.029360e-01  1.173756e-01
     vertex  1.784658e-01  1.088008e-01  1.043339e-01
   endloop
 endfacet
 facet normal  6.803864e-01 -1.927026e-01 -7.070644e-01
   outer loop
     vertex  2.212694e-01  2.053086e-01  1.304174e-02
     vertex  2.338711e-01  2.019494e-01  2.608347e-02
     vertex  2.336509e-01  2.011720e-01  2.608347e-02
   endloop
 endfacet
 facet normal  6.803864e-01 -1.927026e-01 -7.070644e-01
   outer loop
     vertex  2.212694e-01  2.053086e-01  1.304174e-02
     vertex  2.336509e-01  2.011720e-01  2.608347e-02
     vertex  2.211593e-01  2.049199e-01  1.304174e-02
   endloop
 endfacet
 facet normal  6.859939e-01 -1.716705e-01 -7.070654e-01
   outer loop
     vertex  2.213663e-01  2.056955e-01  1.304174e-02
     vertex  2.340648e-01  2.027233e-01  2.608347e-02
     vertex  2.338711e-01  2.019494e-01  2.608347e-02
   endloop
 endfacet
 facet normal  6.859939e-01 -1.716705e-01 -7.070654e-01
   outer loop
     vertex  2.213663e-01  2.056955e-01  1.304174e-02
     vertex  2.338711e-01  2.019494e-01  2.608347e-02
     vertex  2.212694e-01  2.053086e-01  1.304174e-02
   endloop
 endfacet
 facet normal  6.908918e-01 -1.507498e-01 -7.070665e-01
   outer loop
     vertex  2.214502e-01  2.060801e-01  1.304174e-02
     vertex  2.342326e-01  2.034925e-01  2.608347e-02
     vertex  2.340648e-01  2.027233e-01  2.608347e-02
   endloop
 endfacet
 facet normal  6.908918e-01 -1.507498e-01 -7.070665e-01
   outer loop
     vertex  2.214502e-01  2.060801e-01  1.304174e-02
     vertex  2.340648e-01  2.027233e-01  2.608347e-02
     vertex  2.213663e-01  2.056955e-01  1.304174e-02
   endloop
 endfacet
 facet normal  3.499150e-01 -6.060705e-01 -7.143095e-01
   outer loop
     vertex  2.436504e-01  1.386725e-01  7.825040e-02
     vertex  2.375021e-01  1.453700e-01  6.955591e-02
     vertex  2.490680e-01  1.520476e-01  6.955591e-02
   endloop
 endfacet
 facet normal  2.353845e-01 -6.823576e-01 -6.920854e-01
   outer loop
     vertex  2.436504e-01  1.386725e-01  7.825040e-02
     vertex  2.249921e-01  1.410546e-01  6.955591e-02
     vertex  2.375021e-01  1.453700e-01  6.955591e-02
   endloop
 endfacet
 facet normal  2.503113e-01 -6.519232e-01 -7.157796e-01
   outer loop
     vertex  2.436504e-01  1.386725e-01  7.825040e-02
     vertex  2.350198e-01  1.258125e-01  8.694489e-02
     vertex  2.249921e-01  1.410546e-01  6.955591e-02
   endloop
 endfacet
 facet normal  6.950995e-01 -1.299697e-01 -7.070676e-01
   outer loop
     vertex  2.215216e-01  2.064619e-01  1.304174e-02
     vertex  2.343754e-01  2.042560e-01  2.608347e-02
     vertex  2.342326e-01  2.034925e-01  2.608347e-02
   endloop
 endfacet
 facet normal  6.950995e-01 -1.299697e-01 -7.070676e-01
   outer loop
     vertex  2.215216e-01  2.064619e-01  1.304174e-02
     vertex  2.342326e-01  2.034925e-01  2.608347e-02
     vertex  2.214502e-01  2.060801e-01  1.304174e-02
   endloop
 endfacet
 facet normal  7.004078e-01 -9.926878e-02 -7.068059e-01
   outer loop
     vertex  2.215808e-01  2.068403e-01  1.304174e-02
     vertex  2.345889e-01  2.057621e-01  2.608347e-02
     vertex  2.343754e-01  2.042560e-01  2.608347e-02
   endloop
 endfacet
 facet normal  6.986378e-01 -1.093579e-01 -7.070687e-01
   outer loop
     vertex  2.215808e-01  2.068403e-01  1.304174e-02
     vertex  2.343754e-01  2.042560e-01  2.608347e-02
     vertex  2.215216e-01  2.064619e-01  1.304174e-02
   endloop
 endfacet
 facet normal  7.009876e-01 -9.401343e-02 -7.069497e-01
   outer loop
     vertex  2.216060e-01  2.070281e-01  1.304174e-02
     vertex  2.345889e-01  2.057621e-01  2.608347e-02
     vertex  2.215808e-01  2.068403e-01  1.304174e-02
   endloop
 endfacet
 facet normal  7.021284e-01 -8.383751e-02 -7.070976e-01
   outer loop
     vertex  2.216283e-01  2.072149e-01  1.304174e-02
     vertex  2.345889e-01  2.057621e-01  2.608347e-02
     vertex  2.216060e-01  2.070281e-01  1.304174e-02
   endloop
 endfacet
 facet normal  7.032608e-01 -7.373692e-02 -7.070977e-01
   outer loop
     vertex  2.216478e-01  2.074007e-01  1.304174e-02
     vertex  2.345889e-01  2.057621e-01  2.608347e-02
     vertex  2.216283e-01  2.072149e-01  1.304174e-02
   endloop
 endfacet
 facet normal -4.305864e-01 -5.886167e-01 -6.841972e-01
   outer loop
     vertex  1.060269e-01  7.372502e-02  1.695425e-01
     vertex  1.154482e-01  5.167369e-02  1.825843e-01
     vertex  8.727441e-02  7.228344e-02  1.825843e-01
   endloop
 endfacet
 facet normal  7.043851e-01 -6.370774e-02 -7.069533e-01
   outer loop
     vertex  2.216645e-01  2.075853e-01  1.304174e-02
     vertex  2.345889e-01  2.057621e-01  2.608347e-02
     vertex  2.216478e-01  2.074007e-01  1.304174e-02
   endloop
 endfacet
 facet normal  7.049377e-01 -5.885788e-02 -7.068229e-01
   outer loop
     vertex  2.216645e-01  2.075853e-01  1.304174e-02
     vertex  2.347118e-01  2.072346e-01  2.608347e-02
     vertex  2.345889e-01  2.057621e-01  2.608347e-02
   endloop
 endfacet
 facet normal  7.054575e-01 -4.877611e-02 -7.070718e-01
   outer loop
     vertex  2.216645e-01  2.075853e-01  1.304174e-02
     vertex  2.086677e-01  2.086677e-01  1.605000e-09
     vertex  2.347118e-01  2.072346e-01  2.608347e-02
   endloop
 endfacet
 facet normal -5.783403e-02 -7.299093e-01 -6.810929e-01
   outer loop
     vertex  2.146878e-01  9.144662e-02  1.173756e-01
     vertex  1.842628e-01  9.385733e-02  1.173756e-01
     vertex  2.046549e-01  1.044111e-01  1.043339e-01
   endloop
 endfacet
 facet normal -4.046954e-02 -6.942369e-01 -7.186079e-01
   outer loop
     vertex  2.146878e-01  9.144662e-02  1.173756e-01
     vertex  2.094444e-01  7.825271e-02  1.304173e-01
     vertex  1.927432e-01  7.922629e-02  1.304173e-01
   endloop
 endfacet
 facet normal -5.401355e-02 -6.816920e-01 -7.296428e-01
   outer loop
     vertex  2.146878e-01  9.144662e-02  1.173756e-01
     vertex  1.927432e-01  7.922629e-02  1.304173e-01
     vertex  1.842628e-01  9.385733e-02  1.173756e-01
   endloop
 endfacet
 facet normal  6.779013e-02 -6.810125e-01 -7.291272e-01
   outer loop
     vertex  2.146878e-01  9.144662e-02  1.173756e-01
     vertex  2.046549e-01  1.044111e-01  1.043339e-01
     vertex  2.331543e-01  1.072480e-01  1.043339e-01
   endloop
 endfacet
 facet normal  2.571029e-01 -6.537311e-01 -7.117119e-01
   outer loop
     vertex  2.472681e-01  1.211640e-01  9.563938e-02
     vertex  2.350198e-01  1.258125e-01  8.694489e-02
     vertex  2.436504e-01  1.386725e-01  7.825040e-02
   endloop
 endfacet
 facet normal  2.110231e-01 -6.628609e-01 -7.183903e-01
   outer loop
     vertex  2.472681e-01  1.211640e-01  9.563938e-02
     vertex  2.473199e-01  1.117577e-01  1.043339e-01
     vertex  2.331543e-01  1.072480e-01  1.043339e-01
   endloop
 endfacet
 facet normal  3.122751e-01 -6.439004e-01 -6.984816e-01
   outer loop
     vertex  2.472681e-01  1.211640e-01  9.563938e-02
     vertex  2.608347e-01  1.183120e-01  1.043339e-01
     vertex  2.473199e-01  1.117577e-01  1.043339e-01
   endloop
 endfacet
 facet normal  2.378640e-01 -6.766250e-01 -6.968496e-01
   outer loop
     vertex  2.472681e-01  1.211640e-01  9.563938e-02
     vertex  2.331543e-01  1.072480e-01  1.043339e-01
     vertex  2.350198e-01  1.258125e-01  8.694489e-02
   endloop
 endfacet
 facet normal  5.147580e-01 -4.888076e-01 -7.043375e-01
   outer loop
     vertex  2.620718e-01  1.514740e-01  7.825040e-02
     vertex  2.612555e-01  1.631424e-01  6.955591e-02
     vertex  2.757129e-01  1.533111e-01  8.694489e-02
   endloop
 endfacet
 facet normal  5.139510e-01 -4.891341e-01 -7.047000e-01
   outer loop
     vertex  2.620718e-01  1.514740e-01  7.825040e-02
     vertex  2.567379e-01  1.583956e-01  6.955591e-02
     vertex  2.612555e-01  1.631424e-01  6.955591e-02
   endloop
 endfacet
 facet normal  4.498510e-01 -5.435218e-01 -7.086735e-01
   outer loop
     vertex  2.620718e-01  1.514740e-01  7.825040e-02
     vertex  2.490680e-01  1.520476e-01  6.955591e-02
     vertex  2.567379e-01  1.583956e-01  6.955591e-02
   endloop
 endfacet
 facet normal  5.165282e-01 -4.802301e-01 -7.089271e-01
   outer loop
     vertex  2.755785e-01  1.403315e-01  9.563938e-02
     vertex  2.620718e-01  1.514740e-01  7.825040e-02
     vertex  2.757129e-01  1.533111e-01  8.694489e-02
   endloop
 endfacet
 facet normal  4.818746e-01 -5.288122e-01 -6.986805e-01
   outer loop
     vertex  2.755785e-01  1.403315e-01  9.563938e-02
     vertex  2.842566e-01  1.367519e-01  1.043339e-01
     vertex  2.732682e-01  1.267389e-01  1.043339e-01
   endloop
 endfacet
 facet normal  7.080164e-01 -1.323850e-01 -6.936764e-01
   outer loop
     vertex  2.477784e-01  2.076007e-01  3.912520e-02
     vertex  2.342326e-01  2.034925e-01  2.608347e-02
     vertex  2.343754e-01  2.042560e-01  2.608347e-02
   endloop
 endfacet
 facet normal  7.066010e-01 -1.001465e-01 -7.004896e-01
   outer loop
     vertex  2.477784e-01  2.076007e-01  3.912520e-02
     vertex  2.343754e-01  2.042560e-01  2.608347e-02
     vertex  2.345889e-01  2.057621e-01  2.608347e-02
   endloop
 endfacet
 facet normal  7.060320e-01 -5.894924e-02 -7.057222e-01
   outer loop
     vertex  2.477784e-01  2.076007e-01  3.912520e-02
     vertex  2.345889e-01  2.057621e-01  2.608347e-02
     vertex  2.347118e-01  2.072346e-01  2.608347e-02
   endloop
 endfacet
 facet normal  6.885642e-01 -1.187465e-01 -7.153870e-01
   outer loop
     vertex  2.477784e-01  2.076007e-01  3.912520e-02
     vertex  2.605100e-01  2.028565e-01  5.216694e-02
     vertex  2.594619e-01  1.967788e-01  5.216694e-02
   endloop
 endfacet
 facet normal  7.048581e-01 -5.297553e-02 -7.073674e-01
   outer loop
     vertex  2.477784e-01  2.076007e-01  3.912520e-02
     vertex  2.867999e-01  2.043683e-01  7.825040e-02
     vertex  2.605100e-01  2.028565e-01  5.216694e-02
   endloop
 endfacet
 facet normal  7.065428e-01 -2.907176e-02 -7.070729e-01
   outer loop
     vertex  2.477784e-01  2.076007e-01  3.912520e-02
     vertex  2.347118e-01  2.072346e-01  2.608347e-02
     vertex  2.086677e-01  2.086677e-01  1.605000e-09
   endloop
 endfacet
 facet normal  7.045980e-01 -8.788623e-02 -7.041432e-01
   outer loop
     vertex  2.477784e-01  2.076007e-01  3.912520e-02
     vertex  2.594619e-01  1.967788e-01  5.216694e-02
     vertex  2.342326e-01  2.034925e-01  2.608347e-02
   endloop
 endfacet
 facet normal  5.345146e-01 -4.741744e-01 -6.996090e-01
   outer loop
     vertex  2.844933e-01  1.503808e-01  9.563938e-02
     vertex  2.755785e-01  1.403315e-01  9.563938e-02
     vertex  2.757129e-01  1.533111e-01  8.694489e-02
   endloop
 endfacet
 facet normal  5.237348e-01 -4.646116e-01 -7.140294e-01
   outer loop
     vertex  2.844933e-01  1.503808e-01  9.563938e-02
     vertex  2.842566e-01  1.367519e-01  1.043339e-01
     vertex  2.755785e-01  1.403315e-01  9.563938e-02
   endloop
 endfacet
 facet normal  5.700067e-01 -4.080358e-01 -7.131614e-01
   outer loop
     vertex  2.844933e-01  1.503808e-01  9.563938e-02
     vertex  2.757129e-01  1.533111e-01  8.694489e-02
     vertex  2.826826e-01  1.630475e-01  8.694489e-02
   endloop
 endfacet
 facet normal  5.985285e-01 -3.934371e-01 -6.978330e-01
   outer loop
     vertex  2.844933e-01  1.503808e-01  9.563938e-02
     vertex  2.826826e-01  1.630475e-01  8.694489e-02
     vertex  3.009631e-01  1.600146e-01  1.043339e-01
   endloop
 endfacet
 facet normal  6.060604e-01 -4.352529e-01 -6.657670e-01
   outer loop
     vertex  2.844933e-01  1.503808e-01  9.563938e-02
     vertex  3.009631e-01  1.600146e-01  1.043339e-01
     vertex  2.842566e-01  1.367519e-01  1.043339e-01
   endloop
 endfacet
 facet normal  5.562811e-01 -3.995029e-01 -7.286623e-01
   outer loop
     vertex  3.073812e-01  1.451643e-01  1.173756e-01
     vertex  2.842566e-01  1.367519e-01  1.043339e-01
     vertex  3.009631e-01  1.600146e-01  1.043339e-01
   endloop
 endfacet
 facet normal  6.719889e-01 -1.706111e-01 -7.206405e-01
   outer loop
     vertex  2.990592e-01  1.958757e-01  9.129214e-02
     vertex  3.102560e-01  1.848899e-01  1.043339e-01
     vertex  2.895401e-01  1.767447e-01  8.694489e-02
   endloop
 endfacet
 facet normal  6.919345e-01 -1.857592e-01 -6.976533e-01
   outer loop
     vertex  2.990592e-01  1.958757e-01  9.129214e-02
     vertex  2.895401e-01  1.767447e-01  8.694489e-02
     vertex  2.857907e-01  1.954326e-01  7.825040e-02
   endloop
 endfacet
 facet normal  7.001339e-01 -7.907326e-02 -7.096196e-01
   outer loop
     vertex  2.990592e-01  1.958757e-01  9.129214e-02
     vertex  2.857907e-01  1.954326e-01  7.825040e-02
     vertex  2.867999e-01  2.043683e-01  7.825040e-02
   endloop
 endfacet
 facet normal  1.813654e-01 -6.913657e-01 -6.993712e-01
   outer loop
     vertex  2.656914e-01  4.900256e-02  1.695425e-01
     vertex  2.381306e-01  5.496530e-02  1.565008e-01
     vertex  2.584479e-01  6.029513e-02  1.565008e-01
   endloop
 endfacet
 facet normal  2.613408e-01 -6.531507e-01 -7.107005e-01
   outer loop
     vertex  2.768132e-01  5.818293e-02  1.651953e-01
     vertex  2.656914e-01  4.900256e-02  1.695425e-01
     vertex  2.584479e-01  6.029513e-02  1.565008e-01
   endloop
 endfacet
 facet normal  2.655795e-01 -6.440151e-01 -7.174344e-01
   outer loop
     vertex  2.768132e-01  5.818293e-02  1.651953e-01
     vertex  2.584479e-01  6.029513e-02  1.565008e-01
     vertex  2.779441e-01  6.833496e-02  1.565008e-01
   endloop
 endfacet
 facet normal  3.638244e-01 -6.289482e-01 -6.870633e-01
   outer loop
     vertex  2.768132e-01  5.818293e-02  1.651953e-01
     vertex  2.779441e-01  6.833496e-02  1.565008e-01
     vertex  2.957787e-01  7.865165e-02  1.565008e-01
   endloop
 endfacet
 facet normal  2.562323e-01 -6.494426e-01 -7.159394e-01
   outer loop
     vertex  2.760247e-01  5.307947e-02  1.695425e-01
     vertex  2.656914e-01  4.900256e-02  1.695425e-01
     vertex  2.768132e-01  5.818293e-02  1.651953e-01
   endloop
 endfacet
 facet normal  6.446545e-01 -2.408297e-01 -7.255492e-01
   outer loop
     vertex  3.204949e-01  1.730067e-01  1.173756e-01
     vertex  3.009631e-01  1.600146e-01  1.043339e-01
     vertex  3.102560e-01  1.848899e-01  1.043339e-01
   endloop
 endfacet
 facet normal  6.991153e-01 -2.009991e-01 -6.861757e-01
   outer loop
     vertex  3.204949e-01  1.730067e-01  1.173756e-01
     vertex  3.372061e-01  1.866092e-01  1.304173e-01
     vertex  3.292942e-01  1.590902e-01  1.304173e-01
   endloop
 endfacet
 facet normal  7.017090e-01 -7.507574e-02 -7.084971e-01
   outer loop
     vertex  3.123522e-01  1.970452e-01  1.043339e-01
     vertex  2.990592e-01  1.958757e-01  9.129214e-02
     vertex  2.867999e-01  2.043683e-01  7.825040e-02
   endloop
 endfacet
 facet normal  7.005934e-01 -1.208210e-01 -7.032576e-01
   outer loop
     vertex  3.123522e-01  1.970452e-01  1.043339e-01
     vertex  3.102560e-01  1.848899e-01  1.043339e-01
     vertex  2.990592e-01  1.958757e-01  9.129214e-02
   endloop
 endfacet
 facet normal  3.341342e-01 -6.135198e-01 -7.155053e-01
   outer loop
     vertex  2.996705e-01  6.049167e-02  1.738898e-01
     vertex  2.768132e-01  5.818293e-02  1.651953e-01
     vertex  2.957787e-01  7.865165e-02  1.565008e-01
   endloop
 endfacet
 facet normal  3.285175e-01 -6.413647e-01 -6.933452e-01
   outer loop
     vertex  2.996705e-01  6.049167e-02  1.738898e-01
     vertex  2.760247e-01  5.307947e-02  1.695425e-01
     vertex  2.768132e-01  5.818293e-02  1.651953e-01
   endloop
 endfacet
 facet normal  2.330478e-01 -6.783094e-01 -6.968393e-01
   outer loop
     vertex  2.684960e-01  2.241493e-02  1.956260e-01
     vertex  2.887067e-01  1.596073e-02  2.086677e-01
     vertex  2.639664e-01  7.460683e-03  2.086677e-01
   endloop
 endfacet
 facet normal  4.312693e-01 -5.547709e-01 -7.115026e-01
   outer loop
     vertex  3.194789e-01  8.034958e-02  1.695425e-01
     vertex  2.957787e-01  7.865165e-02  1.565008e-01
     vertex  3.131833e-01  9.218169e-02  1.565008e-01
   endloop
 endfacet
 facet normal  4.251573e-01 -5.767985e-01 -6.975276e-01
   outer loop
     vertex  3.194789e-01  8.034958e-02  1.695425e-01
     vertex  2.996705e-01  6.049167e-02  1.738898e-01
     vertex  2.957787e-01  7.865165e-02  1.565008e-01
   endloop
 endfacet
 facet normal  5.134728e-01 -4.974659e-01 -6.991948e-01
   outer loop
     vertex  3.194789e-01  8.034958e-02  1.695425e-01
     vertex  3.131833e-01  9.218169e-02  1.565008e-01
     vertex  3.284043e-01  1.078925e-01  1.565008e-01
   endloop
 endfacet
 facet normal  3.082507e-01 -6.282551e-01 -7.143368e-01
   outer loop
     vertex  2.799300e-01  2.648313e-02  1.956260e-01
     vertex  3.120992e-01  2.743817e-02  2.086677e-01
     vertex  2.887067e-01  1.596073e-02  2.086677e-01
   endloop
 endfacet
 facet normal  2.387296e-01 -6.709633e-01 -7.020089e-01
   outer loop
     vertex  2.799300e-01  2.648313e-02  1.956260e-01
     vertex  2.887067e-01  1.596073e-02  2.086677e-01
     vertex  2.684960e-01  2.241493e-02  1.956260e-01
   endloop
 endfacet
 facet normal  7.036953e-01 -6.475390e-02 -7.075450e-01
   outer loop
     vertex  3.256384e-01  1.989261e-01  1.173756e-01
     vertex  3.123522e-01  1.970452e-01  1.043339e-01
     vertex  2.867999e-01  2.043683e-01  7.825040e-02
   endloop
 endfacet
 facet normal  7.120462e-01 -1.412985e-01 -6.877680e-01
   outer loop
     vertex  3.256384e-01  1.989261e-01  1.173756e-01
     vertex  3.204949e-01  1.730067e-01  1.173756e-01
     vertex  3.102560e-01  1.848899e-01  1.043339e-01
   endloop
 endfacet
 facet normal  6.751698e-01 -1.339807e-01 -7.253929e-01
   outer loop
     vertex  3.256384e-01  1.989261e-01  1.173756e-01
     vertex  3.372061e-01  1.866092e-01  1.304173e-01
     vertex  3.204949e-01  1.730067e-01  1.173756e-01
   endloop
 endfacet
 facet normal  7.040302e-01 -1.214137e-01 -6.997144e-01
   outer loop
     vertex  3.256384e-01  1.989261e-01  1.173756e-01
     vertex  3.102560e-01  1.848899e-01  1.043339e-01
     vertex  3.123522e-01  1.970452e-01  1.043339e-01
   endloop
 endfacet
 facet normal  3.061504e-01 -6.357242e-01 -7.086090e-01
   outer loop
     vertex  3.048462e-01  4.332789e-02  1.912788e-01
     vertex  3.120992e-01  2.743817e-02  2.086677e-01
     vertex  2.799300e-01  2.648313e-02  1.956260e-01
   endloop
 endfacet
 facet normal  3.879586e-01 -5.822686e-01 -7.144588e-01
   outer loop
     vertex  3.311763e-01  5.615157e-02  1.956260e-01
     vertex  3.360886e-01  4.342203e-02  2.086677e-01
     vertex  3.120992e-01  2.743817e-02  2.086677e-01
   endloop
 endfacet
 facet normal  4.017265e-01 -5.863901e-01 -7.033935e-01
   outer loop
     vertex  3.311763e-01  5.615157e-02  1.956260e-01
     vertex  3.120992e-01  2.743817e-02  2.086677e-01
     vertex  3.048462e-01  4.332789e-02  1.912788e-01
   endloop
 endfacet
 facet normal  4.775320e-01 -5.382789e-01 -6.944199e-01
   outer loop
     vertex  3.413446e-01  6.490963e-02  1.956260e-01
     vertex  3.575502e-01  6.246158e-02  2.086677e-01
     vertex  3.360886e-01  4.342203e-02  2.086677e-01
   endloop
 endfacet
 facet normal  4.648546e-01 -5.397035e-01 -7.018763e-01
   outer loop
     vertex  3.413446e-01  6.490963e-02  1.956260e-01
     vertex  3.360886e-01  4.342203e-02  2.086677e-01
     vertex  3.311763e-01  5.615157e-02  1.956260e-01
   endloop
 endfacet
 facet normal  6.539598e-01 -2.474653e-01 -7.149108e-01
   outer loop
     vertex  3.661295e-01  1.458150e-01  1.695425e-01
     vertex  3.511979e-01  1.440329e-01  1.565008e-01
     vertex  3.582815e-01  1.627523e-01  1.565008e-01
   endloop
 endfacet
 facet normal  7.070739e-01 -9.643212e-03 -7.070739e-01
   outer loop
     vertex  3.520734e-01  2.047554e-01  1.434591e-01
     vertex  2.086677e-01  2.086677e-01  1.605000e-09
     vertex  4.173355e-01  2.086677e-01  2.086677e-01
   endloop
 endfacet
 facet normal -7.071472e-01  1.383173e-02  7.069311e-01
   outer loop
     vertex  3.520734e-01  2.047554e-01  1.434591e-01
     vertex  2.477784e-01  2.076007e-01  3.912520e-02
     vertex  2.086677e-01  2.086677e-01  1.605000e-09
   endloop
 endfacet
 facet normal  7.065428e-01 -2.907176e-02 -7.070729e-01
   outer loop
     vertex  3.520734e-01  2.047554e-01  1.434591e-01
     vertex  2.867999e-01  2.043683e-01  7.825040e-02
     vertex  2.477784e-01  2.076007e-01  3.912520e-02
   endloop
 endfacet
 facet normal  7.062947e-01 -4.053413e-02 -7.067565e-01
   outer loop
     vertex  3.520734e-01  2.047554e-01  1.434591e-01
     vertex  3.256384e-01  1.989261e-01  1.173756e-01
     vertex  2.867999e-01  2.043683e-01  7.825040e-02
   endloop
 endfacet
 facet normal  7.088114e-01 -7.677701e-02 -7.012073e-01
   outer loop
     vertex  3.520734e-01  2.047554e-01  1.434591e-01
     vertex  3.372061e-01  1.866092e-01  1.304173e-01
     vertex  3.256384e-01  1.989261e-01  1.173756e-01
   endloop
 endfacet
 facet normal  7.072952e-01 -2.125675e-02 -7.065986e-01
   outer loop
     vertex  3.520734e-01  2.047554e-01  1.434591e-01
     vertex  4.173355e-01  2.086677e-01  2.086677e-01
     vertex  3.909762e-01  1.986358e-01  1.825843e-01
   endloop
 endfacet
 facet normal  7.046463e-01 -6.983845e-02 -7.061134e-01
   outer loop
     vertex  3.520734e-01  2.047554e-01  1.434591e-01
     vertex  3.628969e-01  1.820994e-01  1.565008e-01
     vertex  3.372061e-01  1.866092e-01  1.304173e-01
   endloop
 endfacet
 facet normal  7.040919e-01 -5.191430e-02 -7.082087e-01
   outer loop
     vertex  3.520734e-01  2.047554e-01  1.434591e-01
     vertex  3.909762e-01  1.986358e-01  1.825843e-01
     vertex  3.641945e-01  1.912339e-01  1.565008e-01
   endloop
 endfacet
 facet normal  6.773750e-01 -9.622395e-02 -7.293175e-01
   outer loop
     vertex  3.520734e-01  2.047554e-01  1.434591e-01
     vertex  3.641945e-01  1.912339e-01  1.565008e-01
     vertex  3.628969e-01  1.820994e-01  1.565008e-01
   endloop
 endfacet
 facet normal  6.746457e-01 -2.279797e-01 -7.020530e-01
   outer loop
     vertex  3.764248e-01  1.628940e-01  1.738898e-01
     vertex  3.661295e-01  1.458150e-01  1.695425e-01
     vertex  3.582815e-01  1.627523e-01  1.565008e-01
   endloop
 endfacet
 facet normal  6.841077e-01 -1.559594e-01 -7.125120e-01
   outer loop
     vertex  3.756814e-01  1.794940e-01  1.695425e-01
     vertex  3.764248e-01  1.628940e-01  1.738898e-01
     vertex  3.582815e-01  1.627523e-01  1.565008e-01
   endloop
 endfacet
 facet normal  6.878479e-01 -1.640908e-01 -7.070639e-01
   outer loop
     vertex  3.756814e-01  1.794940e-01  1.695425e-01
     vertex  3.582815e-01  1.627523e-01  1.565008e-01
     vertex  3.628969e-01  1.820994e-01  1.565008e-01
   endloop
 endfacet
 facet normal  7.073136e-01 -8.721509e-02 -7.014991e-01
   outer loop
     vertex  3.756814e-01  1.794940e-01  1.695425e-01
     vertex  3.641945e-01  1.912339e-01  1.565008e-01
     vertex  3.909762e-01  1.986358e-01  1.825843e-01
   endloop
 endfacet
 facet normal  7.005575e-01 -9.951713e-02 -7.066226e-01
   outer loop
     vertex  3.756814e-01  1.794940e-01  1.695425e-01
     vertex  3.628969e-01  1.820994e-01  1.565008e-01
     vertex  3.641945e-01  1.912339e-01  1.565008e-01
   endloop
 endfacet
 facet normal  6.859333e-01 -1.554468e-01 -7.108669e-01
   outer loop
     vertex  3.855386e-01  1.633497e-01  1.825843e-01
     vertex  3.764248e-01  1.628940e-01  1.738898e-01
     vertex  3.756814e-01  1.794940e-01  1.695425e-01
   endloop
 endfacet
 facet normal  6.825164e-01 -2.111308e-01 -6.997107e-01
   outer loop
     vertex  3.927059e-01  1.423390e-01  1.956260e-01
     vertex  4.117192e-01  1.605813e-01  2.086677e-01
     vertex  4.034043e-01  1.337017e-01  2.086677e-01
   endloop
 endfacet
 facet normal  6.799841e-01 -2.055492e-01 -7.038261e-01
   outer loop
     vertex  3.942477e-01  1.623252e-01  1.912788e-01
     vertex  4.117192e-01  1.605813e-01  2.086677e-01
     vertex  3.927059e-01  1.423390e-01  1.956260e-01
   endloop
 endfacet
 facet normal  6.922550e-01 -1.344252e-01 -7.090225e-01
   outer loop
     vertex  4.023292e-01  1.810133e-01  1.956260e-01
     vertex  4.117192e-01  1.605813e-01  2.086677e-01
     vertex  3.942477e-01  1.623252e-01  1.912788e-01
   endloop
 endfacet
 facet normal  7.041130e-01 -1.228239e-01 -6.993849e-01
   outer loop
     vertex  4.023292e-01  1.810133e-01  1.956260e-01
     vertex  4.160078e-01  1.851664e-01  2.086677e-01
     vertex  4.117192e-01  1.605813e-01  2.086677e-01
   endloop
 endfacet
 facet normal  6.957490e-01 -3.930458e-02 -7.172089e-01
   outer loop
     vertex  4.023292e-01  1.810133e-01  1.956260e-01
     vertex  4.173355e-01  2.086677e-01  2.086677e-01
     vertex  4.160078e-01  1.851664e-01  2.086677e-01
   endloop
 endfacet
 facet normal  7.131929e-01 -5.754534e-02 -6.986017e-01
   outer loop
     vertex  4.023292e-01  1.810133e-01  1.956260e-01
     vertex  3.909762e-01  1.986358e-01  1.825843e-01
     vertex  4.173355e-01  2.086677e-01  2.086677e-01
   endloop
 endfacet
 facet normal  7.019053e-01  8.381087e-02 -7.073222e-01
   outer loop
     vertex  2.151102e-01  2.096758e-01  6.520868e-03
     vertex  2.216060e-01  2.103074e-01  1.304174e-02
     vertex  2.216283e-01  2.101206e-01  1.304174e-02
   endloop
 endfacet
 facet normal  7.023213e-01  8.408316e-02 -7.068768e-01
   outer loop
     vertex  2.151102e-01  2.096758e-01  6.520868e-03
     vertex  2.216645e-01  2.097501e-01  1.304174e-02
     vertex  2.086677e-01  2.086677e-01  1.605000e-09
   endloop
 endfacet
 facet normal  7.028172e-01  7.369042e-02 -7.075435e-01
   outer loop
     vertex  2.151102e-01  2.096758e-01  6.520868e-03
     vertex  2.216283e-01  2.101206e-01  1.304174e-02
     vertex  2.216478e-01  2.099348e-01  1.304174e-02
   endloop
 endfacet
 facet normal  7.035064e-01  6.362827e-02 -7.078349e-01
   outer loop
     vertex  2.151102e-01  2.096758e-01  6.520868e-03
     vertex  2.216478e-01  2.099348e-01  1.304174e-02
     vertex  2.216645e-01  2.097501e-01  1.304174e-02
   endloop
 endfacet
 facet normal  6.986755e-01  1.093638e-01 -7.070305e-01
   outer loop
     vertex  2.151102e-01  2.096758e-01  6.520868e-03
     vertex  2.215216e-01  2.108736e-01  1.304174e-02
     vertex  2.215808e-01  2.104952e-01  1.304174e-02
   endloop
 endfacet
 facet normal  7.007664e-01  9.398377e-02 -7.071729e-01
   outer loop
     vertex  2.151102e-01  2.096758e-01  6.520868e-03
     vertex  2.215808e-01  2.104952e-01  1.304174e-02
     vertex  2.216060e-01  2.103074e-01  1.304174e-02
   endloop
 endfacet
 facet normal  6.982393e-01  1.118910e-01 -7.070659e-01
   outer loop
     vertex  2.151026e-01  2.097232e-01  6.520868e-03
     vertex  2.215216e-01  2.108736e-01  1.304174e-02
     vertex  2.151102e-01  2.096758e-01  6.520868e-03
   endloop
 endfacet
 facet normal  6.982014e-01  1.118849e-01 -7.071044e-01
   outer loop
     vertex  2.151026e-01  2.097232e-01  6.520868e-03
     vertex  2.151102e-01  2.096758e-01  6.520868e-03
     vertex  2.086677e-01  2.086677e-01  1.605000e-09
   endloop
 endfacet
 facet normal  6.950995e-01  1.299697e-01 -7.070676e-01
   outer loop
     vertex  2.150947e-01  2.097707e-01  6.520868e-03
     vertex  2.214502e-01  2.112554e-01  1.304174e-02
     vertex  2.215216e-01  2.108736e-01  1.304174e-02
   endloop
 endfacet
 facet normal  6.905835e-01  1.506825e-01 -7.073820e-01
   outer loop
     vertex  2.150947e-01  2.097707e-01  6.520868e-03
     vertex  2.213663e-01  2.116400e-01  1.304174e-02
     vertex  2.214502e-01  2.112554e-01  1.304174e-02
   endloop
 endfacet
 facet normal  6.850638e-01  1.714378e-01 -7.080231e-01
   outer loop
     vertex  2.150947e-01  2.097707e-01  6.520868e-03
     vertex  2.212694e-01  2.120269e-01  1.304174e-02
     vertex  2.213663e-01  2.116400e-01  1.304174e-02
   endloop
 endfacet
 facet normal  6.973580e-01  1.170264e-01 -7.071044e-01
   outer loop
     vertex  2.150947e-01  2.097707e-01  6.520868e-03
     vertex  2.215216e-01  2.108736e-01  1.304174e-02
     vertex  2.151026e-01  2.097232e-01  6.520868e-03
   endloop
 endfacet
 facet normal  6.785189e-01  1.921737e-01 -7.090003e-01
   outer loop
     vertex  2.150947e-01  2.097707e-01  6.520868e-03
     vertex  2.211593e-01  2.124156e-01  1.304174e-02
     vertex  2.212694e-01  2.120269e-01  1.304174e-02
   endloop
 endfacet
 facet normal  6.644985e-01  2.281740e-01 -7.116027e-01
   outer loop
     vertex  2.150947e-01  2.097707e-01  6.520868e-03
     vertex  2.209686e-01  2.130007e-01  1.304174e-02
     vertex  2.210357e-01  2.128055e-01  1.304174e-02
   endloop
 endfacet
 facet normal  6.709320e-01  2.128253e-01 -7.103208e-01
   outer loop
     vertex  2.150947e-01  2.097707e-01  6.520868e-03
     vertex  2.210357e-01  2.128055e-01  1.304174e-02
     vertex  2.211593e-01  2.124156e-01  1.304174e-02
   endloop
 endfacet
 facet normal  6.973580e-01  1.170264e-01 -7.071044e-01
   outer loop
     vertex  2.150947e-01  2.097707e-01  6.520868e-03
     vertex  2.151026e-01  2.097232e-01  6.520868e-03
     vertex  2.086677e-01  2.086677e-01  1.605000e-09
   endloop
 endfacet
 facet normal  6.599140e-01  2.383732e-01 -7.125249e-01
   outer loop
     vertex  2.150947e-01  2.097707e-01  6.520868e-03
     vertex  2.208981e-01  2.131959e-01  1.304174e-02
     vertex  2.209686e-01  2.130007e-01  1.304174e-02
   endloop
 endfacet
 facet normal  6.675441e-01  2.521507e-01 -7.005747e-01
   outer loop
     vertex  2.142189e-01  2.120893e-01  6.520868e-03
     vertex  2.150947e-01  2.097707e-01  6.520868e-03
     vertex  2.086677e-01  2.086677e-01  1.605000e-09
   endloop
 endfacet
 facet normal  6.555037e-01  2.476026e-01 -7.134479e-01
   outer loop
     vertex  2.142189e-01  2.120893e-01  6.520868e-03
     vertex  2.208981e-01  2.131959e-01  1.304174e-02
     vertex  2.150947e-01  2.097707e-01  6.520868e-03
   endloop
 endfacet
 facet normal  6.147749e-01  3.509747e-01 -7.063063e-01
   outer loop
     vertex  2.256582e-01  2.183641e-01  1.956260e-02
     vertex  2.308722e-01  2.223538e-01  2.608347e-02
     vertex  2.317416e-01  2.208310e-01  2.608347e-02
   endloop
 endfacet
 facet normal  6.346380e-01  3.082483e-01 -7.086731e-01
   outer loop
     vertex  2.256582e-01  2.183641e-01  1.956260e-02
     vertex  2.317416e-01  2.208310e-01  2.608347e-02
     vertex  2.324931e-01  2.192837e-01  2.608347e-02
   endloop
 endfacet
 facet normal  6.342011e-01  3.097196e-01 -7.084227e-01
   outer loop
     vertex  2.256582e-01  2.183641e-01  1.956260e-02
     vertex  2.324931e-01  2.192837e-01  2.608347e-02
     vertex  2.208981e-01  2.131959e-01  1.304174e-02
   endloop
 endfacet
 facet normal  6.397681e-01  3.023113e-01 -7.066149e-01
   outer loop
     vertex  2.256582e-01  2.183641e-01  1.956260e-02
     vertex  2.208981e-01  2.131959e-01  1.304174e-02
     vertex  2.142189e-01  2.120893e-01  6.520868e-03
   endloop
 endfacet
 facet normal  5.884459e-01  3.910778e-01 -7.076649e-01
   outer loop
     vertex  2.254924e-01  2.186490e-01  1.956260e-02
     vertex  2.298849e-01  2.238394e-01  2.608347e-02
     vertex  2.308722e-01  2.223538e-01  2.608347e-02
   endloop
 endfacet
 facet normal  6.111269e-01  3.556264e-01 -7.071447e-01
   outer loop
     vertex  2.254924e-01  2.186490e-01  1.956260e-02
     vertex  2.256582e-01  2.183641e-01  1.956260e-02
     vertex  2.142189e-01  2.120893e-01  6.520868e-03
   endloop
 endfacet
 facet normal  6.115200e-01  3.558552e-01 -7.066897e-01
   outer loop
     vertex  2.254924e-01  2.186490e-01  1.956260e-02
     vertex  2.308722e-01  2.223538e-01  2.608347e-02
     vertex  2.256582e-01  2.183641e-01  1.956260e-02
   endloop
 endfacet
 facet normal  5.373330e-01  4.597282e-01 -7.070525e-01
   outer loop
     vertex  2.204006e-01  2.183552e-01  1.521536e-02
     vertex  2.281869e-01  2.259695e-01  2.608347e-02
     vertex  2.287813e-01  2.252747e-01  2.608347e-02
   endloop
 endfacet
 facet normal  5.607315e-01  4.311398e-01 -7.068937e-01
   outer loop
     vertex  2.204006e-01  2.183552e-01  1.521536e-02
     vertex  2.287813e-01  2.252747e-01  2.608347e-02
     vertex  2.298849e-01  2.238394e-01  2.608347e-02
   endloop
 endfacet
 facet normal  5.823204e-01  3.978696e-01 -7.089448e-01
   outer loop
     vertex  2.204006e-01  2.183552e-01  1.521536e-02
     vertex  2.298849e-01  2.238394e-01  2.608347e-02
     vertex  2.254924e-01  2.186490e-01  1.956260e-02
   endloop
 endfacet
 facet normal  5.790506e-01  4.080910e-01 -7.058060e-01
   outer loop
     vertex  2.204006e-01  2.183552e-01  1.521536e-02
     vertex  2.254924e-01  2.186490e-01  1.956260e-02
     vertex  2.142189e-01  2.120893e-01  6.520868e-03
   endloop
 endfacet
 facet normal  5.203946e-01  4.779178e-01 -7.076610e-01
   outer loop
     vertex  2.204006e-01  2.183552e-01  1.521536e-02
     vertex  2.275649e-01  2.266467e-01  2.608347e-02
     vertex  2.281869e-01  2.259695e-01  2.608347e-02
   endloop
 endfacet
 facet normal  5.363003e-01  4.562247e-01 -7.100993e-01
   outer loop
     vertex  2.181163e-01  2.176572e-01  1.304174e-02
     vertex  2.204006e-01  2.183552e-01  1.521536e-02
     vertex  2.142189e-01  2.120893e-01  6.520868e-03
   endloop
 endfacet
 facet normal  5.292691e-01  4.692368e-01 -7.068882e-01
   outer loop
     vertex  2.181163e-01  2.176572e-01  1.304174e-02
     vertex  2.275649e-01  2.266467e-01  2.608347e-02
     vertex  2.204006e-01  2.183552e-01  1.521536e-02
   endloop
 endfacet
 facet normal  3.154737e-01  6.350216e-01 -7.051410e-01
   outer loop
     vertex  2.178852e-01  2.315127e-01  2.463439e-02
     vertex  2.267761e-01  2.383594e-01  3.477796e-02
     vertex  2.173622e-01  2.237270e-01  1.738898e-02
   endloop
 endfacet
 facet normal  3.095417e-01  6.365680e-01 -7.063746e-01
   outer loop
     vertex  2.178852e-01  2.315127e-01  2.463439e-02
     vertex  2.173622e-01  2.237270e-01  1.738898e-02
     vertex  2.134993e-01  2.207815e-01  1.304174e-02
   endloop
 endfacet
 facet normal  2.203267e-01  6.732338e-01 -7.058416e-01
   outer loop
     vertex  2.178852e-01  2.315127e-01  2.463439e-02
     vertex  2.163931e-01  2.395973e-01  3.187979e-02
     vertex  2.252550e-01  2.488513e-01  4.347245e-02
   endloop
 endfacet
 facet normal  3.194512e-01  6.316666e-01 -7.063627e-01
   outer loop
     vertex  2.178852e-01  2.315127e-01  2.463439e-02
     vertex  2.252550e-01  2.488513e-01  4.347245e-02
     vertex  2.267761e-01  2.383594e-01  3.477796e-02
   endloop
 endfacet
 facet normal  2.159749e-01  6.744412e-01 -7.060339e-01
   outer loop
     vertex  2.137691e-01  2.297969e-01  2.173622e-02
     vertex  2.178852e-01  2.315127e-01  2.463439e-02
     vertex  2.134993e-01  2.207815e-01  1.304174e-02
   endloop
 endfacet
 facet normal  2.169025e-01  6.734053e-01 -7.067380e-01
   outer loop
     vertex  2.137691e-01  2.297969e-01  2.173622e-02
     vertex  2.163931e-01  2.395973e-01  3.187979e-02
     vertex  2.178852e-01  2.315127e-01  2.463439e-02
   endloop
 endfacet
 facet normal  1.202730e-01  6.982151e-01 -7.057124e-01
   outer loop
     vertex  2.137691e-01  2.297969e-01  2.173622e-02
     vertex  2.116200e-01  2.389549e-01  3.043071e-02
     vertex  2.163931e-01  2.395973e-01  3.187979e-02
   endloop
 endfacet
 facet normal  1.319092e-01  6.986032e-01 -7.032450e-01
   outer loop
     vertex  2.119117e-01  2.279595e-01  1.956260e-02
     vertex  2.116200e-01  2.389549e-01  3.043071e-02
     vertex  2.137691e-01  2.297969e-01  2.173622e-02
   endloop
 endfacet
 facet normal  3.024235e-02  7.030620e-01 -7.104852e-01
   outer loop
     vertex  2.119117e-01  2.279595e-01  1.956260e-02
     vertex  2.076645e-01  2.347319e-01  2.608347e-02
     vertex  2.116200e-01  2.389549e-01  3.043071e-02
   endloop
 endfacet
 facet normal -8.455102e-02  7.067644e-01 -7.023783e-01
   outer loop
     vertex  2.050116e-01  2.300943e-01  2.173622e-02
     vertex  2.025909e-01  2.370051e-01  2.898163e-02
     vertex  2.076645e-01  2.347319e-01  2.608347e-02
   endloop
 endfacet
 facet normal -1.391449e-01  6.929446e-01 -7.074365e-01
   outer loop
     vertex  2.041677e-01  2.277057e-01  1.956260e-02
     vertex  2.025909e-01  2.370051e-01  2.898163e-02
     vertex  2.050116e-01  2.300943e-01  2.173622e-02
   endloop
 endfacet
 facet normal  3.600230e-01  6.189256e-01 -6.980792e-01
   outer loop
     vertex  2.591681e-01  2.794430e-01  8.694489e-02
     vertex  2.436504e-01  2.786630e-01  7.825040e-02
     vertex  2.472681e-01  2.961715e-01  9.563938e-02
   endloop
 endfacet
 facet normal  4.480957e-01  5.479873e-01 -7.063428e-01
   outer loop
     vertex  2.591681e-01  2.794430e-01  8.694489e-02
     vertex  2.620718e-01  2.658615e-01  7.825040e-02
     vertex  2.490680e-01  2.652879e-01  6.955591e-02
   endloop
 endfacet
 facet normal  3.650833e-01  6.068295e-01 -7.060256e-01
   outer loop
     vertex  2.591681e-01  2.794430e-01  8.694489e-02
     vertex  2.490680e-01  2.652879e-01  6.955591e-02
     vertex  2.436504e-01  2.786630e-01  7.825040e-02
   endloop
 endfacet
 facet normal  4.539051e-01  5.472274e-01 -7.032157e-01
   outer loop
     vertex  2.591681e-01  2.794430e-01  8.694489e-02
     vertex  2.755785e-01  2.770039e-01  9.563938e-02
     vertex  2.620718e-01  2.658615e-01  7.825040e-02
   endloop
 endfacet
 facet normal  3.352360e-01  6.055696e-01 -7.217356e-01
   outer loop
     vertex  2.623327e-01  2.878319e-01  9.563938e-02
     vertex  2.472681e-01  2.961715e-01  9.563938e-02
     vertex  2.608347e-01  2.990235e-01  1.043339e-01
   endloop
 endfacet
 facet normal  4.029376e-01  5.945146e-01 -6.958403e-01
   outer loop
     vertex  2.623327e-01  2.878319e-01  9.563938e-02
     vertex  2.608347e-01  2.990235e-01  1.043339e-01
     vertex  2.732682e-01  2.905966e-01  1.043339e-01
   endloop
 endfacet
 facet normal  4.526185e-01  5.536880e-01 -6.989750e-01
   outer loop
     vertex  2.623327e-01  2.878319e-01  9.563938e-02
     vertex  2.755785e-01  2.770039e-01  9.563938e-02
     vertex  2.591681e-01  2.794430e-01  8.694489e-02
   endloop
 endfacet
 facet normal  4.381833e-01  5.360294e-01 -7.215732e-01
   outer loop
     vertex  2.623327e-01  2.878319e-01  9.563938e-02
     vertex  2.732682e-01  2.905966e-01  1.043339e-01
     vertex  2.755785e-01  2.770039e-01  9.563938e-02
   endloop
 endfacet
 facet normal  3.389912e-01  6.123530e-01 -7.142190e-01
   outer loop
     vertex  2.623327e-01  2.878319e-01  9.563938e-02
     vertex  2.591681e-01  2.794430e-01  8.694489e-02
     vertex  2.472681e-01  2.961715e-01  9.563938e-02
   endloop
 endfacet
 facet normal -2.925980e-01  6.517134e-01 -6.997543e-01
   outer loop
     vertex  1.982235e-01  2.325689e-01  2.608347e-02
     vertex  1.912788e-01  2.387863e-01  3.477796e-02
     vertex  1.960836e-01  2.502790e-01  4.347245e-02
   endloop
 endfacet
 facet normal -2.110881e-01  6.717174e-01 -7.100969e-01
   outer loop
     vertex  1.982235e-01  2.325689e-01  2.608347e-02
     vertex  1.960836e-01  2.502790e-01  4.347245e-02
     vertex  2.025909e-01  2.370051e-01  2.898163e-02
   endloop
 endfacet
 facet normal -2.888962e-01  6.438405e-01 -7.085255e-01
   outer loop
     vertex  1.982235e-01  2.325689e-01  2.608347e-02
     vertex  2.061509e-01  2.169900e-01  8.694491e-03
     vertex  2.051019e-01  2.141273e-01  6.520868e-03
   endloop
 endfacet
 facet normal -2.219691e-01  6.737626e-01 -7.048217e-01
   outer loop
     vertex  1.982235e-01  2.325689e-01  2.608347e-02
     vertex  2.041677e-01  2.277057e-01  1.956260e-02
     vertex  2.061509e-01  2.169900e-01  8.694491e-03
   endloop
 endfacet
 facet normal -2.192899e-01  6.756886e-01 -7.038159e-01
   outer loop
     vertex  1.982235e-01  2.325689e-01  2.608347e-02
     vertex  2.025909e-01  2.370051e-01  2.898163e-02
     vertex  2.041677e-01  2.277057e-01  1.956260e-02
   endloop
 endfacet
 facet normal  5.870938e-01  4.141024e-01 -6.955862e-01
   outer loop
     vertex  3.046224e-01  2.870453e-01  1.238965e-01
     vertex  3.215012e-01  2.740687e-01  1.304173e-01
     vertex  3.073112e-01  2.722798e-01  1.173756e-01
   endloop
 endfacet
 facet normal  5.336581e-01  4.783981e-01 -6.973839e-01
   outer loop
     vertex  3.046224e-01  2.870453e-01  1.238965e-01
     vertex  2.995851e-01  3.021703e-01  1.304173e-01
     vertex  3.115134e-01  2.888641e-01  1.304173e-01
   endloop
 endfacet
 facet normal  5.767871e-01  3.893685e-01 -7.181286e-01
   outer loop
     vertex  3.046224e-01  2.870453e-01  1.238965e-01
     vertex  3.115134e-01  2.888641e-01  1.304173e-01
     vertex  3.215012e-01  2.740687e-01  1.304173e-01
   endloop
 endfacet
 facet normal -3.038522e-01  6.433059e-01 -7.027314e-01
   outer loop
     vertex  1.957798e-01  2.329976e-01  2.753255e-02
     vertex  1.912788e-01  2.387863e-01  3.477796e-02
     vertex  1.982235e-01  2.325689e-01  2.608347e-02
   endloop
 endfacet
 facet normal -4.064588e-01  5.738472e-01 -7.109787e-01
   outer loop
     vertex  1.957798e-01  2.329976e-01  2.753255e-02
     vertex  1.908212e-01  2.276900e-01  2.608347e-02
     vertex  1.912788e-01  2.387863e-01  3.477796e-02
   endloop
 endfacet
 facet normal -4.136988e-01  5.784423e-01 -7.030348e-01
   outer loop
     vertex  1.957798e-01  2.329976e-01  2.753255e-02
     vertex  2.051019e-01  2.141273e-01  6.520868e-03
     vertex  1.908212e-01  2.276900e-01  2.608347e-02
   endloop
 endfacet
 facet normal -3.081139e-01  6.357927e-01 -7.076959e-01
   outer loop
     vertex  1.957798e-01  2.329976e-01  2.753255e-02
     vertex  1.982235e-01  2.325689e-01  2.608347e-02
     vertex  2.051019e-01  2.141273e-01  6.520868e-03
   endloop
 endfacet
 facet normal  5.186620e-01  4.649548e-01 -7.175004e-01
   outer loop
     vertex  3.068813e-01  3.040940e-01  1.369382e-01
     vertex  3.115134e-01  2.888641e-01  1.304173e-01
     vertex  2.995851e-01  3.021703e-01  1.304173e-01
   endloop
 endfacet
 facet normal  4.880718e-01  5.214230e-01 -6.999314e-01
   outer loop
     vertex  3.068813e-01  3.040940e-01  1.369382e-01
     vertex  2.995851e-01  3.021703e-01  1.304173e-01
     vertex  2.999191e-01  3.193642e-01  1.434591e-01
   endloop
 endfacet
 facet normal  4.439006e-01  5.622425e-01 -6.977361e-01
   outer loop
     vertex  2.809526e-01  3.249732e-01  1.369382e-01
     vertex  2.995851e-01  3.021703e-01  1.304173e-01
     vertex  2.785230e-01  3.187991e-01  1.304173e-01
   endloop
 endfacet
 facet normal  4.122138e-01  5.455008e-01 -7.297319e-01
   outer loop
     vertex  2.809526e-01  3.249732e-01  1.369382e-01
     vertex  2.999191e-01  3.193642e-01  1.434591e-01
     vertex  2.995851e-01  3.021703e-01  1.304173e-01
   endloop
 endfacet
 facet normal  3.334680e-01  6.194136e-01 -7.107221e-01
   outer loop
     vertex  2.809526e-01  3.249732e-01  1.369382e-01
     vertex  2.785230e-01  3.187991e-01  1.304173e-01
     vertex  2.621412e-01  3.276184e-01  1.304173e-01
   endloop
 endfacet
 facet normal -5.331190e-01  4.639751e-01 -7.074682e-01
   outer loop
     vertex  1.822847e-01  2.278244e-01  3.260434e-02
     vertex  1.723037e-01  2.447120e-01  5.120088e-02
     vertex  1.908212e-01  2.276900e-01  2.608347e-02
   endloop
 endfacet
 facet normal -6.127236e-01  3.523931e-01 -7.073817e-01
   outer loop
     vertex  1.822847e-01  2.278244e-01  3.260434e-02
     vertex  1.730463e-01  2.248509e-01  3.912520e-02
     vertex  1.743075e-01  2.328615e-01  4.202337e-02
   endloop
 endfacet
 facet normal -5.457155e-01  4.534575e-01 -7.046779e-01
   outer loop
     vertex  1.822847e-01  2.278244e-01  3.260434e-02
     vertex  1.743075e-01  2.328615e-01  4.202337e-02
     vertex  1.723037e-01  2.447120e-01  5.120088e-02
   endloop
 endfacet
 facet normal -5.343208e-01  4.602923e-01 -7.089656e-01
   outer loop
     vertex  1.822847e-01  2.278244e-01  3.260434e-02
     vertex  1.908212e-01  2.276900e-01  2.608347e-02
     vertex  1.939540e-01  2.179350e-01  1.738898e-02
   endloop
 endfacet
 facet normal -6.125632e-01  3.599089e-01 -7.037271e-01
   outer loop
     vertex  1.822847e-01  2.278244e-01  3.260434e-02
     vertex  1.939540e-01  2.179350e-01  1.738898e-02
     vertex  1.730463e-01  2.248509e-01  3.912520e-02
   endloop
 endfacet
 facet normal  6.094430e-01  3.683705e-01 -7.020558e-01
   outer loop
     vertex  3.540418e-01  3.079889e-01  1.760634e-01
     vertex  3.586429e-01  3.128045e-01  1.825843e-01
     vertex  3.705835e-01  2.930496e-01  1.825843e-01
   endloop
 endfacet
 facet normal  5.560666e-01  4.266437e-01 -7.132777e-01
   outer loop
     vertex  3.540418e-01  3.079889e-01  1.760634e-01
     vertex  3.407700e-01  2.925813e-01  1.565008e-01
     vertex  3.359490e-01  3.206684e-01  1.695425e-01
   endloop
 endfacet
 facet normal  6.277287e-01  3.451661e-01 -6.977228e-01
   outer loop
     vertex  3.540418e-01  3.079889e-01  1.760634e-01
     vertex  3.502909e-01  2.752663e-01  1.565008e-01
     vertex  3.407700e-01  2.925813e-01  1.565008e-01
   endloop
 endfacet
 facet normal  6.035087e-01  3.570450e-01 -7.129489e-01
   outer loop
     vertex  3.540418e-01  3.079889e-01  1.760634e-01
     vertex  3.705835e-01  2.930496e-01  1.825843e-01
     vertex  3.502909e-01  2.752663e-01  1.565008e-01
   endloop
 endfacet
 facet normal  4.127933e-01  5.686561e-01 -7.114998e-01
   outer loop
     vertex  2.905637e-01  3.343142e-01  1.499799e-01
     vertex  2.999191e-01  3.193642e-01  1.434591e-01
     vertex  2.809526e-01  3.249732e-01  1.369382e-01
   endloop
 endfacet
 facet normal  4.332203e-01  5.741362e-01 -6.947574e-01
   outer loop
     vertex  2.905637e-01  3.343142e-01  1.499799e-01
     vertex  3.132988e-01  3.250500e-01  1.565008e-01
     vertex  2.999191e-01  3.193642e-01  1.434591e-01
   endloop
 endfacet
 facet normal  3.685674e-01  6.201952e-01 -6.924709e-01
   outer loop
     vertex  2.905637e-01  3.343142e-01  1.499799e-01
     vertex  2.789205e-01  3.485143e-01  1.565008e-01
     vertex  2.979200e-01  3.372233e-01  1.565008e-01
   endloop
 endfacet
 facet normal  4.280431e-01  5.407578e-01 -7.241271e-01
   outer loop
     vertex  2.905637e-01  3.343142e-01  1.499799e-01
     vertex  2.979200e-01  3.372233e-01  1.565008e-01
     vertex  3.132988e-01  3.250500e-01  1.565008e-01
   endloop
 endfacet
 facet normal  1.499754e-01  7.013527e-01 -6.968585e-01
   outer loop
     vertex  2.289176e-01  3.308982e-01  1.238965e-01
     vertex  2.269598e-01  3.377959e-01  1.304173e-01
     vertex  2.447854e-01  3.339841e-01  1.304173e-01
   endloop
 endfacet
 facet normal  6.670746e-02  7.152643e-01 -6.956630e-01
   outer loop
     vertex  2.289176e-01  3.308982e-01  1.238965e-01
     vertex  2.145526e-01  3.258957e-01  1.173756e-01
     vertex  2.091470e-01  3.390842e-01  1.304173e-01
   endloop
 endfacet
 facet normal  5.016366e-02  6.935938e-01 -7.186176e-01
   outer loop
     vertex  2.289176e-01  3.308982e-01  1.238965e-01
     vertex  2.091470e-01  3.390842e-01  1.304173e-01
     vertex  2.269598e-01  3.377959e-01  1.304173e-01
   endloop
 endfacet
 facet normal  5.953946e-01  3.598791e-01 -7.183261e-01
   outer loop
     vertex  3.664393e-01  3.129217e-01  1.891051e-01
     vertex  3.705835e-01  2.930496e-01  1.825843e-01
     vertex  3.586429e-01  3.128045e-01  1.825843e-01
   endloop
 endfacet
 facet normal -1.209113e-02  7.135396e-01 -7.005106e-01
   outer loop
     vertex  1.988145e-01  3.256290e-01  1.173756e-01
     vertex  2.145526e-01  3.258957e-01  1.173756e-01
     vertex  2.046549e-01  3.129244e-01  1.043339e-01
   endloop
 endfacet
 facet normal -4.486869e-02  7.128405e-01 -6.998895e-01
   outer loop
     vertex  1.988145e-01  3.256290e-01  1.173756e-01
     vertex  1.918393e-01  3.379948e-01  1.304173e-01
     vertex  2.091470e-01  3.390842e-01  1.304173e-01
   endloop
 endfacet
 facet normal -1.187231e-02  7.006261e-01 -7.134299e-01
   outer loop
     vertex  1.988145e-01  3.256290e-01  1.173756e-01
     vertex  2.091470e-01  3.390842e-01  1.304173e-01
     vertex  2.145526e-01  3.258957e-01  1.173756e-01
   endloop
 endfacet
 facet normal -1.030389e-01  6.890338e-01 -7.173670e-01
   outer loop
     vertex  1.988145e-01  3.256290e-01  1.173756e-01
     vertex  2.046549e-01  3.129244e-01  1.043339e-01
     vertex  1.838740e-01  3.233948e-01  1.173756e-01
   endloop
 endfacet
 facet normal -1.037019e-01  6.934669e-01 -7.129863e-01
   outer loop
     vertex  1.988145e-01  3.256290e-01  1.173756e-01
     vertex  1.838740e-01  3.233948e-01  1.173756e-01
     vertex  1.918393e-01  3.379948e-01  1.304173e-01
   endloop
 endfacet
 facet normal  5.543628e-01  4.328881e-01 -7.108374e-01
   outer loop
     vertex  3.460549e-01  3.289249e-01  1.825843e-01
     vertex  3.586429e-01  3.128045e-01  1.825843e-01
     vertex  3.540418e-01  3.079889e-01  1.760634e-01
   endloop
 endfacet
 facet normal  5.046959e-01  4.971193e-01 -7.058006e-01
   outer loop
     vertex  3.460549e-01  3.289249e-01  1.825843e-01
     vertex  3.359490e-01  3.206684e-01  1.695425e-01
     vertex  3.253819e-01  3.375687e-01  1.738898e-01
   endloop
 endfacet
 facet normal  5.585992e-01  4.333758e-01 -7.072145e-01
   outer loop
     vertex  3.460549e-01  3.289249e-01  1.825843e-01
     vertex  3.540418e-01  3.079889e-01  1.760634e-01
     vertex  3.359490e-01  3.206684e-01  1.695425e-01
   endloop
 endfacet
 facet normal  5.045174e-01  4.952281e-01 -7.072562e-01
   outer loop
     vertex  3.460549e-01  3.289249e-01  1.825843e-01
     vertex  3.253819e-01  3.375687e-01  1.738898e-01
     vertex  3.314571e-01  3.437966e-01  1.825843e-01
   endloop
 endfacet
 facet normal  5.591402e-01  4.201627e-01 -7.147206e-01
   outer loop
     vertex  3.505113e-01  3.304207e-01  1.869315e-01
     vertex  3.595419e-01  3.331929e-01  1.956260e-01
     vertex  3.664393e-01  3.129217e-01  1.891051e-01
   endloop
 endfacet
 facet normal  5.735446e-01  4.359014e-01 -6.935680e-01
   outer loop
     vertex  3.505113e-01  3.304207e-01  1.869315e-01
     vertex  3.664393e-01  3.129217e-01  1.891051e-01
     vertex  3.586429e-01  3.128045e-01  1.825843e-01
   endloop
 endfacet
 facet normal  5.115836e-01  5.021642e-01 -6.972183e-01
   outer loop
     vertex  3.505113e-01  3.304207e-01  1.869315e-01
     vertex  3.460549e-01  3.289249e-01  1.825843e-01
     vertex  3.314571e-01  3.437966e-01  1.825843e-01
   endloop
 endfacet
 facet normal  5.210636e-01  4.913811e-01 -6.978805e-01
   outer loop
     vertex  3.505113e-01  3.304207e-01  1.869315e-01
     vertex  3.400625e-01  3.476749e-01  1.912788e-01
     vertex  3.595419e-01  3.331929e-01  1.956260e-01
   endloop
 endfacet
 facet normal  5.036330e-01  4.851040e-01 -7.148622e-01
   outer loop
     vertex  3.505113e-01  3.304207e-01  1.869315e-01
     vertex  3.314571e-01  3.437966e-01  1.825843e-01
     vertex  3.400625e-01  3.476749e-01  1.912788e-01
   endloop
 endfacet
 facet normal  5.518468e-01  4.309234e-01 -7.139818e-01
   outer loop
     vertex  3.505113e-01  3.304207e-01  1.869315e-01
     vertex  3.586429e-01  3.128045e-01  1.825843e-01
     vertex  3.460549e-01  3.289249e-01  1.825843e-01
   endloop
 endfacet
 facet normal -6.224579e-01  3.334539e-01 -7.080640e-01
   outer loop
     vertex  1.579001e-01  2.422350e-01  6.086142e-02
     vertex  1.743075e-01  2.328615e-01  4.202337e-02
     vertex  1.551833e-01  2.310095e-01  5.796326e-02
   endloop
 endfacet
 facet normal -5.491776e-01  4.409572e-01 -7.099020e-01
   outer loop
     vertex  1.579001e-01  2.422350e-01  6.086142e-02
     vertex  1.561885e-01  2.572112e-01  7.148802e-02
     vertex  1.625681e-01  2.527144e-01  6.375959e-02
   endloop
 endfacet
 facet normal -5.492421e-01  4.516413e-01 -7.031026e-01
   outer loop
     vertex  1.579001e-01  2.422350e-01  6.086142e-02
     vertex  1.723037e-01  2.447120e-01  5.120088e-02
     vertex  1.743075e-01  2.328615e-01  4.202337e-02
   endloop
 endfacet
 facet normal -5.509546e-01  4.413073e-01 -7.083057e-01
   outer loop
     vertex  1.579001e-01  2.422350e-01  6.086142e-02
     vertex  1.625681e-01  2.527144e-01  6.375959e-02
     vertex  1.723037e-01  2.447120e-01  5.120088e-02
   endloop
 endfacet
 facet normal -6.155457e-01  3.333473e-01 -7.141310e-01
   outer loop
     vertex  1.579001e-01  2.422350e-01  6.086142e-02
     vertex  1.551833e-01  2.310095e-01  5.796326e-02
     vertex  1.447753e-01  2.428343e-01  7.245408e-02
   endloop
 endfacet
 facet normal -6.134061e-01  3.414755e-01 -7.121288e-01
   outer loop
     vertex  1.579001e-01  2.422350e-01  6.086142e-02
     vertex  1.447753e-01  2.428343e-01  7.245408e-02
     vertex  1.459666e-01  2.449742e-01  7.245408e-02
   endloop
 endfacet
 facet normal -5.659346e-01  4.331004e-01 -7.015284e-01
   outer loop
     vertex  1.579001e-01  2.422350e-01  6.086142e-02
     vertex  1.472179e-01  2.470540e-01  7.245408e-02
     vertex  1.561885e-01  2.572112e-01  7.148802e-02
   endloop
 endfacet
 facet normal -6.047279e-01  3.638217e-01 -7.084758e-01
   outer loop
     vertex  1.579001e-01  2.422350e-01  6.086142e-02
     vertex  1.459666e-01  2.449742e-01  7.245408e-02
     vertex  1.472179e-01  2.470540e-01  7.245408e-02
   endloop
 endfacet
 facet normal  4.434407e-01  5.505871e-01 -7.072582e-01
   outer loop
     vertex  3.150497e-01  3.570588e-01  1.825843e-01
     vertex  3.253819e-01  3.375687e-01  1.738898e-01
     vertex  3.070813e-01  3.467237e-01  1.695425e-01
   endloop
 endfacet
 facet normal  4.453260e-01  5.509362e-01 -7.058003e-01
   outer loop
     vertex  3.150497e-01  3.570588e-01  1.825843e-01
     vertex  3.314571e-01  3.437966e-01  1.825843e-01
     vertex  3.253819e-01  3.375687e-01  1.738898e-01
   endloop
 endfacet
 facet normal  4.514269e-01  5.584839e-01 -6.959235e-01
   outer loop
     vertex  3.150497e-01  3.570588e-01  1.825843e-01
     vertex  3.400625e-01  3.476749e-01  1.912788e-01
     vertex  3.314571e-01  3.437966e-01  1.825843e-01
   endloop
 endfacet
 facet normal  4.493602e-01  5.346590e-01 -7.156921e-01
   outer loop
     vertex  3.150497e-01  3.570588e-01  1.825843e-01
     vertex  3.273301e-01  3.641951e-01  1.956260e-01
     vertex  3.400625e-01  3.476749e-01  1.912788e-01
   endloop
 endfacet
 facet normal  4.124460e-01  5.776235e-01 -7.044426e-01
   outer loop
     vertex  3.150497e-01  3.570588e-01  1.825843e-01
     vertex  3.172501e-01  3.713927e-01  1.956260e-01
     vertex  3.273301e-01  3.641951e-01  1.956260e-01
   endloop
 endfacet
 facet normal  3.677546e-01  5.982325e-01 -7.119512e-01
   outer loop
     vertex  2.919186e-01  3.638051e-01  1.760634e-01
     vertex  3.070813e-01  3.467237e-01  1.695425e-01
     vertex  2.789205e-01  3.485143e-01  1.565008e-01
   endloop
 endfacet
 facet normal  3.738938e-01  5.913071e-01 -7.145344e-01
   outer loop
     vertex  2.919186e-01  3.638051e-01  1.760634e-01
     vertex  2.971164e-01  3.683983e-01  1.825843e-01
     vertex  3.150497e-01  3.570588e-01  1.825843e-01
   endloop
 endfacet
 facet normal  3.743890e-01  6.016812e-01 -7.055584e-01
   outer loop
     vertex  2.919186e-01  3.638051e-01  1.760634e-01
     vertex  3.150497e-01  3.570588e-01  1.825843e-01
     vertex  3.070813e-01  3.467237e-01  1.695425e-01
   endloop
 endfacet
 facet normal  3.022724e-01  6.490489e-01 -6.981167e-01
   outer loop
     vertex  2.919186e-01  3.638051e-01  1.760634e-01
     vertex  2.740090e-01  3.791598e-01  1.825843e-01
     vertex  2.971164e-01  3.683983e-01  1.825843e-01
   endloop
 endfacet
 facet normal -6.714716e-01  2.190040e-01 -7.079288e-01
   outer loop
     vertex  1.640791e-01  2.184359e-01  4.564607e-02
     vertex  1.730463e-01  2.248509e-01  3.912520e-02
     vertex  1.773490e-01  2.146223e-01  3.187979e-02
   endloop
 endfacet
 facet normal -6.713774e-01  2.186798e-01 -7.081183e-01
   outer loop
     vertex  1.640791e-01  2.184359e-01  4.564607e-02
     vertex  1.551833e-01  2.310095e-01  5.796326e-02
     vertex  1.730463e-01  2.248509e-01  3.912520e-02
   endloop
 endfacet
 facet normal -7.022470e-01  7.199027e-02 -7.082842e-01
   outer loop
     vertex  1.640791e-01  2.184359e-01  4.564607e-02
     vertex  1.565008e-01  2.086677e-01  5.216694e-02
     vertex  1.546981e-01  2.195968e-01  5.506510e-02
   endloop
 endfacet
 facet normal -6.802197e-01  2.074496e-01 -7.030404e-01
   outer loop
     vertex  1.640791e-01  2.184359e-01  4.564607e-02
     vertex  1.546981e-01  2.195968e-01  5.506510e-02
     vertex  1.551833e-01  2.310095e-01  5.796326e-02
   endloop
 endfacet
 facet normal  3.595457e-01  5.971791e-01 -7.170104e-01
   outer loop
     vertex  2.954991e-01  3.766590e-01  1.891051e-01
     vertex  3.172501e-01  3.713927e-01  1.956260e-01
     vertex  3.150497e-01  3.570588e-01  1.825843e-01
   endloop
 endfacet
 facet normal  3.897632e-01  6.164044e-01 -6.842004e-01
   outer loop
     vertex  2.954991e-01  3.766590e-01  1.891051e-01
     vertex  3.150497e-01  3.570588e-01  1.825843e-01
     vertex  2.971164e-01  3.683983e-01  1.825843e-01
   endloop
 endfacet
 facet normal  2.920784e-01  6.271599e-01 -7.220531e-01
   outer loop
     vertex  2.954991e-01  3.766590e-01  1.891051e-01
     vertex  2.971164e-01  3.683983e-01  1.825843e-01
     vertex  2.740090e-01  3.791598e-01  1.825843e-01
   endloop
 endfacet
 facet normal -7.139969e-01  7.168250e-02 -6.964697e-01
   outer loop
     vertex  1.702822e-01  2.075902e-01  3.840066e-02
     vertex  1.773490e-01  2.146223e-01  3.187979e-02
     vertex  1.804724e-01  2.105350e-01  2.825709e-02
   endloop
 endfacet
 facet normal -7.082838e-01  2.034431e-02 -7.056346e-01
   outer loop
     vertex  1.702822e-01  2.075902e-01  3.840066e-02
     vertex  1.804724e-01  2.105350e-01  2.825709e-02
     vertex  1.825843e-01  2.086677e-01  2.608347e-02
   endloop
 endfacet
 facet normal -7.073199e-01 -8.527467e-02 -7.017313e-01
   outer loop
     vertex  1.819465e-01  2.020333e-01  2.753255e-02
     vertex  1.825843e-01  2.086677e-01  2.608347e-02
     vertex  1.895583e-01  2.044814e-01  1.956260e-02
   endloop
 endfacet
 facet normal -7.018758e-01  7.141802e-02 -7.087100e-01
   outer loop
     vertex  1.656858e-01  2.078635e-01  4.298942e-02
     vertex  1.565008e-01  2.086677e-01  5.216694e-02
     vertex  1.640791e-01  2.184359e-01  4.564607e-02
   endloop
 endfacet
 facet normal -7.086823e-01  6.874049e-02 -7.021710e-01
   outer loop
     vertex  1.656858e-01  2.078635e-01  4.298942e-02
     vertex  1.640791e-01  2.184359e-01  4.564607e-02
     vertex  1.773490e-01  2.146223e-01  3.187979e-02
   endloop
 endfacet
 facet normal -7.040969e-01  5.077638e-02 -7.082861e-01
   outer loop
     vertex  1.656858e-01  2.078635e-01  4.298942e-02
     vertex  1.773490e-01  2.146223e-01  3.187979e-02
     vertex  1.702822e-01  2.075902e-01  3.840066e-02
   endloop
 endfacet
 facet normal -7.036138e-01 -6.026637e-02 -7.080223e-01
   outer loop
     vertex  1.742807e-01  2.034682e-01  3.477796e-02
     vertex  1.702822e-01  2.075902e-01  3.840066e-02
     vertex  1.825843e-01  2.086677e-01  2.608347e-02
   endloop
 endfacet
 facet normal -6.929428e-01 -8.964185e-02 -7.153983e-01
   outer loop
     vertex  1.742807e-01  2.034682e-01  3.477796e-02
     vertex  1.825843e-01  2.086677e-01  2.608347e-02
     vertex  1.819465e-01  2.020333e-01  2.753255e-02
   endloop
 endfacet
 facet normal -7.069276e-01 -6.691634e-02 -7.041133e-01
   outer loop
     vertex  1.742807e-01  2.034682e-01  3.477796e-02
     vertex  1.656858e-01  2.078635e-01  4.298942e-02
     vertex  1.702822e-01  2.075902e-01  3.840066e-02
   endloop
 endfacet
 facet normal -5.896522e-01 -3.876198e-01 -7.085627e-01
   outer loop
     vertex  1.888780e-01  1.996771e-01  2.173622e-02
     vertex  1.854564e-01  1.889887e-01  3.043071e-02
     vertex  1.752445e-01  1.912788e-01  3.767612e-02
   endloop
 endfacet
 facet normal -6.634783e-01 -2.567587e-01 -7.027599e-01
   outer loop
     vertex  1.741415e-01  1.994173e-01  3.574401e-02
     vertex  1.888780e-01  1.996771e-01  2.173622e-02
     vertex  1.752445e-01  1.912788e-01  3.767612e-02
   endloop
 endfacet
 facet normal -6.938402e-01 -1.444056e-01 -7.055019e-01
   outer loop
     vertex  1.741415e-01  1.994173e-01  3.574401e-02
     vertex  1.742807e-01  2.034682e-01  3.477796e-02
     vertex  1.819465e-01  2.020333e-01  2.753255e-02
   endloop
 endfacet
 facet normal -6.689736e-01 -2.263678e-01 -7.079774e-01
   outer loop
     vertex  1.741415e-01  1.994173e-01  3.574401e-02
     vertex  1.819465e-01  2.020333e-01  2.753255e-02
     vertex  1.888780e-01  1.996771e-01  2.173622e-02
   endloop
 endfacet
 facet normal -7.113803e-01 -9.725609e-02 -6.960455e-01
   outer loop
     vertex  1.650699e-01  1.978431e-01  4.492153e-02
     vertex  1.530703e-01  1.922767e-01  5.796326e-02
     vertex  1.565008e-01  2.086677e-01  5.216694e-02
   endloop
 endfacet
 facet normal -7.117805e-01 -9.055402e-02 -6.965404e-01
   outer loop
     vertex  1.650699e-01  1.978431e-01  4.492153e-02
     vertex  1.656858e-01  2.078635e-01  4.298942e-02
     vertex  1.742807e-01  2.034682e-01  3.477796e-02
   endloop
 endfacet
 facet normal -6.911175e-01 -1.451013e-01 -7.080270e-01
   outer loop
     vertex  1.650699e-01  1.978431e-01  4.492153e-02
     vertex  1.742807e-01  2.034682e-01  3.477796e-02
     vertex  1.741415e-01  1.994173e-01  3.574401e-02
   endloop
 endfacet
 facet normal -7.078490e-01 -9.154124e-02 -7.004070e-01
   outer loop
     vertex  1.650699e-01  1.978431e-01  4.492153e-02
     vertex  1.565008e-01  2.086677e-01  5.216694e-02
     vertex  1.656858e-01  2.078635e-01  4.298942e-02
   endloop
 endfacet
 facet normal -6.619414e-01 -2.897881e-01 -6.912716e-01
   outer loop
     vertex  1.643327e-01  1.907478e-01  4.781969e-02
     vertex  1.547173e-01  1.746878e-01  6.375959e-02
     vertex  1.530703e-01  1.922767e-01  5.796326e-02
   endloop
 endfacet
 facet normal -6.510961e-01 -2.577250e-01 -7.138989e-01
   outer loop
     vertex  1.643327e-01  1.907478e-01  4.781969e-02
     vertex  1.741415e-01  1.994173e-01  3.574401e-02
     vertex  1.752445e-01  1.912788e-01  3.767612e-02
   endloop
 endfacet
 facet normal -6.691321e-01 -2.203671e-01 -7.097187e-01
   outer loop
     vertex  1.643327e-01  1.907478e-01  4.781969e-02
     vertex  1.530703e-01  1.922767e-01  5.796326e-02
     vertex  1.650699e-01  1.978431e-01  4.492153e-02
   endloop
 endfacet
 facet normal -6.752138e-01 -2.177103e-01 -7.047614e-01
   outer loop
     vertex  1.643327e-01  1.907478e-01  4.781969e-02
     vertex  1.650699e-01  1.978431e-01  4.492153e-02
     vertex  1.741415e-01  1.994173e-01  3.574401e-02
   endloop
 endfacet
 facet normal -2.276101e-01  6.615400e-01 -7.145337e-01
   outer loop
     vertex  1.587269e-01  3.774997e-01  1.760634e-01
     vertex  1.439519e-01  3.653730e-01  1.695425e-01
     vertex  1.523766e-01  3.823580e-01  1.825843e-01
   endloop
 endfacet
 facet normal -1.757300e-01  6.997267e-01 -6.924605e-01
   outer loop
     vertex  1.587269e-01  3.774997e-01  1.760634e-01
     vertex  1.523766e-01  3.823580e-01  1.825843e-01
     vertex  1.762140e-01  3.883446e-01  1.825843e-01
   endloop
 endfacet
 facet normal -7.063015e-01  1.416585e-01 -6.935929e-01
   outer loop
     vertex  1.136291e-01  2.193707e-01  9.563938e-02
     vertex  1.143738e-01  2.372737e-01  9.853754e-02
     vertex  1.238871e-01  2.279461e-01  8.694489e-02
   endloop
 endfacet
 facet normal -6.828587e-01  1.443351e-01 -7.161504e-01
   outer loop
     vertex  1.136291e-01  2.193707e-01  9.563938e-02
     vertex  1.054150e-01  2.236490e-01  1.043339e-01
     vertex  1.143738e-01  2.372737e-01  9.853754e-02
   endloop
 endfacet
 facet normal -6.858514e-01  8.798528e-02 -7.224032e-01
   outer loop
     vertex  1.136291e-01  2.193707e-01  9.563938e-02
     vertex  1.238871e-01  2.279461e-01  8.694489e-02
     vertex  1.275192e-01  2.086677e-01  8.114857e-02
   endloop
 endfacet
 facet normal -7.131743e-01  5.146893e-02 -6.990946e-01
   outer loop
     vertex  1.136291e-01  2.193707e-01  9.563938e-02
     vertex  1.043339e-01  2.086677e-01  1.043339e-01
     vertex  1.054150e-01  2.236490e-01  1.043339e-01
   endloop
 endfacet
 facet normal -5.642393e-01 -4.341657e-01 -7.022351e-01
   outer loop
     vertex  1.702600e-01  1.818329e-01  4.685364e-02
     vertex  1.670962e-01  1.711005e-01  5.603115e-02
     vertex  1.547173e-01  1.746878e-01  6.375959e-02
   endloop
 endfacet
 facet normal -5.903968e-01 -3.801879e-01 -7.119612e-01
   outer loop
     vertex  1.702600e-01  1.818329e-01  4.685364e-02
     vertex  1.752445e-01  1.912788e-01  3.767612e-02
     vertex  1.854564e-01  1.889887e-01  3.043071e-02
   endloop
 endfacet
 facet normal -6.190346e-01 -3.345875e-01 -7.105261e-01
   outer loop
     vertex  1.702600e-01  1.818329e-01  4.685364e-02
     vertex  1.547173e-01  1.746878e-01  6.375959e-02
     vertex  1.643327e-01  1.907478e-01  4.781969e-02
   endloop
 endfacet
 facet normal -5.121264e-01 -4.660041e-01 -7.215031e-01
   outer loop
     vertex  1.702600e-01  1.818329e-01  4.685364e-02
     vertex  1.729746e-01  1.706232e-01  5.216694e-02
     vertex  1.670962e-01  1.711005e-01  5.603115e-02
   endloop
 endfacet
 facet normal -6.303552e-01 -3.436791e-01 -6.960869e-01
   outer loop
     vertex  1.702600e-01  1.818329e-01  4.685364e-02
     vertex  1.643327e-01  1.907478e-01  4.781969e-02
     vertex  1.752445e-01  1.912788e-01  3.767612e-02
   endloop
 endfacet
 facet normal -5.404342e-01 -4.636633e-01 -7.021020e-01
   outer loop
     vertex  1.702600e-01  1.818329e-01  4.685364e-02
     vertex  1.854564e-01  1.889887e-01  3.043071e-02
     vertex  1.729746e-01  1.706232e-01  5.216694e-02
   endloop
 endfacet
 facet normal -4.304612e-01 -5.674028e-01 -7.019667e-01
   outer loop
     vertex  1.979704e-01  1.922890e-01  1.956260e-02
     vertex  1.872729e-01  1.708244e-01  4.347245e-02
     vertex  1.908212e-01  1.896455e-01  2.608347e-02
   endloop
 endfacet
 facet normal -3.283278e-01 -6.301791e-01 -7.036157e-01
   outer loop
     vertex  1.979704e-01  1.922890e-01  1.956260e-02
     vertex  2.034456e-01  1.967172e-01  1.304174e-02
     vertex  1.982755e-01  1.816134e-01  2.898163e-02
   endloop
 endfacet
 facet normal -3.112814e-01 -6.337138e-01 -7.081742e-01
   outer loop
     vertex  1.979704e-01  1.922890e-01  1.956260e-02
     vertex  1.982755e-01  1.816134e-01  2.898163e-02
     vertex  1.872729e-01  1.708244e-01  4.347245e-02
   endloop
 endfacet
 facet normal -6.524972e-01  3.001459e-01 -6.958159e-01
   outer loop
     vertex  9.274046e-02  2.523850e-01  1.238965e-01
     vertex  9.547064e-02  2.734373e-01  1.304173e-01
     vertex  1.041973e-01  2.621743e-01  1.173756e-01
   endloop
 endfacet
 facet normal -6.265811e-01  3.035924e-01 -7.177937e-01
   outer loop
     vertex  9.274046e-02  2.523850e-01  1.238965e-01
     vertex  8.768298e-02  2.573644e-01  1.304173e-01
     vertex  9.547064e-02  2.734373e-01  1.304173e-01
   endloop
 endfacet
 facet normal -6.814578e-01  2.213753e-01 -6.975731e-01
   outer loop
     vertex  9.274046e-02  2.523850e-01  1.238965e-01
     vertex  8.216212e-02  2.403696e-01  1.304173e-01
     vertex  8.768298e-02  2.573644e-01  1.304173e-01
   endloop
 endfacet
 facet normal -7.131743e-01 -5.146893e-02 -6.990946e-01
   outer loop
     vertex  1.136291e-01  1.979647e-01  9.563938e-02
     vertex  1.054150e-01  1.936865e-01  1.043339e-01
     vertex  1.043339e-01  2.086677e-01  1.043339e-01
   endloop
 endfacet
 facet normal -6.858514e-01 -8.798528e-02 -7.224032e-01
   outer loop
     vertex  1.136291e-01  1.979647e-01  9.563938e-02
     vertex  1.275192e-01  2.086677e-01  8.114857e-02
     vertex  1.238871e-01  1.893894e-01  8.694489e-02
   endloop
 endfacet
 facet normal -7.219133e-01  0.000000e+00 -6.919836e-01
   outer loop
     vertex  1.136291e-01  1.979647e-01  9.563938e-02
     vertex  1.136291e-01  2.193707e-01  9.563938e-02
     vertex  1.275192e-01  2.086677e-01  8.114857e-02
   endloop
 endfacet
 facet normal -6.831119e-01  0.000000e+00 -7.303137e-01
   outer loop
     vertex  1.136291e-01  1.979647e-01  9.563938e-02
     vertex  1.043339e-01  2.086677e-01  1.043339e-01
     vertex  1.136291e-01  2.193707e-01  9.563938e-02
   endloop
 endfacet
 facet normal -6.828587e-01 -1.443351e-01 -7.161504e-01
   outer loop
     vertex  1.136291e-01  1.979647e-01  9.563938e-02
     vertex  1.143738e-01  1.800618e-01  9.853754e-02
     vertex  1.054150e-01  1.936865e-01  1.043339e-01
   endloop
 endfacet
 facet normal -7.063015e-01 -1.416585e-01 -6.935929e-01
   outer loop
     vertex  1.136291e-01  1.979647e-01  9.563938e-02
     vertex  1.238871e-01  1.893894e-01  8.694489e-02
     vertex  1.143738e-01  1.800618e-01  9.853754e-02
   endloop
 endfacet
 facet normal -3.997707e-01  5.689965e-01 -7.186281e-01
   outer loop
     vertex  1.021648e-01  3.488656e-01  1.760634e-01
     vertex  1.201724e-01  3.532819e-01  1.695425e-01
     vertex  1.064126e-01  3.271430e-01  1.565008e-01
   endloop
 endfacet
 facet normal -3.721166e-01  5.881615e-01 -7.180497e-01
   outer loop
     vertex  1.021648e-01  3.488656e-01  1.760634e-01
     vertex  1.006091e-01  3.558423e-01  1.825843e-01
     vertex  1.293699e-01  3.634240e-01  1.738898e-01
   endloop
 endfacet
 facet normal -3.954454e-01  6.407034e-01 -6.581201e-01
   outer loop
     vertex  1.021648e-01  3.488656e-01  1.760634e-01
     vertex  1.293699e-01  3.634240e-01  1.738898e-01
     vertex  1.201724e-01  3.532819e-01  1.695425e-01
   endloop
 endfacet
 facet normal -4.582124e-01  5.502588e-01 -6.980377e-01
   outer loop
     vertex  1.021648e-01  3.488656e-01  1.760634e-01
     vertex  8.348787e-02  3.415851e-01  1.825843e-01
     vertex  1.006091e-01  3.558423e-01  1.825843e-01
   endloop
 endfacet
 facet normal -7.080254e-01  1.015737e-01 -6.988439e-01
   outer loop
     vertex  7.610318e-02  2.430001e-01  1.369382e-01
     vertex  8.216212e-02  2.403696e-01  1.304173e-01
     vertex  7.835180e-02  2.138096e-01  1.304173e-01
   endloop
 endfacet
 facet normal -6.697149e-01  2.175605e-01 -7.100348e-01
   outer loop
     vertex  7.610318e-02  2.430001e-01  1.369382e-01
     vertex  8.768298e-02  2.573644e-01  1.304173e-01
     vertex  8.216212e-02  2.403696e-01  1.304173e-01
   endloop
 endfacet
 facet normal -6.747302e-01  1.110239e-01 -7.296663e-01
   outer loop
     vertex  7.610318e-02  2.430001e-01  1.369382e-01
     vertex  7.835180e-02  2.138096e-01  1.304173e-01
     vertex  6.627519e-02  2.261282e-01  1.434591e-01
   endloop
 endfacet
 facet normal -4.121172e-01  5.936148e-01 -6.912169e-01
   outer loop
     vertex  9.852965e-02  3.755776e-01  1.999732e-01
     vertex  7.886833e-02  3.720518e-01  2.086677e-01
     vertex  1.009604e-01  3.873892e-01  2.086677e-01
   endloop
 endfacet
 facet normal -3.399906e-01  6.018744e-01 -7.226020e-01
   outer loop
     vertex  9.852965e-02  3.755776e-01  1.999732e-01
     vertex  1.009604e-01  3.873892e-01  2.086677e-01
     vertex  1.269098e-01  3.863899e-01  1.956260e-01
   endloop
 endfacet
 facet normal -3.681084e-01  5.925406e-01 -7.165137e-01
   outer loop
     vertex  9.852965e-02  3.755776e-01  1.999732e-01
     vertex  1.171570e-01  3.766361e-01  1.912788e-01
     vertex  1.006091e-01  3.558423e-01  1.825843e-01
   endloop
 endfacet
 facet normal -3.511110e-01  6.510147e-01 -6.729792e-01
   outer loop
     vertex  9.852965e-02  3.755776e-01  1.999732e-01
     vertex  1.269098e-01  3.863899e-01  1.956260e-01
     vertex  1.171570e-01  3.766361e-01  1.912788e-01
   endloop
 endfacet
 facet normal -6.610736e-01  2.636428e-01 -7.024772e-01
   outer loop
     vertex  6.055079e-02  2.767665e-01  1.630217e-01
     vertex  6.104874e-02  2.606402e-01  1.565008e-01
     vertex  4.772896e-02  2.619911e-01  1.695425e-01
   endloop
 endfacet
 facet normal -6.329212e-01  2.733576e-01 -7.243524e-01
   outer loop
     vertex  6.055079e-02  2.767665e-01  1.630217e-01
     vertex  6.962745e-02  2.805030e-01  1.565008e-01
     vertex  6.104874e-02  2.606402e-01  1.565008e-01
   endloop
 endfacet
 facet normal -6.909014e-01  1.274137e-01 -7.116327e-01
   outer loop
     vertex  6.266969e-02  2.429978e-01  1.499799e-01
     vertex  7.610318e-02  2.430001e-01  1.369382e-01
     vertex  6.627519e-02  2.261282e-01  1.434591e-01
   endloop
 endfacet
 facet normal -7.094586e-01  1.170052e-01 -6.949664e-01
   outer loop
     vertex  6.266969e-02  2.429978e-01  1.499799e-01
     vertex  6.627519e-02  2.261282e-01  1.434591e-01
     vertex  5.265309e-02  2.209938e-01  1.565008e-01
   endloop
 endfacet
 facet normal -6.845319e-01  9.751902e-02 -7.224307e-01
   outer loop
     vertex  6.266969e-02  2.429978e-01  1.499799e-01
     vertex  5.265309e-02  2.209938e-01  1.565008e-01
     vertex  5.541769e-02  2.403998e-01  1.565008e-01
   endloop
 endfacet
 facet normal -6.933812e-01  1.929049e-01 -6.942695e-01
   outer loop
     vertex  6.266969e-02  2.429978e-01  1.499799e-01
     vertex  5.541769e-02  2.403998e-01  1.565008e-01
     vertex  6.104874e-02  2.606402e-01  1.565008e-01
   endloop
 endfacet
 facet normal -6.951773e-01 -2.221779e-02 -7.184948e-01
   outer loop
     vertex  7.173555e-02  2.099507e-01  1.369382e-01
     vertex  7.835180e-02  2.138096e-01  1.304173e-01
     vertex  7.894608e-02  1.952151e-01  1.304173e-01
   endloop
 endfacet
 facet normal -7.134333e-01  4.115813e-02 -6.995134e-01
   outer loop
     vertex  7.173555e-02  2.099507e-01  1.369382e-01
     vertex  6.627519e-02  2.261282e-01  1.434591e-01
     vertex  7.835180e-02  2.138096e-01  1.304173e-01
   endloop
 endfacet
 facet normal -1.409696e-01 -6.934327e-01 -7.065966e-01
   outer loop
     vertex  2.002989e-01  1.689659e-01  4.057428e-02
     vertex  1.984307e-01  1.486734e-01  6.086142e-02
     vertex  1.946676e-01  1.494385e-01  6.086142e-02
   endloop
 endfacet
 facet normal -7.840947e-02 -7.012176e-01 -7.086224e-01
   outer loop
     vertex  2.002989e-01  1.689659e-01  4.057428e-02
     vertex  2.066613e-01  1.565394e-01  5.216694e-02
     vertex  1.984307e-01  1.486734e-01  6.086142e-02
   endloop
 endfacet
 facet normal -2.006507e-01 -6.792061e-01 -7.059875e-01
   outer loop
     vertex  2.002989e-01  1.689659e-01  4.057428e-02
     vertex  1.920401e-01  1.653808e-01  4.637061e-02
     vertex  1.982755e-01  1.816134e-01  2.898163e-02
   endloop
 endfacet
 facet normal -2.029410e-01 -6.767233e-01 -7.077150e-01
   outer loop
     vertex  2.002989e-01  1.689659e-01  4.057428e-02
     vertex  1.946676e-01  1.494385e-01  6.086142e-02
     vertex  1.920401e-01  1.653808e-01  4.637061e-02
   endloop
 endfacet
 facet normal -6.602980e-01  2.624514e-01 -7.036517e-01
   outer loop
     vertex  4.949303e-02  2.839122e-01  1.760634e-01
     vertex  6.055079e-02  2.767665e-01  1.630217e-01
     vertex  4.772896e-02  2.619911e-01  1.695425e-01
   endloop
 endfacet
 facet normal -6.262343e-01  3.395102e-01 -7.018287e-01
   outer loop
     vertex  4.949303e-02  2.839122e-01  1.760634e-01
     vertex  4.297935e-02  2.853774e-01  1.825843e-01
     vertex  5.397172e-02  3.056531e-01  1.825843e-01
   endloop
 endfacet
 facet normal -6.247938e-01 -3.045559e-01 -7.189425e-01
   outer loop
     vertex  9.275941e-02  1.649002e-01  1.238965e-01
     vertex  9.562195e-02  1.436344e-01  1.304173e-01
     vertex  8.780049e-02  1.596801e-01  1.304173e-01
   endloop
 endfacet
 facet normal -6.524732e-01 -3.010742e-01 -6.954373e-01
   outer loop
     vertex  9.275941e-02  1.649002e-01  1.238965e-01
     vertex  1.042605e-01  1.550380e-01  1.173756e-01
     vertex  9.562195e-02  1.436344e-01  1.304173e-01
   endloop
 endfacet
 facet normal -6.820570e-01 -2.223462e-01 -6.966781e-01
   outer loop
     vertex  9.275941e-02  1.649002e-01  1.238965e-01
     vertex  8.780049e-02  1.596801e-01  1.304173e-01
     vertex  8.215110e-02  1.770099e-01  1.304173e-01
   endloop
 endfacet
 facet normal -2.951201e-02 -7.151050e-01 -6.983938e-01
   outer loop
     vertex  2.117940e-01  1.783980e-01  3.043071e-02
     vertex  2.002989e-01  1.689659e-01  4.057428e-02
     vertex  2.079989e-01  1.912916e-01  1.738898e-02
   endloop
 endfacet
 facet normal  1.224332e-01 -6.976916e-01 -7.058588e-01
   outer loop
     vertex  2.117940e-01  1.783980e-01  3.043071e-02
     vertex  2.193681e-01  1.665328e-01  4.347245e-02
     vertex  2.137287e-01  1.567469e-01  5.216694e-02
   endloop
 endfacet
 facet normal -3.419032e-03 -7.047105e-01 -7.094867e-01
   outer loop
     vertex  2.117940e-01  1.783980e-01  3.043071e-02
     vertex  2.101683e-01  1.565224e-01  5.216694e-02
     vertex  2.066613e-01  1.565394e-01  5.216694e-02
   endloop
 endfacet
 facet normal  4.450188e-02 -7.058065e-01 -7.070055e-01
   outer loop
     vertex  2.117940e-01  1.783980e-01  3.043071e-02
     vertex  2.137287e-01  1.567469e-01  5.216694e-02
     vertex  2.101683e-01  1.565224e-01  5.216694e-02
   endloop
 endfacet
 facet normal -5.886078e-02 -6.969125e-01 -7.147366e-01
   outer loop
     vertex  2.117940e-01  1.783980e-01  3.043071e-02
     vertex  2.066613e-01  1.565394e-01  5.216694e-02
     vertex  2.002989e-01  1.689659e-01  4.057428e-02
   endloop
 endfacet
 facet normal  7.995882e-02 -7.137604e-01 -6.958108e-01
   outer loop
     vertex  2.123168e-01  1.784566e-01  3.043071e-02
     vertex  2.193681e-01  1.665328e-01  4.347245e-02
     vertex  2.117940e-01  1.783980e-01  3.043071e-02
   endloop
 endfacet
 facet normal -6.118417e-01  3.317073e-01 -7.180668e-01
   outer loop
     vertex  3.888278e-02  2.919373e-01  1.891051e-01
     vertex  5.397172e-02  3.056531e-01  1.825843e-01
     vertex  4.297935e-02  2.853774e-01  1.825843e-01
   endloop
 endfacet
 facet normal -5.941174e-01 -3.965984e-01 -6.998101e-01
   outer loop
     vertex  1.123746e-01  1.415509e-01  1.173756e-01
     vertex  1.052540e-01  1.292052e-01  1.304173e-01
     vertex  9.562195e-02  1.436344e-01  1.304173e-01
   endloop
 endfacet
 facet normal -5.444840e-01 -4.341259e-01 -7.176851e-01
   outer loop
     vertex  1.123746e-01  1.415509e-01  1.173756e-01
     vertex  1.203852e-01  1.530642e-01  1.043339e-01
     vertex  1.217913e-01  1.297405e-01  1.173756e-01
   endloop
 endfacet
 facet normal -5.481897e-01 -4.370806e-01 -7.130558e-01
   outer loop
     vertex  1.123746e-01  1.415509e-01  1.173756e-01
     vertex  1.217913e-01  1.297405e-01  1.173756e-01
     vertex  1.052540e-01  1.292052e-01  1.304173e-01
   endloop
 endfacet
 facet normal -6.003740e-01 -3.612007e-01 -7.135020e-01
   outer loop
     vertex  1.123746e-01  1.415509e-01  1.173756e-01
     vertex  9.562195e-02  1.436344e-01  1.304173e-01
     vertex  1.042605e-01  1.550380e-01  1.173756e-01
   endloop
 endfacet
 facet normal -6.115584e-01 -3.679295e-01 -7.004457e-01
   outer loop
     vertex  1.123746e-01  1.415509e-01  1.173756e-01
     vertex  1.042605e-01  1.550380e-01  1.173756e-01
     vertex  1.203852e-01  1.530642e-01  1.043339e-01
   endloop
 endfacet
 facet normal -6.833145e-01  1.403375e-01 -7.165101e-01
   outer loop
     vertex  3.725402e-02  2.575121e-01  1.782370e-01
     vertex  3.598976e-02  2.291610e-01  1.738898e-01
     vertex  2.781266e-02  2.337368e-01  1.825843e-01
   endloop
 endfacet
 facet normal -7.049628e-01  1.381070e-01 -6.956680e-01
   outer loop
     vertex  3.725402e-02  2.575121e-01  1.782370e-01
     vertex  4.474768e-02  2.519677e-01  1.695425e-01
     vertex  3.598976e-02  2.291610e-01  1.738898e-01
   endloop
 endfacet
 facet normal -6.750845e-01  2.007916e-01 -7.098899e-01
   outer loop
     vertex  3.725402e-02  2.575121e-01  1.782370e-01
     vertex  4.772896e-02  2.619911e-01  1.695425e-01
     vertex  4.474768e-02  2.519677e-01  1.695425e-01
   endloop
 endfacet
 facet normal -6.575042e-01  2.461874e-01 -7.120955e-01
   outer loop
     vertex  3.725402e-02  2.575121e-01  1.782370e-01
     vertex  4.297935e-02  2.853774e-01  1.825843e-01
     vertex  4.949303e-02  2.839122e-01  1.760634e-01
   endloop
 endfacet
 facet normal -6.800403e-01  2.587848e-01 -6.859851e-01
   outer loop
     vertex  3.725402e-02  2.575121e-01  1.782370e-01
     vertex  4.949303e-02  2.839122e-01  1.760634e-01
     vertex  4.772896e-02  2.619911e-01  1.695425e-01
   endloop
 endfacet
 facet normal  1.298212e-01 -6.958298e-01 -7.063762e-01
   outer loop
     vertex  2.150879e-01  1.833868e-01  2.608347e-02
     vertex  2.193681e-01  1.665328e-01  4.347245e-02
     vertex  2.123168e-01  1.784566e-01  3.043071e-02
   endloop
 endfacet
 facet normal  1.861958e-01 -6.822095e-01 -7.070511e-01
   outer loop
     vertex  2.150879e-01  1.833868e-01  2.608347e-02
     vertex  2.208564e-01  1.669390e-01  4.347245e-02
     vertex  2.193681e-01  1.665328e-01  4.347245e-02
   endloop
 endfacet
 facet normal  2.101377e-01 -6.745190e-01 -7.077191e-01
   outer loop
     vertex  2.150879e-01  1.833868e-01  2.608347e-02
     vertex  2.223356e-01  1.673998e-01  4.347245e-02
     vertex  2.208564e-01  1.669390e-01  4.347245e-02
   endloop
 endfacet
 facet normal  2.453616e-01 -6.605497e-01 -7.095574e-01
   outer loop
     vertex  2.150879e-01  1.833868e-01  2.608347e-02
     vertex  2.252550e-01  1.684842e-01  4.347245e-02
     vertex  2.223356e-01  1.673998e-01  4.347245e-02
   endloop
 endfacet
 facet normal -6.524271e-01  2.458865e-01 -7.168534e-01
   outer loop
     vertex  3.356422e-02  2.603956e-01  1.825843e-01
     vertex  4.297935e-02  2.853774e-01  1.825843e-01
     vertex  3.725402e-02  2.575121e-01  1.782370e-01
   endloop
 endfacet
 facet normal -6.372804e-01  2.576118e-01 -7.262988e-01
   outer loop
     vertex  3.356422e-02  2.603956e-01  1.825843e-01
     vertex  2.486035e-02  2.756332e-01  1.956260e-01
     vertex  3.888278e-02  2.919373e-01  1.891051e-01
   endloop
 endfacet
 facet normal -6.809164e-01  2.566235e-01 -6.859280e-01
   outer loop
     vertex  3.356422e-02  2.603956e-01  1.825843e-01
     vertex  3.888278e-02  2.919373e-01  1.891051e-01
     vertex  4.297935e-02  2.853774e-01  1.825843e-01
   endloop
 endfacet
 facet normal -7.018013e-01  1.514114e-01 -6.960959e-01
   outer loop
     vertex  3.356422e-02  2.603956e-01  1.825843e-01
     vertex  3.725402e-02  2.575121e-01  1.782370e-01
     vertex  2.781266e-02  2.337368e-01  1.825843e-01
   endloop
 endfacet
 facet normal -6.716603e-01  2.214468e-01 -7.069892e-01
   outer loop
     vertex  3.356422e-02  2.603956e-01  1.825843e-01
     vertex  2.107530e-02  2.641530e-01  1.956260e-01
     vertex  2.486035e-02  2.756332e-01  1.956260e-01
   endloop
 endfacet
 facet normal -6.922584e-01  1.495166e-01 -7.059909e-01
   outer loop
     vertex  3.356422e-02  2.603956e-01  1.825843e-01
     vertex  1.920645e-02  2.349733e-01  1.912788e-01
     vertex  2.107530e-02  2.641530e-01  1.956260e-01
   endloop
 endfacet
 facet normal -6.920408e-01  1.493056e-01 -7.062488e-01
   outer loop
     vertex  3.356422e-02  2.603956e-01  1.825843e-01
     vertex  2.781266e-02  2.337368e-01  1.825843e-01
     vertex  1.920645e-02  2.349733e-01  1.912788e-01
   endloop
 endfacet
 facet normal  3.192788e-01 -6.316893e-01 -7.064203e-01
   outer loop
     vertex  2.167203e-01  1.884781e-01  2.173622e-02
     vertex  2.267761e-01  1.789761e-01  3.477796e-02
     vertex  2.252550e-01  1.684842e-01  4.347245e-02
   endloop
 endfacet
 facet normal  2.187043e-01 -6.732301e-01 -7.063496e-01
   outer loop
     vertex  2.167203e-01  1.884781e-01  2.173622e-02
     vertex  2.150879e-01  1.833868e-01  2.608347e-02
     vertex  2.124256e-01  1.992459e-01  1.014357e-02
   endloop
 endfacet
 facet normal  2.202939e-01 -6.732784e-01 -7.058093e-01
   outer loop
     vertex  2.167203e-01  1.884781e-01  2.173622e-02
     vertex  2.252550e-01  1.684842e-01  4.347245e-02
     vertex  2.150879e-01  1.833868e-01  2.608347e-02
   endloop
 endfacet
 facet normal  3.240436e-01 -6.280822e-01 -7.074662e-01
   outer loop
     vertex  2.172054e-01  1.960734e-01  1.521536e-02
     vertex  2.267761e-01  1.789761e-01  3.477796e-02
     vertex  2.167203e-01  1.884781e-01  2.173622e-02
   endloop
 endfacet
 facet normal  3.322677e-01 -6.265189e-01 -7.050335e-01
   outer loop
     vertex  2.172054e-01  1.960734e-01  1.521536e-02
     vertex  2.124256e-01  1.992459e-01  1.014357e-02
     vertex  2.123267e-01  2.032702e-01  6.520868e-03
   endloop
 endfacet
 facet normal  3.322677e-01 -6.265189e-01 -7.050335e-01
   outer loop
     vertex  2.172054e-01  1.960734e-01  1.521536e-02
     vertex  2.167203e-01  1.884781e-01  2.173622e-02
     vertex  2.124256e-01  1.992459e-01  1.014357e-02
   endloop
 endfacet
 facet normal -6.970846e-01  2.954607e-02 -7.163798e-01
   outer loop
     vertex  3.047855e-02  2.045384e-01  1.782370e-01
     vertex  3.598976e-02  2.291610e-01  1.738898e-01
     vertex  3.928086e-02  2.014042e-01  1.695425e-01
   endloop
 endfacet
 facet normal -7.178787e-01  3.795159e-02 -6.951330e-01
   outer loop
     vertex  3.047855e-02  2.045384e-01  1.782370e-01
     vertex  2.781266e-02  2.337368e-01  1.825843e-01
     vertex  3.598976e-02  2.291610e-01  1.738898e-01
   endloop
 endfacet
 facet normal  5.371666e-01 -4.595858e-01 -7.072714e-01
   outer loop
     vertex  2.149668e-01  2.026748e-01  8.694491e-03
     vertex  2.287813e-01  1.920607e-01  2.608347e-02
     vertex  2.281869e-01  1.913660e-01  2.608347e-02
   endloop
 endfacet
 facet normal  4.584752e-01 -5.410020e-01 -7.050655e-01
   outer loop
     vertex  2.149668e-01  2.026748e-01  8.694491e-03
     vertex  2.172054e-01  1.960734e-01  1.521536e-02
     vertex  2.123267e-01  2.032702e-01  6.520868e-03
   endloop
 endfacet
 facet normal  5.208435e-01 -4.783301e-01 -7.070518e-01
   outer loop
     vertex  2.149668e-01  2.026748e-01  8.694491e-03
     vertex  2.281869e-01  1.913660e-01  2.608347e-02
     vertex  2.275649e-01  1.906888e-01  2.608347e-02
   endloop
 endfacet
 facet normal  4.120940e-01 -5.765628e-01 -7.055168e-01
   outer loop
     vertex  2.203317e-01  1.938750e-01  1.883806e-02
     vertex  2.267761e-01  1.789761e-01  3.477796e-02
     vertex  2.172054e-01  1.960734e-01  1.521536e-02
   endloop
 endfacet
 facet normal  3.816670e-01 -5.932377e-01 -7.088013e-01
   outer loop
     vertex  2.203317e-01  1.938750e-01  1.883806e-02
     vertex  2.281823e-01  1.798808e-01  3.477796e-02
     vertex  2.267761e-01  1.789761e-01  3.477796e-02
   endloop
 endfacet
 facet normal  4.768715e-01 -5.233218e-01 -7.062067e-01
   outer loop
     vertex  2.203317e-01  1.938750e-01  1.883806e-02
     vertex  2.275649e-01  1.906888e-01  2.608347e-02
     vertex  2.302012e-01  1.813581e-01  3.477796e-02
   endloop
 endfacet
 facet normal  4.177006e-01 -5.708326e-01 -7.068779e-01
   outer loop
     vertex  2.203317e-01  1.938750e-01  1.883806e-02
     vertex  2.302012e-01  1.813581e-01  3.477796e-02
     vertex  2.281823e-01  1.798808e-01  3.477796e-02
   endloop
 endfacet
 facet normal  4.329564e-01 -5.549011e-01 -7.103756e-01
   outer loop
     vertex  2.203317e-01  1.938750e-01  1.883806e-02
     vertex  2.172054e-01  1.960734e-01  1.521536e-02
     vertex  2.149668e-01  2.026748e-01  8.694491e-03
   endloop
 endfacet
 facet normal  4.768715e-01 -5.233218e-01 -7.062067e-01
   outer loop
     vertex  2.203317e-01  1.938750e-01  1.883806e-02
     vertex  2.149668e-01  2.026748e-01  8.694491e-03
     vertex  2.275649e-01  1.906888e-01  2.608347e-02
   endloop
 endfacet
 facet normal -7.066058e-01  4.417374e-02 -7.062273e-01
   outer loop
     vertex  2.609968e-02  2.062348e-01  1.825843e-01
     vertex  1.305823e-02  2.061275e-01  1.956260e-01
     vertex  1.920645e-02  2.349733e-01  1.912788e-01
   endloop
 endfacet
 facet normal -7.154259e-01 -6.368340e-02 -6.957803e-01
   outer loop
     vertex  2.609968e-02  2.062348e-01  1.825843e-01
     vertex  3.047855e-02  2.045384e-01  1.782370e-01
     vertex  2.854040e-02  1.788155e-01  1.825843e-01
   endloop
 endfacet
 facet normal -6.953773e-01  4.331211e-02 -7.173384e-01
   outer loop
     vertex  2.609968e-02  2.062348e-01  1.825843e-01
     vertex  2.781266e-02  2.337368e-01  1.825843e-01
     vertex  3.047855e-02  2.045384e-01  1.782370e-01
   endloop
 endfacet
 facet normal -7.068786e-01  4.402847e-02 -7.059633e-01
   outer loop
     vertex  2.609968e-02  2.062348e-01  1.825843e-01
     vertex  1.920645e-02  2.349733e-01  1.912788e-01
     vertex  2.781266e-02  2.337368e-01  1.825843e-01
   endloop
 endfacet
 facet normal -7.066392e-01 -3.130272e-02 -7.068813e-01
   outer loop
     vertex  2.609968e-02  2.062348e-01  1.825843e-01
     vertex  1.359981e-02  1.939017e-01  1.956260e-01
     vertex  1.305823e-02  2.061275e-01  1.956260e-01
   endloop
 endfacet
 facet normal -6.944299e-01 -1.652715e-01 -7.003231e-01
   outer loop
     vertex  3.525357e-02  1.782400e-01  1.760634e-01
     vertex  3.440440e-02  1.541764e-01  1.825843e-01
     vertex  2.854040e-02  1.788155e-01  1.825843e-01
   endloop
 endfacet
 facet normal -6.981393e-01 -6.785206e-02 -7.127395e-01
   outer loop
     vertex  3.525357e-02  1.782400e-01  1.760634e-01
     vertex  2.854040e-02  1.788155e-01  1.825843e-01
     vertex  3.047855e-02  2.045384e-01  1.782370e-01
   endloop
 endfacet
 facet normal -7.137735e-01 -7.201944e-02 -6.966639e-01
   outer loop
     vertex  3.525357e-02  1.782400e-01  1.760634e-01
     vertex  3.047855e-02  2.045384e-01  1.782370e-01
     vertex  3.928086e-02  2.014042e-01  1.695425e-01
   endloop
 endfacet
 facet normal -4.180063e-01 -5.691430e-01 -7.080586e-01
   outer loop
     vertex  1.203611e-01  1.040063e-01  1.369382e-01
     vertex  1.234184e-01  7.742353e-02  1.565008e-01
     vertex  1.089417e-01  8.805586e-02  1.565008e-01
   endloop
 endfacet
 facet normal -4.292110e-01 -5.668435e-01 -7.031830e-01
   outer loop
     vertex  1.203611e-01  1.040063e-01  1.369382e-01
     vertex  1.344470e-01  1.014299e-01  1.304173e-01
     vertex  1.234184e-01  7.742353e-02  1.565008e-01
   endloop
 endfacet
 facet normal -4.334691e-01 -5.356201e-01 -7.247176e-01
   outer loop
     vertex  1.203611e-01  1.040063e-01  1.369382e-01
     vertex  1.192619e-01  1.137189e-01  1.304173e-01
     vertex  1.344470e-01  1.014299e-01  1.304173e-01
   endloop
 endfacet
 facet normal -4.826926e-01 -5.193267e-01 -7.052004e-01
   outer loop
     vertex  1.203611e-01  1.040063e-01  1.369382e-01
     vertex  1.089417e-01  8.805586e-02  1.565008e-01
     vertex  1.056862e-01  1.087913e-01  1.434591e-01
   endloop
 endfacet
 facet normal -4.826745e-01 -5.251763e-01 -7.008674e-01
   outer loop
     vertex  1.203611e-01  1.040063e-01  1.369382e-01
     vertex  1.056862e-01  1.087913e-01  1.434591e-01
     vertex  1.192619e-01  1.137189e-01  1.304173e-01
   endloop
 endfacet
 facet normal -6.743735e-01 -1.604982e-01 -7.207362e-01
   outer loop
     vertex  2.296296e-02  1.729678e-01  1.891051e-01
     vertex  2.854040e-02  1.788155e-01  1.825843e-01
     vertex  3.440440e-02  1.541764e-01  1.825843e-01
   endloop
 endfacet
 facet normal -7.288551e-01 -6.487880e-02 -6.815871e-01
   outer loop
     vertex  2.296296e-02  1.729678e-01  1.891051e-01
     vertex  2.609968e-02  2.062348e-01  1.825843e-01
     vertex  2.854040e-02  1.788155e-01  1.825843e-01
   endloop
 endfacet
 facet normal -6.816980e-01 -7.831127e-02 -7.274305e-01
   outer loop
     vertex  2.296296e-02  1.729678e-01  1.891051e-01
     vertex  1.359981e-02  1.939017e-01  1.956260e-01
     vertex  2.609968e-02  2.062348e-01  1.825843e-01
   endloop
 endfacet
 facet normal  5.567847e-01 -4.281053e-01 -7.118403e-01
   outer loop
     vertex  2.253211e-01  1.984032e-01  1.956260e-02
     vertex  2.298849e-01  1.934961e-01  2.608347e-02
     vertex  2.287813e-01  1.920607e-01  2.608347e-02
   endloop
 endfacet
 facet normal  5.890833e-01 -3.915014e-01 -7.068999e-01
   outer loop
     vertex  2.253211e-01  1.984032e-01  1.956260e-02
     vertex  2.308722e-01  1.949817e-01  2.608347e-02
     vertex  2.298849e-01  1.934961e-01  2.608347e-02
   endloop
 endfacet
 facet normal  5.711656e-01 -4.159450e-01 -7.076437e-01
   outer loop
     vertex  2.253211e-01  1.984032e-01  1.956260e-02
     vertex  2.287813e-01  1.920607e-01  2.608347e-02
     vertex  2.149668e-01  2.026748e-01  8.694491e-03
   endloop
 endfacet
 facet normal  6.050783e-01 -3.659210e-01 -7.070941e-01
   outer loop
     vertex  2.254924e-01  1.986865e-01  1.956260e-02
     vertex  2.308722e-01  1.949817e-01  2.608347e-02
     vertex  2.253211e-01  1.984032e-01  1.956260e-02
   endloop
 endfacet
 facet normal  6.115200e-01 -3.558552e-01 -7.066897e-01
   outer loop
     vertex  2.256582e-01  1.989713e-01  1.956260e-02
     vertex  2.308722e-01  1.949817e-01  2.608347e-02
     vertex  2.254924e-01  1.986865e-01  1.956260e-02
   endloop
 endfacet
 facet normal  6.147749e-01 -3.509747e-01 -7.063063e-01
   outer loop
     vertex  2.256582e-01  1.989713e-01  1.956260e-02
     vertex  2.317416e-01  1.965045e-01  2.608347e-02
     vertex  2.308722e-01  1.949817e-01  2.608347e-02
   endloop
 endfacet
 facet normal  6.346380e-01 -3.082483e-01 -7.086731e-01
   outer loop
     vertex  2.256582e-01  1.989713e-01  1.956260e-02
     vertex  2.324931e-01  1.980517e-01  2.608347e-02
     vertex  2.317416e-01  1.965045e-01  2.608347e-02
   endloop
 endfacet
 facet normal  6.342011e-01 -3.097196e-01 -7.084227e-01
   outer loop
     vertex  2.256582e-01  1.989713e-01  1.956260e-02
     vertex  2.208981e-01  2.041395e-01  1.304174e-02
     vertex  2.324931e-01  1.980517e-01  2.608347e-02
   endloop
 endfacet
 facet normal -7.173634e-01 -1.407084e-01 -6.823422e-01
   outer loop
     vertex  9.414397e-03  1.745875e-01  2.021469e-01
     vertex  7.148446e-03  1.545180e-01  2.086677e-01
     vertex  1.624671e-03  1.826794e-01  2.086677e-01
   endloop
 endfacet
 facet normal -6.962527e-01 -8.956972e-02 -7.121864e-01
   outer loop
     vertex  9.414397e-03  1.745875e-01  2.021469e-01
     vertex  1.359981e-02  1.939017e-01  1.956260e-01
     vertex  2.296296e-02  1.729678e-01  1.891051e-01
   endloop
 endfacet
 facet normal -6.932005e-01 -9.116618e-02 -7.149558e-01
   outer loop
     vertex  9.414397e-03  1.745875e-01  2.021469e-01
     vertex  1.624671e-03  1.826794e-01  2.086677e-01
     vertex  1.359981e-02  1.939017e-01  1.956260e-01
   endloop
 endfacet
 facet normal  6.950995e-01 -1.299697e-01 -7.070676e-01
   outer loop
     vertex  2.150947e-01  2.075648e-01  6.520868e-03
     vertex  2.215216e-01  2.064619e-01  1.304174e-02
     vertex  2.214502e-01  2.060801e-01  1.304174e-02
   endloop
 endfacet
 facet normal  6.905835e-01 -1.506825e-01 -7.073820e-01
   outer loop
     vertex  2.150947e-01  2.075648e-01  6.520868e-03
     vertex  2.214502e-01  2.060801e-01  1.304174e-02
     vertex  2.213663e-01  2.056955e-01  1.304174e-02
   endloop
 endfacet
 facet normal  6.850638e-01 -1.714378e-01 -7.080231e-01
   outer loop
     vertex  2.150947e-01  2.075648e-01  6.520868e-03
     vertex  2.213663e-01  2.056955e-01  1.304174e-02
     vertex  2.212694e-01  2.053086e-01  1.304174e-02
   endloop
 endfacet
 facet normal  6.973580e-01 -1.170264e-01 -7.071044e-01
   outer loop
     vertex  2.151026e-01  2.076123e-01  6.520868e-03
     vertex  2.215216e-01  2.064619e-01  1.304174e-02
     vertex  2.150947e-01  2.075648e-01  6.520868e-03
   endloop
 endfacet
 facet normal  6.973580e-01 -1.170264e-01 -7.071044e-01
   outer loop
     vertex  2.151026e-01  2.076123e-01  6.520868e-03
     vertex  2.150947e-01  2.075648e-01  6.520868e-03
     vertex  2.086677e-01  2.086677e-01  1.605000e-09
   endloop
 endfacet
 facet normal  6.986755e-01 -1.093638e-01 -7.070305e-01
   outer loop
     vertex  2.151102e-01  2.076596e-01  6.520868e-03
     vertex  2.215808e-01  2.068403e-01  1.304174e-02
     vertex  2.215216e-01  2.064619e-01  1.304174e-02
   endloop
 endfacet
 facet normal  6.982393e-01 -1.118910e-01 -7.070659e-01
   outer loop
     vertex  2.151102e-01  2.076596e-01  6.520868e-03
     vertex  2.215216e-01  2.064619e-01  1.304174e-02
     vertex  2.151026e-01  2.076123e-01  6.520868e-03
   endloop
 endfacet
 facet normal  7.007664e-01 -9.398377e-02 -7.071729e-01
   outer loop
     vertex  2.151102e-01  2.076596e-01  6.520868e-03
     vertex  2.216060e-01  2.070281e-01  1.304174e-02
     vertex  2.215808e-01  2.068403e-01  1.304174e-02
   endloop
 endfacet
 facet normal  7.019053e-01 -8.381087e-02 -7.073222e-01
   outer loop
     vertex  2.151102e-01  2.076596e-01  6.520868e-03
     vertex  2.216283e-01  2.072149e-01  1.304174e-02
     vertex  2.216060e-01  2.070281e-01  1.304174e-02
   endloop
 endfacet
 facet normal  7.028172e-01 -7.369042e-02 -7.075435e-01
   outer loop
     vertex  2.151102e-01  2.076596e-01  6.520868e-03
     vertex  2.216478e-01  2.074007e-01  1.304174e-02
     vertex  2.216283e-01  2.072149e-01  1.304174e-02
   endloop
 endfacet
 facet normal  7.035064e-01 -6.362827e-02 -7.078349e-01
   outer loop
     vertex  2.151102e-01  2.076596e-01  6.520868e-03
     vertex  2.216645e-01  2.075853e-01  1.304174e-02
     vertex  2.216478e-01  2.074007e-01  1.304174e-02
   endloop
 endfacet
 facet normal  7.023213e-01 -8.408316e-02 -7.068768e-01
   outer loop
     vertex  2.151102e-01  2.076596e-01  6.520868e-03
     vertex  2.086677e-01  2.086677e-01  1.605000e-09
     vertex  2.216645e-01  2.075853e-01  1.304174e-02
   endloop
 endfacet
 facet normal  6.982014e-01 -1.118849e-01 -7.071044e-01
   outer loop
     vertex  2.151102e-01  2.076596e-01  6.520868e-03
     vertex  2.151026e-01  2.076123e-01  6.520868e-03
     vertex  2.086677e-01  2.086677e-01  1.605000e-09
   endloop
 endfacet
 facet normal -5.150607e-01 -5.055652e-01 -6.921823e-01
   outer loop
     vertex  8.817310e-02  8.029577e-02  1.760634e-01
     vertex  8.727441e-02  7.228344e-02  1.825843e-01
     vertex  7.004845e-02  8.983294e-02  1.825843e-01
   endloop
 endfacet
 facet normal -4.561793e-01 -5.303816e-01 -7.145599e-01
   outer loop
     vertex  8.817310e-02  8.029577e-02  1.760634e-01
     vertex  1.060269e-01  7.372502e-02  1.695425e-01
     vertex  8.727441e-02  7.228344e-02  1.825843e-01
   endloop
 endfacet
 facet normal -4.297857e-01 -5.851813e-01 -6.876388e-01
   outer loop
     vertex  1.238139e-01  6.947042e-02  1.630217e-01
     vertex  1.089417e-01  8.805586e-02  1.565008e-01
     vertex  1.234184e-01  7.742353e-02  1.565008e-01
   endloop
 endfacet
 facet normal -3.205232e-01 -6.284237e-01 -7.087655e-01
   outer loop
     vertex  1.238139e-01  6.947042e-02  1.630217e-01
     vertex  1.363122e-01  4.103216e-02  1.825843e-01
     vertex  1.154482e-01  5.167369e-02  1.825843e-01
   endloop
 endfacet
 facet normal -3.360241e-01 -6.295667e-01 -7.005238e-01
   outer loop
     vertex  1.238139e-01  6.947042e-02  1.630217e-01
     vertex  1.410203e-01  6.754252e-02  1.565008e-01
     vertex  1.363122e-01  4.103216e-02  1.825843e-01
   endloop
 endfacet
 facet normal -3.987172e-01 -5.870437e-01 -7.045596e-01
   outer loop
     vertex  1.238139e-01  6.947042e-02  1.630217e-01
     vertex  1.154482e-01  5.167369e-02  1.825843e-01
     vertex  1.060269e-01  7.372502e-02  1.695425e-01
   endloop
 endfacet
 facet normal -3.403272e-01 -6.062567e-01 -7.187699e-01
   outer loop
     vertex  1.238139e-01  6.947042e-02  1.630217e-01
     vertex  1.234184e-01  7.742353e-02  1.565008e-01
     vertex  1.410203e-01  6.754252e-02  1.565008e-01
   endloop
 endfacet
 facet normal -3.994971e-01 -5.712441e-01 -7.169953e-01
   outer loop
     vertex  1.238139e-01  6.947042e-02  1.630217e-01
     vertex  1.060269e-01  7.372502e-02  1.695425e-01
     vertex  1.089417e-01  8.805586e-02  1.565008e-01
   endloop
 endfacet
 facet normal  4.480957e-01 -5.479873e-01 -7.063428e-01
   outer loop
     vertex  2.591681e-01  1.378925e-01  8.694489e-02
     vertex  2.490680e-01  1.520476e-01  6.955591e-02
     vertex  2.620718e-01  1.514740e-01  7.825040e-02
   endloop
 endfacet
 facet normal  4.539051e-01 -5.472274e-01 -7.032157e-01
   outer loop
     vertex  2.591681e-01  1.378925e-01  8.694489e-02
     vertex  2.620718e-01  1.514740e-01  7.825040e-02
     vertex  2.755785e-01  1.403315e-01  9.563938e-02
   endloop
 endfacet
 facet normal  3.650833e-01 -6.068295e-01 -7.060256e-01
   outer loop
     vertex  2.591681e-01  1.378925e-01  8.694489e-02
     vertex  2.436504e-01  1.386725e-01  7.825040e-02
     vertex  2.490680e-01  1.520476e-01  6.955591e-02
   endloop
 endfacet
 facet normal  3.600230e-01 -6.189256e-01 -6.980792e-01
   outer loop
     vertex  2.591681e-01  1.378925e-01  8.694489e-02
     vertex  2.472681e-01  1.211640e-01  9.563938e-02
     vertex  2.436504e-01  1.386725e-01  7.825040e-02
   endloop
 endfacet
 facet normal  1.504708e-01 -7.003549e-01 -6.977547e-01
   outer loop
     vertex  2.289647e-01  8.644512e-02  1.238965e-01
     vertex  2.447331e-01  8.333630e-02  1.304173e-01
     vertex  2.272635e-01  7.958297e-02  1.304173e-01
   endloop
 endfacet
 facet normal  6.748922e-02 -7.148287e-01 -6.960353e-01
   outer loop
     vertex  2.289647e-01  8.644512e-02  1.238965e-01
     vertex  2.094444e-01  7.825271e-02  1.304173e-01
     vertex  2.146878e-01  9.144662e-02  1.173756e-01
   endloop
 endfacet
 facet normal  5.185755e-02 -6.946494e-01 -7.174769e-01
   outer loop
     vertex  2.289647e-01  8.644512e-02  1.238965e-01
     vertex  2.272635e-01  7.958297e-02  1.304173e-01
     vertex  2.094444e-01  7.825271e-02  1.304173e-01
   endloop
 endfacet
 facet normal  3.352360e-01 -6.055696e-01 -7.217356e-01
   outer loop
     vertex  2.623327e-01  1.295036e-01  9.563938e-02
     vertex  2.608347e-01  1.183120e-01  1.043339e-01
     vertex  2.472681e-01  1.211640e-01  9.563938e-02
   endloop
 endfacet
 facet normal  3.389912e-01 -6.123530e-01 -7.142190e-01
   outer loop
     vertex  2.623327e-01  1.295036e-01  9.563938e-02
     vertex  2.472681e-01  1.211640e-01  9.563938e-02
     vertex  2.591681e-01  1.378925e-01  8.694489e-02
   endloop
 endfacet
 facet normal  4.381833e-01 -5.360294e-01 -7.215732e-01
   outer loop
     vertex  2.623327e-01  1.295036e-01  9.563938e-02
     vertex  2.755785e-01  1.403315e-01  9.563938e-02
     vertex  2.732682e-01  1.267389e-01  1.043339e-01
   endloop
 endfacet
 facet normal  4.029376e-01 -5.945146e-01 -6.958403e-01
   outer loop
     vertex  2.623327e-01  1.295036e-01  9.563938e-02
     vertex  2.732682e-01  1.267389e-01  1.043339e-01
     vertex  2.608347e-01  1.183120e-01  1.043339e-01
   endloop
 endfacet
 facet normal  4.526185e-01 -5.536880e-01 -6.989750e-01
   outer loop
     vertex  2.623327e-01  1.295036e-01  9.563938e-02
     vertex  2.591681e-01  1.378925e-01  8.694489e-02
     vertex  2.755785e-01  1.403315e-01  9.563938e-02
   endloop
 endfacet
 facet normal  2.412417e-01 -6.617215e-01 -7.098782e-01
   outer loop
     vertex  2.634442e-01  8.316231e-02  1.369382e-01
     vertex  2.447331e-01  8.333630e-02  1.304173e-01
     vertex  2.617271e-01  8.953173e-02  1.304173e-01
   endloop
 endfacet
 facet normal  3.578174e-01 -6.191613e-01 -6.990036e-01
   outer loop
     vertex  2.634442e-01  8.316231e-02  1.369382e-01
     vertex  2.617271e-01  8.953173e-02  1.304173e-01
     vertex  2.854009e-01  1.032130e-01  1.304173e-01
   endloop
 endfacet
 facet normal  3.292653e-01 -5.981708e-01 -7.305998e-01
   outer loop
     vertex  2.634442e-01  8.316231e-02  1.369382e-01
     vertex  2.854009e-01  1.032130e-01  1.304173e-01
     vertex  2.828966e-01  8.590545e-02  1.434591e-01
   endloop
 endfacet
 facet normal  3.262811e-01 -6.222758e-01 -7.115571e-01
   outer loop
     vertex  2.716665e-01  7.256067e-02  1.499799e-01
     vertex  2.634442e-01  8.316231e-02  1.369382e-01
     vertex  2.828966e-01  8.590545e-02  1.434591e-01
   endloop
 endfacet
 facet normal  3.470369e-01 -6.310566e-01 -6.937817e-01
   outer loop
     vertex  2.716665e-01  7.256067e-02  1.499799e-01
     vertex  2.828966e-01  8.590545e-02  1.434591e-01
     vertex  2.957787e-01  7.865165e-02  1.565008e-01
   endloop
 endfacet
 facet normal  2.741824e-01 -6.648767e-01 -6.948114e-01
   outer loop
     vertex  2.716665e-01  7.256067e-02  1.499799e-01
     vertex  2.779441e-01  6.833496e-02  1.565008e-01
     vertex  2.584479e-01  6.029513e-02  1.565008e-01
   endloop
 endfacet
 facet normal  3.465396e-01 -5.990676e-01 -7.218229e-01
   outer loop
     vertex  2.716665e-01  7.256067e-02  1.499799e-01
     vertex  2.957787e-01  7.865165e-02  1.565008e-01
     vertex  2.779441e-01  6.833496e-02  1.565008e-01
   endloop
 endfacet
 facet normal  4.483673e-01 -5.323617e-01 -7.180235e-01
   outer loop
     vertex  2.923880e-01  1.003027e-01  1.369382e-01
     vertex  2.854009e-01  1.032130e-01  1.304173e-01
     vertex  2.995389e-01  1.151203e-01  1.304173e-01
   endloop
 endfacet
 facet normal  4.086564e-01 -5.862373e-01 -6.995183e-01
   outer loop
     vertex  2.923880e-01  1.003027e-01  1.369382e-01
     vertex  2.828966e-01  8.590545e-02  1.434591e-01
     vertex  2.854009e-01  1.032130e-01  1.304173e-01
   endloop
 endfacet
 facet normal  5.347109e-01 -4.784986e-01 -6.965079e-01
   outer loop
     vertex  3.046475e-01  1.303210e-01  1.238965e-01
     vertex  3.116931e-01  1.287024e-01  1.304173e-01
     vertex  2.995389e-01  1.151203e-01  1.304173e-01
   endloop
 endfacet
 facet normal  5.766808e-01 -3.874450e-01 -7.192535e-01
   outer loop
     vertex  3.046475e-01  1.303210e-01  1.238965e-01
     vertex  3.216431e-01  1.435122e-01  1.304173e-01
     vertex  3.116931e-01  1.287024e-01  1.304173e-01
   endloop
 endfacet
 facet normal  5.878221e-01 -4.136785e-01 -6.952231e-01
   outer loop
     vertex  3.046475e-01  1.303210e-01  1.238965e-01
     vertex  3.073812e-01  1.451643e-01  1.173756e-01
     vertex  3.216431e-01  1.435122e-01  1.304173e-01
   endloop
 endfacet
 facet normal  1.155030e-01 -7.044274e-01 -7.003150e-01
   outer loop
     vertex  2.468362e-01  3.679137e-02  1.760634e-01
     vertex  2.500592e-01  3.083704e-02  1.825843e-01
     vertex  2.262336e-01  2.693041e-02  1.825843e-01
   endloop
 endfacet
 facet normal  6.248189e-01 -3.450501e-01 -7.003869e-01
   outer loop
     vertex  3.149899e-01  1.589423e-01  1.173756e-01
     vertex  3.073812e-01  1.451643e-01  1.173756e-01
     vertex  3.009631e-01  1.600146e-01  1.043339e-01
   endloop
 endfacet
 facet normal  6.528180e-01 -2.555215e-01 -7.131181e-01
   outer loop
     vertex  3.149899e-01  1.589423e-01  1.173756e-01
     vertex  3.204949e-01  1.730067e-01  1.173756e-01
     vertex  3.292942e-01  1.590902e-01  1.304173e-01
   endloop
 endfacet
 facet normal  6.412330e-01 -3.149402e-01 -6.997378e-01
   outer loop
     vertex  3.149899e-01  1.589423e-01  1.173756e-01
     vertex  3.292942e-01  1.590902e-01  1.304173e-01
     vertex  3.216431e-01  1.435122e-01  1.304173e-01
   endloop
 endfacet
 facet normal  6.132842e-01 -3.386802e-01 -7.135672e-01
   outer loop
     vertex  3.149899e-01  1.589423e-01  1.173756e-01
     vertex  3.216431e-01  1.435122e-01  1.304173e-01
     vertex  3.073812e-01  1.451643e-01  1.173756e-01
   endloop
 endfacet
 facet normal  6.481700e-01 -2.537022e-01 -7.179908e-01
   outer loop
     vertex  3.149899e-01  1.589423e-01  1.173756e-01
     vertex  3.009631e-01  1.600146e-01  1.043339e-01
     vertex  3.204949e-01  1.730067e-01  1.173756e-01
   endloop
 endfacet
 facet normal  1.122664e-01 -6.846877e-01 -7.201382e-01
   outer loop
     vertex  2.467288e-01  2.343246e-02  1.891051e-01
     vertex  2.262336e-01  2.693041e-02  1.825843e-01
     vertex  2.500592e-01  3.083704e-02  1.825843e-01
   endloop
 endfacet
 facet normal  2.152568e-01 -6.974124e-01 -6.835792e-01
   outer loop
     vertex  2.762419e-01  4.373693e-02  1.782370e-01
     vertex  2.468362e-01  3.679137e-02  1.760634e-01
     vertex  2.656914e-01  4.900256e-02  1.695425e-01
   endloop
 endfacet
 facet normal  2.105181e-01 -6.678642e-01 -7.138904e-01
   outer loop
     vertex  2.762419e-01  4.373693e-02  1.782370e-01
     vertex  2.500592e-01  3.083704e-02  1.825843e-01
     vertex  2.468362e-01  3.679137e-02  1.760634e-01
   endloop
 endfacet
 facet normal  2.583861e-01 -6.549016e-01 -7.101693e-01
   outer loop
     vertex  2.762419e-01  4.373693e-02  1.782370e-01
     vertex  2.656914e-01  4.900256e-02  1.695425e-01
     vertex  2.760247e-01  5.307947e-02  1.695425e-01
   endloop
 endfacet
 facet normal  3.282589e-01 -6.394112e-01 -6.952694e-01
   outer loop
     vertex  2.762419e-01  4.373693e-02  1.782370e-01
     vertex  2.760247e-01  5.307947e-02  1.695425e-01
     vertex  2.996705e-01  6.049167e-02  1.738898e-01
   endloop
 endfacet
 facet normal  3.127454e-01 -6.232868e-01 -7.167313e-01
   outer loop
     vertex  2.762419e-01  4.373693e-02  1.782370e-01
     vertex  2.996705e-01  6.049167e-02  1.738898e-01
     vertex  3.011242e-01  5.122309e-02  1.825843e-01
   endloop
 endfacet
 facet normal  2.190142e-01 -6.984858e-01 -6.812859e-01
   outer loop
     vertex  2.762235e-01  3.904098e-02  1.825843e-01
     vertex  2.467288e-01  2.343246e-02  1.891051e-01
     vertex  2.500592e-01  3.083704e-02  1.825843e-01
   endloop
 endfacet
 facet normal  3.156808e-01 -6.452643e-01 -6.956865e-01
   outer loop
     vertex  2.762235e-01  3.904098e-02  1.825843e-01
     vertex  2.762419e-01  4.373693e-02  1.782370e-01
     vertex  3.011242e-01  5.122309e-02  1.825843e-01
   endloop
 endfacet
 facet normal  2.084676e-01 -6.648504e-01 -7.172972e-01
   outer loop
     vertex  2.762235e-01  3.904098e-02  1.825843e-01
     vertex  2.500592e-01  3.083704e-02  1.825843e-01
     vertex  2.762419e-01  4.373693e-02  1.782370e-01
   endloop
 endfacet
 facet normal  1.874937e-01 -6.587138e-01 -7.286578e-01
   outer loop
     vertex  2.762235e-01  3.904098e-02  1.825843e-01
     vertex  2.684960e-01  2.241493e-02  1.956260e-01
     vertex  2.467288e-01  2.343246e-02  1.891051e-01
   endloop
 endfacet
 facet normal  2.367423e-01 -6.653779e-01 -7.079727e-01
   outer loop
     vertex  2.762235e-01  3.904098e-02  1.825843e-01
     vertex  2.799300e-01  2.648313e-02  1.956260e-01
     vertex  2.684960e-01  2.241493e-02  1.956260e-01
   endloop
 endfacet
 facet normal  3.095447e-01 -6.394864e-01 -7.037324e-01
   outer loop
     vertex  2.762235e-01  3.904098e-02  1.825843e-01
     vertex  3.048462e-01  4.332789e-02  1.912788e-01
     vertex  2.799300e-01  2.648313e-02  1.956260e-01
   endloop
 endfacet
 facet normal  3.101502e-01 -6.339594e-01 -7.084507e-01
   outer loop
     vertex  2.762235e-01  3.904098e-02  1.825843e-01
     vertex  3.011242e-01  5.122309e-02  1.825843e-01
     vertex  3.048462e-01  4.332789e-02  1.912788e-01
   endloop
 endfacet
 facet normal  4.156410e-01 -5.867356e-01 -6.949704e-01
   outer loop
     vertex  3.224917e-01  7.150889e-02  1.782370e-01
     vertex  3.011242e-01  5.122309e-02  1.825843e-01
     vertex  2.996705e-01  6.049167e-02  1.738898e-01
   endloop
 endfacet
 facet normal  4.092597e-01 -5.650682e-01 -7.163828e-01
   outer loop
     vertex  3.224917e-01  7.150889e-02  1.782370e-01
     vertex  2.996705e-01  6.049167e-02  1.738898e-01
     vertex  3.194789e-01  8.034958e-02  1.695425e-01
   endloop
 endfacet
 facet normal  4.936651e-01 -5.215895e-01 -6.958729e-01
   outer loop
     vertex  3.238817e-01  6.702466e-02  1.825843e-01
     vertex  3.224917e-01  7.150889e-02  1.782370e-01
     vertex  3.437636e-01  8.584212e-02  1.825843e-01
   endloop
 endfacet
 facet normal  3.973572e-01 -5.722754e-01 -7.173619e-01
   outer loop
     vertex  3.238817e-01  6.702466e-02  1.825843e-01
     vertex  3.011242e-01  5.122309e-02  1.825843e-01
     vertex  3.224917e-01  7.150889e-02  1.782370e-01
   endloop
 endfacet
 facet normal  4.053033e-01 -5.837194e-01 -7.035630e-01
   outer loop
     vertex  3.238817e-01  6.702466e-02  1.825843e-01
     vertex  3.048462e-01  4.332789e-02  1.912788e-01
     vertex  3.011242e-01  5.122309e-02  1.825843e-01
   endloop
 endfacet
 facet normal  4.001123e-01 -5.813524e-01 -7.084769e-01
   outer loop
     vertex  3.238817e-01  6.702466e-02  1.825843e-01
     vertex  3.311763e-01  5.615157e-02  1.956260e-01
     vertex  3.048462e-01  4.332789e-02  1.912788e-01
   endloop
 endfacet
 facet normal  4.622225e-01 -5.366476e-01 -7.059460e-01
   outer loop
     vertex  3.238817e-01  6.702466e-02  1.825843e-01
     vertex  3.413446e-01  6.490963e-02  1.956260e-01
     vertex  3.311763e-01  5.615157e-02  1.956260e-01
   endloop
 endfacet
 facet normal  4.861752e-01 -5.052908e-01 -7.129621e-01
   outer loop
     vertex  3.400955e-01  9.151375e-02  1.760634e-01
     vertex  3.437636e-01  8.584212e-02  1.825843e-01
     vertex  3.224917e-01  7.150889e-02  1.782370e-01
   endloop
 endfacet
 facet normal  4.992820e-01 -5.150606e-01 -6.967281e-01
   outer loop
     vertex  3.400955e-01  9.151375e-02  1.760634e-01
     vertex  3.224917e-01  7.150889e-02  1.782370e-01
     vertex  3.194789e-01  8.034958e-02  1.695425e-01
   endloop
 endfacet
 facet normal  5.600293e-01 -4.428386e-01 -7.001866e-01
   outer loop
     vertex  3.400955e-01  9.151375e-02  1.760634e-01
     vertex  3.593322e-01  1.055308e-01  1.825843e-01
     vertex  3.437636e-01  8.584212e-02  1.825843e-01
   endloop
 endfacet
 facet normal  5.031822e-01 -5.316450e-01 -6.812938e-01
   outer loop
     vertex  3.518558e-01  8.514474e-02  1.891051e-01
     vertex  3.238817e-01  6.702466e-02  1.825843e-01
     vertex  3.437636e-01  8.584212e-02  1.825843e-01
   endloop
 endfacet
 facet normal  4.843894e-01 -4.860332e-01 -7.274191e-01
   outer loop
     vertex  3.518558e-01  8.514474e-02  1.891051e-01
     vertex  3.413446e-01  6.490963e-02  1.956260e-01
     vertex  3.238817e-01  6.702466e-02  1.825843e-01
   endloop
 endfacet
 facet normal  5.437406e-01 -4.299584e-01 -7.207510e-01
   outer loop
     vertex  3.518558e-01  8.514474e-02  1.891051e-01
     vertex  3.437636e-01  8.584212e-02  1.825843e-01
     vertex  3.593322e-01  1.055308e-01  1.825843e-01
   endloop
 endfacet
 facet normal  6.212026e-01 -3.658434e-01 -6.930122e-01
   outer loop
     vertex  3.641557e-01  1.260735e-01  1.760634e-01
     vertex  3.719312e-01  1.269239e-01  1.825843e-01
     vertex  3.593322e-01  1.055308e-01  1.825843e-01
   endloop
 endfacet
 facet normal  6.793326e-01 -2.181268e-01 -7.006625e-01
   outer loop
     vertex  3.752555e-01  1.452882e-01  1.782370e-01
     vertex  3.764248e-01  1.628940e-01  1.738898e-01
     vertex  3.855386e-01  1.633497e-01  1.825843e-01
   endloop
 endfacet
 facet normal  6.498142e-01 -2.961906e-01 -7.000090e-01
   outer loop
     vertex  3.752555e-01  1.452882e-01  1.782370e-01
     vertex  3.641557e-01  1.260735e-01  1.760634e-01
     vertex  3.661295e-01  1.458150e-01  1.695425e-01
   endloop
 endfacet
 facet normal  6.340486e-01 -2.849487e-01 -7.188787e-01
   outer loop
     vertex  3.752555e-01  1.452882e-01  1.782370e-01
     vertex  3.719312e-01  1.269239e-01  1.825843e-01
     vertex  3.641557e-01  1.260735e-01  1.760634e-01
   endloop
 endfacet
 facet normal  6.661615e-01 -2.201904e-01 -7.125623e-01
   outer loop
     vertex  3.752555e-01  1.452882e-01  1.782370e-01
     vertex  3.661295e-01  1.458150e-01  1.695425e-01
     vertex  3.764248e-01  1.628940e-01  1.738898e-01
   endloop
 endfacet
 facet normal  6.690521e-01 -2.092693e-01 -7.131449e-01
   outer loop
     vertex  3.798378e-01  1.451239e-01  1.825843e-01
     vertex  3.752555e-01  1.452882e-01  1.782370e-01
     vertex  3.855386e-01  1.633497e-01  1.825843e-01
   endloop
 endfacet
 facet normal  6.741441e-01 -2.062703e-01 -7.092124e-01
   outer loop
     vertex  3.798378e-01  1.451239e-01  1.825843e-01
     vertex  3.942477e-01  1.623252e-01  1.912788e-01
     vertex  3.927059e-01  1.423390e-01  1.956260e-01
   endloop
 endfacet
 facet normal  6.778442e-01 -2.120193e-01 -7.039709e-01
   outer loop
     vertex  3.798378e-01  1.451239e-01  1.825843e-01
     vertex  3.855386e-01  1.633497e-01  1.825843e-01
     vertex  3.942477e-01  1.623252e-01  1.912788e-01
   endloop
 endfacet
 facet normal  6.517821e-01 -2.831531e-01 -7.035655e-01
   outer loop
     vertex  3.798378e-01  1.451239e-01  1.825843e-01
     vertex  3.927059e-01  1.423390e-01  1.956260e-01
     vertex  3.719312e-01  1.269239e-01  1.825843e-01
   endloop
 endfacet
 facet normal  6.544621e-01 -2.843174e-01 -7.006019e-01
   outer loop
     vertex  3.798378e-01  1.451239e-01  1.825843e-01
     vertex  3.719312e-01  1.269239e-01  1.825843e-01
     vertex  3.752555e-01  1.452882e-01  1.782370e-01
   endloop
 endfacet
 facet normal  6.987605e-01 -7.352115e-02 -7.115675e-01
   outer loop
     vertex  3.935647e-01  1.811633e-01  1.869315e-01
     vertex  3.756814e-01  1.794940e-01  1.695425e-01
     vertex  3.909762e-01  1.986358e-01  1.825843e-01
   endloop
 endfacet
 facet normal  6.914878e-01 -1.385395e-01 -7.089791e-01
   outer loop
     vertex  3.935647e-01  1.811633e-01  1.869315e-01
     vertex  3.942477e-01  1.623252e-01  1.912788e-01
     vertex  3.855386e-01  1.633497e-01  1.825843e-01
   endloop
 endfacet
 facet normal  7.017959e-01 -7.235647e-02 -7.086939e-01
   outer loop
     vertex  3.935647e-01  1.811633e-01  1.869315e-01
     vertex  3.909762e-01  1.986358e-01  1.825843e-01
     vertex  4.023292e-01  1.810133e-01  1.956260e-01
   endloop
 endfacet
 facet normal  6.968236e-01 -1.424120e-01 -7.029621e-01
   outer loop
     vertex  3.935647e-01  1.811633e-01  1.869315e-01
     vertex  3.855386e-01  1.633497e-01  1.825843e-01
     vertex  3.756814e-01  1.794940e-01  1.695425e-01
   endloop
 endfacet
 facet normal  6.964112e-01 -1.373011e-01 -7.043861e-01
   outer loop
     vertex  3.935647e-01  1.811633e-01  1.869315e-01
     vertex  4.023292e-01  1.810133e-01  1.956260e-01
     vertex  3.942477e-01  1.623252e-01  1.912788e-01
   endloop
 endfacet
 facet normal  5.113603e-01  4.782465e-01 -7.139965e-01
   outer loop
     vertex  2.149954e-01  2.161266e-01  9.781302e-03
     vertex  2.181163e-01  2.176572e-01  1.304174e-02
     vertex  2.142189e-01  2.120893e-01  6.520868e-03
   endloop
 endfacet
 facet normal  4.859028e-01  5.144037e-01 -7.066026e-01
   outer loop
     vertex  2.149954e-01  2.161266e-01  9.781302e-03
     vertex  2.275649e-01  2.266467e-01  2.608347e-02
     vertex  2.181163e-01  2.176572e-01  1.304174e-02
   endloop
 endfacet
 facet normal  4.350727e-01  5.656883e-01 -7.005059e-01
   outer loop
     vertex  2.149954e-01  2.161266e-01  9.781302e-03
     vertex  2.173622e-01  2.237270e-01  1.738898e-02
     vertex  2.275649e-01  2.266467e-01  2.608347e-02
   endloop
 endfacet
 facet normal  5.136838e-01  4.770816e-01 -7.131074e-01
   outer loop
     vertex  2.101950e-01  2.115483e-01  3.260435e-03
     vertex  2.149954e-01  2.161266e-01  9.781302e-03
     vertex  2.142189e-01  2.120893e-01  6.520868e-03
   endloop
 endfacet
 facet normal  4.920690e-01  5.250601e-01 -6.943918e-01
   outer loop
     vertex  2.101950e-01  2.115483e-01  3.260435e-03
     vertex  2.142189e-01  2.120893e-01  6.520868e-03
     vertex  2.086677e-01  2.086677e-01  1.605000e-09
   endloop
 endfacet
 facet normal  3.083636e-01  6.375570e-01 -7.059978e-01
   outer loop
     vertex  2.101950e-01  2.115483e-01  3.260435e-03
     vertex  2.134993e-01  2.207815e-01  1.304174e-02
     vertex  2.173622e-01  2.237270e-01  1.738898e-02
   endloop
 endfacet
 facet normal  4.055488e-01  5.804792e-01 -7.060977e-01
   outer loop
     vertex  2.101950e-01  2.115483e-01  3.260435e-03
     vertex  2.173622e-01  2.237270e-01  1.738898e-02
     vertex  2.149954e-01  2.161266e-01  9.781302e-03
   endloop
 endfacet
 facet normal  1.464772e-01  6.902265e-01 -7.086126e-01
   outer loop
     vertex  2.112311e-01  2.158306e-01  7.607679e-03
     vertex  2.119117e-01  2.279595e-01  1.956260e-02
     vertex  2.137691e-01  2.297969e-01  2.173622e-02
   endloop
 endfacet
 facet normal  2.697013e-01  6.531040e-01 -7.076131e-01
   outer loop
     vertex  2.112311e-01  2.158306e-01  7.607679e-03
     vertex  2.134993e-01  2.207815e-01  1.304174e-02
     vertex  2.101950e-01  2.115483e-01  3.260435e-03
   endloop
 endfacet
 facet normal  2.194233e-01  6.738535e-01 -7.055316e-01
   outer loop
     vertex  2.112311e-01  2.158306e-01  7.607679e-03
     vertex  2.137691e-01  2.297969e-01  2.173622e-02
     vertex  2.134993e-01  2.207815e-01  1.304174e-02
   endloop
 endfacet
 facet normal  1.788030e-01  6.855593e-01 -7.057180e-01
   outer loop
     vertex  2.097491e-01  2.150983e-01  6.520868e-03
     vertex  2.119117e-01  2.279595e-01  1.956260e-02
     vertex  2.112311e-01  2.158306e-01  7.607679e-03
   endloop
 endfacet
 facet normal  1.873120e-01  6.771193e-01 -7.116345e-01
   outer loop
     vertex  2.097491e-01  2.150983e-01  6.520868e-03
     vertex  2.112311e-01  2.158306e-01  7.607679e-03
     vertex  2.101950e-01  2.115483e-01  3.260435e-03
   endloop
 endfacet
 facet normal  4.024057e-02  7.060212e-01 -7.070465e-01
   outer loop
     vertex  2.076568e-01  2.227601e-01  1.412855e-02
     vertex  2.076645e-01  2.347319e-01  2.608347e-02
     vertex  2.119117e-01  2.279595e-01  1.956260e-02
   endloop
 endfacet
 facet normal -7.557440e-02  7.046104e-01 -7.055584e-01
   outer loop
     vertex  2.076568e-01  2.227601e-01  1.412855e-02
     vertex  2.050116e-01  2.300943e-01  2.173622e-02
     vertex  2.076645e-01  2.347319e-01  2.608347e-02
   endloop
 endfacet
 facet normal -1.150065e-01  6.967837e-01 -7.080014e-01
   outer loop
     vertex  2.076568e-01  2.227601e-01  1.412855e-02
     vertex  2.061509e-01  2.169900e-01  8.694491e-03
     vertex  2.041677e-01  2.277057e-01  1.956260e-02
   endloop
 endfacet
 facet normal  3.368638e-02  7.088160e-01 -7.045886e-01
   outer loop
     vertex  2.076568e-01  2.227601e-01  1.412855e-02
     vertex  2.119117e-01  2.279595e-01  1.956260e-02
     vertex  2.097491e-01  2.150983e-01  6.520868e-03
   endloop
 endfacet
 facet normal -1.267255e-01  6.917427e-01 -7.109379e-01
   outer loop
     vertex  2.076568e-01  2.227601e-01  1.412855e-02
     vertex  2.041677e-01  2.277057e-01  1.956260e-02
     vertex  2.050116e-01  2.300943e-01  2.173622e-02
   endloop
 endfacet
 facet normal  5.305387e-01  4.214221e-01 -7.354808e-01
   outer loop
     vertex  2.887231e-01  2.899906e-01  1.141152e-01
     vertex  3.046224e-01  2.870453e-01  1.238965e-01
     vertex  3.073112e-01  2.722798e-01  1.173756e-01
   endloop
 endfacet
 facet normal  5.569252e-01  4.568159e-01 -6.936523e-01
   outer loop
     vertex  2.887231e-01  2.899906e-01  1.141152e-01
     vertex  3.073112e-01  2.722798e-01  1.173756e-01
     vertex  2.842566e-01  2.805836e-01  1.043339e-01
   endloop
 endfacet
 facet normal -4.541930e-01  5.418200e-01 -7.072056e-01
   outer loop
     vertex  2.002253e-01  2.171321e-01  1.195492e-02
     vertex  1.908212e-01  2.276900e-01  2.608347e-02
     vertex  2.051019e-01  2.141273e-01  6.520868e-03
   endloop
 endfacet
 facet normal -5.514804e-01  4.493199e-01 -7.028378e-01
   outer loop
     vertex  2.002253e-01  2.171321e-01  1.195492e-02
     vertex  1.939540e-01  2.179350e-01  1.738898e-02
     vertex  1.908212e-01  2.276900e-01  2.608347e-02
   endloop
 endfacet
 facet normal -5.476523e-01  4.586493e-01 -6.997984e-01
   outer loop
     vertex  2.013422e-01  2.151493e-01  9.781302e-03
     vertex  1.939540e-01  2.179350e-01  1.738898e-02
     vertex  2.002253e-01  2.171321e-01  1.195492e-02
   endloop
 endfacet
 facet normal  4.977441e-01  4.822491e-01 -7.208930e-01
   outer loop
     vertex  3.239017e-01  2.994848e-01  1.467195e-01
     vertex  2.999191e-01  3.193642e-01  1.434591e-01
     vertex  3.132988e-01  3.250500e-01  1.565008e-01
   endloop
 endfacet
 facet normal  5.324235e-01  4.648291e-01 -7.074314e-01
   outer loop
     vertex  3.239017e-01  2.994848e-01  1.467195e-01
     vertex  3.115134e-01  2.888641e-01  1.304173e-01
     vertex  3.068813e-01  3.040940e-01  1.369382e-01
   endloop
 endfacet
 facet normal  5.264201e-01  5.254505e-01 -6.684188e-01
   outer loop
     vertex  3.239017e-01  2.994848e-01  1.467195e-01
     vertex  3.068813e-01  3.040940e-01  1.369382e-01
     vertex  2.999191e-01  3.193642e-01  1.434591e-01
   endloop
 endfacet
 facet normal  4.957664e-01  4.820107e-01 -7.224136e-01
   outer loop
     vertex  3.239017e-01  2.994848e-01  1.467195e-01
     vertex  3.132988e-01  3.250500e-01  1.565008e-01
     vertex  3.279474e-01  3.099834e-01  1.565008e-01
   endloop
 endfacet
 facet normal  5.877233e-01  3.967512e-01 -7.051027e-01
   outer loop
     vertex  3.239017e-01  2.994848e-01  1.467195e-01
     vertex  3.215012e-01  2.740687e-01  1.304173e-01
     vertex  3.115134e-01  2.888641e-01  1.304173e-01
   endloop
 endfacet
 facet normal  1.552423e-01  6.918342e-01 -7.051704e-01
   outer loop
     vertex  2.392279e-01  3.186148e-01  1.141152e-01
     vertex  2.289176e-01  3.308982e-01  1.238965e-01
     vertex  2.447854e-01  3.339841e-01  1.304173e-01
   endloop
 endfacet
 facet normal  1.181911e-01  7.109752e-01 -6.932137e-01
   outer loop
     vertex  2.392279e-01  3.186148e-01  1.141152e-01
     vertex  2.331543e-01  3.100875e-01  1.043339e-01
     vertex  2.145526e-01  3.258957e-01  1.173756e-01
   endloop
 endfacet
 facet normal  1.005292e-01  6.700461e-01 -7.354809e-01
   outer loop
     vertex  2.392279e-01  3.186148e-01  1.141152e-01
     vertex  2.145526e-01  3.258957e-01  1.173756e-01
     vertex  2.289176e-01  3.308982e-01  1.238965e-01
   endloop
 endfacet
 facet normal  3.458950e-01  6.232914e-01 -7.013305e-01
   outer loop
     vertex  2.711660e-01  3.414103e-01  1.467195e-01
     vertex  2.905637e-01  3.343142e-01  1.499799e-01
     vertex  2.809526e-01  3.249732e-01  1.369382e-01
   endloop
 endfacet
 facet normal  3.332837e-01  6.207358e-01 -7.096541e-01
   outer loop
     vertex  2.711660e-01  3.414103e-01  1.467195e-01
     vertex  2.809526e-01  3.249732e-01  1.369382e-01
     vertex  2.621412e-01  3.276184e-01  1.304173e-01
   endloop
 endfacet
 facet normal  3.430997e-01  6.095143e-01 -7.146852e-01
   outer loop
     vertex  2.711660e-01  3.414103e-01  1.467195e-01
     vertex  2.789205e-01  3.485143e-01  1.565008e-01
     vertex  2.905637e-01  3.343142e-01  1.499799e-01
   endloop
 endfacet
 facet normal -6.829818e-01  2.085644e-01 -7.000263e-01
   outer loop
     vertex  1.872657e-01  2.154824e-01  2.246076e-02
     vertex  1.773490e-01  2.146223e-01  3.187979e-02
     vertex  1.730463e-01  2.248509e-01  3.912520e-02
   endloop
 endfacet
 facet normal -6.433846e-01  2.863534e-01 -7.099704e-01
   outer loop
     vertex  1.872657e-01  2.154824e-01  2.246076e-02
     vertex  1.730463e-01  2.248509e-01  3.912520e-02
     vertex  1.939540e-01  2.179350e-01  1.738898e-02
   endloop
 endfacet
 facet normal -6.440563e-01  3.118216e-01 -6.985404e-01
   outer loop
     vertex  1.872657e-01  2.154824e-01  2.246076e-02
     vertex  1.939540e-01  2.179350e-01  1.738898e-02
     vertex  1.967939e-01  2.140621e-01  1.304174e-02
   endloop
 endfacet
 facet normal -6.849758e-01  1.873651e-01 -7.040614e-01
   outer loop
     vertex  1.886516e-01  2.137425e-01  2.064941e-02
     vertex  1.773490e-01  2.146223e-01  3.187979e-02
     vertex  1.872657e-01  2.154824e-01  2.246076e-02
   endloop
 endfacet
 facet normal -6.725326e-01  2.047018e-01 -7.111942e-01
   outer loop
     vertex  1.886516e-01  2.137425e-01  2.064941e-02
     vertex  1.872657e-01  2.154824e-01  2.246076e-02
     vertex  1.967939e-01  2.140621e-01  1.304174e-02
   endloop
 endfacet
 facet normal -7.005867e-01  9.182580e-02 -7.076343e-01
   outer loop
     vertex  1.895583e-01  2.128541e-01  1.956260e-02
     vertex  1.804724e-01  2.105350e-01  2.825709e-02
     vertex  1.773490e-01  2.146223e-01  3.187979e-02
   endloop
 endfacet
 facet normal -6.893722e-01  1.605720e-01 -7.063870e-01
   outer loop
     vertex  1.895583e-01  2.128541e-01  1.956260e-02
     vertex  1.773490e-01  2.146223e-01  3.187979e-02
     vertex  1.886516e-01  2.137425e-01  2.064941e-02
   endloop
 endfacet
 facet normal  6.078113e-01  3.591522e-01 -7.082197e-01
   outer loop
     vertex  3.843385e-01  3.019179e-01  1.988864e-01
     vertex  3.705835e-01  2.930496e-01  1.825843e-01
     vertex  3.664393e-01  3.129217e-01  1.891051e-01
   endloop
 endfacet
 facet normal  6.208446e-01  4.234651e-01 -6.597191e-01
   outer loop
     vertex  3.843385e-01  3.019179e-01  1.988864e-01
     vertex  3.664393e-01  3.129217e-01  1.891051e-01
     vertex  3.595419e-01  3.331929e-01  1.956260e-01
   endloop
 endfacet
 facet normal  5.741013e-01  3.802895e-01 -7.251121e-01
   outer loop
     vertex  3.843385e-01  3.019179e-01  1.988864e-01
     vertex  3.749954e-01  3.346730e-01  2.086677e-01
     vertex  3.895700e-01  3.126706e-01  2.086677e-01
   endloop
 endfacet
 facet normal  5.749417e-01  3.803248e-01 -7.244274e-01
   outer loop
     vertex  3.843385e-01  3.019179e-01  1.988864e-01
     vertex  3.595419e-01  3.331929e-01  1.956260e-01
     vertex  3.749954e-01  3.346730e-01  2.086677e-01
   endloop
 endfacet
 facet normal -7.057635e-01  2.591704e-02 -7.079733e-01
   outer loop
     vertex  1.924608e-01  2.104273e-01  1.630217e-02
     vertex  1.825843e-01  2.086677e-01  2.608347e-02
     vertex  1.804724e-01  2.105350e-01  2.825709e-02
   endloop
 endfacet
 facet normal -7.015479e-01  1.074173e-01 -7.044800e-01
   outer loop
     vertex  1.924608e-01  2.104273e-01  1.630217e-02
     vertex  1.804724e-01  2.105350e-01  2.825709e-02
     vertex  1.895583e-01  2.128541e-01  1.956260e-02
   endloop
 endfacet
 facet normal -7.061738e-01 -8.073392e-02 -7.034207e-01
   outer loop
     vertex  1.989436e-01  2.076120e-01  9.781302e-03
     vertex  1.895583e-01  2.044814e-01  1.956260e-02
     vertex  1.825843e-01  2.086677e-01  2.608347e-02
   endloop
 endfacet
 facet normal -7.051728e-01  1.796169e-02 -7.088079e-01
   outer loop
     vertex  1.989436e-01  2.076120e-01  9.781302e-03
     vertex  1.825843e-01  2.086677e-01  2.608347e-02
     vertex  1.924608e-01  2.104273e-01  1.630217e-02
   endloop
 endfacet
 facet normal -7.130032e-01 -1.833642e-02 -7.009210e-01
   outer loop
     vertex  1.989436e-01  2.076120e-01  9.781302e-03
     vertex  1.924608e-01  2.104273e-01  1.630217e-02
     vertex  1.978279e-01  2.094511e-01  1.086811e-02
   endloop
 endfacet
 facet normal -6.792225e-01 -1.931991e-01 -7.080473e-01
   outer loop
     vertex  1.944117e-01  2.033505e-01  1.521536e-02
     vertex  1.819465e-01  2.020333e-01  2.753255e-02
     vertex  1.895583e-01  2.044814e-01  1.956260e-02
   endloop
 endfacet
 facet normal -6.694472e-01 -2.396943e-01 -7.031267e-01
   outer loop
     vertex  1.944117e-01  2.033505e-01  1.521536e-02
     vertex  1.888780e-01  1.996771e-01  2.173622e-02
     vertex  1.819465e-01  2.020333e-01  2.753255e-02
   endloop
 endfacet
 facet normal -6.537438e-01 -2.700378e-01 -7.068937e-01
   outer loop
     vertex  1.967939e-01  2.032734e-01  1.304174e-02
     vertex  1.888780e-01  1.996771e-01  2.173622e-02
     vertex  1.944117e-01  2.033505e-01  1.521536e-02
   endloop
 endfacet
 facet normal -2.026308e-01  6.922655e-01 -6.926104e-01
   outer loop
     vertex  1.772220e-01  3.719494e-01  1.662821e-01
     vertex  1.748801e-01  3.614777e-01  1.565008e-01
     vertex  1.547251e-01  3.555782e-01  1.565008e-01
   endloop
 endfacet
 facet normal -2.048133e-01  6.939010e-01 -6.903281e-01
   outer loop
     vertex  1.772220e-01  3.719494e-01  1.662821e-01
     vertex  1.547251e-01  3.555782e-01  1.565008e-01
     vertex  1.439519e-01  3.653730e-01  1.695425e-01
   endloop
 endfacet
 facet normal -1.653949e-01  6.902495e-01 -7.044148e-01
   outer loop
     vertex  1.772220e-01  3.719494e-01  1.662821e-01
     vertex  1.587269e-01  3.774997e-01  1.760634e-01
     vertex  1.762140e-01  3.883446e-01  1.825843e-01
   endloop
 endfacet
 facet normal -1.993780e-01  6.413262e-01 -7.409110e-01
   outer loop
     vertex  1.772220e-01  3.719494e-01  1.662821e-01
     vertex  1.439519e-01  3.653730e-01  1.695425e-01
     vertex  1.587269e-01  3.774997e-01  1.760634e-01
   endloop
 endfacet
 facet normal -5.965428e-01 -3.869163e-01 -7.031589e-01
   outer loop
     vertex  1.964585e-01  1.978652e-01  1.630217e-02
     vertex  1.888780e-01  1.996771e-01  2.173622e-02
     vertex  1.967939e-01  2.032734e-01  1.304174e-02
   endloop
 endfacet
 facet normal -5.234987e-01 -4.733815e-01 -7.084201e-01
   outer loop
     vertex  1.964585e-01  1.978652e-01  1.630217e-02
     vertex  2.033911e-01  2.048364e-01  6.520868e-03
     vertex  2.027189e-01  2.023270e-01  8.694491e-03
   endloop
 endfacet
 facet normal -5.123190e-01 -4.888563e-01 -7.060798e-01
   outer loop
     vertex  1.964585e-01  1.978652e-01  1.630217e-02
     vertex  1.908212e-01  1.896455e-01  2.608347e-02
     vertex  1.854564e-01  1.889887e-01  3.043071e-02
   endloop
 endfacet
 facet normal -6.010656e-01 -3.849584e-01 -7.003765e-01
   outer loop
     vertex  1.964585e-01  1.978652e-01  1.630217e-02
     vertex  1.967939e-01  2.032734e-01  1.304174e-02
     vertex  2.033911e-01  2.048364e-01  6.520868e-03
   endloop
 endfacet
 facet normal -5.969580e-01 -3.825427e-01 -7.051965e-01
   outer loop
     vertex  1.964585e-01  1.978652e-01  1.630217e-02
     vertex  1.854564e-01  1.889887e-01  3.043071e-02
     vertex  1.888780e-01  1.996771e-01  2.173622e-02
   endloop
 endfacet
 facet normal -4.377443e-01 -5.570416e-01 -7.057511e-01
   outer loop
     vertex  1.967700e-01  1.959862e-01  1.738898e-02
     vertex  2.027189e-01  2.023270e-01  8.694491e-03
     vertex  1.979704e-01  1.922890e-01  1.956260e-02
   endloop
 endfacet
 facet normal -5.075138e-01 -4.929195e-01 -7.067249e-01
   outer loop
     vertex  1.967700e-01  1.959862e-01  1.738898e-02
     vertex  1.964585e-01  1.978652e-01  1.630217e-02
     vertex  2.027189e-01  2.023270e-01  8.694491e-03
   endloop
 endfacet
 facet normal -5.075138e-01 -4.929195e-01 -7.067249e-01
   outer loop
     vertex  1.967700e-01  1.959862e-01  1.738898e-02
     vertex  1.908212e-01  1.896455e-01  2.608347e-02
     vertex  1.964585e-01  1.978652e-01  1.630217e-02
   endloop
 endfacet
 facet normal -4.377443e-01 -5.570416e-01 -7.057511e-01
   outer loop
     vertex  1.967700e-01  1.959862e-01  1.738898e-02
     vertex  1.979704e-01  1.922890e-01  1.956260e-02
     vertex  1.908212e-01  1.896455e-01  2.608347e-02
   endloop
 endfacet
 facet normal -3.354360e-01 -6.242422e-01 -7.055525e-01
   outer loop
     vertex  2.071151e-01  2.058007e-01  3.260435e-03
     vertex  2.034456e-01  1.967172e-01  1.304174e-02
     vertex  1.979704e-01  1.922890e-01  1.956260e-02
   endloop
 endfacet
 facet normal -6.745342e-01  2.532643e-01 -6.934413e-01
   outer loop
     vertex  9.818813e-02  2.372427e-01  1.141152e-01
     vertex  1.041973e-01  2.621743e-01  1.173756e-01
     vertex  1.085924e-01  2.381717e-01  1.043339e-01
   endloop
 endfacet
 facet normal -6.305900e-01  2.481564e-01 -7.353738e-01
   outer loop
     vertex  9.818813e-02  2.372427e-01  1.141152e-01
     vertex  9.274046e-02  2.523850e-01  1.238965e-01
     vertex  1.041973e-01  2.621743e-01  1.173756e-01
   endloop
 endfacet
 facet normal -2.233029e-01 -6.710664e-01 -7.069694e-01
   outer loop
     vertex  2.079365e-01  2.043824e-01  4.347246e-03
     vertex  2.034456e-01  1.967172e-01  1.304174e-02
     vertex  2.071151e-01  2.058007e-01  3.260435e-03
   endloop
 endfacet
 facet normal -6.405446e-01  3.092583e-01 -7.028954e-01
   outer loop
     vertex  7.168193e-02  2.612177e-01  1.467195e-01
     vertex  7.438036e-02  2.890381e-01  1.565008e-01
     vertex  9.547064e-02  2.734373e-01  1.304173e-01
   endloop
 endfacet
 facet normal -6.574521e-01  2.839524e-01 -6.979454e-01
   outer loop
     vertex  7.168193e-02  2.612177e-01  1.467195e-01
     vertex  6.104874e-02  2.606402e-01  1.565008e-01
     vertex  6.962745e-02  2.805030e-01  1.565008e-01
   endloop
 endfacet
 facet normal -6.406973e-01  3.104320e-01 -7.022385e-01
   outer loop
     vertex  7.168193e-02  2.612177e-01  1.467195e-01
     vertex  9.547064e-02  2.734373e-01  1.304173e-01
     vertex  8.768298e-02  2.573644e-01  1.304173e-01
   endloop
 endfacet
 facet normal -6.808606e-01  2.112858e-01 -7.012754e-01
   outer loop
     vertex  7.168193e-02  2.612177e-01  1.467195e-01
     vertex  7.610318e-02  2.430001e-01  1.369382e-01
     vertex  6.266969e-02  2.429978e-01  1.499799e-01
   endloop
 endfacet
 facet normal -5.753506e-01  3.203905e-01 -7.525435e-01
   outer loop
     vertex  7.168193e-02  2.612177e-01  1.467195e-01
     vertex  6.962745e-02  2.805030e-01  1.565008e-01
     vertex  7.438036e-02  2.890381e-01  1.565008e-01
   endloop
 endfacet
 facet normal -6.701830e-01  2.182322e-01 -7.093867e-01
   outer loop
     vertex  7.168193e-02  2.612177e-01  1.467195e-01
     vertex  8.768298e-02  2.573644e-01  1.304173e-01
     vertex  7.610318e-02  2.430001e-01  1.369382e-01
   endloop
 endfacet
 facet normal -6.688776e-01  2.028752e-01 -7.151534e-01
   outer loop
     vertex  7.168193e-02  2.612177e-01  1.467195e-01
     vertex  6.266969e-02  2.429978e-01  1.499799e-01
     vertex  6.104874e-02  2.606402e-01  1.565008e-01
   endloop
 endfacet
 facet normal -6.261964e-01  3.246909e-01 -7.088398e-01
   outer loop
     vertex  6.462861e-02  2.917488e-01  1.662821e-01
     vertex  6.055079e-02  2.767665e-01  1.630217e-01
     vertex  4.949303e-02  2.839122e-01  1.760634e-01
   endloop
 endfacet
 facet normal -6.281872e-01  3.394038e-01 -7.001327e-01
   outer loop
     vertex  6.462861e-02  2.917488e-01  1.662821e-01
     vertex  4.949303e-02  2.839122e-01  1.760634e-01
     vertex  5.397172e-02  3.056531e-01  1.825843e-01
   endloop
 endfacet
 facet normal -6.159721e-01  3.430111e-01 -7.091698e-01
   outer loop
     vertex  6.462861e-02  2.917488e-01  1.662821e-01
     vertex  7.438036e-02  2.890381e-01  1.565008e-01
     vertex  6.962745e-02  2.805030e-01  1.565008e-01
   endloop
 endfacet
 facet normal -6.363958e-01  3.254051e-01 -6.993653e-01
   outer loop
     vertex  6.462861e-02  2.917488e-01  1.662821e-01
     vertex  6.962745e-02  2.805030e-01  1.565008e-01
     vertex  6.055079e-02  2.767665e-01  1.630217e-01
   endloop
 endfacet
 facet normal -6.301894e-01 -2.485403e-01 -7.355876e-01
   outer loop
     vertex  9.819443e-02  1.800684e-01  1.141152e-01
     vertex  1.042605e-01  1.550380e-01  1.173756e-01
     vertex  9.275941e-02  1.649002e-01  1.238965e-01
   endloop
 endfacet
 facet normal -6.762233e-01 -2.125572e-01 -7.053662e-01
   outer loop
     vertex  9.819443e-02  1.800684e-01  1.141152e-01
     vertex  9.275941e-02  1.649002e-01  1.238965e-01
     vertex  8.215110e-02  1.770099e-01  1.304173e-01
   endloop
 endfacet
 facet normal -6.743721e-01 -2.537551e-01 -6.934195e-01
   outer loop
     vertex  9.819443e-02  1.800684e-01  1.141152e-01
     vertex  1.085924e-01  1.791638e-01  1.043339e-01
     vertex  1.042605e-01  1.550380e-01  1.173756e-01
   endloop
 endfacet
 facet normal  1.880742e-02 -7.082669e-01 -7.056942e-01
   outer loop
     vertex  2.092819e-01  1.989057e-01  9.781302e-03
     vertex  2.117940e-01  1.783980e-01  3.043071e-02
     vertex  2.079989e-01  1.912916e-01  1.738898e-02
   endloop
 endfacet
 facet normal  7.870108e-02 -7.025330e-01 -7.072860e-01
   outer loop
     vertex  2.092819e-01  1.989057e-01  9.781302e-03
     vertex  2.123168e-01  1.784566e-01  3.043071e-02
     vertex  2.117940e-01  1.783980e-01  3.043071e-02
   endloop
 endfacet
 facet normal  1.274524e-01 -6.953204e-01 -7.073086e-01
   outer loop
     vertex  2.092819e-01  1.989057e-01  9.781302e-03
     vertex  2.150879e-01  1.833868e-01  2.608347e-02
     vertex  2.123168e-01  1.784566e-01  3.043071e-02
   endloop
 endfacet
 facet normal  1.561241e-01 -6.870459e-01 -7.096430e-01
   outer loop
     vertex  2.092819e-01  1.989057e-01  9.781302e-03
     vertex  2.124256e-01  1.992459e-01  1.014357e-02
     vertex  2.150879e-01  1.833868e-01  2.608347e-02
   endloop
 endfacet
 facet normal -1.187033e-02 -7.057564e-01 -7.083551e-01
   outer loop
     vertex  2.092819e-01  1.989057e-01  9.781302e-03
     vertex  2.079989e-01  1.912916e-01  1.738898e-02
     vertex  2.079365e-01  2.043824e-01  4.347246e-03
   endloop
 endfacet
 facet normal -4.857805e-01  5.368596e-01 -6.897820e-01
   outer loop
     vertex  7.881488e-02  3.664179e-01  2.043205e-01
     vertex  5.903116e-02  3.541020e-01  2.086677e-01
     vertex  7.886833e-02  3.720518e-01  2.086677e-01
   endloop
 endfacet
 facet normal -4.173134e-01  5.576409e-01 -7.175557e-01
   outer loop
     vertex  7.881488e-02  3.664179e-01  2.043205e-01
     vertex  7.886833e-02  3.720518e-01  2.086677e-01
     vertex  9.852965e-02  3.755776e-01  1.999732e-01
   endloop
 endfacet
 facet normal -6.918858e-01  5.655297e-03 -7.219848e-01
   outer loop
     vertex  6.264262e-02  1.944102e-01  1.467195e-01
     vertex  5.247245e-02  1.988936e-01  1.565008e-01
     vertex  5.265309e-02  2.209938e-01  1.565008e-01
   endloop
 endfacet
 facet normal -6.925582e-01  5.166619e-03 -7.213435e-01
   outer loop
     vertex  6.264262e-02  1.944102e-01  1.467195e-01
     vertex  5.265309e-02  2.209938e-01  1.565008e-01
     vertex  6.627519e-02  2.261282e-01  1.434591e-01
   endloop
 endfacet
 facet normal -7.455536e-01  1.690124e-02 -6.662313e-01
   outer loop
     vertex  6.264262e-02  1.944102e-01  1.467195e-01
     vertex  6.627519e-02  2.261282e-01  1.434591e-01
     vertex  7.173555e-02  2.099507e-01  1.369382e-01
   endloop
 endfacet
 facet normal -7.059116e-01 -3.230807e-02 -7.075628e-01
   outer loop
     vertex  6.264262e-02  1.944102e-01  1.467195e-01
     vertex  7.173555e-02  2.099507e-01  1.369382e-01
     vertex  7.894608e-02  1.952151e-01  1.304173e-01
   endloop
 endfacet
 facet normal -6.197477e-01  3.029412e-01 -7.239747e-01
   outer loop
     vertex  3.921333e-02  3.127879e-01  1.988864e-01
     vertex  2.486035e-02  2.756332e-01  1.956260e-01
     vertex  1.566017e-02  2.879792e-01  2.086677e-01
   endloop
 endfacet
 facet normal -6.794774e-01  3.204045e-01 -6.600389e-01
   outer loop
     vertex  3.921333e-02  3.127879e-01  1.988864e-01
     vertex  3.888278e-02  2.919373e-01  1.891051e-01
     vertex  2.486035e-02  2.756332e-01  1.956260e-01
   endloop
 endfacet
 facet normal -6.017809e-01  3.942256e-01 -6.945833e-01
   outer loop
     vertex  3.921333e-02  3.127879e-01  1.988864e-01
     vertex  2.721095e-02  3.117001e-01  2.086677e-01
     vertex  4.173221e-02  3.338666e-01  2.086677e-01
   endloop
 endfacet
 facet normal -6.186473e-01  3.012476e-01 -7.256207e-01
   outer loop
     vertex  3.921333e-02  3.127879e-01  1.988864e-01
     vertex  1.566017e-02  2.879792e-01  2.086677e-01
     vertex  2.721095e-02  3.117001e-01  2.086677e-01
   endloop
 endfacet
 facet normal -6.172079e-01  3.421550e-01 -7.085085e-01
   outer loop
     vertex  3.921333e-02  3.127879e-01  1.988864e-01
     vertex  5.397172e-02  3.056531e-01  1.825843e-01
     vertex  3.888278e-02  2.919373e-01  1.891051e-01
   endloop
 endfacet
 facet normal -6.966335e-01 -1.646402e-01 -6.982803e-01
   outer loop
     vertex  4.793172e-02  1.660805e-01  1.662821e-01
     vertex  3.440440e-02  1.541764e-01  1.825843e-01
     vertex  3.525357e-02  1.782400e-01  1.760634e-01
   endloop
 endfacet
 facet normal -6.629935e-01 -9.381407e-02 -7.427237e-01
   outer loop
     vertex  4.793172e-02  1.660805e-01  1.662821e-01
     vertex  3.525357e-02  1.782400e-01  1.760634e-01
     vertex  3.928086e-02  2.014042e-01  1.695425e-01
   endloop
 endfacet
 facet normal -7.237421e-01 -1.144334e-01 -6.805163e-01
   outer loop
     vertex  4.793172e-02  1.660805e-01  1.662821e-01
     vertex  3.928086e-02  2.014042e-01  1.695425e-01
     vertex  5.539554e-02  1.770428e-01  1.565008e-01
   endloop
 endfacet
 facet normal -6.682436e-01 -1.874065e-01 -7.199509e-01
   outer loop
     vertex  4.793172e-02  1.660805e-01  1.662821e-01
     vertex  5.539554e-02  1.770428e-01  1.565008e-01
     vertex  6.130254e-02  1.559800e-01  1.565008e-01
   endloop
 endfacet
 facet normal  5.675297e-01 -4.224284e-01 -7.067279e-01
   outer loop
     vertex  2.116008e-01  2.072437e-01  3.260435e-03
     vertex  2.253211e-01  1.984032e-01  1.956260e-02
     vertex  2.149668e-01  2.026748e-01  8.694491e-03
   endloop
 endfacet
 facet normal  6.048250e-01 -3.657679e-01 -7.073900e-01
   outer loop
     vertex  2.116008e-01  2.072437e-01  3.260435e-03
     vertex  2.254924e-01  1.986865e-01  1.956260e-02
     vertex  2.253211e-01  1.984032e-01  1.956260e-02
   endloop
 endfacet
 facet normal  6.427443e-01 -2.983080e-01 -7.056147e-01
   outer loop
     vertex  2.116008e-01  2.072437e-01  3.260435e-03
     vertex  2.208981e-01  2.041395e-01  1.304174e-02
     vertex  2.256582e-01  1.989713e-01  1.956260e-02
   endloop
 endfacet
 facet normal  6.110008e-01 -3.555531e-01 -7.072906e-01
   outer loop
     vertex  2.116008e-01  2.072437e-01  3.260435e-03
     vertex  2.256582e-01  1.989713e-01  1.956260e-02
     vertex  2.254924e-01  1.986865e-01  1.956260e-02
   endloop
 endfacet
 facet normal  6.507654e-01 -2.776642e-01 -7.066873e-01
   outer loop
     vertex  2.127445e-01  2.071583e-01  4.347246e-03
     vertex  2.116008e-01  2.072437e-01  3.260435e-03
     vertex  2.086677e-01  2.086677e-01  1.605000e-09
   endloop
 endfacet
 facet normal  6.507654e-01 -2.776642e-01 -7.066873e-01
   outer loop
     vertex  2.127445e-01  2.071583e-01  4.347246e-03
     vertex  2.208981e-01  2.041395e-01  1.304174e-02
     vertex  2.116008e-01  2.072437e-01  3.260435e-03
   endloop
 endfacet
 facet normal  6.847374e-01 -1.724988e-01 -7.080811e-01
   outer loop
     vertex  2.127445e-01  2.071583e-01  4.347246e-03
     vertex  2.150947e-01  2.075648e-01  6.520868e-03
     vertex  2.212694e-01  2.053086e-01  1.304174e-02
   endloop
 endfacet
 facet normal  6.650597e-01 -2.402319e-01 -7.070956e-01
   outer loop
     vertex  2.127445e-01  2.071583e-01  4.347246e-03
     vertex  2.209686e-01  2.043348e-01  1.304174e-02
     vertex  2.208981e-01  2.041395e-01  1.304174e-02
   endloop
 endfacet
 facet normal  6.687462e-01 -2.296325e-01 -7.071404e-01
   outer loop
     vertex  2.127445e-01  2.071583e-01  4.347246e-03
     vertex  2.210357e-01  2.045300e-01  1.304174e-02
     vertex  2.209686e-01  2.043348e-01  1.304174e-02
   endloop
 endfacet
 facet normal  6.738823e-01 -2.137612e-01 -7.072403e-01
   outer loop
     vertex  2.127445e-01  2.071583e-01  4.347246e-03
     vertex  2.211593e-01  2.049199e-01  1.304174e-02
     vertex  2.210357e-01  2.045300e-01  1.304174e-02
   endloop
 endfacet
 facet normal  6.843814e-01 -1.837276e-01 -7.055964e-01
   outer loop
     vertex  2.127445e-01  2.071583e-01  4.347246e-03
     vertex  2.086677e-01  2.086677e-01  1.605000e-09
     vertex  2.150947e-01  2.075648e-01  6.520868e-03
   endloop
 endfacet
 facet normal  6.798819e-01 -1.925597e-01 -7.075884e-01
   outer loop
     vertex  2.127445e-01  2.071583e-01  4.347246e-03
     vertex  2.212694e-01  2.053086e-01  1.304174e-02
     vertex  2.211593e-01  2.049199e-01  1.304174e-02
   endloop
 endfacet
 facet normal -4.955868e-01 -5.233739e-01 -6.931619e-01
   outer loop
     vertex  8.354847e-02  9.914648e-02  1.662821e-01
     vertex  9.367015e-02  1.025166e-01  1.565008e-01
     vertex  1.089417e-01  8.805586e-02  1.565008e-01
   endloop
 endfacet
 facet normal -4.960063e-01 -5.270861e-01 -6.900420e-01
   outer loop
     vertex  8.354847e-02  9.914648e-02  1.662821e-01
     vertex  1.089417e-01  8.805586e-02  1.565008e-01
     vertex  1.060269e-01  7.372502e-02  1.695425e-01
   endloop
 endfacet
 facet normal -5.120083e-01 -4.912404e-01 -7.046491e-01
   outer loop
     vertex  8.354847e-02  9.914648e-02  1.662821e-01
     vertex  8.817310e-02  8.029577e-02  1.760634e-01
     vertex  7.004845e-02  8.983294e-02  1.825843e-01
   endloop
 endfacet
 facet normal -4.530514e-01 -4.956400e-01 -7.410030e-01
   outer loop
     vertex  8.354847e-02  9.914648e-02  1.662821e-01
     vertex  1.060269e-01  7.372502e-02  1.695425e-01
     vertex  8.817310e-02  8.029577e-02  1.760634e-01
   endloop
 endfacet
 facet normal -6.941163e-01 -1.658848e-01 -7.004890e-01
   outer loop
     vertex  1.840308e-02  1.507439e-01  1.988864e-01
     vertex  9.414397e-03  1.745875e-01  2.021469e-01
     vertex  2.296296e-02  1.729678e-01  1.891051e-01
   endloop
 endfacet
 facet normal -6.975664e-01 -2.397129e-01 -6.752325e-01
   outer loop
     vertex  1.156909e-02  1.508379e-01  2.054073e-01
     vertex  1.643073e-02  1.275064e-01  2.086677e-01
     vertex  7.148446e-03  1.545180e-01  2.086677e-01
   endloop
 endfacet
 facet normal -6.826147e-01 -1.598262e-01 -7.130868e-01
   outer loop
     vertex  1.156909e-02  1.508379e-01  2.054073e-01
     vertex  9.414397e-03  1.745875e-01  2.021469e-01
     vertex  1.840308e-02  1.507439e-01  1.988864e-01
   endloop
 endfacet
 facet normal -6.688553e-01 -1.603364e-01 -7.258959e-01
   outer loop
     vertex  1.156909e-02  1.508379e-01  2.054073e-01
     vertex  7.148446e-03  1.545180e-01  2.086677e-01
     vertex  9.414397e-03  1.745875e-01  2.021469e-01
   endloop
 endfacet
 facet normal  1.552801e-01 -6.917245e-01 -7.052697e-01
   outer loop
     vertex  2.392494e-01  9.872669e-02  1.141152e-01
     vertex  2.447331e-01  8.333630e-02  1.304173e-01
     vertex  2.289647e-01  8.644512e-02  1.238965e-01
   endloop
 endfacet
 facet normal  2.419307e-01 -6.636116e-01 -7.078766e-01
   outer loop
     vertex  2.392494e-01  9.872669e-02  1.141152e-01
     vertex  2.617271e-01  8.953173e-02  1.304173e-01
     vertex  2.447331e-01  8.333630e-02  1.304173e-01
   endloop
 endfacet
 facet normal  1.186758e-01 -7.108646e-01 -6.932443e-01
   outer loop
     vertex  2.392494e-01  9.872669e-02  1.141152e-01
     vertex  2.146878e-01  9.144662e-02  1.173756e-01
     vertex  2.331543e-01  1.072480e-01  1.043339e-01
   endloop
 endfacet
 facet normal  1.010440e-01 -6.701997e-01 -7.352703e-01
   outer loop
     vertex  2.392494e-01  9.872669e-02  1.141152e-01
     vertex  2.289647e-01  8.644512e-02  1.238965e-01
     vertex  2.146878e-01  9.144662e-02  1.173756e-01
   endloop
 endfacet
 facet normal  5.572440e-01 -4.564777e-01 -6.936189e-01
   outer loop
     vertex  2.887364e-01  1.273579e-01  1.141152e-01
     vertex  2.842566e-01  1.367519e-01  1.043339e-01
     vertex  3.073812e-01  1.451643e-01  1.173756e-01
   endloop
 endfacet
 facet normal  5.228224e-01 -4.783835e-01 -7.055537e-01
   outer loop
     vertex  2.887364e-01  1.273579e-01  1.141152e-01
     vertex  3.046475e-01  1.303210e-01  1.238965e-01
     vertex  2.995389e-01  1.151203e-01  1.304173e-01
   endloop
 endfacet
 facet normal  5.306468e-01 -4.209252e-01 -7.356874e-01
   outer loop
     vertex  2.887364e-01  1.273579e-01  1.141152e-01
     vertex  3.073812e-01  1.451643e-01  1.173756e-01
     vertex  3.046475e-01  1.303210e-01  1.238965e-01
   endloop
 endfacet
 facet normal  2.540042e-01 -6.659101e-01 -7.014596e-01
   outer loop
     vertex  2.519935e-01  6.849109e-02  1.467195e-01
     vertex  2.634442e-01  8.316231e-02  1.369382e-01
     vertex  2.716665e-01  7.256067e-02  1.499799e-01
   endloop
 endfacet
 facet normal  2.412684e-01 -6.616322e-01 -7.099524e-01
   outer loop
     vertex  2.519935e-01  6.849109e-02  1.467195e-01
     vertex  2.447331e-01  8.333630e-02  1.304173e-01
     vertex  2.634442e-01  8.316231e-02  1.369382e-01
   endloop
 endfacet
 facet normal  2.533473e-01 -6.526494e-01 -7.140475e-01
   outer loop
     vertex  2.519935e-01  6.849109e-02  1.467195e-01
     vertex  2.716665e-01  7.256067e-02  1.499799e-01
     vertex  2.584479e-01  6.029513e-02  1.565008e-01
   endloop
 endfacet
 facet normal  1.652694e-01 -6.508775e-01 -7.409754e-01
   outer loop
     vertex  2.308869e-01  4.387682e-02  1.662821e-01
     vertex  2.656914e-01  4.900256e-02  1.695425e-01
     vertex  2.468362e-01  3.679137e-02  1.760634e-01
   endloop
 endfacet
 facet normal  1.159436e-01 -7.049511e-01 -6.997150e-01
   outer loop
     vertex  2.308869e-01  4.387682e-02  1.662821e-01
     vertex  2.468362e-01  3.679137e-02  1.760634e-01
     vertex  2.262336e-01  2.693041e-02  1.825843e-01
   endloop
 endfacet
 facet normal  8.321374e-02 -6.892465e-01 -7.197324e-01
   outer loop
     vertex  2.308869e-01  4.387682e-02  1.662821e-01
     vertex  2.166317e-01  5.236970e-02  1.565008e-01
     vertex  2.381306e-01  5.496530e-02  1.565008e-01
   endloop
 endfacet
 facet normal  1.686964e-01 -7.117214e-01 -6.819048e-01
   outer loop
     vertex  2.308869e-01  4.387682e-02  1.662821e-01
     vertex  2.381306e-01  5.496530e-02  1.565008e-01
     vertex  2.656914e-01  4.900256e-02  1.695425e-01
   endloop
 endfacet
 facet normal  9.970953e-02 -7.118341e-01 -6.952340e-01
   outer loop
     vertex  2.244173e-01  2.349159e-02  1.858447e-01
     vertex  2.262336e-01  2.693041e-02  1.825843e-01
     vertex  2.467288e-01  2.343246e-02  1.891051e-01
   endloop
 endfacet
 facet normal  2.306034e-02 -6.942382e-01 -7.193758e-01
   outer loop
     vertex  2.244173e-01  2.349159e-02  1.858447e-01
     vertex  2.032007e-01  2.616533e-02  1.825843e-01
     vertex  2.262336e-01  2.693041e-02  1.825843e-01
   endloop
 endfacet
 facet normal  4.623374e-01 -5.344787e-01 -7.075144e-01
   outer loop
     vertex  3.102949e-01  1.028446e-01  1.467195e-01
     vertex  2.923880e-01  1.003027e-01  1.369382e-01
     vertex  2.995389e-01  1.151203e-01  1.304173e-01
   endloop
 endfacet
 facet normal  4.237567e-01 -5.463500e-01 -7.224486e-01
   outer loop
     vertex  3.102949e-01  1.028446e-01  1.467195e-01
     vertex  2.957787e-01  7.865165e-02  1.565008e-01
     vertex  2.828966e-01  8.590545e-02  1.434591e-01
   endloop
 endfacet
 facet normal  4.482196e-01 -5.968887e-01 -6.654495e-01
   outer loop
     vertex  3.102949e-01  1.028446e-01  1.467195e-01
     vertex  2.828966e-01  8.590545e-02  1.434591e-01
     vertex  2.923880e-01  1.003027e-01  1.369382e-01
   endloop
 endfacet
 facet normal  5.285611e-01 -4.729952e-01 -7.049104e-01
   outer loop
     vertex  3.102949e-01  1.028446e-01  1.467195e-01
     vertex  2.995389e-01  1.151203e-01  1.304173e-01
     vertex  3.116931e-01  1.287024e-01  1.304173e-01
   endloop
 endfacet
 facet normal  4.249888e-01 -5.466918e-01 -7.214656e-01
   outer loop
     vertex  3.102949e-01  1.028446e-01  1.467195e-01
     vertex  3.131833e-01  9.218169e-02  1.565008e-01
     vertex  2.957787e-01  7.865165e-02  1.565008e-01
   endloop
 endfacet
 facet normal  1.023036e-01 -6.940076e-01 -7.126622e-01
   outer loop
     vertex  2.301634e-01  1.094634e-02  1.988864e-01
     vertex  2.244173e-01  2.349159e-02  1.858447e-01
     vertex  2.467288e-01  2.343246e-02  1.891051e-01
   endloop
 endfacet
 facet normal  4.851797e-01 -4.625378e-01 -7.420643e-01
   outer loop
     vertex  3.416364e-01  1.088225e-01  1.662821e-01
     vertex  3.400955e-01  9.151375e-02  1.760634e-01
     vertex  3.194789e-01  8.034958e-02  1.695425e-01
   endloop
 endfacet
 facet normal  5.382008e-01 -4.967876e-01 -6.808392e-01
   outer loop
     vertex  3.416364e-01  1.088225e-01  1.662821e-01
     vertex  3.194789e-01  8.034958e-02  1.695425e-01
     vertex  3.284043e-01  1.078925e-01  1.565008e-01
   endloop
 endfacet
 facet normal  5.607754e-01 -4.093598e-01 -7.196913e-01
   outer loop
     vertex  3.416364e-01  1.088225e-01  1.662821e-01
     vertex  3.284043e-01  1.078925e-01  1.565008e-01
     vertex  3.411374e-01  1.253353e-01  1.565008e-01
   endloop
 endfacet
 facet normal  5.590700e-01 -4.404731e-01 -7.024416e-01
   outer loop
     vertex  3.533241e-01  1.083040e-01  1.760634e-01
     vertex  3.593322e-01  1.055308e-01  1.825843e-01
     vertex  3.400955e-01  9.151375e-02  1.760634e-01
   endloop
 endfacet
 facet normal  5.634308e-01 -4.439088e-01 -6.967716e-01
   outer loop
     vertex  3.533241e-01  1.083040e-01  1.760634e-01
     vertex  3.400955e-01  9.151375e-02  1.760634e-01
     vertex  3.416364e-01  1.088225e-01  1.662821e-01
   endloop
 endfacet
 facet normal  6.013385e-01 -3.665558e-01 -7.099499e-01
   outer loop
     vertex  3.533241e-01  1.083040e-01  1.760634e-01
     vertex  3.641557e-01  1.260735e-01  1.760634e-01
     vertex  3.593322e-01  1.055308e-01  1.825843e-01
   endloop
 endfacet
 facet normal  5.591564e-01 -4.315067e-01 -7.079167e-01
   outer loop
     vertex  3.721131e-01  9.534770e-02  1.988864e-01
     vertex  3.518558e-01  8.514474e-02  1.891051e-01
     vertex  3.593322e-01  1.055308e-01  1.825843e-01
   endloop
 endfacet
 facet normal  6.059649e-01 -3.894658e-01 -6.936303e-01
   outer loop
     vertex  3.721131e-01  9.534770e-02  1.988864e-01
     vertex  3.914802e-01  1.080605e-01  2.086677e-01
     vertex  3.761159e-01  8.415540e-02  2.086677e-01
   endloop
 endfacet
 facet normal  9.298238e-02  7.241521e-01 -6.833432e-01
   outer loop
     vertex  2.081677e-01  2.107831e-01  2.173624e-03
     vertex  2.101950e-01  2.115483e-01  3.260435e-03
     vertex  2.086677e-01  2.086677e-01  1.605000e-09
   endloop
 endfacet
 facet normal  1.305531e-01  6.794883e-01 -7.219775e-01
   outer loop
     vertex  2.081677e-01  2.107831e-01  2.173624e-03
     vertex  2.097491e-01  2.150983e-01  6.520868e-03
     vertex  2.101950e-01  2.115483e-01  3.260435e-03
   endloop
 endfacet
 facet normal  1.600339e-02  7.067057e-01 -7.073266e-01
   outer loop
     vertex  2.081677e-01  2.107831e-01  2.173624e-03
     vertex  2.076568e-01  2.227601e-01  1.412855e-02
     vertex  2.097491e-01  2.150983e-01  6.520868e-03
   endloop
 endfacet
 facet normal -1.308366e-01  6.975799e-01 -7.044601e-01
   outer loop
     vertex  2.081677e-01  2.107831e-01  2.173624e-03
     vertex  2.061509e-01  2.169900e-01  8.694491e-03
     vertex  2.076568e-01  2.227601e-01  1.412855e-02
   endloop
 endfacet
 facet normal -3.013761e-01  6.442010e-01 -7.029776e-01
   outer loop
     vertex  2.078335e-01  2.100683e-01  1.630218e-03
     vertex  2.051019e-01  2.141273e-01  6.520868e-03
     vertex  2.061509e-01  2.169900e-01  8.694491e-03
   endloop
 endfacet
 facet normal -2.668744e-01  6.592551e-01 -7.029657e-01
   outer loop
     vertex  2.078335e-01  2.100683e-01  1.630218e-03
     vertex  2.081677e-01  2.107831e-01  2.173624e-03
     vertex  2.086677e-01  2.086677e-01  1.605000e-09
   endloop
 endfacet
 facet normal -2.588656e-01  6.583934e-01 -7.067579e-01
   outer loop
     vertex  2.078335e-01  2.100683e-01  1.630218e-03
     vertex  2.061509e-01  2.169900e-01  8.694491e-03
     vertex  2.081677e-01  2.107831e-01  2.173624e-03
   endloop
 endfacet
 facet normal  3.925678e-01  5.792145e-01 -7.144236e-01
   outer loop
     vertex  2.748633e-01  2.955478e-01  1.092245e-01
     vertex  2.732682e-01  2.905966e-01  1.043339e-01
     vertex  2.608347e-01  2.990235e-01  1.043339e-01
   endloop
 endfacet
 facet normal  4.839520e-01  5.310919e-01 -6.955084e-01
   outer loop
     vertex  2.748633e-01  2.955478e-01  1.092245e-01
     vertex  2.842566e-01  2.805836e-01  1.043339e-01
     vertex  2.732682e-01  2.905966e-01  1.043339e-01
   endloop
 endfacet
 facet normal  4.624826e-01  5.240453e-01 -7.151828e-01
   outer loop
     vertex  2.748633e-01  2.955478e-01  1.092245e-01
     vertex  2.887231e-01  2.899906e-01  1.141152e-01
     vertex  2.842566e-01  2.805836e-01  1.043339e-01
   endloop
 endfacet
 facet normal -4.706282e-01  5.316955e-01 -7.041371e-01
   outer loop
     vertex  2.053222e-01  2.114436e-01  4.347246e-03
     vertex  2.051019e-01  2.141273e-01  6.520868e-03
     vertex  2.078335e-01  2.100683e-01  1.630218e-03
   endloop
 endfacet
 facet normal -4.590588e-01  5.361096e-01 -7.084148e-01
   outer loop
     vertex  2.053222e-01  2.114436e-01  4.347246e-03
     vertex  2.002253e-01  2.171321e-01  1.195492e-02
     vertex  2.051019e-01  2.141273e-01  6.520868e-03
   endloop
 endfacet
 facet normal -5.127131e-01  4.866063e-01 -7.073469e-01
   outer loop
     vertex  2.053222e-01  2.114436e-01  4.347246e-03
     vertex  2.013422e-01  2.151493e-01  9.781302e-03
     vertex  2.002253e-01  2.171321e-01  1.195492e-02
   endloop
 endfacet
 facet normal -5.653036e-01  4.274245e-01 -7.055070e-01
   outer loop
     vertex  2.053222e-01  2.114436e-01  4.347246e-03
     vertex  1.939540e-01  2.179350e-01  1.738898e-02
     vertex  2.013422e-01  2.151493e-01  9.781302e-03
   endloop
 endfacet
 facet normal  4.631827e-01  5.301934e-01 -7.101808e-01
   outer loop
     vertex  2.847673e-01  3.043646e-01  1.222663e-01
     vertex  2.887231e-01  2.899906e-01  1.141152e-01
     vertex  2.748633e-01  2.955478e-01  1.092245e-01
   endloop
 endfacet
 facet normal  4.571254e-01  5.789931e-01 -6.751321e-01
   outer loop
     vertex  2.847673e-01  3.043646e-01  1.222663e-01
     vertex  2.785230e-01  3.187991e-01  1.304173e-01
     vertex  2.995851e-01  3.021703e-01  1.304173e-01
   endloop
 endfacet
 facet normal  5.142496e-01  5.257629e-01 -6.775845e-01
   outer loop
     vertex  2.847673e-01  3.043646e-01  1.222663e-01
     vertex  3.046224e-01  2.870453e-01  1.238965e-01
     vertex  2.887231e-01  2.899906e-01  1.141152e-01
   endloop
 endfacet
 facet normal  4.767763e-01  4.770891e-01 -7.382888e-01
   outer loop
     vertex  2.847673e-01  3.043646e-01  1.222663e-01
     vertex  2.995851e-01  3.021703e-01  1.304173e-01
     vertex  3.046224e-01  2.870453e-01  1.238965e-01
   endloop
 endfacet
 facet normal  2.181212e-01  6.851572e-01 -6.949696e-01
   outer loop
     vertex  2.508846e-01  3.094037e-01  1.092245e-01
     vertex  2.473199e-01  3.055778e-01  1.043339e-01
     vertex  2.331543e-01  3.100875e-01  1.043339e-01
   endloop
 endfacet
 facet normal  2.229099e-01  6.620262e-01 -7.155644e-01
   outer loop
     vertex  2.508846e-01  3.094037e-01  1.092245e-01
     vertex  2.331543e-01  3.100875e-01  1.043339e-01
     vertex  2.392279e-01  3.186148e-01  1.141152e-01
   endloop
 endfacet
 facet normal  3.051923e-01  6.292959e-01 -7.147338e-01
   outer loop
     vertex  2.508846e-01  3.094037e-01  1.092245e-01
     vertex  2.608347e-01  2.990235e-01  1.043339e-01
     vertex  2.473199e-01  3.055778e-01  1.043339e-01
   endloop
 endfacet
 facet normal  6.278540e-01  3.452351e-01 -6.975759e-01
   outer loop
     vertex  3.377708e-01  2.881538e-01  1.516102e-01
     vertex  3.407700e-01  2.925813e-01  1.565008e-01
     vertex  3.502909e-01  2.752663e-01  1.565008e-01
   endloop
 endfacet
 facet normal  5.868133e-01  4.192651e-01 -6.927243e-01
   outer loop
     vertex  3.377708e-01  2.881538e-01  1.516102e-01
     vertex  3.239017e-01  2.994848e-01  1.467195e-01
     vertex  3.279474e-01  3.099834e-01  1.565008e-01
   endloop
 endfacet
 facet normal  5.605824e-01  4.130618e-01 -7.177237e-01
   outer loop
     vertex  3.377708e-01  2.881538e-01  1.516102e-01
     vertex  3.279474e-01  3.099834e-01  1.565008e-01
     vertex  3.407700e-01  2.925813e-01  1.565008e-01
   endloop
 endfacet
 facet normal  6.190574e-01  3.311765e-01 -7.121026e-01
   outer loop
     vertex  3.377708e-01  2.881538e-01  1.516102e-01
     vertex  3.502909e-01  2.752663e-01  1.565008e-01
     vertex  3.289532e-01  2.590671e-01  1.304173e-01
   endloop
 endfacet
 facet normal  6.386159e-01  3.172282e-01 -7.010963e-01
   outer loop
     vertex  3.377708e-01  2.881538e-01  1.516102e-01
     vertex  3.289532e-01  2.590671e-01  1.304173e-01
     vertex  3.215012e-01  2.740687e-01  1.304173e-01
   endloop
 endfacet
 facet normal  5.782277e-01  4.010945e-01 -7.104759e-01
   outer loop
     vertex  3.377708e-01  2.881538e-01  1.516102e-01
     vertex  3.215012e-01  2.740687e-01  1.304173e-01
     vertex  3.239017e-01  2.994848e-01  1.467195e-01
   endloop
 endfacet
 facet normal -5.380731e-01  4.389969e-01 -7.195548e-01
   outer loop
     vertex  2.058523e-01  2.103121e-01  3.260435e-03
     vertex  2.053222e-01  2.114436e-01  4.347246e-03
     vertex  2.078335e-01  2.100683e-01  1.630218e-03
   endloop
 endfacet
 facet normal -5.778040e-01  4.081344e-01 -7.068018e-01
   outer loop
     vertex  2.058523e-01  2.103121e-01  3.260435e-03
     vertex  1.939540e-01  2.179350e-01  1.738898e-02
     vertex  2.053222e-01  2.114436e-01  4.347246e-03
   endloop
 endfacet
 facet normal -6.150685e-01  3.497257e-01 -7.066702e-01
   outer loop
     vertex  2.014296e-01  2.124161e-01  8.151085e-03
     vertex  1.939540e-01  2.179350e-01  1.738898e-02
     vertex  2.058523e-01  2.103121e-01  3.260435e-03
   endloop
 endfacet
 facet normal -6.259763e-01  3.326868e-01 -7.053178e-01
   outer loop
     vertex  2.014296e-01  2.124161e-01  8.151085e-03
     vertex  1.967939e-01  2.140621e-01  1.304174e-02
     vertex  1.939540e-01  2.179350e-01  1.738898e-02
   endloop
 endfacet
 facet normal -6.690751e-01  2.309810e-01 -7.063896e-01
   outer loop
     vertex  2.022979e-01  2.100632e-01  6.520868e-03
     vertex  1.886516e-01  2.137425e-01  2.064941e-02
     vertex  1.967939e-01  2.140621e-01  1.304174e-02
   endloop
 endfacet
 facet normal -6.882108e-01  1.625804e-01 -7.070597e-01
   outer loop
     vertex  2.022979e-01  2.100632e-01  6.520868e-03
     vertex  1.895583e-01  2.128541e-01  1.956260e-02
     vertex  1.886516e-01  2.137425e-01  2.064941e-02
   endloop
 endfacet
 facet normal -7.006594e-01  8.870481e-02 -7.079604e-01
   outer loop
     vertex  2.022979e-01  2.100632e-01  6.520868e-03
     vertex  1.978279e-01  2.094511e-01  1.086811e-02
     vertex  1.924608e-01  2.104273e-01  1.630217e-02
   endloop
 endfacet
 facet normal -6.983633e-01  1.140684e-01 -7.065955e-01
   outer loop
     vertex  2.022979e-01  2.100632e-01  6.520868e-03
     vertex  1.924608e-01  2.104273e-01  1.630217e-02
     vertex  1.895583e-01  2.128541e-01  1.956260e-02
   endloop
 endfacet
 facet normal  6.841960e-01  2.349605e-01 -6.904125e-01
   outer loop
     vertex  3.982585e-01  2.833701e-01  2.037771e-01
     vertex  4.012956e-01  2.888970e-01  2.086677e-01
     vertex  4.099451e-01  2.637099e-01  2.086677e-01
   endloop
 endfacet
 facet normal  6.164093e-01  3.040247e-01 -7.263667e-01
   outer loop
     vertex  3.982585e-01  2.833701e-01  2.037771e-01
     vertex  3.895700e-01  3.126706e-01  2.086677e-01
     vertex  4.012956e-01  2.888970e-01  2.086677e-01
   endloop
 endfacet
 facet normal  6.544544e-01  3.092319e-01 -6.899747e-01
   outer loop
     vertex  3.982585e-01  2.833701e-01  2.037771e-01
     vertex  3.843385e-01  3.019179e-01  1.988864e-01
     vertex  3.895700e-01  3.126706e-01  2.086677e-01
   endloop
 endfacet
 facet normal -7.095192e-01 -1.408089e-02 -7.045454e-01
   outer loop
     vertex  2.037842e-01  2.084032e-01  4.890652e-03
     vertex  1.989436e-01  2.076120e-01  9.781302e-03
     vertex  1.978279e-01  2.094511e-01  1.086811e-02
   endloop
 endfacet
 facet normal  1.806096e-01  6.940025e-01 -6.969510e-01
   outer loop
     vertex  2.551305e-01  3.529828e-01  1.516102e-01
     vertex  2.374012e-01  3.625082e-01  1.565008e-01
     vertex  2.585724e-01  3.569985e-01  1.565008e-01
   endloop
 endfacet
 facet normal  2.681946e-01  6.658486e-01 -6.962164e-01
   outer loop
     vertex  2.551305e-01  3.529828e-01  1.516102e-01
     vertex  2.789205e-01  3.485143e-01  1.565008e-01
     vertex  2.711660e-01  3.414103e-01  1.467195e-01
   endloop
 endfacet
 facet normal  2.682490e-01  6.433503e-01 -7.170376e-01
   outer loop
     vertex  2.551305e-01  3.529828e-01  1.516102e-01
     vertex  2.585724e-01  3.569985e-01  1.565008e-01
     vertex  2.789205e-01  3.485143e-01  1.565008e-01
   endloop
 endfacet
 facet normal -6.974153e-01 -1.102879e-01 -7.081303e-01
   outer loop
     vertex  2.034043e-01  2.073167e-01  5.434057e-03
     vertex  1.989436e-01  2.076120e-01  9.781302e-03
     vertex  2.037842e-01  2.084032e-01  4.890652e-03
   endloop
 endfacet
 facet normal -6.791516e-01 -2.010711e-01 -7.059203e-01
   outer loop
     vertex  2.034043e-01  2.073167e-01  5.434057e-03
     vertex  1.944117e-01  2.033505e-01  1.521536e-02
     vertex  1.895583e-01  2.044814e-01  1.956260e-02
   endloop
 endfacet
 facet normal -6.969761e-01 -1.196316e-01 -7.070450e-01
   outer loop
     vertex  2.034043e-01  2.073167e-01  5.434057e-03
     vertex  1.895583e-01  2.044814e-01  1.956260e-02
     vertex  1.989436e-01  2.076120e-01  9.781302e-03
   endloop
 endfacet
 facet normal  3.316223e-01  6.421050e-01 -6.911786e-01
   outer loop
     vertex  2.998651e-01  3.835765e-01  1.972562e-01
     vertex  2.913775e-01  4.002436e-01  2.086677e-01
     vertex  3.170053e-01  3.870079e-01  2.086677e-01
   endloop
 endfacet
 facet normal  3.552217e-01  6.024953e-01 -7.147146e-01
   outer loop
     vertex  2.998651e-01  3.835765e-01  1.972562e-01
     vertex  3.170053e-01  3.870079e-01  2.086677e-01
     vertex  3.172501e-01  3.713927e-01  1.956260e-01
   endloop
 endfacet
 facet normal  3.594428e-01  6.076483e-01 -7.082121e-01
   outer loop
     vertex  2.998651e-01  3.835765e-01  1.972562e-01
     vertex  3.172501e-01  3.713927e-01  1.956260e-01
     vertex  2.954991e-01  3.766590e-01  1.891051e-01
   endloop
 endfacet
 facet normal  2.879924e-01  6.365206e-01 -7.154732e-01
   outer loop
     vertex  2.998651e-01  3.835765e-01  1.972562e-01
     vertex  2.811563e-01  3.938736e-01  1.988864e-01
     vertex  2.913775e-01  4.002436e-01  2.086677e-01
   endloop
 endfacet
 facet normal -1.497458e-02  6.972122e-01 -7.167084e-01
   outer loop
     vertex  1.967147e-01  3.696159e-01  1.613915e-01
     vertex  2.159110e-01  3.650008e-01  1.565008e-01
     vertex  1.947189e-01  3.645457e-01  1.565008e-01
   endloop
 endfacet
 facet normal -9.704084e-02  6.908892e-01 -7.164183e-01
   outer loop
     vertex  1.967147e-01  3.696159e-01  1.613915e-01
     vertex  1.748801e-01  3.614777e-01  1.565008e-01
     vertex  1.772220e-01  3.719494e-01  1.662821e-01
   endloop
 endfacet
 facet normal -1.101270e-01  7.121361e-01 -6.933500e-01
   outer loop
     vertex  1.967147e-01  3.696159e-01  1.613915e-01
     vertex  1.947189e-01  3.645457e-01  1.565008e-01
     vertex  1.748801e-01  3.614777e-01  1.565008e-01
   endloop
 endfacet
 facet normal  2.285179e-01  6.486509e-01 -7.259694e-01
   outer loop
     vertex  2.594729e-01  4.060099e-01  2.037771e-01
     vertex  2.643018e-01  4.097823e-01  2.086677e-01
     vertex  2.913775e-01  4.002436e-01  2.086677e-01
   endloop
 endfacet
 facet normal  1.447709e-01  7.091993e-01 -6.899838e-01
   outer loop
     vertex  2.594729e-01  4.060099e-01  2.037771e-01
     vertex  2.363084e-01  4.154967e-01  2.086677e-01
     vertex  2.643018e-01  4.097823e-01  2.086677e-01
   endloop
 endfacet
 facet normal  2.298637e-01  6.880539e-01 -6.882910e-01
   outer loop
     vertex  2.594729e-01  4.060099e-01  2.037771e-01
     vertex  2.913775e-01  4.002436e-01  2.086677e-01
     vertex  2.811563e-01  3.938736e-01  1.988864e-01
   endloop
 endfacet
 facet normal -7.022107e-01  1.536334e-01 -6.951956e-01
   outer loop
     vertex  1.003237e-01  2.225083e-01  1.092245e-01
     vertex  1.085924e-01  2.381717e-01  1.043339e-01
     vertex  1.054150e-01  2.236490e-01  1.043339e-01
   endloop
 endfacet
 facet normal -6.849082e-01  1.381894e-01 -7.154050e-01
   outer loop
     vertex  1.003237e-01  2.225083e-01  1.092245e-01
     vertex  9.818813e-02  2.372427e-01  1.141152e-01
     vertex  1.085924e-01  2.381717e-01  1.043339e-01
   endloop
 endfacet
 facet normal -6.977140e-01  5.035317e-02 -7.146046e-01
   outer loop
     vertex  1.003237e-01  2.225083e-01  1.092245e-01
     vertex  1.054150e-01  2.236490e-01  1.043339e-01
     vertex  1.043339e-01  2.086677e-01  1.043339e-01
   endloop
 endfacet
 facet normal -7.126913e-01  1.813240e-01 -6.776376e-01
   outer loop
     vertex  8.771452e-02  2.265383e-01  1.222663e-01
     vertex  9.274046e-02  2.523850e-01  1.238965e-01
     vertex  9.818813e-02  2.372427e-01  1.141152e-01
   endloop
 endfacet
 facet normal -6.910453e-01  1.355047e-01 -7.099964e-01
   outer loop
     vertex  8.771452e-02  2.265383e-01  1.222663e-01
     vertex  9.818813e-02  2.372427e-01  1.141152e-01
     vertex  1.003237e-01  2.225083e-01  1.092245e-01
   endloop
 endfacet
 facet normal -7.301987e-01  1.047547e-01 -6.751565e-01
   outer loop
     vertex  8.771452e-02  2.265383e-01  1.222663e-01
     vertex  7.835180e-02  2.138096e-01  1.304173e-01
     vertex  8.216212e-02  2.403696e-01  1.304173e-01
   endloop
 endfacet
 facet normal -6.519303e-01  1.733290e-01 -7.382032e-01
   outer loop
     vertex  8.771452e-02  2.265383e-01  1.222663e-01
     vertex  8.216212e-02  2.403696e-01  1.304173e-01
     vertex  9.274046e-02  2.523850e-01  1.238965e-01
   endloop
 endfacet
 facet normal -2.049631e-01 -6.789690e-01 -7.049761e-01
   outer loop
     vertex  2.042241e-01  1.926067e-01  1.666444e-02
     vertex  2.002989e-01  1.689659e-01  4.057428e-02
     vertex  1.982755e-01  1.816134e-01  2.898163e-02
   endloop
 endfacet
 facet normal -1.073371e-01 -6.981222e-01 -7.078871e-01
   outer loop
     vertex  2.042241e-01  1.926067e-01  1.666444e-02
     vertex  2.079989e-01  1.912916e-01  1.738898e-02
     vertex  2.002989e-01  1.689659e-01  4.057428e-02
   endloop
 endfacet
 facet normal -2.309351e-01 -6.675690e-01 -7.078281e-01
   outer loop
     vertex  2.042241e-01  1.926067e-01  1.666444e-02
     vertex  2.034456e-01  1.967172e-01  1.304174e-02
     vertex  2.079365e-01  2.043824e-01  4.347246e-03
   endloop
 endfacet
 facet normal -1.093811e-01 -7.018047e-01 -7.039219e-01
   outer loop
     vertex  2.042241e-01  1.926067e-01  1.666444e-02
     vertex  2.079365e-01  2.043824e-01  4.347246e-03
     vertex  2.079989e-01  1.912916e-01  1.738898e-02
   endloop
 endfacet
 facet normal -2.316153e-01 -6.675323e-01 -7.076404e-01
   outer loop
     vertex  2.042241e-01  1.926067e-01  1.666444e-02
     vertex  1.982755e-01  1.816134e-01  2.898163e-02
     vertex  2.034456e-01  1.967172e-01  1.304174e-02
   endloop
 endfacet
 facet normal -6.977618e-01 -5.035662e-02 -7.145577e-01
   outer loop
     vertex  1.003252e-01  1.948151e-01  1.092245e-01
     vertex  1.043339e-01  2.086677e-01  1.043339e-01
     vertex  1.054150e-01  1.936865e-01  1.043339e-01
   endloop
 endfacet
 facet normal -7.021337e-01 -1.536166e-01 -6.952771e-01
   outer loop
     vertex  1.003252e-01  1.948151e-01  1.092245e-01
     vertex  1.054150e-01  1.936865e-01  1.043339e-01
     vertex  1.085924e-01  1.791638e-01  1.043339e-01
   endloop
 endfacet
 facet normal -6.849523e-01 -1.382698e-01 -7.153473e-01
   outer loop
     vertex  1.003252e-01  1.948151e-01  1.092245e-01
     vertex  1.085924e-01  1.791638e-01  1.043339e-01
     vertex  9.819443e-02  1.800684e-01  1.141152e-01
   endloop
 endfacet
 facet normal -5.437509e-01  4.285216e-01 -7.215984e-01
   outer loop
     vertex  7.819003e-02  3.036560e-01  1.613915e-01
     vertex  9.223835e-02  3.132464e-01  1.565008e-01
     vertex  7.977109e-02  2.974267e-01  1.565008e-01
   endloop
 endfacet
 facet normal -6.067084e-01  3.898877e-01 -6.927428e-01
   outer loop
     vertex  7.819003e-02  3.036560e-01  1.613915e-01
     vertex  7.977109e-02  2.974267e-01  1.565008e-01
     vertex  7.438036e-02  2.890381e-01  1.565008e-01
   endloop
 endfacet
 facet normal -5.957367e-01  3.901447e-01 -7.020576e-01
   outer loop
     vertex  7.819003e-02  3.036560e-01  1.613915e-01
     vertex  7.438036e-02  2.890381e-01  1.565008e-01
     vertex  6.462861e-02  2.917488e-01  1.662821e-01
   endloop
 endfacet
 facet normal  3.339317e-01 -6.261029e-01 -7.046168e-01
   outer loop
     vertex  2.095082e-01  2.072709e-01  1.630218e-03
     vertex  2.123267e-01  2.032702e-01  6.520868e-03
     vertex  2.124256e-01  1.992459e-01  1.014357e-02
   endloop
 endfacet
 facet normal  1.561065e-01 -6.914914e-01 -7.053158e-01
   outer loop
     vertex  2.095082e-01  2.072709e-01  1.630218e-03
     vertex  2.124256e-01  1.992459e-01  1.014357e-02
     vertex  2.092819e-01  1.989057e-01  9.781302e-03
   endloop
 endfacet
 facet normal  4.666190e-02 -6.977714e-01 -7.147991e-01
   outer loop
     vertex  2.095082e-01  2.072709e-01  1.630218e-03
     vertex  2.092819e-01  1.989057e-01  9.781302e-03
     vertex  2.079365e-01  2.043824e-01  4.347246e-03
   endloop
 endfacet
 facet normal -5.500432e-01  4.702243e-01 -6.901750e-01
   outer loop
     vertex  4.807957e-02  3.341131e-01  2.037771e-01
     vertex  4.173221e-02  3.338666e-01  2.086677e-01
     vertex  5.903116e-02  3.541020e-01  2.086677e-01
   endloop
 endfacet
 facet normal -5.688056e-01  4.011548e-01 -7.180076e-01
   outer loop
     vertex  4.807957e-02  3.341131e-01  2.037771e-01
     vertex  3.921333e-02  3.127879e-01  1.988864e-01
     vertex  4.173221e-02  3.338666e-01  2.086677e-01
   endloop
 endfacet
 facet normal -7.133481e-01 -1.072304e-01 -6.925577e-01
   outer loop
     vertex  6.075120e-02  1.754061e-01  1.516102e-01
     vertex  5.247245e-02  1.988936e-01  1.565008e-01
     vertex  6.264262e-02  1.944102e-01  1.467195e-01
   endloop
 endfacet
 facet normal -6.866329e-01 -9.185444e-02 -7.211782e-01
   outer loop
     vertex  6.075120e-02  1.754061e-01  1.516102e-01
     vertex  5.539554e-02  1.770428e-01  1.565008e-01
     vertex  5.247245e-02  1.988936e-01  1.565008e-01
   endloop
 endfacet
 facet normal -6.931913e-01 -1.944030e-01 -6.940413e-01
   outer loop
     vertex  6.075120e-02  1.754061e-01  1.516102e-01
     vertex  6.130254e-02  1.559800e-01  1.565008e-01
     vertex  5.539554e-02  1.770428e-01  1.565008e-01
   endloop
 endfacet
 facet normal  5.736848e-01 -4.163040e-01 -7.053912e-01
   outer loop
     vertex  2.101322e-01  2.070615e-01  2.173624e-03
     vertex  2.116008e-01  2.072437e-01  3.260435e-03
     vertex  2.149668e-01  2.026748e-01  8.694491e-03
   endloop
 endfacet
 facet normal  4.235696e-01 -5.683606e-01 -7.053758e-01
   outer loop
     vertex  2.101322e-01  2.070615e-01  2.173624e-03
     vertex  2.095082e-01  2.072709e-01  1.630218e-03
     vertex  2.086677e-01  2.086677e-01  1.605000e-09
   endloop
 endfacet
 facet normal  5.715320e-01 -4.270929e-01 -7.006731e-01
   outer loop
     vertex  2.101322e-01  2.070615e-01  2.173624e-03
     vertex  2.086677e-01  2.086677e-01  1.605000e-09
     vertex  2.116008e-01  2.072437e-01  3.260435e-03
   endloop
 endfacet
 facet normal  4.265983e-01 -5.638941e-01 -7.071331e-01
   outer loop
     vertex  2.101322e-01  2.070615e-01  2.173624e-03
     vertex  2.123267e-01  2.032702e-01  6.520868e-03
     vertex  2.095082e-01  2.072709e-01  1.630218e-03
   endloop
 endfacet
 facet normal  4.574605e-01 -5.428161e-01 -7.043299e-01
   outer loop
     vertex  2.101322e-01  2.070615e-01  2.173624e-03
     vertex  2.149668e-01  2.026748e-01  8.694491e-03
     vertex  2.123267e-01  2.032702e-01  6.520868e-03
   endloop
 endfacet
 facet normal -6.812440e-01 -2.282248e-01 -6.955717e-01
   outer loop
     vertex  5.828334e-02  1.500867e-01  1.613915e-01
     vertex  4.793172e-02  1.660805e-01  1.662821e-01
     vertex  6.130254e-02  1.559800e-01  1.565008e-01
   endloop
 endfacet
 facet normal -6.322461e-01 -2.766602e-01 -7.236877e-01
   outer loop
     vertex  5.828334e-02  1.500867e-01  1.613915e-01
     vertex  6.130254e-02  1.559800e-01  1.565008e-01
     vertex  6.996751e-02  1.361781e-01  1.565008e-01
   endloop
 endfacet
 facet normal -5.480650e-01 -4.322716e-01 -7.160769e-01
   outer loop
     vertex  7.569309e-02  1.172077e-01  1.613915e-01
     vertex  9.367015e-02  1.025166e-01  1.565008e-01
     vertex  8.354847e-02  9.914648e-02  1.662821e-01
   endloop
 endfacet
 facet normal -5.949157e-01 -3.642731e-01 -7.165057e-01
   outer loop
     vertex  7.569309e-02  1.172077e-01  1.613915e-01
     vertex  6.996751e-02  1.361781e-01  1.565008e-01
     vertex  8.104578e-02  1.180855e-01  1.565008e-01
   endloop
 endfacet
 facet normal -5.594393e-01 -4.536335e-01 -6.937177e-01
   outer loop
     vertex  7.569309e-02  1.172077e-01  1.613915e-01
     vertex  8.104578e-02  1.180855e-01  1.565008e-01
     vertex  9.367015e-02  1.025166e-01  1.565008e-01
   endloop
 endfacet
 facet normal -6.505240e-01 -2.364116e-01 -7.217535e-01
   outer loop
     vertex  2.236899e-02  1.260973e-01  2.037771e-01
     vertex  1.643073e-02  1.275064e-01  2.086677e-01
     vertex  1.156909e-02  1.508379e-01  2.054073e-01
   endloop
 endfacet
 facet normal -6.458800e-01 -3.261822e-01 -6.902494e-01
   outer loop
     vertex  2.236899e-02  1.260973e-01  2.037771e-01
     vertex  2.924467e-02  1.021333e-01  2.086677e-01
     vertex  1.643073e-02  1.275064e-01  2.086677e-01
   endloop
 endfacet
 facet normal -6.707729e-01 -2.467222e-01 -6.994225e-01
   outer loop
     vertex  2.236899e-02  1.260973e-01  2.037771e-01
     vertex  1.156909e-02  1.508379e-01  2.054073e-01
     vertex  1.840308e-02  1.507439e-01  1.988864e-01
   endloop
 endfacet
 facet normal  2.181426e-01 -6.852244e-01 -6.948966e-01
   outer loop
     vertex  2.508946e-01  1.079360e-01  1.092245e-01
     vertex  2.331543e-01  1.072480e-01  1.043339e-01
     vertex  2.473199e-01  1.117577e-01  1.043339e-01
   endloop
 endfacet
 facet normal  3.051738e-01 -6.292578e-01 -7.147752e-01
   outer loop
     vertex  2.508946e-01  1.079360e-01  1.092245e-01
     vertex  2.473199e-01  1.117577e-01  1.043339e-01
     vertex  2.608347e-01  1.183120e-01  1.043339e-01
   endloop
 endfacet
 facet normal  2.229521e-01 -6.619567e-01 -7.156156e-01
   outer loop
     vertex  2.508946e-01  1.079360e-01  1.092245e-01
     vertex  2.392494e-01  9.872669e-02  1.141152e-01
     vertex  2.331543e-01  1.072480e-01  1.043339e-01
   endloop
 endfacet
 facet normal  3.925879e-01 -5.792441e-01 -7.143886e-01
   outer loop
     vertex  2.748704e-01  1.217931e-01  1.092245e-01
     vertex  2.608347e-01  1.183120e-01  1.043339e-01
     vertex  2.732682e-01  1.267389e-01  1.043339e-01
   endloop
 endfacet
 facet normal  4.625507e-01 -5.240437e-01 -7.151399e-01
   outer loop
     vertex  2.748704e-01  1.217931e-01  1.092245e-01
     vertex  2.842566e-01  1.367519e-01  1.043339e-01
     vertex  2.887364e-01  1.273579e-01  1.141152e-01
   endloop
 endfacet
 facet normal  4.839128e-01 -5.310489e-01 -6.955684e-01
   outer loop
     vertex  2.748704e-01  1.217931e-01  1.092245e-01
     vertex  2.732682e-01  1.267389e-01  1.043339e-01
     vertex  2.842566e-01  1.367519e-01  1.043339e-01
   endloop
 endfacet
 facet normal -3.163630e-02 -7.307802e-01 -6.818793e-01
   outer loop
     vertex  2.132011e-01  4.733997e-02  1.613915e-01
     vertex  1.969293e-01  5.260778e-02  1.565008e-01
     vertex  2.068755e-01  5.217720e-02  1.565008e-01
   endloop
 endfacet
 facet normal  1.384927e-02 -7.018974e-01 -7.121434e-01
   outer loop
     vertex  2.132011e-01  4.733997e-02  1.613915e-01
     vertex  2.068755e-01  5.217720e-02  1.565008e-01
     vertex  2.166317e-01  5.236970e-02  1.565008e-01
   endloop
 endfacet
 facet normal  5.300700e-02 -7.144938e-01 -6.976309e-01
   outer loop
     vertex  2.132011e-01  4.733997e-02  1.613915e-01
     vertex  2.166317e-01  5.236970e-02  1.565008e-01
     vertex  2.308869e-01  4.387682e-02  1.662821e-01
   endloop
 endfacet
 facet normal  1.764444e-01 -6.726068e-01 -7.186567e-01
   outer loop
     vertex  2.349109e-01  5.934615e-02  1.516102e-01
     vertex  2.584479e-01  6.029513e-02  1.565008e-01
     vertex  2.381306e-01  5.496530e-02  1.565008e-01
   endloop
 endfacet
 facet normal  8.611214e-02 -7.132536e-01 -6.955962e-01
   outer loop
     vertex  2.349109e-01  5.934615e-02  1.516102e-01
     vertex  2.381306e-01  5.496530e-02  1.565008e-01
     vertex  2.166317e-01  5.236970e-02  1.565008e-01
   endloop
 endfacet
 facet normal  1.729038e-01 -6.957954e-01 -6.971176e-01
   outer loop
     vertex  2.349109e-01  5.934615e-02  1.516102e-01
     vertex  2.519935e-01  6.849109e-02  1.467195e-01
     vertex  2.584479e-01  6.029513e-02  1.565008e-01
   endloop
 endfacet
 facet normal -3.451279e-02 -7.222013e-01 -6.908213e-01
   outer loop
     vertex  2.080334e-01  4.891639e-03  2.037771e-01
     vertex  2.119579e-01  2.594248e-05  2.086677e-01
     vertex  1.854967e-01  1.290481e-03  2.086677e-01
   endloop
 endfacet
 facet normal  5.429478e-02 -6.857442e-01 -7.258147e-01
   outer loop
     vertex  2.080334e-01  4.891639e-03  2.037771e-01
     vertex  2.382517e-01  2.107792e-03  2.086677e-01
     vertex  2.119579e-01  2.594248e-05  2.086677e-01
   endloop
 endfacet
 facet normal  4.513433e-02 -7.223515e-01 -6.900516e-01
   outer loop
     vertex  2.080334e-01  4.891639e-03  2.037771e-01
     vertex  2.301634e-01  1.094634e-02  1.988864e-01
     vertex  2.382517e-01  2.107792e-03  2.086677e-01
   endloop
 endfacet
 facet normal  1.467330e-01 -7.048890e-01 -6.939747e-01
   outer loop
     vertex  2.495442e-01  1.569331e-02  1.972562e-01
     vertex  2.639664e-01  7.460683e-03  2.086677e-01
     vertex  2.382517e-01  2.107792e-03  2.086677e-01
   endloop
 endfacet
 facet normal  1.786413e-01 -6.768756e-01 -7.140915e-01
   outer loop
     vertex  2.495442e-01  1.569331e-02  1.972562e-01
     vertex  2.684960e-01  2.241493e-02  1.956260e-01
     vertex  2.639664e-01  7.460683e-03  2.086677e-01
   endloop
 endfacet
 facet normal  1.806405e-01 -6.813536e-01 -7.093139e-01
   outer loop
     vertex  2.495442e-01  1.569331e-02  1.972562e-01
     vertex  2.467288e-01  2.343246e-02  1.891051e-01
     vertex  2.684960e-01  2.241493e-02  1.956260e-01
   endloop
 endfacet
 facet normal  1.091294e-01 -6.909623e-01 -7.146061e-01
   outer loop
     vertex  2.495442e-01  1.569331e-02  1.972562e-01
     vertex  2.382517e-01  2.107792e-03  2.086677e-01
     vertex  2.301634e-01  1.094634e-02  1.988864e-01
   endloop
 endfacet
 facet normal  1.124318e-01 -7.009153e-01 -7.043272e-01
   outer loop
     vertex  2.495442e-01  1.569331e-02  1.972562e-01
     vertex  2.301634e-01  1.094634e-02  1.988864e-01
     vertex  2.467288e-01  2.343246e-02  1.891051e-01
   endloop
 endfacet
 facet normal  5.195094e-01 -4.756226e-01 -7.098543e-01
   outer loop
     vertex  3.263458e-01  1.130774e-01  1.516102e-01
     vertex  3.102949e-01  1.028446e-01  1.467195e-01
     vertex  3.116931e-01  1.287024e-01  1.304173e-01
   endloop
 endfacet
 facet normal  5.913388e-01 -3.972930e-01 -7.017668e-01
   outer loop
     vertex  3.263458e-01  1.130774e-01  1.516102e-01
     vertex  3.116931e-01  1.287024e-01  1.304173e-01
     vertex  3.216431e-01  1.435122e-01  1.304173e-01
   endloop
 endfacet
 facet normal  5.726190e-01 -4.070528e-01 -7.116288e-01
   outer loop
     vertex  3.263458e-01  1.130774e-01  1.516102e-01
     vertex  3.216431e-01  1.435122e-01  1.304173e-01
     vertex  3.411374e-01  1.253353e-01  1.565008e-01
   endloop
 endfacet
 facet normal  4.978009e-01 -4.822825e-01 -7.208314e-01
   outer loop
     vertex  3.263458e-01  1.130774e-01  1.516102e-01
     vertex  3.284043e-01  1.078925e-01  1.565008e-01
     vertex  3.131833e-01  9.218169e-02  1.565008e-01
   endloop
 endfacet
 facet normal  5.811910e-01 -4.242631e-01 -6.944191e-01
   outer loop
     vertex  3.263458e-01  1.130774e-01  1.516102e-01
     vertex  3.411374e-01  1.253353e-01  1.565008e-01
     vertex  3.284043e-01  1.078925e-01  1.565008e-01
   endloop
 endfacet
 facet normal  5.256737e-01 -4.933330e-01 -6.930294e-01
   outer loop
     vertex  3.263458e-01  1.130774e-01  1.516102e-01
     vertex  3.131833e-01  9.218169e-02  1.565008e-01
     vertex  3.102949e-01  1.028446e-01  1.467195e-01
   endloop
 endfacet
 facet normal  5.842439e-01 -3.780475e-01 -7.181498e-01
   outer loop
     vertex  3.552511e-01  1.267661e-01  1.679123e-01
     vertex  3.533241e-01  1.083040e-01  1.760634e-01
     vertex  3.416364e-01  1.088225e-01  1.662821e-01
   endloop
 endfacet
 facet normal  6.314578e-01 -2.993986e-01 -7.152773e-01
   outer loop
     vertex  3.552511e-01  1.267661e-01  1.679123e-01
     vertex  3.661295e-01  1.458150e-01  1.695425e-01
     vertex  3.641557e-01  1.260735e-01  1.760634e-01
   endloop
 endfacet
 facet normal  6.462426e-01 -3.093532e-01 -6.976182e-01
   outer loop
     vertex  3.552511e-01  1.267661e-01  1.679123e-01
     vertex  3.511979e-01  1.440329e-01  1.565008e-01
     vertex  3.661295e-01  1.458150e-01  1.695425e-01
   endloop
 endfacet
 facet normal  6.135036e-01 -3.301039e-01 -7.173875e-01
   outer loop
     vertex  3.552511e-01  1.267661e-01  1.679123e-01
     vertex  3.411374e-01  1.253353e-01  1.565008e-01
     vertex  3.511979e-01  1.440329e-01  1.565008e-01
   endloop
 endfacet
 facet normal  6.018109e-01 -3.934814e-01 -6.949792e-01
   outer loop
     vertex  3.552511e-01  1.267661e-01  1.679123e-01
     vertex  3.416364e-01  1.088225e-01  1.662821e-01
     vertex  3.411374e-01  1.253353e-01  1.565008e-01
   endloop
 endfacet
 facet normal  6.107478e-01 -3.722913e-01 -6.988464e-01
   outer loop
     vertex  3.552511e-01  1.267661e-01  1.679123e-01
     vertex  3.641557e-01  1.260735e-01  1.760634e-01
     vertex  3.533241e-01  1.083040e-01  1.760634e-01
   endloop
 endfacet
 facet normal  5.525579e-01 -4.276109e-01 -7.154220e-01
   outer loop
     vertex  3.576353e-01  7.936703e-02  1.972562e-01
     vertex  3.721131e-01  9.534770e-02  1.988864e-01
     vertex  3.761159e-01  8.415540e-02  2.086677e-01
   endloop
 endfacet
 facet normal  5.487444e-01 -4.696202e-01 -6.916188e-01
   outer loop
     vertex  3.576353e-01  7.936703e-02  1.972562e-01
     vertex  3.761159e-01  8.415540e-02  2.086677e-01
     vertex  3.575502e-01  6.246158e-02  2.086677e-01
   endloop
 endfacet
 facet normal  5.024352e-01 -4.854753e-01 -7.154527e-01
   outer loop
     vertex  3.576353e-01  7.936703e-02  1.972562e-01
     vertex  3.575502e-01  6.246158e-02  2.086677e-01
     vertex  3.413446e-01  6.490963e-02  1.956260e-01
   endloop
 endfacet
 facet normal  5.596981e-01 -4.351147e-01 -7.052753e-01
   outer loop
     vertex  3.576353e-01  7.936703e-02  1.972562e-01
     vertex  3.518558e-01  8.514474e-02  1.891051e-01
     vertex  3.721131e-01  9.534770e-02  1.988864e-01
   endloop
 endfacet
 facet normal  5.070857e-01 -4.915583e-01 -7.079791e-01
   outer loop
     vertex  3.576353e-01  7.936703e-02  1.972562e-01
     vertex  3.413446e-01  6.490963e-02  1.956260e-01
     vertex  3.518558e-01  8.514474e-02  1.891051e-01
   endloop
 endfacet
 facet normal  6.516334e-01 -2.826728e-01 -7.038963e-01
   outer loop
     vertex  3.842143e-01  1.187043e-01  1.972562e-01
     vertex  3.719312e-01  1.269239e-01  1.825843e-01
     vertex  3.927059e-01  1.423390e-01  1.956260e-01
   endloop
 endfacet
 facet normal  5.979164e-01 -3.597785e-01 -7.162788e-01
   outer loop
     vertex  3.842143e-01  1.187043e-01  1.972562e-01
     vertex  3.914802e-01  1.080605e-01  2.086677e-01
     vertex  3.721131e-01  9.534770e-02  1.988864e-01
   endloop
 endfacet
 facet normal  6.506471e-01 -3.025731e-01 -6.964969e-01
   outer loop
     vertex  3.842143e-01  1.187043e-01  1.972562e-01
     vertex  4.034043e-01  1.337017e-01  2.086677e-01
     vertex  3.914802e-01  1.080605e-01  2.086677e-01
   endloop
 endfacet
 facet normal  6.428758e-01 -2.801475e-01 -7.129011e-01
   outer loop
     vertex  3.842143e-01  1.187043e-01  1.972562e-01
     vertex  3.927059e-01  1.423390e-01  1.956260e-01
     vertex  4.034043e-01  1.337017e-01  2.086677e-01
   endloop
 endfacet
 facet normal  6.085827e-01 -3.645046e-01 -7.048145e-01
   outer loop
     vertex  3.842143e-01  1.187043e-01  1.972562e-01
     vertex  3.721131e-01  9.534770e-02  1.988864e-01
     vertex  3.593322e-01  1.055308e-01  1.825843e-01
   endloop
 endfacet
 facet normal  6.075698e-01 -3.578147e-01 -7.091034e-01
   outer loop
     vertex  3.842143e-01  1.187043e-01  1.972562e-01
     vertex  3.593322e-01  1.055308e-01  1.825843e-01
     vertex  3.719312e-01  1.269239e-01  1.825843e-01
   endloop
 endfacet
 facet normal  4.011756e-01  5.881265e-01 -7.022574e-01
   outer loop
     vertex  2.676181e-01  3.082762e-01  1.157454e-01
     vertex  2.847673e-01  3.043646e-01  1.222663e-01
     vertex  2.748633e-01  2.955478e-01  1.092245e-01
   endloop
 endfacet
 facet normal  4.020300e-01  5.758903e-01 -7.118442e-01
   outer loop
     vertex  2.676181e-01  3.082762e-01  1.157454e-01
     vertex  2.785230e-01  3.187991e-01  1.304173e-01
     vertex  2.847673e-01  3.043646e-01  1.222663e-01
   endloop
 endfacet
 facet normal  3.171178e-01  6.356099e-01 -7.038724e-01
   outer loop
     vertex  2.676181e-01  3.082762e-01  1.157454e-01
     vertex  2.608347e-01  2.990235e-01  1.043339e-01
     vertex  2.508846e-01  3.094037e-01  1.092245e-01
   endloop
 endfacet
 facet normal  3.923406e-01  5.863855e-01 -7.086755e-01
   outer loop
     vertex  2.676181e-01  3.082762e-01  1.157454e-01
     vertex  2.748633e-01  2.955478e-01  1.092245e-01
     vertex  2.608347e-01  2.990235e-01  1.043339e-01
   endloop
 endfacet
 facet normal  3.379107e-01  6.276659e-01 -7.013215e-01
   outer loop
     vertex  2.676181e-01  3.082762e-01  1.157454e-01
     vertex  2.621412e-01  3.276184e-01  1.304173e-01
     vertex  2.785230e-01  3.187991e-01  1.304173e-01
   endloop
 endfacet
 facet normal  6.774056e-01  2.996381e-01 -6.718174e-01
   outer loop
     vertex  3.933470e-01  2.653453e-01  1.931807e-01
     vertex  3.800256e-01  2.717034e-01  1.825843e-01
     vertex  3.705835e-01  2.930496e-01  1.825843e-01
   endloop
 endfacet
 facet normal  6.829606e-01  1.370270e-01 -7.174875e-01
   outer loop
     vertex  3.933470e-01  2.653453e-01  1.931807e-01
     vertex  4.099451e-01  2.637099e-01  2.086677e-01
     vertex  4.155996e-01  2.355274e-01  2.086677e-01
   endloop
 endfacet
 facet normal  6.164793e-01  2.673889e-01 -7.405784e-01
   outer loop
     vertex  3.933470e-01  2.653453e-01  1.931807e-01
     vertex  3.843385e-01  3.019179e-01  1.988864e-01
     vertex  3.982585e-01  2.833701e-01  2.037771e-01
   endloop
 endfacet
 facet normal  6.661828e-01  1.969839e-01 -7.193037e-01
   outer loop
     vertex  3.933470e-01  2.653453e-01  1.931807e-01
     vertex  3.867511e-01  2.489585e-01  1.825843e-01
     vertex  3.800256e-01  2.717034e-01  1.825843e-01
   endloop
 endfacet
 facet normal  6.576518e-01  2.716134e-01 -7.026523e-01
   outer loop
     vertex  3.933470e-01  2.653453e-01  1.931807e-01
     vertex  3.705835e-01  2.930496e-01  1.825843e-01
     vertex  3.843385e-01  3.019179e-01  1.988864e-01
   endloop
 endfacet
 facet normal  6.761952e-01  2.276538e-01 -7.006667e-01
   outer loop
     vertex  3.933470e-01  2.653453e-01  1.931807e-01
     vertex  3.982585e-01  2.833701e-01  2.037771e-01
     vertex  4.099451e-01  2.637099e-01  2.086677e-01
   endloop
 endfacet
 facet normal -6.993903e-01 -1.087416e-01 -7.064195e-01
   outer loop
     vertex  2.062233e-01  2.086016e-01  2.445327e-03
     vertex  2.034043e-01  2.073167e-01  5.434057e-03
     vertex  2.037842e-01  2.084032e-01  4.890652e-03
   endloop
 endfacet
 facet normal -7.081190e-01  2.677839e-03 -7.060880e-01
   outer loop
     vertex  2.062233e-01  2.086016e-01  2.445327e-03
     vertex  2.037842e-01  2.084032e-01  4.890652e-03
     vertex  1.978279e-01  2.094511e-01  1.086811e-02
   endloop
 endfacet
 facet normal  2.321742e-01  6.335968e-01 -7.380042e-01
   outer loop
     vertex  2.402046e-01  3.461097e-01  1.410137e-01
     vertex  2.551305e-01  3.529828e-01  1.516102e-01
     vertex  2.711660e-01  3.414103e-01  1.467195e-01
   endloop
 endfacet
 facet normal  2.527238e-01  6.890424e-01 -6.792284e-01
   outer loop
     vertex  2.402046e-01  3.461097e-01  1.410137e-01
     vertex  2.621412e-01  3.276184e-01  1.304173e-01
     vertex  2.447854e-01  3.339841e-01  1.304173e-01
   endloop
 endfacet
 facet normal  1.457626e-01  6.816517e-01 -7.170106e-01
   outer loop
     vertex  2.402046e-01  3.461097e-01  1.410137e-01
     vertex  2.447854e-01  3.339841e-01  1.304173e-01
     vertex  2.269598e-01  3.377959e-01  1.304173e-01
   endloop
 endfacet
 facet normal  2.315369e-01  6.757241e-01 -6.998482e-01
   outer loop
     vertex  2.402046e-01  3.461097e-01  1.410137e-01
     vertex  2.711660e-01  3.414103e-01  1.467195e-01
     vertex  2.621412e-01  3.276184e-01  1.304173e-01
   endloop
 endfacet
 facet normal  1.784658e-01  6.915461e-01 -6.999385e-01
   outer loop
     vertex  2.402046e-01  3.461097e-01  1.410137e-01
     vertex  2.374012e-01  3.625082e-01  1.565008e-01
     vertex  2.551305e-01  3.529828e-01  1.516102e-01
   endloop
 endfacet
 facet normal -6.538871e-01 -2.692005e-01 -7.070804e-01
   outer loop
     vertex  2.055748e-01  2.076361e-01  3.260435e-03
     vertex  1.967939e-01  2.032734e-01  1.304174e-02
     vertex  1.944117e-01  2.033505e-01  1.521536e-02
   endloop
 endfacet
 facet normal -6.768346e-01 -2.073400e-01 -7.063321e-01
   outer loop
     vertex  2.055748e-01  2.076361e-01  3.260435e-03
     vertex  1.944117e-01  2.033505e-01  1.521536e-02
     vertex  2.034043e-01  2.073167e-01  5.434057e-03
   endloop
 endfacet
 facet normal -5.298506e-01 -4.697057e-01 -7.061409e-01
   outer loop
     vertex  2.073029e-01  2.077761e-01  1.630218e-03
     vertex  2.027189e-01  2.023270e-01  8.694491e-03
     vertex  2.033911e-01  2.048364e-01  6.520868e-03
   endloop
 endfacet
 facet normal -6.440856e-01 -2.903423e-01 -7.077112e-01
   outer loop
     vertex  2.073029e-01  2.077761e-01  1.630218e-03
     vertex  1.967939e-01  2.032734e-01  1.304174e-02
     vertex  2.055748e-01  2.076361e-01  3.260435e-03
   endloop
 endfacet
 facet normal -6.118468e-01 -3.586688e-01 -7.049824e-01
   outer loop
     vertex  2.073029e-01  2.077761e-01  1.630218e-03
     vertex  2.033911e-01  2.048364e-01  6.520868e-03
     vertex  1.967939e-01  2.032734e-01  1.304174e-02
   endloop
 endfacet
 facet normal -7.646448e-02  6.757602e-01 -7.331449e-01
   outer loop
     vertex  2.098264e-01  3.806517e-01  1.719879e-01
     vertex  1.762140e-01  3.883446e-01  1.825843e-01
     vertex  2.001529e-01  3.910534e-01  1.825843e-01
   endloop
 endfacet
 facet normal  1.539226e-02  7.205383e-01 -6.932442e-01
   outer loop
     vertex  2.098264e-01  3.806517e-01  1.719879e-01
     vertex  2.001529e-01  3.910534e-01  1.825843e-01
     vertex  2.249635e-01  3.905233e-01  1.825843e-01
   endloop
 endfacet
 facet normal -6.310972e-02  7.017333e-01 -7.096390e-01
   outer loop
     vertex  2.098264e-01  3.806517e-01  1.719879e-01
     vertex  1.772220e-01  3.719494e-01  1.662821e-01
     vertex  1.762140e-01  3.883446e-01  1.825843e-01
   endloop
 endfacet
 facet normal -7.974559e-02  7.380694e-01 -6.699957e-01
   outer loop
     vertex  2.098264e-01  3.806517e-01  1.719879e-01
     vertex  1.967147e-01  3.696159e-01  1.613915e-01
     vertex  1.772220e-01  3.719494e-01  1.662821e-01
   endloop
 endfacet
 facet normal -1.327453e-02  7.007030e-01 -7.133296e-01
   outer loop
     vertex  2.098264e-01  3.806517e-01  1.719879e-01
     vertex  2.159110e-01  3.650008e-01  1.565008e-01
     vertex  1.967147e-01  3.696159e-01  1.613915e-01
   endloop
 endfacet
 facet normal  1.092491e-01  6.845913e-01 -7.206937e-01
   outer loop
     vertex  2.413662e-01  3.990610e-01  1.931807e-01
     vertex  2.497820e-01  3.865627e-01  1.825843e-01
     vertex  2.249635e-01  3.905233e-01  1.825843e-01
   endloop
 endfacet
 facet normal  0.000000e+00  0.000000e+00  0.000000e+00
   outer loop
     vertex  2.082650e-01  2.079591e-01  8.151099e-04
     vertex  2.086677e-01  2.086677e-01  1.605000e-09
     vertex  2.086677e-01  2.086677e-01  1.605000e-09
   endloop
 endfacet
 facet normal  9.394260e-03 -7.569296e-01 -6.534289e-01
   outer loop
     vertex  2.082650e-01  2.079591e-01  8.151099e-04
     vertex  2.086677e-01  2.086677e-01  1.605000e-09
     vertex  2.095082e-01  2.072709e-01  1.630218e-03
   endloop
 endfacet
 facet normal -4.363940e-01 -5.578739e-01 -7.059299e-01
   outer loop
     vertex  2.082650e-01  2.079591e-01  8.151099e-04
     vertex  1.979704e-01  1.922890e-01  1.956260e-02
     vertex  2.027189e-01  2.023270e-01  8.694491e-03
   endloop
 endfacet
 facet normal -5.064280e-01 -4.920029e-01 -7.081411e-01
   outer loop
     vertex  2.082650e-01  2.079591e-01  8.151099e-04
     vertex  2.027189e-01  2.023270e-01  8.694491e-03
     vertex  2.073029e-01  2.077761e-01  1.630218e-03
   endloop
 endfacet
 facet normal -3.609584e-01 -6.084329e-01 -7.067662e-01
   outer loop
     vertex  2.082650e-01  2.079591e-01  8.151099e-04
     vertex  2.071151e-01  2.058007e-01  3.260435e-03
     vertex  1.979704e-01  1.922890e-01  1.956260e-02
   endloop
 endfacet
 facet normal  7.322492e-02 -7.041747e-01 -7.062409e-01
   outer loop
     vertex  2.082650e-01  2.079591e-01  8.151099e-04
     vertex  2.095082e-01  2.072709e-01  1.630218e-03
     vertex  2.079365e-01  2.043824e-01  4.347246e-03
   endloop
 endfacet
 facet normal -2.317290e-01 -6.726820e-01 -7.027094e-01
   outer loop
     vertex  2.082650e-01  2.079591e-01  8.151099e-04
     vertex  2.079365e-01  2.043824e-01  4.347246e-03
     vertex  2.071151e-01  2.058007e-01  3.260435e-03
   endloop
 endfacet
 facet normal -7.087688e-01 -4.347918e-02 -7.040996e-01
   outer loop
     vertex  9.292792e-02  2.098025e-01  1.157454e-01
     vertex  1.043339e-01  2.086677e-01  1.043339e-01
     vertex  1.003252e-01  1.948151e-01  1.092245e-01
   endloop
 endfacet
 facet normal -7.042145e-01  4.630401e-02 -7.084758e-01
   outer loop
     vertex  9.292792e-02  2.098025e-01  1.157454e-01
     vertex  1.003237e-01  2.225083e-01  1.092245e-01
     vertex  1.043339e-01  2.086677e-01  1.043339e-01
   endloop
 endfacet
 facet normal -7.097603e-01  5.261141e-02 -7.024759e-01
   outer loop
     vertex  9.292792e-02  2.098025e-01  1.157454e-01
     vertex  8.771452e-02  2.265383e-01  1.222663e-01
     vertex  1.003237e-01  2.225083e-01  1.092245e-01
   endloop
 endfacet
 facet normal -7.000434e-01  5.920960e-02 -7.116414e-01
   outer loop
     vertex  9.292792e-02  2.098025e-01  1.157454e-01
     vertex  7.835180e-02  2.138096e-01  1.304173e-01
     vertex  8.771452e-02  2.265383e-01  1.222663e-01
   endloop
 endfacet
 facet normal -7.123380e-01 -2.276624e-02 -7.014672e-01
   outer loop
     vertex  9.292792e-02  2.098025e-01  1.157454e-01
     vertex  7.894608e-02  1.952151e-01  1.304173e-01
     vertex  7.835180e-02  2.138096e-01  1.304173e-01
   endloop
 endfacet
 facet normal -4.919027e-01  5.341391e-01 -6.875516e-01
   outer loop
     vertex  7.981622e-02  3.225849e-01  1.719879e-01
     vertex  1.064126e-01  3.271430e-01  1.565008e-01
     vertex  9.899756e-02  3.203143e-01  1.565008e-01
   endloop
 endfacet
 facet normal -5.119456e-01  4.895877e-01 -7.058439e-01
   outer loop
     vertex  7.981622e-02  3.225849e-01  1.719879e-01
     vertex  9.899756e-02  3.203143e-01  1.565008e-01
     vertex  9.223835e-02  3.132464e-01  1.565008e-01
   endloop
 endfacet
 facet normal -5.493519e-01  4.436006e-01 -7.081179e-01
   outer loop
     vertex  7.981622e-02  3.225849e-01  1.719879e-01
     vertex  9.223835e-02  3.132464e-01  1.565008e-01
     vertex  7.819003e-02  3.036560e-01  1.613915e-01
   endloop
 endfacet
 facet normal -4.933260e-01  5.268487e-01 -6.921415e-01
   outer loop
     vertex  7.981622e-02  3.225849e-01  1.719879e-01
     vertex  1.021648e-01  3.488656e-01  1.760634e-01
     vertex  1.064126e-01  3.271430e-01  1.565008e-01
   endloop
 endfacet
 facet normal -6.133869e-01  4.252547e-01 -6.655185e-01
   outer loop
     vertex  7.981622e-02  3.225849e-01  1.719879e-01
     vertex  7.819003e-02  3.036560e-01  1.613915e-01
     vertex  6.462861e-02  2.917488e-01  1.662821e-01
   endloop
 endfacet
 facet normal -5.240287e-01  4.898385e-01 -6.967439e-01
   outer loop
     vertex  7.981622e-02  3.225849e-01  1.719879e-01
     vertex  6.761919e-02  3.246088e-01  1.825843e-01
     vertex  8.348787e-02  3.415851e-01  1.825843e-01
   endloop
 endfacet
 facet normal -5.608818e-01  4.038165e-01 -7.227336e-01
   outer loop
     vertex  7.981622e-02  3.225849e-01  1.719879e-01
     vertex  5.397172e-02  3.056531e-01  1.825843e-01
     vertex  6.761919e-02  3.246088e-01  1.825843e-01
   endloop
 endfacet
 facet normal -4.526069e-01  4.994448e-01 -7.387163e-01
   outer loop
     vertex  7.981622e-02  3.225849e-01  1.719879e-01
     vertex  8.348787e-02  3.415851e-01  1.825843e-01
     vertex  1.021648e-01  3.488656e-01  1.760634e-01
   endloop
 endfacet
 facet normal -5.628741e-01  4.100258e-01 -7.176710e-01
   outer loop
     vertex  7.981622e-02  3.225849e-01  1.719879e-01
     vertex  6.462861e-02  2.917488e-01  1.662821e-01
     vertex  5.397172e-02  3.056531e-01  1.825843e-01
   endloop
 endfacet
 facet normal -5.680705e-01  4.292746e-01 -7.021533e-01
   outer loop
     vertex  6.605958e-02  3.389815e-01  1.931807e-01
     vertex  5.397172e-02  3.056531e-01  1.825843e-01
     vertex  3.921333e-02  3.127879e-01  1.988864e-01
   endloop
 endfacet
 facet normal -5.079230e-01  4.747836e-01 -7.187453e-01
   outer loop
     vertex  6.605958e-02  3.389815e-01  1.931807e-01
     vertex  8.348787e-02  3.415851e-01  1.825843e-01
     vertex  6.761919e-02  3.246088e-01  1.825843e-01
   endloop
 endfacet
 facet normal -5.996384e-01  4.317200e-01 -6.738336e-01
   outer loop
     vertex  6.605958e-02  3.389815e-01  1.931807e-01
     vertex  6.761919e-02  3.246088e-01  1.825843e-01
     vertex  5.397172e-02  3.056531e-01  1.825843e-01
   endloop
 endfacet
 facet normal -5.434494e-01  3.957279e-01 -7.403122e-01
   outer loop
     vertex  6.605958e-02  3.389815e-01  1.931807e-01
     vertex  3.921333e-02  3.127879e-01  1.988864e-01
     vertex  4.807957e-02  3.341131e-01  2.037771e-01
   endloop
 endfacet
 facet normal -4.806947e-01  5.239827e-01 -7.031179e-01
   outer loop
     vertex  6.290010e-02  3.514533e-01  2.040488e-01
     vertex  5.903116e-02  3.541020e-01  2.086677e-01
     vertex  7.881488e-02  3.664179e-01  2.043205e-01
   endloop
 endfacet
 facet normal -5.298611e-01  4.639929e-01 -7.098999e-01
   outer loop
     vertex  6.290010e-02  3.514533e-01  2.040488e-01
     vertex  4.807957e-02  3.341131e-01  2.037771e-01
     vertex  5.903116e-02  3.541020e-01  2.086677e-01
   endloop
 endfacet
 facet normal -5.389995e-01  4.716153e-01 -6.978958e-01
   outer loop
     vertex  6.290010e-02  3.514533e-01  2.040488e-01
     vertex  6.605958e-02  3.389815e-01  1.931807e-01
     vertex  4.807957e-02  3.341131e-01  2.037771e-01
   endloop
 endfacet
 facet normal -6.659177e-01 -1.230799e-01 -7.358022e-01
   outer loop
     vertex  7.410481e-02  1.665050e-01  1.410137e-01
     vertex  6.075120e-02  1.754061e-01  1.516102e-01
     vertex  6.264262e-02  1.944102e-01  1.467195e-01
   endloop
 endfacet
 facet normal -6.963734e-01 -1.422047e-01 -7.034500e-01
   outer loop
     vertex  7.410481e-02  1.665050e-01  1.410137e-01
     vertex  6.264262e-02  1.944102e-01  1.467195e-01
     vertex  7.894608e-02  1.952151e-01  1.304173e-01
   endloop
 endfacet
 facet normal -7.248843e-01 -1.276152e-01 -6.769469e-01
   outer loop
     vertex  7.410481e-02  1.665050e-01  1.410137e-01
     vertex  7.894608e-02  1.952151e-01  1.304173e-01
     vertex  8.215110e-02  1.770099e-01  1.304173e-01
   endloop
 endfacet
 facet normal -6.863333e-01 -1.958168e-01 -7.004302e-01
   outer loop
     vertex  7.410481e-02  1.665050e-01  1.410137e-01
     vertex  6.130254e-02  1.559800e-01  1.565008e-01
     vertex  6.075120e-02  1.754061e-01  1.516102e-01
   endloop
 endfacet
 facet normal -6.625400e-01 -2.159837e-01 -7.172111e-01
   outer loop
     vertex  7.410481e-02  1.665050e-01  1.410137e-01
     vertex  8.215110e-02  1.770099e-01  1.304173e-01
     vertex  8.780049e-02  1.596801e-01  1.304173e-01
   endloop
 endfacet
 facet normal -6.472765e-01 -2.968915e-01 -7.020603e-01
   outer loop
     vertex  6.616329e-02  1.329070e-01  1.613915e-01
     vertex  5.828334e-02  1.500867e-01  1.613915e-01
     vertex  6.996751e-02  1.361781e-01  1.565008e-01
   endloop
 endfacet
 facet normal -6.008441e-01 -3.647232e-01 -7.113110e-01
   outer loop
     vertex  6.616329e-02  1.329070e-01  1.613915e-01
     vertex  6.996751e-02  1.361781e-01  1.565008e-01
     vertex  7.569309e-02  1.172077e-01  1.613915e-01
   endloop
 endfacet
 facet normal -5.983406e-01 -3.632035e-01 -7.141931e-01
   outer loop
     vertex  5.962618e-02  1.228398e-01  1.719879e-01
     vertex  6.616329e-02  1.329070e-01  1.613915e-01
     vertex  7.569309e-02  1.172077e-01  1.613915e-01
   endloop
 endfacet
 facet normal -6.294968e-01 -3.510872e-01 -6.931606e-01
   outer loop
     vertex  5.962618e-02  1.228398e-01  1.719879e-01
     vertex  5.562161e-02  1.090992e-01  1.825843e-01
     vertex  4.353115e-02  1.307773e-01  1.825843e-01
   endloop
 endfacet
 facet normal -5.967253e-01 -4.410571e-01 -6.703637e-01
   outer loop
     vertex  5.962618e-02  1.228398e-01  1.719879e-01
     vertex  7.569309e-02  1.172077e-01  1.613915e-01
     vertex  8.354847e-02  9.914648e-02  1.662821e-01
   endloop
 endfacet
 facet normal -5.742401e-01 -4.090021e-01 -7.092007e-01
   outer loop
     vertex  5.962618e-02  1.228398e-01  1.719879e-01
     vertex  8.354847e-02  9.914648e-02  1.662821e-01
     vertex  7.004845e-02  8.983294e-02  1.825843e-01
   endloop
 endfacet
 facet normal -5.439029e-01 -4.072825e-01 -7.336829e-01
   outer loop
     vertex  5.962618e-02  1.228398e-01  1.719879e-01
     vertex  7.004845e-02  8.983294e-02  1.825843e-01
     vertex  5.562161e-02  1.090992e-01  1.825843e-01
   endloop
 endfacet
 facet normal -6.370505e-01 -3.253892e-01 -6.987764e-01
   outer loop
     vertex  3.893224e-02  1.164255e-01  1.931807e-01
     vertex  2.924467e-02  1.021333e-01  2.086677e-01
     vertex  2.236899e-02  1.260973e-01  2.037771e-01
   endloop
 endfacet
 facet normal -6.057030e-01 -3.378167e-01 -7.204191e-01
   outer loop
     vertex  3.893224e-02  1.164255e-01  1.931807e-01
     vertex  4.353115e-02  1.307773e-01  1.825843e-01
     vertex  5.562161e-02  1.090992e-01  1.825843e-01
   endloop
 endfacet
 facet normal  1.538736e-01 -7.161932e-01 -6.807277e-01
   outer loop
     vertex  2.212274e-01  6.821444e-02  1.410137e-01
     vertex  2.272635e-01  7.958297e-02  1.304173e-01
     vertex  2.447331e-01  8.333630e-02  1.304173e-01
   endloop
 endfacet
 facet normal -2.946351e-02 -6.805899e-01 -7.320719e-01
   outer loop
     vertex  2.212274e-01  6.821444e-02  1.410137e-01
     vertex  2.068755e-01  5.217720e-02  1.565008e-01
     vertex  1.969293e-01  5.260778e-02  1.565008e-01
   endloop
 endfacet
 facet normal  1.360306e-01 -7.015932e-01 -6.994731e-01
   outer loop
     vertex  2.212274e-01  6.821444e-02  1.410137e-01
     vertex  2.447331e-01  8.333630e-02  1.304173e-01
     vertex  2.519935e-01  6.849109e-02  1.467195e-01
   endloop
 endfacet
 facet normal  1.383099e-02 -7.009709e-01 -7.130557e-01
   outer loop
     vertex  2.212274e-01  6.821444e-02  1.410137e-01
     vertex  2.166317e-01  5.236970e-02  1.565008e-01
     vertex  2.068755e-01  5.217720e-02  1.565008e-01
   endloop
 endfacet
 facet normal -4.366570e-02 -7.490655e-01 -6.610553e-01
   outer loop
     vertex  2.212274e-01  6.821444e-02  1.410137e-01
     vertex  1.927432e-01  7.922629e-02  1.304173e-01
     vertex  2.094444e-01  7.825271e-02  1.304173e-01
   endloop
 endfacet
 facet normal  8.309669e-02 -7.087936e-01 -7.005045e-01
   outer loop
     vertex  2.212274e-01  6.821444e-02  1.410137e-01
     vertex  2.349109e-01  5.934615e-02  1.516102e-01
     vertex  2.166317e-01  5.236970e-02  1.565008e-01
   endloop
 endfacet
 facet normal  1.426323e-01 -6.606079e-01 -7.370571e-01
   outer loop
     vertex  2.212274e-01  6.821444e-02  1.410137e-01
     vertex  2.519935e-01  6.849109e-02  1.467195e-01
     vertex  2.349109e-01  5.934615e-02  1.516102e-01
   endloop
 endfacet
 facet normal  5.192274e-02 -6.955225e-01 -7.166257e-01
   outer loop
     vertex  2.212274e-01  6.821444e-02  1.410137e-01
     vertex  2.094444e-01  7.825271e-02  1.304173e-01
     vertex  2.272635e-01  7.958297e-02  1.304173e-01
   endloop
 endfacet
 facet normal -5.179149e-03 -7.002981e-01 -7.138318e-01
   outer loop
     vertex  2.212274e-01  6.821444e-02  1.410137e-01
     vertex  1.969293e-01  5.260778e-02  1.565008e-01
     vertex  1.927432e-01  7.922629e-02  1.304173e-01
   endloop
 endfacet
 facet normal  3.658742e-01 -6.331028e-01 -6.821414e-01
   outer loop
     vertex  2.674705e-01  1.042681e-01  1.198209e-01
     vertex  2.854009e-01  1.032130e-01  1.304173e-01
     vertex  2.617271e-01  8.953173e-02  1.304173e-01
   endloop
 endfacet
 facet normal  3.921804e-01 -5.915464e-01 -7.044625e-01
   outer loop
     vertex  2.674705e-01  1.042681e-01  1.198209e-01
     vertex  2.608347e-01  1.183120e-01  1.043339e-01
     vertex  2.748704e-01  1.217931e-01  1.092245e-01
   endloop
 endfacet
 facet normal  2.710947e-01 -6.959359e-01 -6.649669e-01
   outer loop
     vertex  2.674705e-01  1.042681e-01  1.198209e-01
     vertex  2.392494e-01  9.872669e-02  1.141152e-01
     vertex  2.508946e-01  1.079360e-01  1.092245e-01
   endloop
 endfacet
 facet normal  2.708441e-01 -6.293351e-01 -7.284098e-01
   outer loop
     vertex  2.674705e-01  1.042681e-01  1.198209e-01
     vertex  2.617271e-01  8.953173e-02  1.304173e-01
     vertex  2.392494e-01  9.872669e-02  1.141152e-01
   endloop
 endfacet
 facet normal  3.125518e-01 -6.331771e-01 -7.080947e-01
   outer loop
     vertex  2.674705e-01  1.042681e-01  1.198209e-01
     vertex  2.508946e-01  1.079360e-01  1.092245e-01
     vertex  2.608347e-01  1.183120e-01  1.043339e-01
   endloop
 endfacet
 facet normal  2.294215e-02 -6.906799e-01 -7.227966e-01
   outer loop
     vertex  1.972748e-01  3.705764e-02  1.719879e-01
     vertex  2.262336e-01  2.693041e-02  1.825843e-01
     vertex  2.032007e-01  2.616533e-02  1.825843e-01
   endloop
 endfacet
 facet normal  1.931976e-02 -6.958962e-01 -7.178824e-01
   outer loop
     vertex  1.972748e-01  3.705764e-02  1.719879e-01
     vertex  2.308869e-01  4.387682e-02  1.662821e-01
     vertex  2.262336e-01  2.693041e-02  1.825843e-01
   endloop
 endfacet
 facet normal  3.817472e-02 -7.452055e-01 -6.657413e-01
   outer loop
     vertex  1.972748e-01  3.705764e-02  1.719879e-01
     vertex  2.132011e-01  4.733997e-02  1.613915e-01
     vertex  2.308869e-01  4.387682e-02  1.662821e-01
   endloop
 endfacet
 facet normal  2.004336e-02 -6.715471e-01 -7.406907e-01
   outer loop
     vertex  1.929380e-01  1.612853e-02  1.931807e-01
     vertex  2.301634e-01  1.094634e-02  1.988864e-01
     vertex  2.080334e-01  4.891639e-03  2.037771e-01
   endloop
 endfacet
 facet normal -6.525208e-02 -6.921516e-01 -7.187964e-01
   outer loop
     vertex  1.929380e-01  1.612853e-02  1.931807e-01
     vertex  1.799310e-01  2.835907e-02  1.825843e-01
     vertex  2.032007e-01  2.616533e-02  1.825843e-01
   endloop
 endfacet
 facet normal  1.244740e-02 -7.319523e-01 -6.812422e-01
   outer loop
     vertex  1.929380e-01  1.612853e-02  1.931807e-01
     vertex  2.032007e-01  2.616533e-02  1.825843e-01
     vertex  2.244173e-01  2.349159e-02  1.858447e-01
   endloop
 endfacet
 facet normal  6.348338e-03 -7.192783e-01 -6.946930e-01
   outer loop
     vertex  1.929380e-01  1.612853e-02  1.931807e-01
     vertex  2.244173e-01  2.349159e-02  1.858447e-01
     vertex  2.301634e-01  1.094634e-02  1.988864e-01
   endloop
 endfacet
 facet normal -3.826827e-02 -7.122970e-01 -7.008341e-01
   outer loop
     vertex  1.929380e-01  1.612853e-02  1.931807e-01
     vertex  2.080334e-01  4.891639e-03  2.037771e-01
     vertex  1.854967e-01  1.290481e-03  2.086677e-01
   endloop
 endfacet
 facet normal  2.343638e-01  6.703928e-01 -7.040221e-01
   outer loop
     vertex  2.536587e-01  3.144259e-01  1.149303e-01
     vertex  2.508846e-01  3.094037e-01  1.092245e-01
     vertex  2.392279e-01  3.186148e-01  1.141152e-01
   endloop
 endfacet
 facet normal  3.186261e-01  6.293131e-01 -7.088318e-01
   outer loop
     vertex  2.536587e-01  3.144259e-01  1.149303e-01
     vertex  2.676181e-01  3.082762e-01  1.157454e-01
     vertex  2.508846e-01  3.094037e-01  1.092245e-01
   endloop
 endfacet
 facet normal  3.183107e-01  6.284804e-01 -7.097117e-01
   outer loop
     vertex  2.536587e-01  3.144259e-01  1.149303e-01
     vertex  2.621412e-01  3.276184e-01  1.304173e-01
     vertex  2.676181e-01  3.082762e-01  1.157454e-01
   endloop
 endfacet
 facet normal  2.449106e-01  6.677401e-01 -7.029523e-01
   outer loop
     vertex  2.536587e-01  3.144259e-01  1.149303e-01
     vertex  2.447854e-01  3.339841e-01  1.304173e-01
     vertex  2.621412e-01  3.276184e-01  1.304173e-01
   endloop
 endfacet
 facet normal  2.334654e-01  6.665279e-01 -7.079791e-01
   outer loop
     vertex  2.536587e-01  3.144259e-01  1.149303e-01
     vertex  2.392279e-01  3.186148e-01  1.141152e-01
     vertex  2.447854e-01  3.339841e-01  1.304173e-01
   endloop
 endfacet
 facet normal  6.943834e-01  4.487703e-02 -7.182046e-01
   outer loop
     vertex  3.937477e-01  2.409976e-01  1.878825e-01
     vertex  4.155996e-01  2.355274e-01  2.086677e-01
     vertex  4.173355e-01  2.086677e-01  2.086677e-01
   endloop
 endfacet
 facet normal  7.010969e-01  1.626178e-01 -6.942756e-01
   outer loop
     vertex  3.937477e-01  2.409976e-01  1.878825e-01
     vertex  3.933470e-01  2.653453e-01  1.931807e-01
     vertex  4.155996e-01  2.355274e-01  2.086677e-01
   endloop
 endfacet
 facet normal  7.060373e-01  1.616550e-01 -6.894774e-01
   outer loop
     vertex  3.937477e-01  2.409976e-01  1.878825e-01
     vertex  3.867511e-01  2.489585e-01  1.825843e-01
     vertex  3.933470e-01  2.653453e-01  1.931807e-01
   endloop
 endfacet
 facet normal  6.661788e-01  9.302075e-02 -7.399682e-01
   outer loop
     vertex  3.937477e-01  2.409976e-01  1.878825e-01
     vertex  3.909762e-01  2.186997e-01  1.825843e-01
     vertex  3.867511e-01  2.489585e-01  1.825843e-01
   endloop
 endfacet
 facet normal  7.158047e-01  7.596707e-02 -6.941560e-01
   outer loop
     vertex  3.937477e-01  2.409976e-01  1.878825e-01
     vertex  4.173355e-01  2.086677e-01  2.086677e-01
     vertex  3.909762e-01  2.186997e-01  1.825843e-01
   endloop
 endfacet
 facet normal -6.439473e-01  2.910543e-01 -7.075446e-01
   outer loop
     vertex  2.070961e-01  2.091010e-01  1.630218e-03
     vertex  2.014296e-01  2.124161e-01  8.151085e-03
     vertex  2.058523e-01  2.103121e-01  3.260435e-03
   endloop
 endfacet
 facet normal -6.420078e-01  2.947924e-01 -7.077595e-01
   outer loop
     vertex  2.070961e-01  2.091010e-01  1.630218e-03
     vertex  1.967939e-01  2.140621e-01  1.304174e-02
     vertex  2.014296e-01  2.124161e-01  8.151085e-03
   endloop
 endfacet
 facet normal -5.465213e-01  4.165953e-01 -7.264728e-01
   outer loop
     vertex  2.070961e-01  2.091010e-01  1.630218e-03
     vertex  2.058523e-01  2.103121e-01  3.260435e-03
     vertex  2.078335e-01  2.100683e-01  1.630218e-03
   endloop
 endfacet
 facet normal -6.738913e-01  2.217218e-01 -7.047765e-01
   outer loop
     vertex  2.070961e-01  2.091010e-01  1.630218e-03
     vertex  2.022979e-01  2.100632e-01  6.520868e-03
     vertex  1.967939e-01  2.140621e-01  1.304174e-02
   endloop
 endfacet
 facet normal -6.597134e-01  3.690518e-01 -6.546594e-01
   outer loop
     vertex  2.074452e-01  2.086512e-01  1.222664e-03
     vertex  2.078335e-01  2.100683e-01  1.630218e-03
     vertex  2.086677e-01  2.086677e-01  1.605000e-09
   endloop
 endfacet
 facet normal -7.075379e-01  1.305015e-02 -7.065549e-01
   outer loop
     vertex  2.074452e-01  2.086512e-01  1.222664e-03
     vertex  2.062233e-01  2.086016e-01  2.445327e-03
     vertex  1.978279e-01  2.094511e-01  1.086811e-02
   endloop
 endfacet
 facet normal -6.584595e-01 -2.271496e-01 -7.175195e-01
   outer loop
     vertex  2.074452e-01  2.086512e-01  1.222664e-03
     vertex  2.073029e-01  2.077761e-01  1.630218e-03
     vertex  2.055748e-01  2.076361e-01  3.260435e-03
   endloop
 endfacet
 facet normal -6.870373e-01 -1.579074e-01 -7.092567e-01
   outer loop
     vertex  2.074452e-01  2.086512e-01  1.222664e-03
     vertex  2.055748e-01  2.076361e-01  3.260435e-03
     vertex  2.034043e-01  2.073167e-01  5.434057e-03
   endloop
 endfacet
 facet normal -5.956620e-01 -2.575298e-01 -7.608319e-01
   outer loop
     vertex  2.074452e-01  2.086512e-01  1.222664e-03
     vertex  2.082650e-01  2.079591e-01  8.151099e-04
     vertex  2.073029e-01  2.077761e-01  1.630218e-03
   endloop
 endfacet
 facet normal -7.016456e-01 -1.011968e-01 -7.053032e-01
   outer loop
     vertex  2.074452e-01  2.086512e-01  1.222664e-03
     vertex  2.034043e-01  2.073167e-01  5.434057e-03
     vertex  2.062233e-01  2.086016e-01  2.445327e-03
   endloop
 endfacet
 facet normal -7.009554e-01  9.636140e-02 -7.066654e-01
   outer loop
     vertex  2.074452e-01  2.086512e-01  1.222664e-03
     vertex  2.022979e-01  2.100632e-01  6.520868e-03
     vertex  2.070961e-01  2.091010e-01  1.630218e-03
   endloop
 endfacet
 facet normal -7.006996e-01  9.760553e-02 -7.067484e-01
   outer loop
     vertex  2.074452e-01  2.086512e-01  1.222664e-03
     vertex  1.978279e-01  2.094511e-01  1.086811e-02
     vertex  2.022979e-01  2.100632e-01  6.520868e-03
   endloop
 endfacet
 facet normal -4.733406e-01  3.608120e-01 -8.035940e-01
   outer loop
     vertex  2.074452e-01  2.086512e-01  1.222664e-03
     vertex  2.070961e-01  2.091010e-01  1.630218e-03
     vertex  2.078335e-01  2.100683e-01  1.630218e-03
   endloop
 endfacet
 facet normal -6.502397e-01 -3.842728e-01 -6.553798e-01
   outer loop
     vertex  2.074452e-01  2.086512e-01  1.222664e-03
     vertex  2.086677e-01  2.086677e-01  1.605000e-09
     vertex  2.082650e-01  2.079591e-01  8.151099e-04
   endloop
 endfacet
 facet normal  1.151945e-01  7.064871e-01 -6.982881e-01
   outer loop
     vertex  2.240161e-01  3.435126e-01  1.357155e-01
     vertex  2.402046e-01  3.461097e-01  1.410137e-01
     vertex  2.269598e-01  3.377959e-01  1.304173e-01
   endloop
 endfacet
 facet normal  5.009556e-02  6.926521e-01 -7.195300e-01
   outer loop
     vertex  2.240161e-01  3.435126e-01  1.357155e-01
     vertex  2.269598e-01  3.377959e-01  1.304173e-01
     vertex  2.091470e-01  3.390842e-01  1.304173e-01
   endloop
 endfacet
 facet normal  1.143318e-01  7.164411e-01 -6.882154e-01
   outer loop
     vertex  2.291301e-01  3.847690e-01  1.772861e-01
     vertex  2.249635e-01  3.905233e-01  1.825843e-01
     vertex  2.497820e-01  3.865627e-01  1.825843e-01
   endloop
 endfacet
 facet normal  4.850122e-02  6.953277e-01 -7.170545e-01
   outer loop
     vertex  2.291301e-01  3.847690e-01  1.772861e-01
     vertex  2.098264e-01  3.806517e-01  1.719879e-01
     vertex  2.249635e-01  3.905233e-01  1.825843e-01
   endloop
 endfacet
 facet normal  1.551859e-01  6.834138e-01 -7.133463e-01
   outer loop
     vertex  2.611299e-01  3.975510e-01  1.960336e-01
     vertex  2.413662e-01  3.990610e-01  1.931807e-01
     vertex  2.594729e-01  4.060099e-01  2.037771e-01
   endloop
 endfacet
 facet normal  2.243739e-01  6.815595e-01 -6.965149e-01
   outer loop
     vertex  2.611299e-01  3.975510e-01  1.960336e-01
     vertex  2.594729e-01  4.060099e-01  2.037771e-01
     vertex  2.811563e-01  3.938736e-01  1.988864e-01
   endloop
 endfacet
 facet normal  1.543137e-01  6.973364e-01 -6.999351e-01
   outer loop
     vertex  2.611299e-01  3.975510e-01  1.960336e-01
     vertex  2.497820e-01  3.865627e-01  1.825843e-01
     vertex  2.413662e-01  3.990610e-01  1.931807e-01
   endloop
 endfacet
 facet normal  1.470901e-02  6.885545e-01 -7.250354e-01
   outer loop
     vertex  2.199962e-01  3.962084e-01  1.878825e-01
     vertex  2.249635e-01  3.905233e-01  1.825843e-01
     vertex  2.001529e-01  3.910534e-01  1.825843e-01
   endloop
 endfacet
 facet normal  7.688178e-02  7.148871e-01 -6.950004e-01
   outer loop
     vertex  2.199962e-01  3.962084e-01  1.878825e-01
     vertex  2.413662e-01  3.990610e-01  1.931807e-01
     vertex  2.249635e-01  3.905233e-01  1.825843e-01
   endloop
 endfacet
 facet normal -6.974460e-01 -1.327774e-01 -7.042295e-01
   outer loop
     vertex  9.459572e-02  1.946484e-01  1.149303e-01
     vertex  1.003252e-01  1.948151e-01  1.092245e-01
     vertex  9.819443e-02  1.800684e-01  1.141152e-01
   endloop
 endfacet
 facet normal -7.035807e-01 -3.926908e-02 -7.095296e-01
   outer loop
     vertex  9.459572e-02  1.946484e-01  1.149303e-01
     vertex  7.894608e-02  1.952151e-01  1.304173e-01
     vertex  9.292792e-02  2.098025e-01  1.157454e-01
   endloop
 endfacet
 facet normal -7.045121e-01 -3.942180e-02 -7.085962e-01
   outer loop
     vertex  9.459572e-02  1.946484e-01  1.149303e-01
     vertex  9.292792e-02  2.098025e-01  1.157454e-01
     vertex  1.003252e-01  1.948151e-01  1.092245e-01
   endloop
 endfacet
 facet normal -7.002911e-01 -1.232856e-01 -7.031309e-01
   outer loop
     vertex  9.459572e-02  1.946484e-01  1.149303e-01
     vertex  8.215110e-02  1.770099e-01  1.304173e-01
     vertex  7.894608e-02  1.952151e-01  1.304173e-01
   endloop
 endfacet
 facet normal -6.940611e-01 -1.317446e-01 -7.077589e-01
   outer loop
     vertex  9.459572e-02  1.946484e-01  1.149303e-01
     vertex  9.819443e-02  1.800684e-01  1.141152e-01
     vertex  8.215110e-02  1.770099e-01  1.304173e-01
   endloop
 endfacet
 facet normal -5.005267e-01  5.133355e-01 -6.971081e-01
   outer loop
     vertex  8.341639e-02  3.487103e-01  1.878825e-01
     vertex  8.348787e-02  3.415851e-01  1.825843e-01
     vertex  6.605958e-02  3.389815e-01  1.931807e-01
   endloop
 endfacet
 facet normal -4.430643e-01  5.320677e-01 -7.215248e-01
   outer loop
     vertex  8.341639e-02  3.487103e-01  1.878825e-01
     vertex  1.006091e-01  3.558423e-01  1.825843e-01
     vertex  8.348787e-02  3.415851e-01  1.825843e-01
   endloop
 endfacet
 facet normal -5.011512e-01  5.156099e-01 -6.949776e-01
   outer loop
     vertex  8.153113e-02  3.585970e-01  1.965770e-01
     vertex  8.341639e-02  3.487103e-01  1.878825e-01
     vertex  6.605958e-02  3.389815e-01  1.931807e-01
   endloop
 endfacet
 facet normal -4.304484e-01  5.707593e-01 -6.992482e-01
   outer loop
     vertex  8.153113e-02  3.585970e-01  1.965770e-01
     vertex  9.852965e-02  3.755776e-01  1.999732e-01
     vertex  1.006091e-01  3.558423e-01  1.825843e-01
   endloop
 endfacet
 facet normal -4.825432e-01  5.258995e-01 -7.004154e-01
   outer loop
     vertex  8.153113e-02  3.585970e-01  1.965770e-01
     vertex  6.290010e-02  3.514533e-01  2.040488e-01
     vertex  7.881488e-02  3.664179e-01  2.043205e-01
   endloop
 endfacet
 facet normal -4.809252e-01  5.035925e-01 -7.177085e-01
   outer loop
     vertex  8.153113e-02  3.585970e-01  1.965770e-01
     vertex  6.605958e-02  3.389815e-01  1.931807e-01
     vertex  6.290010e-02  3.514533e-01  2.040488e-01
   endloop
 endfacet
 facet normal -4.446311e-01  5.422047e-01 -7.129637e-01
   outer loop
     vertex  8.153113e-02  3.585970e-01  1.965770e-01
     vertex  1.006091e-01  3.558423e-01  1.825843e-01
     vertex  8.341639e-02  3.487103e-01  1.878825e-01
   endloop
 endfacet
 facet normal -4.183270e-01  5.615562e-01 -7.139027e-01
   outer loop
     vertex  8.153113e-02  3.585970e-01  1.965770e-01
     vertex  7.881488e-02  3.664179e-01  2.043205e-01
     vertex  9.852965e-02  3.755776e-01  1.999732e-01
   endloop
 endfacet
 facet normal -6.237265e-01 -3.040356e-01 -7.200886e-01
   outer loop
     vertex  8.442278e-02  1.540610e-01  1.357155e-01
     vertex  8.780049e-02  1.596801e-01  1.304173e-01
     vertex  9.562195e-02  1.436344e-01  1.304173e-01
   endloop
 endfacet
 facet normal -6.682009e-01 -2.567374e-01 -6.982790e-01
   outer loop
     vertex  8.442278e-02  1.540610e-01  1.357155e-01
     vertex  7.410481e-02  1.665050e-01  1.410137e-01
     vertex  8.780049e-02  1.596801e-01  1.304173e-01
   endloop
 endfacet
 facet normal -6.685525e-01 -2.607666e-01 -6.964469e-01
   outer loop
     vertex  5.239223e-02  1.439792e-01  1.691350e-01
     vertex  4.353115e-02  1.307773e-01  1.825843e-01
     vertex  3.440440e-02  1.541764e-01  1.825843e-01
   endloop
 endfacet
 facet normal -6.622296e-01 -2.258737e-01 -7.144460e-01
   outer loop
     vertex  5.239223e-02  1.439792e-01  1.691350e-01
     vertex  3.440440e-02  1.541764e-01  1.825843e-01
     vertex  4.793172e-02  1.660805e-01  1.662821e-01
   endloop
 endfacet
 facet normal -6.447152e-01 -3.146416e-01 -6.966656e-01
   outer loop
     vertex  5.239223e-02  1.439792e-01  1.691350e-01
     vertex  6.616329e-02  1.329070e-01  1.613915e-01
     vertex  5.962618e-02  1.228398e-01  1.719879e-01
   endloop
 endfacet
 facet normal -6.803129e-01 -2.272458e-01 -6.968025e-01
   outer loop
     vertex  5.239223e-02  1.439792e-01  1.691350e-01
     vertex  4.793172e-02  1.660805e-01  1.662821e-01
     vertex  5.828334e-02  1.500867e-01  1.613915e-01
   endloop
 endfacet
 facet normal -6.247816e-01 -3.104853e-01 -7.164125e-01
   outer loop
     vertex  5.239223e-02  1.439792e-01  1.691350e-01
     vertex  5.962618e-02  1.228398e-01  1.719879e-01
     vertex  4.353115e-02  1.307773e-01  1.825843e-01
   endloop
 endfacet
 facet normal -6.362196e-01 -2.918199e-01 -7.141889e-01
   outer loop
     vertex  5.239223e-02  1.439792e-01  1.691350e-01
     vertex  5.828334e-02  1.500867e-01  1.613915e-01
     vertex  6.616329e-02  1.329070e-01  1.613915e-01
   endloop
 endfacet
 facet normal -6.428568e-01 -3.108814e-01 -7.000628e-01
   outer loop
     vertex  2.793306e-02  1.327459e-01  1.960336e-01
     vertex  4.353115e-02  1.307773e-01  1.825843e-01
     vertex  3.893224e-02  1.164255e-01  1.931807e-01
   endloop
 endfacet
 facet normal -6.325167e-01 -3.015770e-01 -7.134241e-01
   outer loop
     vertex  2.793306e-02  1.327459e-01  1.960336e-01
     vertex  3.893224e-02  1.164255e-01  1.931807e-01
     vertex  2.236899e-02  1.260973e-01  2.037771e-01
   endloop
 endfacet
 facet normal -6.741758e-01 -2.466258e-01 -6.961772e-01
   outer loop
     vertex  2.793306e-02  1.327459e-01  1.960336e-01
     vertex  2.236899e-02  1.260973e-01  2.037771e-01
     vertex  1.840308e-02  1.507439e-01  1.988864e-01
   endloop
 endfacet
 facet normal -6.089754e-01 -3.811672e-01 -6.956009e-01
   outer loop
     vertex  5.413222e-02  1.018099e-01  1.878825e-01
     vertex  3.893224e-02  1.164255e-01  1.931807e-01
     vertex  5.562161e-02  1.090992e-01  1.825843e-01
   endloop
 endfacet
 facet normal -5.521309e-01 -4.134438e-01 -7.240274e-01
   outer loop
     vertex  5.413222e-02  1.018099e-01  1.878825e-01
     vertex  5.562161e-02  1.090992e-01  1.825843e-01
     vertex  7.004845e-02  8.983294e-02  1.825843e-01
   endloop
 endfacet
 facet normal -2.263186e-01 -7.353178e-01 -6.388174e-01
   outer loop
     vertex  1.811768e-01  4.674045e-02  1.642443e-01
     vertex  1.578481e-01  6.064792e-02  1.565008e-01
     vertex  1.674607e-01  5.768933e-02  1.565008e-01
   endloop
 endfacet
 facet normal -1.690591e-01 -6.805404e-01 -7.129403e-01
   outer loop
     vertex  1.811768e-01  4.674045e-02  1.642443e-01
     vertex  1.572872e-01  3.346198e-02  1.825843e-01
     vertex  1.578481e-01  6.064792e-02  1.565008e-01
   endloop
 endfacet
 facet normal -1.679668e-01 -7.007717e-01 -6.933297e-01
   outer loop
     vertex  1.811768e-01  4.674045e-02  1.642443e-01
     vertex  1.674607e-01  5.768933e-02  1.565008e-01
     vertex  1.769539e-01  5.541392e-02  1.565008e-01
   endloop
 endfacet
 facet normal -9.674248e-02 -6.886582e-01 -7.186033e-01
   outer loop
     vertex  1.811768e-01  4.674045e-02  1.642443e-01
     vertex  1.769539e-01  5.541392e-02  1.565008e-01
     vertex  1.969293e-01  5.260778e-02  1.565008e-01
   endloop
 endfacet
 facet normal -4.470412e-02 -7.503714e-01 -6.595031e-01
   outer loop
     vertex  1.811768e-01  4.674045e-02  1.642443e-01
     vertex  1.969293e-01  5.260778e-02  1.565008e-01
     vertex  2.132011e-01  4.733997e-02  1.613915e-01
   endloop
 endfacet
 facet normal -5.284270e-02 -6.757986e-01 -7.351897e-01
   outer loop
     vertex  1.811768e-01  4.674045e-02  1.642443e-01
     vertex  2.132011e-01  4.733997e-02  1.613915e-01
     vertex  1.972748e-01  3.705764e-02  1.719879e-01
   endloop
 endfacet
 facet normal  4.639882e-01 -5.368807e-01 -7.046091e-01
   outer loop
     vertex  2.790698e-01  1.152596e-01  1.169680e-01
     vertex  2.748704e-01  1.217931e-01  1.092245e-01
     vertex  2.887364e-01  1.273579e-01  1.141152e-01
   endloop
 endfacet
 facet normal  4.581729e-01 -5.440042e-01 -7.029488e-01
   outer loop
     vertex  2.790698e-01  1.152596e-01  1.169680e-01
     vertex  2.995389e-01  1.151203e-01  1.304173e-01
     vertex  2.854009e-01  1.032130e-01  1.304173e-01
   endloop
 endfacet
 facet normal  3.860363e-01 -5.911827e-01 -7.081518e-01
   outer loop
     vertex  2.790698e-01  1.152596e-01  1.169680e-01
     vertex  2.674705e-01  1.042681e-01  1.198209e-01
     vertex  2.748704e-01  1.217931e-01  1.092245e-01
   endloop
 endfacet
 facet normal  4.612489e-01 -5.353833e-01 -7.075409e-01
   outer loop
     vertex  2.790698e-01  1.152596e-01  1.169680e-01
     vertex  2.887364e-01  1.273579e-01  1.141152e-01
     vertex  2.995389e-01  1.151203e-01  1.304173e-01
   endloop
 endfacet
 facet normal  3.846974e-01 -5.901764e-01 -7.097181e-01
   outer loop
     vertex  2.790698e-01  1.152596e-01  1.169680e-01
     vertex  2.854009e-01  1.032130e-01  1.304173e-01
     vertex  2.674705e-01  1.042681e-01  1.198209e-01
   endloop
 endfacet
 facet normal -1.632212e-01 -6.858634e-01 -7.091898e-01
   outer loop
     vertex  1.772832e-01  3.418175e-02  1.772861e-01
     vertex  1.572872e-01  3.346198e-02  1.825843e-01
     vertex  1.811768e-01  4.674045e-02  1.642443e-01
   endloop
 endfacet
 facet normal -1.584145e-01 -7.029527e-01 -6.933703e-01
   outer loop
     vertex  1.772832e-01  3.418175e-02  1.772861e-01
     vertex  1.799310e-01  2.835907e-02  1.825843e-01
     vertex  1.572872e-01  3.346198e-02  1.825843e-01
   endloop
 endfacet
 facet normal -8.030103e-02 -7.171541e-01 -6.922728e-01
   outer loop
     vertex  1.772832e-01  3.418175e-02  1.772861e-01
     vertex  1.972748e-01  3.705764e-02  1.719879e-01
     vertex  2.032007e-01  2.616533e-02  1.825843e-01
   endloop
 endfacet
 facet normal -6.481920e-02 -6.875599e-01 -7.232288e-01
   outer loop
     vertex  1.772832e-01  3.418175e-02  1.772861e-01
     vertex  2.032007e-01  2.616533e-02  1.825843e-01
     vertex  1.799310e-01  2.835907e-02  1.825843e-01
   endloop
 endfacet
 facet normal -8.523074e-02 -7.048643e-01 -7.042031e-01
   outer loop
     vertex  1.772832e-01  3.418175e-02  1.772861e-01
     vertex  1.811768e-01  4.674045e-02  1.642443e-01
     vertex  1.972748e-01  3.705764e-02  1.719879e-01
   endloop
 endfacet
 facet normal -1.518985e-01 -6.740382e-01 -7.229103e-01
   outer loop
     vertex  1.740509e-01  2.400182e-02  1.878825e-01
     vertex  1.572872e-01  3.346198e-02  1.825843e-01
     vertex  1.799310e-01  2.835907e-02  1.825843e-01
   endloop
 endfacet
 facet normal -1.008778e-01 -7.105850e-01 -6.963424e-01
   outer loop
     vertex  1.740509e-01  2.400182e-02  1.878825e-01
     vertex  1.799310e-01  2.835907e-02  1.825843e-01
     vertex  1.929380e-01  1.612853e-02  1.931807e-01
   endloop
 endfacet
 facet normal  7.981448e-02  6.881212e-01 -7.211927e-01
   outer loop
     vertex  2.102310e-01  3.547675e-01  1.461082e-01
     vertex  2.159110e-01  3.650008e-01  1.565008e-01
     vertex  2.374012e-01  3.625082e-01  1.565008e-01
   endloop
 endfacet
 facet normal -4.457095e-02  7.081103e-01 -7.046937e-01
   outer loop
     vertex  2.102310e-01  3.547675e-01  1.461082e-01
     vertex  2.091470e-01  3.390842e-01  1.304173e-01
     vertex  1.918393e-01  3.379948e-01  1.304173e-01
   endloop
 endfacet
 facet normal  7.768461e-02  6.915271e-01 -7.181611e-01
   outer loop
     vertex  2.102310e-01  3.547675e-01  1.461082e-01
     vertex  2.374012e-01  3.625082e-01  1.565008e-01
     vertex  2.402046e-01  3.461097e-01  1.410137e-01
   endloop
 endfacet
 facet normal  4.216981e-02  7.051882e-01 -7.077650e-01
   outer loop
     vertex  2.102310e-01  3.547675e-01  1.461082e-01
     vertex  2.240161e-01  3.435126e-01  1.357155e-01
     vertex  2.091470e-01  3.390842e-01  1.304173e-01
   endloop
 endfacet
 facet normal  9.987393e-02  7.382786e-01 -6.670606e-01
   outer loop
     vertex  2.102310e-01  3.547675e-01  1.461082e-01
     vertex  2.402046e-01  3.461097e-01  1.410137e-01
     vertex  2.240161e-01  3.435126e-01  1.357155e-01
   endloop
 endfacet
 facet normal  8.354970e-02  7.203244e-01 -6.885871e-01
   outer loop
     vertex  2.449709e-01  3.715649e-01  1.668934e-01
     vertex  2.374012e-01  3.625082e-01  1.565008e-01
     vertex  2.159110e-01  3.650008e-01  1.565008e-01
   endloop
 endfacet
 facet normal  8.524603e-02  7.173659e-01 -6.914617e-01
   outer loop
     vertex  2.449709e-01  3.715649e-01  1.668934e-01
     vertex  2.159110e-01  3.650008e-01  1.565008e-01
     vertex  2.098264e-01  3.806517e-01  1.719879e-01
   endloop
 endfacet
 facet normal  1.757170e-01  6.752023e-01 -7.163975e-01
   outer loop
     vertex  2.449709e-01  3.715649e-01  1.668934e-01
     vertex  2.585724e-01  3.569985e-01  1.565008e-01
     vertex  2.374012e-01  3.625082e-01  1.565008e-01
   endloop
 endfacet
 facet normal  1.201430e-01  6.989962e-01 -7.049610e-01
   outer loop
     vertex  2.449709e-01  3.715649e-01  1.668934e-01
     vertex  2.291301e-01  3.847690e-01  1.772861e-01
     vertex  2.497820e-01  3.865627e-01  1.825843e-01
   endloop
 endfacet
 facet normal  6.330705e-02  6.630367e-01 -7.459052e-01
   outer loop
     vertex  2.449709e-01  3.715649e-01  1.668934e-01
     vertex  2.098264e-01  3.806517e-01  1.719879e-01
     vertex  2.291301e-01  3.847690e-01  1.772861e-01
   endloop
 endfacet
 facet normal  2.151374e-01  6.594528e-01 -7.203040e-01
   outer loop
     vertex  2.789482e-01  3.879541e-01  1.925693e-01
     vertex  2.497820e-01  3.865627e-01  1.825843e-01
     vertex  2.611299e-01  3.975510e-01  1.960336e-01
   endloop
 endfacet
 facet normal  2.239014e-01  6.709000e-01 -7.069380e-01
   outer loop
     vertex  2.789482e-01  3.879541e-01  1.925693e-01
     vertex  2.611299e-01  3.975510e-01  1.960336e-01
     vertex  2.811563e-01  3.938736e-01  1.988864e-01
   endloop
 endfacet
 facet normal  2.899949e-01  6.424793e-01 -7.093118e-01
   outer loop
     vertex  2.789482e-01  3.879541e-01  1.925693e-01
     vertex  2.954991e-01  3.766590e-01  1.891051e-01
     vertex  2.740090e-01  3.791598e-01  1.825843e-01
   endloop
 endfacet
 facet normal  2.931222e-01  6.443870e-01 -7.062894e-01
   outer loop
     vertex  2.789482e-01  3.879541e-01  1.925693e-01
     vertex  2.811563e-01  3.938736e-01  1.988864e-01
     vertex  2.998651e-01  3.835765e-01  1.972562e-01
   endloop
 endfacet
 facet normal  2.079991e-01  6.806990e-01 -7.024138e-01
   outer loop
     vertex  2.789482e-01  3.879541e-01  1.925693e-01
     vertex  2.740090e-01  3.791598e-01  1.825843e-01
     vertex  2.497820e-01  3.865627e-01  1.825843e-01
   endloop
 endfacet
 facet normal  2.931278e-01  6.457580e-01 -7.050339e-01
   outer loop
     vertex  2.789482e-01  3.879541e-01  1.925693e-01
     vertex  2.998651e-01  3.835765e-01  1.972562e-01
     vertex  2.954991e-01  3.766590e-01  1.891051e-01
   endloop
 endfacet
 facet normal -7.979059e-02  7.051548e-01 -7.045496e-01
   outer loop
     vertex  2.005631e-01  4.067771e-01  1.982751e-01
     vertex  2.001529e-01  3.910534e-01  1.825843e-01
     vertex  1.762140e-01  3.883446e-01  1.825843e-01
   endloop
 endfacet
 facet normal -5.137319e-02  7.185952e-01 -6.935285e-01
   outer loop
     vertex  2.005631e-01  4.067771e-01  1.982751e-01
     vertex  1.797103e-01  4.153164e-01  2.086677e-01
     vertex  2.079339e-01  4.173342e-01  2.086677e-01
   endloop
 endfacet
 facet normal  5.530910e-03  7.062819e-01 -7.079091e-01
   outer loop
     vertex  2.005631e-01  4.067771e-01  1.982751e-01
     vertex  2.199962e-01  3.962084e-01  1.878825e-01
     vertex  2.001529e-01  3.910534e-01  1.825843e-01
   endloop
 endfacet
 facet normal -6.875451e-01 -2.858820e-01 -6.674977e-01
   outer loop
     vertex  8.165770e-02  1.364455e-01  1.461082e-01
     vertex  7.410481e-02  1.665050e-01  1.410137e-01
     vertex  8.442278e-02  1.540610e-01  1.357155e-01
   endloop
 endfacet
 facet normal -6.367624e-01 -2.816441e-01 -7.177814e-01
   outer loop
     vertex  8.165770e-02  1.364455e-01  1.461082e-01
     vertex  6.130254e-02  1.559800e-01  1.565008e-01
     vertex  7.410481e-02  1.665050e-01  1.410137e-01
   endloop
 endfacet
 facet normal -6.347148e-01 -2.777405e-01 -7.211084e-01
   outer loop
     vertex  8.165770e-02  1.364455e-01  1.461082e-01
     vertex  6.996751e-02  1.361781e-01  1.565008e-01
     vertex  6.130254e-02  1.559800e-01  1.565008e-01
   endloop
 endfacet
 facet normal -6.310364e-01 -3.183156e-01 -7.074378e-01
   outer loop
     vertex  8.165770e-02  1.364455e-01  1.461082e-01
     vertex  8.442278e-02  1.540610e-01  1.357155e-01
     vertex  9.562195e-02  1.436344e-01  1.304173e-01
   endloop
 endfacet
 facet normal -6.113133e-01 -3.743135e-01 -6.972700e-01
   outer loop
     vertex  8.165770e-02  1.364455e-01  1.461082e-01
     vertex  8.104578e-02  1.180855e-01  1.565008e-01
     vertex  6.996751e-02  1.361781e-01  1.565008e-01
   endloop
 endfacet
 facet normal -6.650581e-01 -2.400576e-01 -7.071564e-01
   outer loop
     vertex  2.439498e-02  1.527526e-01  1.925693e-01
     vertex  2.793306e-02  1.327459e-01  1.960336e-01
     vertex  1.840308e-02  1.507439e-01  1.988864e-01
   endloop
 endfacet
 facet normal -6.634866e-01 -2.587906e-01 -7.020064e-01
   outer loop
     vertex  2.439498e-02  1.527526e-01  1.925693e-01
     vertex  3.440440e-02  1.541764e-01  1.825843e-01
     vertex  4.353115e-02  1.307773e-01  1.825843e-01
   endloop
 endfacet
 facet normal -6.837311e-01 -1.700444e-01 -7.096455e-01
   outer loop
     vertex  2.439498e-02  1.527526e-01  1.925693e-01
     vertex  2.296296e-02  1.729678e-01  1.891051e-01
     vertex  3.440440e-02  1.541764e-01  1.825843e-01
   endloop
 endfacet
 facet normal -6.875039e-01 -1.696996e-01 -7.060740e-01
   outer loop
     vertex  2.439498e-02  1.527526e-01  1.925693e-01
     vertex  1.840308e-02  1.507439e-01  1.988864e-01
     vertex  2.296296e-02  1.729678e-01  1.891051e-01
   endloop
 endfacet
 facet normal -6.511394e-01 -2.398318e-01 -7.200682e-01
   outer loop
     vertex  2.439498e-02  1.527526e-01  1.925693e-01
     vertex  4.353115e-02  1.307773e-01  1.825843e-01
     vertex  2.793306e-02  1.327459e-01  1.960336e-01
   endloop
 endfacet
 facet normal -5.054429e-01 -4.961247e-01 -7.059658e-01
   outer loop
     vertex  5.799313e-02  7.978725e-02  1.982751e-01
     vertex  7.004845e-02  8.983294e-02  1.825843e-01
     vertex  8.727441e-02  7.228344e-02  1.825843e-01
   endloop
 endfacet
 facet normal -5.602372e-01 -4.318006e-01 -7.068823e-01
   outer loop
     vertex  5.799313e-02  7.978725e-02  1.982751e-01
     vertex  5.413222e-02  1.018099e-01  1.878825e-01
     vertex  7.004845e-02  8.983294e-02  1.825843e-01
   endloop
 endfacet
 facet normal -5.322418e-01 -4.849830e-01 -6.939093e-01
   outer loop
     vertex  5.799313e-02  7.978725e-02  1.982751e-01
     vertex  6.425814e-02  5.804207e-02  2.086677e-01
     vertex  4.530166e-02  7.884575e-02  2.086677e-01
   endloop
 endfacet
 facet normal -1.229759e-01 -7.399962e-01 -6.612734e-01
   outer loop
     vertex  1.542588e-01  1.800392e-02  1.982751e-01
     vertex  1.740509e-01  2.400182e-02  1.878825e-01
     vertex  1.929380e-01  1.612853e-02  1.931807e-01
   endloop
 endfacet
 facet normal -2.409892e-01 -6.677199e-01 -7.043255e-01
   outer loop
     vertex  1.542588e-01  1.800392e-02  1.982751e-01
     vertex  1.363122e-01  4.103216e-02  1.825843e-01
     vertex  1.572872e-01  3.346198e-02  1.825843e-01
   endloop
 endfacet
 facet normal -1.637389e-01 -6.867746e-01 -7.081880e-01
   outer loop
     vertex  1.542588e-01  1.800392e-02  1.982751e-01
     vertex  1.572872e-01  3.346198e-02  1.825843e-01
     vertex  1.740509e-01  2.400182e-02  1.878825e-01
   endloop
 endfacet
 facet normal -2.147609e-01 -6.868994e-01 -6.942960e-01
   outer loop
     vertex  1.542588e-01  1.800392e-02  1.982751e-01
     vertex  1.592902e-01  5.926317e-03  2.086677e-01
     vertex  1.337651e-01  1.390680e-02  2.086677e-01
   endloop
 endfacet
 facet normal -1.195322e-01 -6.757180e-01 -7.274045e-01
   outer loop
     vertex  1.542588e-01  1.800392e-02  1.982751e-01
     vertex  1.854967e-01  1.290481e-03  2.086677e-01
     vertex  1.592902e-01  5.926317e-03  2.086677e-01
   endloop
 endfacet
 facet normal -1.276995e-01 -6.847976e-01 -7.174573e-01
   outer loop
     vertex  1.542588e-01  1.800392e-02  1.982751e-01
     vertex  1.929380e-01  1.612853e-02  1.931807e-01
     vertex  1.854967e-01  1.290481e-03  2.086677e-01
   endloop
 endfacet
 facet normal  2.908812e-01  6.409498e-01 -7.103320e-01
   outer loop
     vertex  2.682897e-01  3.694473e-01  1.714784e-01
     vertex  2.740090e-01  3.791598e-01  1.825843e-01
     vertex  2.919186e-01  3.638051e-01  1.760634e-01
   endloop
 endfacet
 facet normal  2.007328e-01  6.767036e-01 -7.083633e-01
   outer loop
     vertex  2.682897e-01  3.694473e-01  1.714784e-01
     vertex  2.449709e-01  3.715649e-01  1.668934e-01
     vertex  2.497820e-01  3.865627e-01  1.825843e-01
   endloop
 endfacet
 facet normal  2.914009e-01  6.500949e-01 -7.017565e-01
   outer loop
     vertex  2.682897e-01  3.694473e-01  1.714784e-01
     vertex  2.919186e-01  3.638051e-01  1.760634e-01
     vertex  2.789205e-01  3.485143e-01  1.565008e-01
   endloop
 endfacet
 facet normal  1.998695e-01  6.858697e-01 -6.997392e-01
   outer loop
     vertex  2.682897e-01  3.694473e-01  1.714784e-01
     vertex  2.585724e-01  3.569985e-01  1.565008e-01
     vertex  2.449709e-01  3.715649e-01  1.668934e-01
   endloop
 endfacet
 facet normal  2.698456e-01  6.471794e-01 -7.129812e-01
   outer loop
     vertex  2.682897e-01  3.694473e-01  1.714784e-01
     vertex  2.789205e-01  3.485143e-01  1.565008e-01
     vertex  2.585724e-01  3.569985e-01  1.565008e-01
   endloop
 endfacet
 facet normal  2.079994e-01  6.807001e-01 -7.024127e-01
   outer loop
     vertex  2.682897e-01  3.694473e-01  1.714784e-01
     vertex  2.497820e-01  3.865627e-01  1.825843e-01
     vertex  2.740090e-01  3.791598e-01  1.825843e-01
   endloop
 endfacet
 facet normal -3.553211e-02  7.032312e-01 -7.100728e-01
   outer loop
     vertex  1.927240e-01  3.591298e-01  1.513045e-01
     vertex  2.102310e-01  3.547675e-01  1.461082e-01
     vertex  1.918393e-01  3.379948e-01  1.304173e-01
   endloop
 endfacet
 facet normal -1.492949e-02  6.951127e-01 -7.187457e-01
   outer loop
     vertex  1.927240e-01  3.591298e-01  1.513045e-01
     vertex  1.947189e-01  3.645457e-01  1.565008e-01
     vertex  2.159110e-01  3.650008e-01  1.565008e-01
   endloop
 endfacet
 facet normal -1.364122e-01  6.992352e-01 -7.017563e-01
   outer loop
     vertex  1.927240e-01  3.591298e-01  1.513045e-01
     vertex  1.918393e-01  3.379948e-01  1.304173e-01
     vertex  1.756520e-01  3.348368e-01  1.304173e-01
   endloop
 endfacet
 facet normal -1.159613e-01  6.931547e-01 -7.113998e-01
   outer loop
     vertex  1.927240e-01  3.591298e-01  1.513045e-01
     vertex  1.756520e-01  3.348368e-01  1.304173e-01
     vertex  1.748801e-01  3.614777e-01  1.565008e-01
   endloop
 endfacet
 facet normal -2.667651e-02  7.195453e-01 -6.939330e-01
   outer loop
     vertex  1.927240e-01  3.591298e-01  1.513045e-01
     vertex  2.159110e-01  3.650008e-01  1.565008e-01
     vertex  2.102310e-01  3.547675e-01  1.461082e-01
   endloop
 endfacet
 facet normal -1.096247e-01  7.088882e-01 -6.967495e-01
   outer loop
     vertex  1.927240e-01  3.591298e-01  1.513045e-01
     vertex  1.748801e-01  3.614777e-01  1.565008e-01
     vertex  1.947189e-01  3.645457e-01  1.565008e-01
   endloop
 endfacet
 facet normal  8.252935e-03  7.087907e-01 -7.053706e-01
   outer loop
     vertex  2.210481e-01  4.040037e-01  1.957279e-01
     vertex  2.199962e-01  3.962084e-01  1.878825e-01
     vertex  2.005631e-01  4.067771e-01  1.982751e-01
   endloop
 endfacet
 facet normal  8.188884e-02  7.014743e-01 -7.079746e-01
   outer loop
     vertex  2.210481e-01  4.040037e-01  1.957279e-01
     vertex  2.413662e-01  3.990610e-01  1.931807e-01
     vertex  2.199962e-01  3.962084e-01  1.878825e-01
   endloop
 endfacet
 facet normal  4.655907e-02  7.189657e-01 -6.934844e-01
   outer loop
     vertex  2.210481e-01  4.040037e-01  1.957279e-01
     vertex  2.079339e-01  4.173342e-01  2.086677e-01
     vertex  2.363084e-01  4.154967e-01  2.086677e-01
   endloop
 endfacet
 facet normal  5.834027e-03  6.994520e-01 -7.146557e-01
   outer loop
     vertex  2.210481e-01  4.040037e-01  1.957279e-01
     vertex  2.005631e-01  4.067771e-01  1.982751e-01
     vertex  2.079339e-01  4.173342e-01  2.086677e-01
   endloop
 endfacet
 facet normal  9.896574e-02  7.461277e-01 -6.584066e-01
   outer loop
     vertex  2.210481e-01  4.040037e-01  1.957279e-01
     vertex  2.594729e-01  4.060099e-01  2.037771e-01
     vertex  2.413662e-01  3.990610e-01  1.931807e-01
   endloop
 endfacet
 facet normal  1.188550e-01  6.686287e-01 -7.340362e-01
   outer loop
     vertex  2.210481e-01  4.040037e-01  1.957279e-01
     vertex  2.363084e-01  4.154967e-01  2.086677e-01
     vertex  2.594729e-01  4.060099e-01  2.037771e-01
   endloop
 endfacet
 facet normal -1.487213e-01  7.091015e-01 -6.892438e-01
   outer loop
     vertex  1.762539e-01  4.095407e-01  2.034714e-01
     vertex  1.521556e-01  4.095373e-01  2.086677e-01
     vertex  1.797103e-01  4.153164e-01  2.086677e-01
   endloop
 endfacet
 facet normal -7.500372e-02  6.913835e-01 -7.185842e-01
   outer loop
     vertex  1.762539e-01  4.095407e-01  2.034714e-01
     vertex  1.797103e-01  4.153164e-01  2.086677e-01
     vertex  2.005631e-01  4.067771e-01  1.982751e-01
   endloop
 endfacet
 facet normal -5.871205e-01 -3.919276e-01 -7.082953e-01
   outer loop
     vertex  9.307924e-02  1.214806e-01  1.447836e-01
     vertex  9.562195e-02  1.436344e-01  1.304173e-01
     vertex  1.052540e-01  1.292052e-01  1.304173e-01
   endloop
 endfacet
 facet normal -5.341088e-01 -4.563559e-01 -7.116650e-01
   outer loop
     vertex  9.307924e-02  1.214806e-01  1.447836e-01
     vertex  1.056862e-01  1.087913e-01  1.434591e-01
     vertex  9.367015e-02  1.025166e-01  1.565008e-01
   endloop
 endfacet
 facet normal -5.921481e-01 -3.895008e-01 -7.054429e-01
   outer loop
     vertex  9.307924e-02  1.214806e-01  1.447836e-01
     vertex  8.165770e-02  1.364455e-01  1.461082e-01
     vertex  9.562195e-02  1.436344e-01  1.304173e-01
   endloop
 endfacet
 facet normal -5.861492e-01 -3.842267e-01 -7.133015e-01
   outer loop
     vertex  9.307924e-02  1.214806e-01  1.447836e-01
     vertex  8.104578e-02  1.180855e-01  1.565008e-01
     vertex  8.165770e-02  1.364455e-01  1.461082e-01
   endloop
 endfacet
 facet normal -5.387070e-01 -4.616457e-01 -7.047538e-01
   outer loop
     vertex  9.307924e-02  1.214806e-01  1.447836e-01
     vertex  1.052540e-01  1.292052e-01  1.304173e-01
     vertex  1.056862e-01  1.087913e-01  1.434591e-01
   endloop
 endfacet
 facet normal -5.546988e-01 -4.497895e-01 -6.999991e-01
   outer loop
     vertex  9.307924e-02  1.214806e-01  1.447836e-01
     vertex  9.367015e-02  1.025166e-01  1.565008e-01
     vertex  8.104578e-02  1.180855e-01  1.565008e-01
   endloop
 endfacet
 facet normal -5.609438e-01 -4.316914e-01 -7.063884e-01
   outer loop
     vertex  4.761549e-02  9.744012e-02  1.957279e-01
     vertex  5.413222e-02  1.018099e-01  1.878825e-01
     vertex  5.799313e-02  7.978725e-02  1.982751e-01
   endloop
 endfacet
 facet normal -6.025891e-01 -3.704420e-01 -7.068657e-01
   outer loop
     vertex  4.761549e-02  9.744012e-02  1.957279e-01
     vertex  3.893224e-02  1.164255e-01  1.931807e-01
     vertex  5.413222e-02  1.018099e-01  1.878825e-01
   endloop
 endfacet
 facet normal -5.930299e-01 -4.088998e-01 -6.936257e-01
   outer loop
     vertex  4.761549e-02  9.744012e-02  1.957279e-01
     vertex  4.530166e-02  7.884575e-02  2.086677e-01
     vertex  2.924467e-02  1.021333e-01  2.086677e-01
   endloop
 endfacet
 facet normal -5.532598e-01 -4.283367e-01 -7.144447e-01
   outer loop
     vertex  4.761549e-02  9.744012e-02  1.957279e-01
     vertex  5.799313e-02  7.978725e-02  1.982751e-01
     vertex  4.530166e-02  7.884575e-02  2.086677e-01
   endloop
 endfacet
 facet normal -5.964203e-01 -3.684580e-01 -7.131070e-01
   outer loop
     vertex  4.761549e-02  9.744012e-02  1.957279e-01
     vertex  2.924467e-02  1.021333e-01  2.086677e-01
     vertex  3.893224e-02  1.164255e-01  1.931807e-01
   endloop
 endfacet
 facet normal -4.650867e-01 -5.553269e-01 -6.894247e-01
   outer loop
     vertex  7.092187e-02  5.891229e-02  2.034714e-01
     vertex  8.572328e-02  4.006500e-02  2.086677e-01
     vertex  6.425814e-02  5.804207e-02  2.086677e-01
   endloop
 endfacet
 facet normal -4.968233e-01 -4.865844e-01 -7.186113e-01
   outer loop
     vertex  7.092187e-02  5.891229e-02  2.034714e-01
     vertex  6.425814e-02  5.804207e-02  2.086677e-01
     vertex  5.799313e-02  7.978725e-02  1.982751e-01
   endloop
 endfacet
 facet normal -3.032053e-01 -6.583200e-01 -6.889712e-01
   outer loop
     vertex  1.313209e-01  2.047082e-02  2.034714e-01
     vertex  1.337651e-01  1.390680e-02  2.086677e-01
     vertex  1.093465e-01  2.515341e-02  2.086677e-01
   endloop
 endfacet
 facet normal -2.332168e-01 -6.554780e-01 -7.183026e-01
   outer loop
     vertex  1.313209e-01  2.047082e-02  2.034714e-01
     vertex  1.542588e-01  1.800392e-02  1.982751e-01
     vertex  1.337651e-01  1.390680e-02  2.086677e-01
   endloop
 endfacet
 facet normal -1.689076e-01  6.725608e-01 -7.205083e-01
   outer loop
     vertex  1.631833e-01  3.962601e-01  1.930278e-01
     vertex  1.762140e-01  3.883446e-01  1.825843e-01
     vertex  1.523766e-01  3.823580e-01  1.825843e-01
   endloop
 endfacet
 facet normal -2.376657e-01  6.947302e-01 -6.788704e-01
   outer loop
     vertex  1.631833e-01  3.962601e-01  1.930278e-01
     vertex  1.523766e-01  3.823580e-01  1.825843e-01
     vertex  1.269098e-01  3.863899e-01  1.956260e-01
   endloop
 endfacet
 facet normal -8.299318e-02  6.652026e-01 -7.420361e-01
   outer loop
     vertex  1.631833e-01  3.962601e-01  1.930278e-01
     vertex  1.762539e-01  4.095407e-01  2.034714e-01
     vertex  2.005631e-01  4.067771e-01  1.982751e-01
   endloop
 endfacet
 facet normal -1.076497e-01  7.230574e-01 -6.823485e-01
   outer loop
     vertex  1.631833e-01  3.962601e-01  1.930278e-01
     vertex  2.005631e-01  4.067771e-01  1.982751e-01
     vertex  1.762140e-01  3.883446e-01  1.825843e-01
   endloop
 endfacet
 facet normal -2.482913e-01  6.551466e-01 -7.135365e-01
   outer loop
     vertex  1.497774e-01  3.993287e-01  1.995487e-01
     vertex  1.269098e-01  3.863899e-01  1.956260e-01
     vertex  1.257639e-01  4.001597e-01  2.086677e-01
   endloop
 endfacet
 facet normal -2.406229e-01  6.771903e-01 -6.953516e-01
   outer loop
     vertex  1.497774e-01  3.993287e-01  1.995487e-01
     vertex  1.257639e-01  4.001597e-01  2.086677e-01
     vertex  1.521556e-01  4.095373e-01  2.086677e-01
   endloop
 endfacet
 facet normal -1.550362e-01  6.779747e-01 -7.185500e-01
   outer loop
     vertex  1.497774e-01  3.993287e-01  1.995487e-01
     vertex  1.521556e-01  4.095373e-01  2.086677e-01
     vertex  1.762539e-01  4.095407e-01  2.034714e-01
   endloop
 endfacet
 facet normal -1.714078e-01  7.076922e-01 -6.854131e-01
   outer loop
     vertex  1.497774e-01  3.993287e-01  1.995487e-01
     vertex  1.762539e-01  4.095407e-01  2.034714e-01
     vertex  1.631833e-01  3.962601e-01  1.930278e-01
   endloop
 endfacet
 facet normal -2.229434e-01  6.216696e-01 -7.508816e-01
   outer loop
     vertex  1.497774e-01  3.993287e-01  1.995487e-01
     vertex  1.631833e-01  3.962601e-01  1.930278e-01
     vertex  1.269098e-01  3.863899e-01  1.956260e-01
   endloop
 endfacet
 facet normal -3.767202e-01 -5.968064e-01 -7.084519e-01
   outer loop
     vertex  9.385366e-02  5.349855e-02  1.930278e-01
     vertex  1.093465e-01  2.515341e-02  2.086677e-01
     vertex  8.572328e-02  4.006500e-02  2.086677e-01
   endloop
 endfacet
 facet normal -4.503825e-01 -5.480325e-01 -7.048518e-01
   outer loop
     vertex  9.385366e-02  5.349855e-02  1.930278e-01
     vertex  8.572328e-02  4.006500e-02  2.086677e-01
     vertex  7.092187e-02  5.891229e-02  2.034714e-01
   endloop
 endfacet
 facet normal -4.553198e-01 -4.701969e-01 -7.560415e-01
   outer loop
     vertex  9.385366e-02  5.349855e-02  1.930278e-01
     vertex  7.092187e-02  5.891229e-02  2.034714e-01
     vertex  5.799313e-02  7.978725e-02  1.982751e-01
   endloop
 endfacet
 facet normal -4.998487e-01 -5.479664e-01 -6.707340e-01
   outer loop
     vertex  9.385366e-02  5.349855e-02  1.930278e-01
     vertex  5.799313e-02  7.978725e-02  1.982751e-01
     vertex  8.727441e-02  7.228344e-02  1.825843e-01
   endloop
 endfacet
 facet normal -4.011738e-01 -5.484093e-01 -7.336939e-01
   outer loop
     vertex  9.385366e-02  5.349855e-02  1.930278e-01
     vertex  8.727441e-02  7.228344e-02  1.825843e-01
     vertex  1.154482e-01  5.167369e-02  1.825843e-01
   endloop
 endfacet
 facet normal -2.696690e-01 -6.768603e-01 -6.849371e-01
   outer loop
     vertex  1.222349e-01  3.607252e-02  1.930278e-01
     vertex  1.363122e-01  4.103216e-02  1.825843e-01
     vertex  1.542588e-01  1.800392e-02  1.982751e-01
   endloop
 endfacet
 facet normal -3.156284e-01 -6.188268e-01 -7.193275e-01
   outer loop
     vertex  1.222349e-01  3.607252e-02  1.930278e-01
     vertex  1.154482e-01  5.167369e-02  1.825843e-01
     vertex  1.363122e-01  4.103216e-02  1.825843e-01
   endloop
 endfacet
 facet normal -2.352812e-01 -6.315480e-01 -7.387759e-01
   outer loop
     vertex  1.222349e-01  3.607252e-02  1.930278e-01
     vertex  1.542588e-01  1.800392e-02  1.982751e-01
     vertex  1.313209e-01  2.047082e-02  2.034714e-01
   endloop
 endfacet
 facet normal -3.651818e-01 -5.947598e-01 -7.161725e-01
   outer loop
     vertex  1.222349e-01  3.607252e-02  1.930278e-01
     vertex  1.093465e-01  2.515341e-02  2.086677e-01
     vertex  9.385366e-02  5.349855e-02  1.930278e-01
   endloop
 endfacet
 facet normal -3.033058e-01 -6.457138e-01 -7.007562e-01
   outer loop
     vertex  1.222349e-01  3.607252e-02  1.930278e-01
     vertex  1.313209e-01  2.047082e-02  2.034714e-01
     vertex  1.093465e-01  2.515341e-02  2.086677e-01
   endloop
 endfacet
 facet normal -3.825785e-01 -6.230932e-01 -6.821939e-01
   outer loop
     vertex  1.222349e-01  3.607252e-02  1.930278e-01
     vertex  9.385366e-02  5.349855e-02  1.930278e-01
     vertex  1.154482e-01  5.167369e-02  1.825843e-01
   endloop
 endfacet
 facet normal -7.069290e-01  2.242553e-02  7.069290e-01
   outer loop
     vertex  4.046728e-02  2.193500e-01  7.560193e-01
     vertex  1.605000e-09  2.086677e-01  7.158909e-01
     vertex  8.025682e-02  2.086677e-01  7.961477e-01
   endloop
 endfacet
 facet normal -7.094636e-01  4.585165e-02  7.032489e-01
   outer loop
     vertex  4.046728e-02  2.193500e-01  7.560193e-01
     vertex  1.735902e-03  2.355274e-01  7.158909e-01
     vertex  1.605000e-09  2.086677e-01  7.158909e-01
   endloop
 endfacet
 facet normal -6.973481e-01  1.399137e-01  7.029437e-01
   outer loop
     vertex  4.404323e-02  2.447825e-01  7.560193e-01
     vertex  7.390359e-03  2.637099e-01  7.158909e-01
     vertex  1.735902e-03  2.355274e-01  7.158909e-01
   endloop
 endfacet
 facet normal -6.960596e-01  9.786977e-02  7.112823e-01
   outer loop
     vertex  4.404323e-02  2.447825e-01  7.560193e-01
     vertex  1.735902e-03  2.355274e-01  7.158909e-01
     vertex  4.046728e-02  2.193500e-01  7.560193e-01
   endloop
 endfacet
 facet normal -6.828819e-01  1.791284e-01  7.082269e-01
   outer loop
     vertex  4.751270e-02  2.580090e-01  7.560193e-01
     vertex  7.390359e-03  2.637099e-01  7.158909e-01
     vertex  4.404323e-02  2.447825e-01  7.560193e-01
   endloop
 endfacet
 facet normal -6.716827e-01  2.306633e-01  7.040148e-01
   outer loop
     vertex  5.098856e-02  2.681890e-01  7.560193e-01
     vertex  1.603989e-02  2.888970e-01  7.158909e-01
     vertex  7.390359e-03  2.637099e-01  7.158909e-01
   endloop
 endfacet
 facet normal -6.718174e-01  2.293848e-01  7.043039e-01
   outer loop
     vertex  5.098856e-02  2.681890e-01  7.560193e-01
     vertex  7.390359e-03  2.637099e-01  7.158909e-01
     vertex  4.751270e-02  2.580090e-01  7.560193e-01
   endloop
 endfacet
 facet normal -6.497250e-01  2.760084e-01  7.082914e-01
   outer loop
     vertex  5.635930e-02  2.808317e-01  7.560193e-01
     vertex  1.603989e-02  2.888970e-01  7.158909e-01
     vertex  5.098856e-02  2.681890e-01  7.560193e-01
   endloop
 endfacet
 facet normal -6.373387e-01  3.143474e-01  7.035518e-01
   outer loop
     vertex  5.635930e-02  2.808317e-01  7.560193e-01
     vertex  2.776545e-02  3.126706e-01  7.158909e-01
     vertex  1.603989e-02  2.888970e-01  7.158909e-01
   endloop
 endfacet
 facet normal -6.121634e-01  3.462238e-01  7.109044e-01
   outer loop
     vertex  6.833837e-02  3.020121e-01  7.560193e-01
     vertex  2.776545e-02  3.126706e-01  7.158909e-01
     vertex  5.635930e-02  2.808317e-01  7.560193e-01
   endloop
 endfacet
 facet normal -5.925779e-01  3.925286e-01  7.034009e-01
   outer loop
     vertex  6.833837e-02  3.020121e-01  7.560193e-01
     vertex  4.234004e-02  3.346730e-01  7.158909e-01
     vertex  2.776545e-02  3.126706e-01  7.158909e-01
   endloop
 endfacet
 facet normal -5.604669e-01  4.262633e-01  7.100538e-01
   outer loop
     vertex  8.123542e-02  3.189696e-01  7.560193e-01
     vertex  4.234004e-02  3.346730e-01  7.158909e-01
     vertex  6.833837e-02  3.020121e-01  7.560193e-01
   endloop
 endfacet
 facet normal -5.383912e-01  4.640229e-01  7.034328e-01
   outer loop
     vertex  8.123542e-02  3.189696e-01  7.560193e-01
     vertex  5.949764e-02  3.545804e-01  7.158909e-01
     vertex  4.234004e-02  3.346730e-01  7.158909e-01
   endloop
 endfacet
 facet normal -4.757157e-01  5.276565e-01  7.037565e-01
   outer loop
     vertex  9.832021e-02  3.360605e-01  7.560193e-01
     vertex  7.893770e-02  3.721068e-01  7.158909e-01
     vertex  5.949764e-02  3.545804e-01  7.158909e-01
   endloop
 endfacet
 facet normal -4.974708e-01  4.972927e-01  7.107903e-01
   outer loop
     vertex  9.832021e-02  3.360605e-01  7.560193e-01
     vertex  5.949764e-02  3.545804e-01  7.158909e-01
     vertex  8.123542e-02  3.189696e-01  7.560193e-01
   endloop
 endfacet
 facet normal -4.059391e-01  5.827823e-01  7.039732e-01
   outer loop
     vertex  1.088598e-01  3.444760e-01  7.560193e-01
     vertex  1.003302e-01  3.870079e-01  7.158909e-01
     vertex  7.893770e-02  3.721068e-01  7.158909e-01
   endloop
 endfacet
 facet normal -4.404703e-01  5.516501e-01  7.082853e-01
   outer loop
     vertex  1.088598e-01  3.444760e-01  7.560193e-01
     vertex  7.893770e-02  3.721068e-01  7.158909e-01
     vertex  9.832021e-02  3.360605e-01  7.560193e-01
   endloop
 endfacet
 facet normal -4.019844e-01  5.844284e-01  7.048773e-01
   outer loop
     vertex  1.175430e-01  3.504485e-01  7.560193e-01
     vertex  1.003302e-01  3.870079e-01  7.158909e-01
     vertex  1.088598e-01  3.444760e-01  7.560193e-01
   endloop
 endfacet
 facet normal -3.264208e-01  6.320336e-01  7.028392e-01
   outer loop
     vertex  1.290929e-01  3.572388e-01  7.560193e-01
     vertex  1.259580e-01  4.002436e-01  7.158909e-01
     vertex  1.003302e-01  3.870079e-01  7.158909e-01
   endloop
 endfacet
 facet normal -3.578709e-01  6.087209e-01  7.080871e-01
   outer loop
     vertex  1.290929e-01  3.572388e-01  7.560193e-01
     vertex  1.003302e-01  3.870079e-01  7.158909e-01
     vertex  1.175430e-01  3.504485e-01  7.560193e-01
   endloop
 endfacet
 facet normal -2.364046e-01  6.710375e-01  7.027244e-01
   outer loop
     vertex  1.533149e-01  3.678581e-01  7.560193e-01
     vertex  1.530337e-01  4.097823e-01  7.158909e-01
     vertex  1.259580e-01  4.002436e-01  7.158909e-01
   endloop
 endfacet
 facet normal -2.820994e-01  6.434504e-01  7.116119e-01
   outer loop
     vertex  1.533149e-01  3.678581e-01  7.560193e-01
     vertex  1.259580e-01  4.002436e-01  7.158909e-01
     vertex  1.290929e-01  3.572388e-01  7.560193e-01
   endloop
 endfacet
 facet normal -1.422899e-01  6.970453e-01  7.027670e-01
   outer loop
     vertex  1.756484e-01  3.739409e-01  7.560193e-01
     vertex  1.810270e-01  4.154967e-01  7.158909e-01
     vertex  1.530337e-01  4.097823e-01  7.158909e-01
   endloop
 endfacet
 facet normal -1.849063e-01  6.788942e-01  7.105718e-01
   outer loop
     vertex  1.756484e-01  3.739409e-01  7.560193e-01
     vertex  1.530337e-01  4.097823e-01  7.158909e-01
     vertex  1.533149e-01  3.678581e-01  7.560193e-01
   endloop
 endfacet
 facet normal -4.594766e-02  7.095244e-01  7.031813e-01
   outer loop
     vertex  2.015783e-01  3.770579e-01  7.560193e-01
     vertex  2.094016e-01  4.173342e-01  7.158909e-01
     vertex  1.810270e-01  4.154967e-01  7.158909e-01
   endloop
 endfacet
 facet normal -8.387989e-02  6.977935e-01  7.113708e-01
   outer loop
     vertex  2.015783e-01  3.770579e-01  7.560193e-01
     vertex  1.810270e-01  4.154967e-01  7.158909e-01
     vertex  1.756484e-01  3.739409e-01  7.560193e-01
   endloop
 endfacet
 facet normal  7.656693e-04  7.057302e-01  7.084803e-01
   outer loop
     vertex  2.161226e-01  3.770421e-01  7.560193e-01
     vertex  2.094016e-01  4.173342e-01  7.158909e-01
     vertex  2.015783e-01  3.770579e-01  7.560193e-01
   endloop
 endfacet
 facet normal  5.068659e-02  7.089912e-01  7.033935e-01
   outer loop
     vertex  2.161226e-01  3.770421e-01  7.560193e-01
     vertex  2.376252e-01  4.153164e-01  7.158909e-01
     vertex  2.094016e-01  4.173342e-01  7.158909e-01
   endloop
 endfacet
 facet normal  5.538105e-02  7.075273e-01  7.045127e-01
   outer loop
     vertex  2.275019e-01  3.761514e-01  7.560193e-01
     vertex  2.376252e-01  4.153164e-01  7.158909e-01
     vertex  2.161226e-01  3.770421e-01  7.560193e-01
   endloop
 endfacet
 facet normal  1.090362e-01  6.974892e-01  7.082513e-01
   outer loop
     vertex  2.418474e-01  3.739088e-01  7.560193e-01
     vertex  2.376252e-01  4.153164e-01  7.158909e-01
     vertex  2.275019e-01  3.761514e-01  7.560193e-01
   endloop
 endfacet
 facet normal  1.459960e-01  6.961072e-01  7.029366e-01
   outer loop
     vertex  2.418474e-01  3.739088e-01  7.560193e-01
     vertex  2.651799e-01  4.095373e-01  7.158909e-01
     vertex  2.376252e-01  4.153164e-01  7.158909e-01
   endloop
 endfacet
 facet normal  1.906613e-01  6.764105e-01  7.114191e-01
   outer loop
     vertex  2.666697e-01  3.669121e-01  7.560193e-01
     vertex  2.651799e-01  4.095373e-01  7.158909e-01
     vertex  2.418474e-01  3.739088e-01  7.560193e-01
   endloop
 endfacet
 facet normal  2.381187e-01  6.701427e-01  7.029995e-01
   outer loop
     vertex  2.666697e-01  3.669121e-01  7.560193e-01
     vertex  2.915716e-01  4.001597e-01  7.158909e-01
     vertex  2.651799e-01  4.095373e-01  7.158909e-01
   endloop
 endfacet
 facet normal  2.857992e-01  6.432553e-01  7.103108e-01
   outer loop
     vertex  2.872246e-01  3.577795e-01  7.560193e-01
     vertex  2.915716e-01  4.001597e-01  7.158909e-01
     vertex  2.666697e-01  3.669121e-01  7.560193e-01
   endloop
 endfacet
 facet normal  3.255413e-01  6.322803e-01  7.030252e-01
   outer loop
     vertex  2.872246e-01  3.577795e-01  7.560193e-01
     vertex  3.163751e-01  3.873892e-01  7.158909e-01
     vertex  2.915716e-01  4.001597e-01  7.158909e-01
   endloop
 endfacet
 facet normal  3.552061e-01  6.101209e-01  7.082239e-01
   outer loop
     vertex  2.995545e-01  3.506012e-01  7.560193e-01
     vertex  3.163751e-01  3.873892e-01  7.158909e-01
     vertex  2.872246e-01  3.577795e-01  7.560193e-01
   endloop
 endfacet
 facet normal  4.016731e-01  5.849478e-01  7.046239e-01
   outer loop
     vertex  3.084927e-01  3.444635e-01  7.560193e-01
     vertex  3.163751e-01  3.873892e-01  7.158909e-01
     vertex  2.995545e-01  3.506012e-01  7.560193e-01
   endloop
 endfacet
 facet normal  4.051285e-01  5.835483e-01  7.038056e-01
   outer loop
     vertex  3.084927e-01  3.444635e-01  7.560193e-01
     vertex  3.384671e-01  3.720518e-01  7.158909e-01
     vertex  3.163751e-01  3.873892e-01  7.158909e-01
   endloop
 endfacet
 facet normal  4.411976e-01  5.509780e-01  7.083558e-01
   outer loop
     vertex  3.193554e-01  3.357651e-01  7.560193e-01
     vertex  3.384671e-01  3.720518e-01  7.158909e-01
     vertex  3.084927e-01  3.444635e-01  7.560193e-01
   endloop
 endfacet
 facet normal  4.767976e-01  5.269321e-01  7.035670e-01
   outer loop
     vertex  3.193554e-01  3.357651e-01  7.560193e-01
     vertex  3.583043e-01  3.541020e-01  7.158909e-01
     vertex  3.384671e-01  3.720518e-01  7.158909e-01
   endloop
 endfacet
 facet normal  5.403273e-01  4.619183e-01  7.033334e-01
   outer loop
     vertex  3.366578e-01  3.183219e-01  7.560193e-01
     vertex  3.756033e-01  3.338666e-01  7.158909e-01
     vertex  3.583043e-01  3.541020e-01  7.158909e-01
   endloop
 endfacet
 facet normal  4.992926e-01  4.952634e-01  7.109297e-01
   outer loop
     vertex  3.366578e-01  3.183219e-01  7.560193e-01
     vertex  3.583043e-01  3.541020e-01  7.158909e-01
     vertex  3.193554e-01  3.357651e-01  7.560193e-01
   endloop
 endfacet
 facet normal  5.627969e-01  4.230995e-01  7.101032e-01
   outer loop
     vertex  3.495628e-01  3.011560e-01  7.560193e-01
     vertex  3.756033e-01  3.338666e-01  7.158909e-01
     vertex  3.366578e-01  3.183219e-01  7.560193e-01
   endloop
 endfacet
 facet normal  5.945984e-01  3.895203e-01  7.033681e-01
   outer loop
     vertex  3.495628e-01  3.011560e-01  7.560193e-01
     vertex  3.901245e-01  3.117001e-01  7.158909e-01
     vertex  3.756033e-01  3.338666e-01  7.158909e-01
   endloop
 endfacet
 facet normal  6.143394e-01  3.423170e-01  7.109193e-01
   outer loop
     vertex  3.614512e-01  2.798205e-01  7.560193e-01
     vertex  3.901245e-01  3.117001e-01  7.158909e-01
     vertex  3.495628e-01  3.011560e-01  7.560193e-01
   endloop
 endfacet
 facet normal  6.388544e-01  3.110873e-01  7.036262e-01
   outer loop
     vertex  3.614512e-01  2.798205e-01  7.560193e-01
     vertex  4.016753e-01  2.879792e-01  7.158909e-01
     vertex  3.901245e-01  3.117001e-01  7.158909e-01
   endloop
 endfacet
 facet normal  6.725705e-01  2.280387e-01  7.040222e-01
   outer loop
     vertex  3.667041e-01  2.672339e-01  7.560193e-01
     vertex  4.101117e-01  2.630972e-01  7.158909e-01
     vertex  4.016753e-01  2.879792e-01  7.158909e-01
   endloop
 endfacet
 facet normal  6.514610e-01  2.718837e-01  7.082922e-01
   outer loop
     vertex  3.667041e-01  2.672339e-01  7.560193e-01
     vertex  4.016753e-01  2.879792e-01  7.158909e-01
     vertex  3.614512e-01  2.798205e-01  7.560193e-01
   endloop
 endfacet
 facet normal  6.728441e-01  2.254934e-01  7.045804e-01
   outer loop
     vertex  3.700803e-01  2.571600e-01  7.560193e-01
     vertex  4.101117e-01  2.630972e-01  7.158909e-01
     vertex  3.667041e-01  2.672339e-01  7.560193e-01
   endloop
 endfacet
 facet normal  6.963219e-01  1.419885e-01  7.035447e-01
   outer loop
     vertex  3.734460e-01  2.440742e-01  7.560193e-01
     vertex  4.153398e-01  2.374580e-01  7.158909e-01
     vertex  4.101117e-01  2.630972e-01  7.158909e-01
   endloop
 endfacet
 facet normal  6.837935e-01  1.758769e-01  7.081623e-01
   outer loop
     vertex  3.734460e-01  2.440742e-01  7.560193e-01
     vertex  4.101117e-01  2.630972e-01  7.158909e-01
     vertex  3.700803e-01  2.571600e-01  7.560193e-01
   endloop
 endfacet
 facet normal  6.964312e-01  9.840825e-02  7.108441e-01
   outer loop
     vertex  3.768049e-01  2.203034e-01  7.560193e-01
     vertex  4.153398e-01  2.374580e-01  7.158909e-01
     vertex  3.734460e-01  2.440742e-01  7.560193e-01
   endloop
 endfacet
 facet normal -6.792935e-01  1.711891e-01  7.136208e-01
   outer loop
     vertex  6.561790e-02  2.484371e-01  7.760835e-01
     vertex  8.202403e-02  2.298982e-01  7.961477e-01
     vertex  8.708791e-02  2.499922e-01  7.961477e-01
   endloop
 endfacet
 facet normal -6.860640e-01  1.799631e-01  7.049322e-01
   outer loop
     vertex  6.561790e-02  2.484371e-01  7.760835e-01
     vertex  4.751270e-02  2.580090e-01  7.560193e-01
     vertex  4.404323e-02  2.447825e-01  7.560193e-01
   endloop
 endfacet
 facet normal -6.425394e-01  2.787564e-01  7.137492e-01
   outer loop
     vertex  7.103285e-02  2.643588e-01  7.760835e-01
     vertex  8.708791e-02  2.499922e-01  7.961477e-01
     vertex  9.542804e-02  2.692164e-01  7.961477e-01
   endloop
 endfacet
 facet normal -6.668055e-01  2.267797e-01  7.098883e-01
   outer loop
     vertex  7.103285e-02  2.643588e-01  7.760835e-01
     vertex  4.751270e-02  2.580090e-01  7.560193e-01
     vertex  6.561790e-02  2.484371e-01  7.760835e-01
   endloop
 endfacet
 facet normal -6.668039e-01  2.276730e-01  7.096038e-01
   outer loop
     vertex  7.103285e-02  2.643588e-01  7.760835e-01
     vertex  5.098856e-02  2.681890e-01  7.560193e-01
     vertex  4.751270e-02  2.580090e-01  7.560193e-01
   endloop
 endfacet
 facet normal -6.527336e-01  2.772865e-01  7.050184e-01
   outer loop
     vertex  7.103285e-02  2.643588e-01  7.760835e-01
     vertex  5.635930e-02  2.808317e-01  7.560193e-01
     vertex  5.098856e-02  2.681890e-01  7.560193e-01
   endloop
 endfacet
 facet normal -6.734364e-01  2.290348e-01  7.028701e-01
   outer loop
     vertex  7.103285e-02  2.643588e-01  7.760835e-01
     vertex  6.561790e-02  2.484371e-01  7.760835e-01
     vertex  8.708791e-02  2.499922e-01  7.961477e-01
   endloop
 endfacet
 facet normal -6.392153e-01  3.179678e-01  7.002145e-01
   outer loop
     vertex  8.121988e-02  2.848380e-01  7.760835e-01
     vertex  7.103285e-02  2.643588e-01  7.760835e-01
     vertex  9.542804e-02  2.692164e-01  7.961477e-01
   endloop
 endfacet
 facet normal -6.216066e-01  3.515646e-01  7.000054e-01
   outer loop
     vertex  8.121988e-02  2.848380e-01  7.760835e-01
     vertex  6.833837e-02  3.020121e-01  7.560193e-01
     vertex  5.635930e-02  2.808317e-01  7.560193e-01
   endloop
 endfacet
 facet normal -6.266641e-01  3.117244e-01  7.142268e-01
   outer loop
     vertex  8.121988e-02  2.848380e-01  7.760835e-01
     vertex  5.635930e-02  2.808317e-01  7.560193e-01
     vertex  7.103285e-02  2.643588e-01  7.760835e-01
   endloop
 endfacet
 facet normal -4.385871e-01  5.461974e-01  7.136594e-01
   outer loop
     vertex  1.181868e-01  3.263880e-01  7.760835e-01
     vertex  1.205241e-01  3.020490e-01  7.961477e-01
     vertex  1.365264e-01  3.148986e-01  7.961477e-01
   endloop
 endfacet
 facet normal -3.994836e-01  5.807925e-01  7.092905e-01
   outer loop
     vertex  1.181868e-01  3.263880e-01  7.760835e-01
     vertex  1.175430e-01  3.504485e-01  7.560193e-01
     vertex  1.088598e-01  3.444760e-01  7.560193e-01
   endloop
 endfacet
 facet normal -3.465075e-01  6.093130e-01  7.132113e-01
   outer loop
     vertex  1.318028e-01  3.356978e-01  7.760835e-01
     vertex  1.365264e-01  3.148986e-01  7.961477e-01
     vertex  1.542525e-01  3.249792e-01  7.961477e-01
   endloop
 endfacet
 facet normal -3.975090e-01  5.813734e-01  7.099237e-01
   outer loop
     vertex  1.318028e-01  3.356978e-01  7.760835e-01
     vertex  1.175430e-01  3.504485e-01  7.560193e-01
     vertex  1.181868e-01  3.263880e-01  7.760835e-01
   endloop
 endfacet
 facet normal -3.594529e-01  6.114119e-01  7.049603e-01
   outer loop
     vertex  1.318028e-01  3.356978e-01  7.760835e-01
     vertex  1.290929e-01  3.572388e-01  7.560193e-01
     vertex  1.175430e-01  3.504485e-01  7.560193e-01
   endloop
 endfacet
 facet normal -4.013851e-01  5.870424e-01  7.030442e-01
   outer loop
     vertex  1.318028e-01  3.356978e-01  7.760835e-01
     vertex  1.181868e-01  3.263880e-01  7.760835e-01
     vertex  1.365264e-01  3.148986e-01  7.961477e-01
   endloop
 endfacet
 facet normal -3.204382e-01  6.385733e-01  6.996739e-01
   outer loop
     vertex  1.527658e-01  3.462171e-01  7.760835e-01
     vertex  1.318028e-01  3.356978e-01  7.760835e-01
     vertex  1.542525e-01  3.249792e-01  7.961477e-01
   endloop
 endfacet
 facet normal -2.400177e-01  6.577293e-01  7.139914e-01
   outer loop
     vertex  1.527658e-01  3.462171e-01  7.760835e-01
     vertex  1.542525e-01  3.249792e-01  7.961477e-01
     vertex  1.753809e-01  3.326893e-01  7.961477e-01
   endloop
 endfacet
 facet normal -3.139619e-01  6.256673e-01  7.141207e-01
   outer loop
     vertex  1.527658e-01  3.462171e-01  7.760835e-01
     vertex  1.290929e-01  3.572388e-01  7.560193e-01
     vertex  1.318028e-01  3.356978e-01  7.760835e-01
   endloop
 endfacet
 facet normal -2.872276e-01  6.551474e-01  6.987720e-01
   outer loop
     vertex  1.527658e-01  3.462171e-01  7.760835e-01
     vertex  1.533149e-01  3.678581e-01  7.560193e-01
     vertex  1.290929e-01  3.572388e-01  7.560193e-01
   endloop
 endfacet
 facet normal -8.538209e-02  7.102902e-01  6.987114e-01
   outer loop
     vertex  1.875960e-01  3.556400e-01  7.760835e-01
     vertex  2.015783e-01  3.770579e-01  7.560193e-01
     vertex  1.756484e-01  3.739409e-01  7.560193e-01
   endloop
 endfacet
 facet normal -1.220124e-01  6.892739e-01  7.141530e-01
   outer loop
     vertex  1.875960e-01  3.556400e-01  7.760835e-01
     vertex  1.753809e-01  3.326893e-01  7.961477e-01
     vertex  1.973583e-01  3.365797e-01  7.961477e-01
   endloop
 endfacet
 facet normal -1.289992e-03  6.994484e-01  7.146820e-01
   outer loop
     vertex  2.118998e-01  3.571077e-01  7.760835e-01
     vertex  1.973583e-01  3.365797e-01  7.961477e-01
     vertex  2.195052e-01  3.366205e-01  7.961477e-01
   endloop
 endfacet
 facet normal  5.498860e-02  7.025135e-01  7.095428e-01
   outer loop
     vertex  2.118998e-01  3.571077e-01  7.760835e-01
     vertex  2.275019e-01  3.761514e-01  7.560193e-01
     vertex  2.161226e-01  3.770421e-01  7.560193e-01
   endloop
 endfacet
 facet normal  7.695596e-04  7.093159e-01  7.048903e-01
   outer loop
     vertex  2.118998e-01  3.571077e-01  7.760835e-01
     vertex  2.161226e-01  3.770421e-01  7.560193e-01
     vertex  2.015783e-01  3.770579e-01  7.560193e-01
   endloop
 endfacet
 facet normal -4.212548e-02  6.975699e-01  7.152773e-01
   outer loop
     vertex  2.118998e-01  3.571077e-01  7.760835e-01
     vertex  2.015783e-01  3.770579e-01  7.560193e-01
     vertex  1.875960e-01  3.556400e-01  7.760835e-01
   endloop
 endfacet
 facet normal -4.310446e-02  7.137811e-01  6.990411e-01
   outer loop
     vertex  2.118998e-01  3.571077e-01  7.760835e-01
     vertex  1.875960e-01  3.556400e-01  7.760835e-01
     vertex  1.973583e-01  3.365797e-01  7.961477e-01
   endloop
 endfacet
 facet normal  1.185176e-01  6.897857e-01  7.142473e-01
   outer loop
     vertex  2.296638e-01  3.556508e-01  7.760835e-01
     vertex  2.195052e-01  3.366205e-01  7.961477e-01
     vertex  2.411601e-01  3.328998e-01  7.961477e-01
   endloop
 endfacet
 facet normal  1.096046e-01  7.011250e-01  7.045641e-01
   outer loop
     vertex  2.296638e-01  3.556508e-01  7.760835e-01
     vertex  2.418474e-01  3.739088e-01  7.560193e-01
     vertex  2.275019e-01  3.761514e-01  7.560193e-01
   endloop
 endfacet
 facet normal  5.752241e-02  7.013931e-01  7.104498e-01
   outer loop
     vertex  2.296638e-01  3.556508e-01  7.760835e-01
     vertex  2.275019e-01  3.761514e-01  7.560193e-01
     vertex  2.118998e-01  3.571077e-01  7.760835e-01
   endloop
 endfacet
 facet normal  5.818313e-02  7.094495e-01  7.023504e-01
   outer loop
     vertex  2.296638e-01  3.556508e-01  7.760835e-01
     vertex  2.118998e-01  3.571077e-01  7.760835e-01
     vertex  2.195052e-01  3.366205e-01  7.961477e-01
   endloop
 endfacet
 facet normal  3.425788e-01  6.103800e-01  7.141961e-01
   outer loop
     vertex  2.850762e-01  3.359729e-01  7.760835e-01
     vertex  2.616992e-01  3.256166e-01  7.961477e-01
     vertex  2.808727e-01  3.148553e-01  7.961477e-01
   endloop
 endfacet
 facet normal  3.569930e-01  6.131902e-01  7.046658e-01
   outer loop
     vertex  2.850762e-01  3.359729e-01  7.760835e-01
     vertex  2.995545e-01  3.506012e-01  7.560193e-01
     vertex  2.872246e-01  3.577795e-01  7.560193e-01
   endloop
 endfacet
 facet normal  4.401855e-01  5.444739e-01  7.139922e-01
   outer loop
     vertex  2.992248e-01  3.263294e-01  7.760835e-01
     vertex  2.808727e-01  3.148553e-01  7.961477e-01
     vertex  2.973742e-01  3.015146e-01  7.961477e-01
   endloop
 endfacet
 facet normal  4.432612e-01  5.535552e-01  7.050505e-01
   outer loop
     vertex  2.992248e-01  3.263294e-01  7.760835e-01
     vertex  3.193554e-01  3.357651e-01  7.560193e-01
     vertex  3.084927e-01  3.444635e-01  7.560193e-01
   endloop
 endfacet
 facet normal  4.007044e-01  5.879013e-01  7.027148e-01
   outer loop
     vertex  2.992248e-01  3.263294e-01  7.760835e-01
     vertex  2.850762e-01  3.359729e-01  7.760835e-01
     vertex  2.808727e-01  3.148553e-01  7.961477e-01
   endloop
 endfacet
 facet normal  3.964871e-01  5.817139e-01  7.102161e-01
   outer loop
     vertex  2.992248e-01  3.263294e-01  7.760835e-01
     vertex  2.995545e-01  3.506012e-01  7.560193e-01
     vertex  2.850762e-01  3.359729e-01  7.760835e-01
   endloop
 endfacet
 facet normal  3.989682e-01  5.810086e-01  7.094036e-01
   outer loop
     vertex  2.992248e-01  3.263294e-01  7.760835e-01
     vertex  3.084927e-01  3.444635e-01  7.560193e-01
     vertex  2.995545e-01  3.506012e-01  7.560193e-01
   endloop
 endfacet
 facet normal  5.240925e-01  4.654168e-01  7.132420e-01
   outer loop
     vertex  3.164112e-01  3.108255e-01  7.760835e-01
     vertex  2.973742e-01  3.015146e-01  7.961477e-01
     vertex  3.113472e-01  2.857799e-01  7.961477e-01
   endloop
 endfacet
 facet normal  4.686394e-01  5.194944e-01  7.144947e-01
   outer loop
     vertex  3.164112e-01  3.108255e-01  7.760835e-01
     vertex  3.193554e-01  3.357651e-01  7.560193e-01
     vertex  2.992248e-01  3.263294e-01  7.760835e-01
   endloop
 endfacet
 facet normal  5.071835e-01  5.030905e-01  6.997606e-01
   outer loop
     vertex  3.164112e-01  3.108255e-01  7.760835e-01
     vertex  3.366578e-01  3.183219e-01  7.560193e-01
     vertex  3.193554e-01  3.357651e-01  7.560193e-01
   endloop
 endfacet
 facet normal  4.783746e-01  5.302860e-01  6.999675e-01
   outer loop
     vertex  3.164112e-01  3.108255e-01  7.760835e-01
     vertex  2.992248e-01  3.263294e-01  7.760835e-01
     vertex  2.973742e-01  3.015146e-01  7.961477e-01
   endloop
 endfacet
 facet normal  6.449819e-01  2.730797e-01  7.137407e-01
   outer loop
     vertex  3.466566e-01  2.634760e-01  7.760835e-01
     vertex  3.224885e-01  2.681169e-01  7.961477e-01
     vertex  3.305727e-01  2.490228e-01  7.961477e-01
   endloop
 endfacet
 facet normal  6.681482e-01  2.239197e-01  7.095336e-01
   outer loop
     vertex  3.466566e-01  2.634760e-01  7.760835e-01
     vertex  3.700803e-01  2.571600e-01  7.560193e-01
     vertex  3.667041e-01  2.672339e-01  7.560193e-01
   endloop
 endfacet
 facet normal  6.746818e-01  2.250617e-01  7.029592e-01
   outer loop
     vertex  3.519263e-01  2.476785e-01  7.760835e-01
     vertex  3.466566e-01  2.634760e-01  7.760835e-01
     vertex  3.305727e-01  2.490228e-01  7.961477e-01
   endloop
 endfacet
 facet normal  6.681482e-01  2.228822e-01  7.098602e-01
   outer loop
     vertex  3.519263e-01  2.476785e-01  7.760835e-01
     vertex  3.700803e-01  2.571600e-01  7.560193e-01
     vertex  3.466566e-01  2.634760e-01  7.760835e-01
   endloop
 endfacet
 facet normal  6.969320e-01 -6.177730e-02  7.144714e-01
   outer loop
     vertex  3.560812e-01  1.909441e-01  7.760835e-01
     vertex  3.370786e-01  2.086172e-01  7.961477e-01
     vertex  3.350853e-01  1.861298e-01  7.961477e-01
   endloop
 endfacet
 facet normal  6.749695e-01 -1.822829e-01  7.149749e-01
   outer loop
     vertex  3.528181e-01  1.730933e-01  7.760835e-01
     vertex  3.350853e-01  1.861298e-01  7.961477e-01
     vertex  3.292445e-01  1.645021e-01  7.961477e-01
   endloop
 endfacet
 facet normal  7.003856e-01 -1.280312e-01  7.021881e-01
   outer loop
     vertex  3.528181e-01  1.730933e-01  7.760835e-01
     vertex  3.560812e-01  1.909441e-01  7.760835e-01
     vertex  3.350853e-01  1.861298e-01  7.961477e-01
   endloop
 endfacet
 facet normal  6.921053e-01 -1.265175e-01  7.106220e-01
   outer loop
     vertex  3.528181e-01  1.730933e-01  7.760835e-01
     vertex  3.752976e-01  1.833694e-01  7.560193e-01
     vertex  3.560812e-01  1.909441e-01  7.760835e-01
   endloop
 endfacet
 facet normal  6.926094e-01 -1.297018e-01  7.095559e-01
   outer loop
     vertex  3.528181e-01  1.730933e-01  7.760835e-01
     vertex  3.731607e-01  1.719583e-01  7.560193e-01
     vertex  3.752976e-01  1.833694e-01  7.560193e-01
   endloop
 endfacet
 facet normal  6.849105e-01 -1.845973e-01  7.048556e-01
   outer loop
     vertex  3.528181e-01  1.730933e-01  7.760835e-01
     vertex  3.693290e-01  1.577416e-01  7.560193e-01
     vertex  3.731607e-01  1.719583e-01  7.560193e-01
   endloop
 endfacet
 facet normal  6.338814e-01 -2.967004e-01  7.142571e-01
   outer loop
     vertex  3.450091e-01  1.498809e-01  7.760835e-01
     vertex  3.292445e-01  1.645021e-01  7.961477e-01
     vertex  3.198203e-01  1.443679e-01  7.961477e-01
   endloop
 endfacet
 facet normal  6.631761e-01 -2.684976e-01  6.986461e-01
   outer loop
     vertex  3.450091e-01  1.498809e-01  7.760835e-01
     vertex  3.595056e-01  1.334784e-01  7.560193e-01
     vertex  3.693290e-01  1.577416e-01  7.560193e-01
   endloop
 endfacet
 facet normal  6.779319e-01 -2.280659e-01  6.988521e-01
   outer loop
     vertex  3.450091e-01  1.498809e-01  7.760835e-01
     vertex  3.528181e-01  1.730933e-01  7.760835e-01
     vertex  3.292445e-01  1.645021e-01  7.961477e-01
   endloop
 endfacet
 facet normal  6.622329e-01 -2.227845e-01  7.154122e-01
   outer loop
     vertex  3.450091e-01  1.498809e-01  7.760835e-01
     vertex  3.693290e-01  1.577416e-01  7.560193e-01
     vertex  3.528181e-01  1.730933e-01  7.760835e-01
   endloop
 endfacet
 facet normal  5.740876e-01 -4.016166e-01  7.135318e-01
   outer loop
     vertex  3.270445e-01  1.190474e-01  7.760835e-01
     vertex  3.198203e-01  1.443679e-01  7.961477e-01
     vertex  3.071763e-01  1.262941e-01  7.961477e-01
   endloop
 endfacet
 facet normal  5.579233e-01 -4.469620e-01  6.992471e-01
   outer loop
     vertex  3.270445e-01  1.190474e-01  7.760835e-01
     vertex  3.317509e-01  9.353281e-02  7.560193e-01
     vertex  3.478835e-01  1.136705e-01  7.560193e-01
   endloop
 endfacet
 facet normal  4.967717e-01 -4.931429e-01  7.141624e-01
   outer loop
     vertex  3.110145e-01  1.011038e-01  7.760835e-01
     vertex  3.071763e-01  1.262941e-01  7.961477e-01
     vertex  2.917614e-01  1.107657e-01  7.961477e-01
   endloop
 endfacet
 facet normal  5.328692e-01 -4.760411e-01  6.995966e-01
   outer loop
     vertex  3.110145e-01  1.011038e-01  7.760835e-01
     vertex  3.270445e-01  1.190474e-01  7.760835e-01
     vertex  3.071763e-01  1.262941e-01  7.961477e-01
   endloop
 endfacet
 facet normal  4.970793e-01 -5.062101e-01  7.047436e-01
   outer loop
     vertex  3.110145e-01  1.011038e-01  7.760835e-01
     vertex  3.215435e-01  8.350954e-02  7.560193e-01
     vertex  3.317509e-01  9.353281e-02  7.560193e-01
   endloop
 endfacet
 facet normal  5.215258e-01 -4.659074e-01  7.148014e-01
   outer loop
     vertex  3.110145e-01  1.011038e-01  7.760835e-01
     vertex  3.317509e-01  9.353281e-02  7.560193e-01
     vertex  3.270445e-01  1.190474e-01  7.760835e-01
   endloop
 endfacet
 facet normal  4.591458e-01 -5.438162e-01  7.024593e-01
   outer loop
     vertex  2.975513e-01  8.973681e-02  7.760835e-01
     vertex  3.110145e-01  1.011038e-01  7.760835e-01
     vertex  2.917614e-01  1.107657e-01  7.961477e-01
   endloop
 endfacet
 facet normal  4.061001e-01 -5.698246e-01  7.144107e-01
   outer loop
     vertex  2.975513e-01  8.973681e-02  7.760835e-01
     vertex  2.917614e-01  1.107657e-01  7.961477e-01
     vertex  2.740928e-01  9.817376e-02  7.961477e-01
   endloop
 endfacet
 facet normal  4.538562e-01 -5.386059e-01  7.098720e-01
   outer loop
     vertex  2.975513e-01  8.973681e-02  7.760835e-01
     vertex  3.128757e-01  7.620566e-02  7.560193e-01
     vertex  3.215435e-01  8.350954e-02  7.560193e-01
   endloop
 endfacet
 facet normal  4.542197e-01 -5.379817e-01  7.101128e-01
   outer loop
     vertex  2.975513e-01  8.973681e-02  7.760835e-01
     vertex  3.215435e-01  8.350954e-02  7.560193e-01
     vertex  3.110145e-01  1.011038e-01  7.760835e-01
   endloop
 endfacet
 facet normal  4.145623e-01 -5.756318e-01  7.048306e-01
   outer loop
     vertex  2.975513e-01  8.973681e-02  7.760835e-01
     vertex  3.012727e-01  6.784934e-02  7.560193e-01
     vertex  3.128757e-01  7.620566e-02  7.560193e-01
   endloop
 endfacet
 facet normal  3.736769e-01 -5.914638e-01  7.145181e-01
   outer loop
     vertex  2.779036e-01  7.732371e-02  7.760835e-01
     vertex  3.012727e-01  6.784934e-02  7.560193e-01
     vertex  2.975513e-01  8.973681e-02  7.760835e-01
   endloop
 endfacet
 facet normal  3.814790e-01 -6.038133e-01  6.999166e-01
   outer loop
     vertex  2.779036e-01  7.732371e-02  7.760835e-01
     vertex  2.975513e-01  8.973681e-02  7.760835e-01
     vertex  2.740928e-01  9.817376e-02  7.961477e-01
   endloop
 endfacet
 facet normal  3.064863e-01 -6.303502e-01  7.132495e-01
   outer loop
     vertex  2.779036e-01  7.732371e-02  7.760835e-01
     vertex  2.740928e-01  9.817376e-02  7.961477e-01
     vertex  2.551651e-01  8.897080e-02  7.961477e-01
   endloop
 endfacet
 facet normal  3.475749e-01 -6.242843e-01  6.996147e-01
   outer loop
     vertex  2.779036e-01  7.732371e-02  7.760835e-01
     vertex  2.795880e-01  5.577619e-02  7.560193e-01
     vertex  3.012727e-01  6.784934e-02  7.560193e-01
   endloop
 endfacet
 facet normal  4.590218e-01 -5.480852e-01  6.992149e-01
   outer loop
     vertex  3.323068e-01  6.624347e-02  7.359551e-01
     vertex  3.316122e-01  4.006500e-02  7.158909e-01
     vertex  3.530773e-01  5.804207e-02  7.158909e-01
   endloop
 endfacet
 facet normal  4.979465e-01 -5.070932e-01  7.034954e-01
   outer loop
     vertex  3.323068e-01  6.624347e-02  7.359551e-01
     vertex  3.317509e-01  9.353281e-02  7.560193e-01
     vertex  3.215435e-01  8.350954e-02  7.560193e-01
   endloop
 endfacet
 facet normal  4.547949e-01 -5.397199e-01  7.084236e-01
   outer loop
     vertex  3.323068e-01  6.624347e-02  7.359551e-01
     vertex  3.215435e-01  8.350954e-02  7.560193e-01
     vertex  3.128757e-01  7.620566e-02  7.560193e-01
   endloop
 endfacet
 facet normal  4.197181e-01 -5.827907e-01  6.958389e-01
   outer loop
     vertex  3.323068e-01  6.624347e-02  7.359551e-01
     vertex  3.128757e-01  7.620566e-02  7.560193e-01
     vertex  3.012727e-01  6.784934e-02  7.560193e-01
   endloop
 endfacet
 facet normal  3.182110e-02 -7.037953e-01  7.096898e-01
   outer loop
     vertex  2.236621e-01  6.095169e-02  7.760835e-01
     vertex  2.109242e-01  4.014352e-02  7.560193e-01
     vertex  2.216286e-01  4.062750e-02  7.560193e-01
   endloop
 endfacet
 facet normal  8.663696e-02 -6.948931e-01  7.138751e-01
   outer loop
     vertex  2.236621e-01  6.095169e-02  7.760835e-01
     vertex  2.349035e-01  8.296552e-02  7.961477e-01
     vertex  2.140996e-01  8.037176e-02  7.961477e-01
   endloop
 endfacet
 facet normal  3.162380e-02 -7.106133e-01  7.028717e-01
   outer loop
     vertex  2.068540e-01  6.020370e-02  7.760835e-01
     vertex  2.236621e-01  6.095169e-02  7.760835e-01
     vertex  2.140996e-01  8.037176e-02  7.961477e-01
   endloop
 endfacet
 facet normal -2.718257e-02 -7.000935e-01  7.135336e-01
   outer loop
     vertex  2.068540e-01  6.020370e-02  7.760835e-01
     vertex  2.140996e-01  8.037176e-02  7.961477e-01
     vertex  1.933045e-01  8.117918e-02  7.961477e-01
   endloop
 endfacet
 facet normal  3.131381e-02 -7.036477e-01  7.098587e-01
   outer loop
     vertex  2.068540e-01  6.020370e-02  7.760835e-01
     vertex  2.109242e-01  4.014352e-02  7.560193e-01
     vertex  2.236621e-01  6.095169e-02  7.760835e-01
   endloop
 endfacet
 facet normal -2.837174e-01 -6.554234e-01  6.999462e-01
   outer loop
     vertex  1.523479e-01  7.128892e-02  7.760835e-01
     vertex  1.308636e-01  5.916181e-02  7.560193e-01
     vertex  1.529062e-01  4.962007e-02  7.560193e-01
   endloop
 endfacet
 facet normal -3.520337e-01 -6.153903e-01  7.052425e-01
   outer loop
     vertex  1.374558e-01  7.838452e-02  7.760835e-01
     vertex  1.192295e-01  6.581711e-02  7.560193e-01
     vertex  1.308636e-01  5.916181e-02  7.560193e-01
   endloop
 endfacet
 facet normal -3.058888e-01 -6.419953e-01  7.030463e-01
   outer loop
     vertex  1.374558e-01  7.838452e-02  7.760835e-01
     vertex  1.523479e-01  7.128892e-02  7.760835e-01
     vertex  1.538445e-01  9.254809e-02  7.961477e-01
   endloop
 endfacet
 facet normal -3.484558e-01 -6.077205e-01  7.136206e-01
   outer loop
     vertex  1.374558e-01  7.838452e-02  7.760835e-01
     vertex  1.538445e-01  9.254809e-02  7.961477e-01
     vertex  1.361474e-01  1.026952e-01  7.961477e-01
   endloop
 endfacet
 facet normal -3.032070e-01 -6.363670e-01  7.092972e-01
   outer loop
     vertex  1.374558e-01  7.838452e-02  7.760835e-01
     vertex  1.308636e-01  5.916181e-02  7.560193e-01
     vertex  1.523479e-01  7.128892e-02  7.760835e-01
   endloop
 endfacet
 facet normal -3.829670e-01 -5.854245e-01  7.145729e-01
   outer loop
     vertex  1.178256e-01  9.122601e-02  7.760835e-01
     vertex  1.192295e-01  6.581711e-02  7.560193e-01
     vertex  1.374558e-01  7.838452e-02  7.760835e-01
   endloop
 endfacet
 facet normal -3.936879e-01 -5.829838e-01  7.107319e-01
   outer loop
     vertex  1.178256e-01  9.122601e-02  7.760835e-01
     vertex  1.095751e-01  7.233669e-02  7.560193e-01
     vertex  1.192295e-01  6.581711e-02  7.560193e-01
   endloop
 endfacet
 facet normal -3.913274e-01 -5.982047e-01  6.992953e-01
   outer loop
     vertex  1.178256e-01  9.122601e-02  7.760835e-01
     vertex  1.374558e-01  7.838452e-02  7.760835e-01
     vertex  1.361474e-01  1.026952e-01  7.961477e-01
   endloop
 endfacet
 facet normal -4.441533e-01 -5.405043e-01  7.145509e-01
   outer loop
     vertex  1.178256e-01  9.122601e-02  7.760835e-01
     vertex  1.361474e-01  1.026952e-01  7.961477e-01
     vertex  1.187633e-01  1.169804e-01  7.961477e-01
   endloop
 endfacet
 facet normal -6.021948e-01 -3.566780e-01  7.142424e-01
   outer loop
     vertex  7.869521e-02  1.368903e-01  7.760835e-01
     vertex  1.042401e-01  1.339401e-01  7.961477e-01
     vertex  9.294893e-02  1.530034e-01  7.961477e-01
   endloop
 endfacet
 facet normal -6.426586e-01 -3.060823e-01  7.023557e-01
   outer loop
     vertex  7.102816e-02  1.529882e-01  7.760835e-01
     vertex  7.869521e-02  1.368903e-01  7.760835e-01
     vertex  9.294893e-02  1.530034e-01  7.961477e-01
   endloop
 endfacet
 facet normal -6.369468e-01 -3.011325e-01  7.096605e-01
   outer loop
     vertex  7.102816e-02  1.529882e-01  7.760835e-01
     vertex  5.393907e-02  1.418505e-01  7.560193e-01
     vertex  5.883454e-02  1.314957e-01  7.560193e-01
   endloop
 endfacet
 facet normal -6.354417e-01 -3.026450e-01  7.103660e-01
   outer loop
     vertex  7.102816e-02  1.529882e-01  7.760835e-01
     vertex  5.883454e-02  1.314957e-01  7.560193e-01
     vertex  7.869521e-02  1.368903e-01  7.760835e-01
   endloop
 endfacet
 facet normal -6.539680e-01 -2.481446e-01  7.146678e-01
   outer loop
     vertex  7.102816e-02  1.529882e-01  7.760835e-01
     vertex  9.294893e-02  1.530034e-01  7.961477e-01
     vertex  8.515061e-02  1.735553e-01  7.961477e-01
   endloop
 endfacet
 facet normal -6.379841e-01 -3.016230e-01  7.085195e-01
   outer loop
     vertex  3.925451e-02  1.257796e-01  7.359551e-01
     vertex  5.883454e-02  1.314957e-01  7.560193e-01
     vertex  5.393907e-02  1.418505e-01  7.560193e-01
   endloop
 endfacet
 facet normal -7.011359e-01 -4.697053e-02  7.114789e-01
   outer loop
     vertex  6.078207e-02  1.954507e-01  7.760835e-01
     vertex  8.140427e-02  1.915396e-01  7.961477e-01
     vertex  8.025682e-02  2.086677e-01  7.961477e-01
   endloop
 endfacet
 facet normal -7.100625e-01 -4.011318e-02  7.029952e-01
   outer loop
     vertex  2.081297e-02  1.918785e-01  7.359551e-01
     vertex  1.605000e-09  2.086677e-01  7.158909e-01
     vertex  1.327649e-03  1.851664e-01  7.158909e-01
   endloop
 endfacet
 facet normal -7.157443e-01  1.006375e-01  6.910732e-01
   outer loop
     vertex  5.230679e-02  2.346638e-01  7.660514e-01
     vertex  4.404323e-02  2.447825e-01  7.560193e-01
     vertex  4.046728e-02  2.193500e-01  7.560193e-01
   endloop
 endfacet
 facet normal -6.868697e-01  1.451111e-01  7.121466e-01
   outer loop
     vertex  5.230679e-02  2.346638e-01  7.660514e-01
     vertex  6.561790e-02  2.484371e-01  7.760835e-01
     vertex  4.404323e-02  2.447825e-01  7.560193e-01
   endloop
 endfacet
 facet normal -5.187459e-01  4.677182e-01  7.156412e-01
   outer loop
     vertex  1.105588e-01  3.063463e-01  7.861156e-01
     vertex  1.066903e-01  2.867059e-01  7.961477e-01
     vertex  1.205241e-01  3.020490e-01  7.961477e-01
   endloop
 endfacet
 facet normal -4.758969e-01  5.317832e-01  7.005204e-01
   outer loop
     vertex  1.105588e-01  3.063463e-01  7.861156e-01
     vertex  1.205241e-01  3.020490e-01  7.961477e-01
     vertex  1.181868e-01  3.263880e-01  7.760835e-01
   endloop
 endfacet
 facet normal -5.846971e-01  3.915291e-01  7.105169e-01
   outer loop
     vertex  8.014867e-02  3.014437e-01  7.660514e-01
     vertex  6.833837e-02  3.020121e-01  7.560193e-01
     vertex  8.121988e-02  2.848380e-01  7.760835e-01
   endloop
 endfacet
 facet normal -5.709473e-01  4.342342e-01  6.967494e-01
   outer loop
     vertex  8.014867e-02  3.014437e-01  7.660514e-01
     vertex  8.123542e-02  3.189696e-01  7.560193e-01
     vertex  6.833837e-02  3.020121e-01  7.560193e-01
   endloop
 endfacet
 facet normal -5.093590e-01  5.091766e-01  6.937526e-01
   outer loop
     vertex  9.982360e-02  3.238957e-01  7.660514e-01
     vertex  9.832021e-02  3.360605e-01  7.560193e-01
     vertex  8.123542e-02  3.189696e-01  7.560193e-01
   endloop
 endfacet
 facet normal -4.322375e-01  5.413392e-01  7.211953e-01
   outer loop
     vertex  9.982360e-02  3.238957e-01  7.660514e-01
     vertex  1.088598e-01  3.444760e-01  7.560193e-01
     vertex  9.832021e-02  3.360605e-01  7.560193e-01
   endloop
 endfacet
 facet normal -4.605795e-01  5.312433e-01  7.110886e-01
   outer loop
     vertex  9.982360e-02  3.238957e-01  7.660514e-01
     vertex  1.105588e-01  3.063463e-01  7.861156e-01
     vertex  1.181868e-01  3.263880e-01  7.760835e-01
   endloop
 endfacet
 facet normal -5.135551e-01  4.500341e-01  7.305686e-01
   outer loop
     vertex  9.982360e-02  3.238957e-01  7.660514e-01
     vertex  8.123542e-02  3.189696e-01  7.560193e-01
     vertex  8.014867e-02  3.014437e-01  7.660514e-01
   endloop
 endfacet
 facet normal -4.579755e-01  5.438620e-01  7.031874e-01
   outer loop
     vertex  9.982360e-02  3.238957e-01  7.660514e-01
     vertex  1.181868e-01  3.263880e-01  7.760835e-01
     vertex  1.088598e-01  3.444760e-01  7.560193e-01
   endloop
 endfacet
 facet normal -2.257059e-01  6.706684e-01  7.065839e-01
   outer loop
     vertex  1.700327e-01  3.520281e-01  7.760835e-01
     vertex  1.527658e-01  3.462171e-01  7.760835e-01
     vertex  1.753809e-01  3.326893e-01  7.961477e-01
   endloop
 endfacet
 facet normal -1.425936e-01  6.933811e-01  7.063212e-01
   outer loop
     vertex  1.700327e-01  3.520281e-01  7.760835e-01
     vertex  1.753809e-01  3.326893e-01  7.961477e-01
     vertex  1.875960e-01  3.556400e-01  7.760835e-01
   endloop
 endfacet
 facet normal -1.890683e-01  6.941751e-01  6.945316e-01
   outer loop
     vertex  1.631773e-01  3.605070e-01  7.660514e-01
     vertex  1.756484e-01  3.739409e-01  7.560193e-01
     vertex  1.533149e-01  3.678581e-01  7.560193e-01
   endloop
 endfacet
 facet normal -2.234079e-01  6.638401e-01  7.137263e-01
   outer loop
     vertex  1.631773e-01  3.605070e-01  7.660514e-01
     vertex  1.527658e-01  3.462171e-01  7.760835e-01
     vertex  1.700327e-01  3.520281e-01  7.760835e-01
   endloop
 endfacet
 facet normal -1.449133e-01  7.046611e-01  6.945883e-01
   outer loop
     vertex  1.631773e-01  3.605070e-01  7.660514e-01
     vertex  1.700327e-01  3.520281e-01  7.760835e-01
     vertex  1.875960e-01  3.556400e-01  7.760835e-01
   endloop
 endfacet
 facet normal -1.581123e-01  6.808425e-01  7.151601e-01
   outer loop
     vertex  1.631773e-01  3.605070e-01  7.660514e-01
     vertex  1.875960e-01  3.556400e-01  7.760835e-01
     vertex  1.756484e-01  3.739409e-01  7.560193e-01
   endloop
 endfacet
 facet normal -2.276440e-01  6.651363e-01  7.111764e-01
   outer loop
     vertex  1.631773e-01  3.605070e-01  7.660514e-01
     vertex  1.533149e-01  3.678581e-01  7.560193e-01
     vertex  1.527658e-01  3.462171e-01  7.760835e-01
   endloop
 endfacet
 facet normal  1.430349e-01  6.872296e-01  7.122194e-01
   outer loop
     vertex  2.477039e-01  3.622930e-01  7.660514e-01
     vertex  2.418474e-01  3.739088e-01  7.560193e-01
     vertex  2.296638e-01  3.556508e-01  7.760835e-01
   endloop
 endfacet
 facet normal  1.960982e-01  6.956992e-01  6.910486e-01
   outer loop
     vertex  2.477039e-01  3.622930e-01  7.660514e-01
     vertex  2.666697e-01  3.669121e-01  7.560193e-01
     vertex  2.418474e-01  3.739088e-01  7.560193e-01
   endloop
 endfacet
 facet normal  2.914850e-01  6.560524e-01  6.961549e-01
   outer loop
     vertex  2.773590e-01  3.515175e-01  7.660514e-01
     vertex  2.872246e-01  3.577795e-01  7.560193e-01
     vertex  2.666697e-01  3.669121e-01  7.560193e-01
   endloop
 endfacet
 facet normal  3.282944e-01  6.218492e-01  7.110038e-01
   outer loop
     vertex  2.773590e-01  3.515175e-01  7.660514e-01
     vertex  2.850762e-01  3.359729e-01  7.760835e-01
     vertex  2.872246e-01  3.577795e-01  7.560193e-01
   endloop
 endfacet
 facet normal  5.904594e-01  3.724425e-01  7.159918e-01
   outer loop
     vertex  3.292605e-01  2.766666e-01  7.861156e-01
     vertex  3.113472e-01  2.857799e-01  7.961477e-01
     vertex  3.224885e-01  2.681169e-01  7.961477e-01
   endloop
 endfacet
 facet normal  6.414755e-01  3.134735e-01  7.001740e-01
   outer loop
     vertex  3.292605e-01  2.766666e-01  7.861156e-01
     vertex  3.224885e-01  2.681169e-01  7.961477e-01
     vertex  3.466566e-01  2.634760e-01  7.760835e-01
   endloop
 endfacet
 facet normal  5.346754e-01  4.598612e-01  7.089781e-01
   outer loop
     vertex  3.327892e-01  3.072497e-01  7.660514e-01
     vertex  3.164112e-01  3.108255e-01  7.760835e-01
     vertex  3.113472e-01  2.857799e-01  7.961477e-01
   endloop
 endfacet
 facet normal  5.350325e-01  4.569161e-01  7.106109e-01
   outer loop
     vertex  3.327892e-01  3.072497e-01  7.660514e-01
     vertex  3.366578e-01  3.183219e-01  7.560193e-01
     vertex  3.164112e-01  3.108255e-01  7.760835e-01
   endloop
 endfacet
 facet normal  5.733274e-01  4.310162e-01  6.967932e-01
   outer loop
     vertex  3.327892e-01  3.072497e-01  7.660514e-01
     vertex  3.495628e-01  3.011560e-01  7.560193e-01
     vertex  3.366578e-01  3.183219e-01  7.560193e-01
   endloop
 endfacet
 facet normal  5.932989e-01  3.925930e-01  7.027568e-01
   outer loop
     vertex  3.327892e-01  3.072497e-01  7.660514e-01
     vertex  3.113472e-01  2.857799e-01  7.961477e-01
     vertex  3.292605e-01  2.766666e-01  7.861156e-01
   endloop
 endfacet
 facet normal  6.295751e-01  3.508065e-01  6.932315e-01
   outer loop
     vertex  3.492084e-01  2.819676e-01  7.660514e-01
     vertex  3.614512e-01  2.798205e-01  7.560193e-01
     vertex  3.495628e-01  3.011560e-01  7.560193e-01
   endloop
 endfacet
 facet normal  6.384288e-01  2.664448e-01  7.220913e-01
   outer loop
     vertex  3.492084e-01  2.819676e-01  7.660514e-01
     vertex  3.667041e-01  2.672339e-01  7.560193e-01
     vertex  3.614512e-01  2.798205e-01  7.560193e-01
   endloop
 endfacet
 facet normal  6.363593e-01  2.981564e-01  7.114419e-01
   outer loop
     vertex  3.492084e-01  2.819676e-01  7.660514e-01
     vertex  3.292605e-01  2.766666e-01  7.861156e-01
     vertex  3.466566e-01  2.634760e-01  7.760835e-01
   endloop
 endfacet
 facet normal  5.996716e-01  3.894501e-01  6.990869e-01
   outer loop
     vertex  3.492084e-01  2.819676e-01  7.660514e-01
     vertex  3.327892e-01  3.072497e-01  7.660514e-01
     vertex  3.292605e-01  2.766666e-01  7.861156e-01
   endloop
 endfacet
 facet normal  5.722409e-01  3.716355e-01  7.310455e-01
   outer loop
     vertex  3.492084e-01  2.819676e-01  7.660514e-01
     vertex  3.495628e-01  3.011560e-01  7.560193e-01
     vertex  3.327892e-01  3.072497e-01  7.660514e-01
   endloop
 endfacet
 facet normal  6.487379e-01  2.917873e-01  7.028508e-01
   outer loop
     vertex  3.492084e-01  2.819676e-01  7.660514e-01
     vertex  3.466566e-01  2.634760e-01  7.760835e-01
     vertex  3.667041e-01  2.672339e-01  7.560193e-01
   endloop
 endfacet
 facet normal  6.995343e-01  1.707454e-01  6.939004e-01
   outer loop
     vertex  3.458821e-01  2.270712e-01  7.861156e-01
     vertex  3.305727e-01  2.490228e-01  7.961477e-01
     vertex  3.354564e-01  2.290149e-01  7.961477e-01
   endloop
 endfacet
 facet normal  6.976566e-01  5.548625e-02  7.142805e-01
   outer loop
     vertex  3.458821e-01  2.270712e-01  7.861156e-01
     vertex  3.354564e-01  2.290149e-01  7.961477e-01
     vertex  3.370786e-01  2.086172e-01  7.961477e-01
   endloop
 endfacet
 facet normal  6.821191e-01  1.484983e-01  7.160041e-01
   outer loop
     vertex  3.458821e-01  2.270712e-01  7.861156e-01
     vertex  3.519263e-01  2.476785e-01  7.760835e-01
     vertex  3.305727e-01  2.490228e-01  7.961477e-01
   endloop
 endfacet
 facet normal  7.168279e-01 -2.049171e-02  6.969489e-01
   outer loop
     vertex  3.502841e-01  2.156228e-01  7.827715e-01
     vertex  3.370786e-01  2.086172e-01  7.961477e-01
     vertex  3.560812e-01  1.909441e-01  7.760835e-01
   endloop
 endfacet
 facet normal  6.950933e-01  5.795882e-02  7.165794e-01
   outer loop
     vertex  3.502841e-01  2.156228e-01  7.827715e-01
     vertex  3.458821e-01  2.270712e-01  7.861156e-01
     vertex  3.370786e-01  2.086172e-01  7.961477e-01
   endloop
 endfacet
 facet normal  7.131089e-01  1.007649e-01  6.937738e-01
   outer loop
     vertex  3.649464e-01  2.351540e-01  7.660514e-01
     vertex  3.768049e-01  2.203034e-01  7.560193e-01
     vertex  3.734460e-01  2.440742e-01  7.560193e-01
   endloop
 endfacet
 facet normal  6.705804e-01  1.724784e-01  7.215075e-01
   outer loop
     vertex  3.649464e-01  2.351540e-01  7.660514e-01
     vertex  3.734460e-01  2.440742e-01  7.560193e-01
     vertex  3.700803e-01  2.571600e-01  7.560193e-01
   endloop
 endfacet
 facet normal  6.937497e-01  1.584409e-01  7.025723e-01
   outer loop
     vertex  3.649464e-01  2.351540e-01  7.660514e-01
     vertex  3.700803e-01  2.571600e-01  7.560193e-01
     vertex  3.519263e-01  2.476785e-01  7.760835e-01
   endloop
 endfacet
 facet normal  7.177908e-01  1.230849e-01  6.852930e-01
   outer loop
     vertex  3.567388e-01  2.196134e-01  7.760835e-01
     vertex  3.519263e-01  2.476785e-01  7.760835e-01
     vertex  3.458821e-01  2.270712e-01  7.861156e-01
   endloop
 endfacet
 facet normal  6.997242e-01  6.113774e-02  7.117923e-01
   outer loop
     vertex  3.567388e-01  2.196134e-01  7.760835e-01
     vertex  3.458821e-01  2.270712e-01  7.861156e-01
     vertex  3.502841e-01  2.156228e-01  7.827715e-01
   endloop
 endfacet
 facet normal  6.735964e-01  1.155065e-01  7.300179e-01
   outer loop
     vertex  3.567388e-01  2.196134e-01  7.760835e-01
     vertex  3.649464e-01  2.351540e-01  7.660514e-01
     vertex  3.519263e-01  2.476785e-01  7.760835e-01
   endloop
 endfacet
 facet normal  7.030126e-01  8.455229e-02  7.061333e-01
   outer loop
     vertex  3.634264e-01  2.198643e-01  7.693954e-01
     vertex  3.649464e-01  2.351540e-01  7.660514e-01
     vertex  3.567388e-01  2.196134e-01  7.760835e-01
   endloop
 endfacet
 facet normal  7.031259e-01  8.451729e-02  7.060247e-01
   outer loop
     vertex  3.634264e-01  2.198643e-01  7.693954e-01
     vertex  3.768049e-01  2.203034e-01  7.560193e-01
     vertex  3.649464e-01  2.351540e-01  7.660514e-01
   endloop
 endfacet
 facet normal  7.177967e-01  2.297558e-03  6.962490e-01
   outer loop
     vertex  3.671241e-01  2.046519e-01  7.660514e-01
     vertex  3.768760e-01  1.981087e-01  7.560193e-01
     vertex  3.768049e-01  2.203034e-01  7.560193e-01
   endloop
 endfacet
 facet normal  6.936082e-01 -3.209472e-02  7.196372e-01
   outer loop
     vertex  3.671241e-01  2.046519e-01  7.660514e-01
     vertex  3.502841e-01  2.156228e-01  7.827715e-01
     vertex  3.560812e-01  1.909441e-01  7.760835e-01
   endloop
 endfacet
 facet normal  7.121759e-01  2.390464e-02  7.015939e-01
   outer loop
     vertex  3.671241e-01  2.046519e-01  7.660514e-01
     vertex  3.567388e-01  2.196134e-01  7.760835e-01
     vertex  3.502841e-01  2.156228e-01  7.827715e-01
   endloop
 endfacet
 facet normal  7.067328e-01  1.630526e-02  7.072927e-01
   outer loop
     vertex  3.671241e-01  2.046519e-01  7.660514e-01
     vertex  3.634264e-01  2.198643e-01  7.693954e-01
     vertex  3.567388e-01  2.196134e-01  7.760835e-01
   endloop
 endfacet
 facet normal  7.066832e-01  1.628221e-02  7.073427e-01
   outer loop
     vertex  3.671241e-01  2.046519e-01  7.660514e-01
     vertex  3.768049e-01  2.203034e-01  7.560193e-01
     vertex  3.634264e-01  2.198643e-01  7.693954e-01
   endloop
 endfacet
 facet normal  7.099066e-01 -5.821604e-02  7.018857e-01
   outer loop
     vertex  3.671241e-01  2.046519e-01  7.660514e-01
     vertex  3.560812e-01  1.909441e-01  7.760835e-01
     vertex  3.752976e-01  1.833694e-01  7.560193e-01
   endloop
 endfacet
 facet normal  6.905499e-01 -7.395027e-02  7.194944e-01
   outer loop
     vertex  3.671241e-01  2.046519e-01  7.660514e-01
     vertex  3.752976e-01  1.833694e-01  7.560193e-01
     vertex  3.768760e-01  1.981087e-01  7.560193e-01
   endloop
 endfacet
 facet normal  5.879759e-01 -3.926324e-01  7.071946e-01
   outer loop
     vertex  3.368094e-01  1.336706e-01  7.760835e-01
     vertex  3.198203e-01  1.443679e-01  7.961477e-01
     vertex  3.270445e-01  1.190474e-01  7.760835e-01
   endloop
 endfacet
 facet normal  6.321689e-01 -3.197714e-01  7.057682e-01
   outer loop
     vertex  3.368094e-01  1.336706e-01  7.760835e-01
     vertex  3.450091e-01  1.498809e-01  7.760835e-01
     vertex  3.198203e-01  1.443679e-01  7.961477e-01
   endloop
 endfacet
 facet normal  5.829294e-01 -3.934861e-01  7.108882e-01
   outer loop
     vertex  3.432618e-01  1.249481e-01  7.660514e-01
     vertex  3.270445e-01  1.190474e-01  7.760835e-01
     vertex  3.478835e-01  1.136705e-01  7.560193e-01
   endloop
 endfacet
 facet normal  6.202587e-01 -3.639316e-01  6.948618e-01
   outer loop
     vertex  3.432618e-01  1.249481e-01  7.660514e-01
     vertex  3.478835e-01  1.136705e-01  7.560193e-01
     vertex  3.595056e-01  1.334784e-01  7.560193e-01
   endloop
 endfacet
 facet normal  6.416723e-01 -3.245785e-01  6.949140e-01
   outer loop
     vertex  3.432618e-01  1.249481e-01  7.660514e-01
     vertex  3.450091e-01  1.498809e-01  7.760835e-01
     vertex  3.368094e-01  1.336706e-01  7.760835e-01
   endloop
 endfacet
 facet normal  6.155313e-01 -3.309349e-01  7.152645e-01
   outer loop
     vertex  3.432618e-01  1.249481e-01  7.660514e-01
     vertex  3.595056e-01  1.334784e-01  7.560193e-01
     vertex  3.450091e-01  1.498809e-01  7.760835e-01
   endloop
 endfacet
 facet normal  5.828617e-01 -3.892174e-01  7.132896e-01
   outer loop
     vertex  3.432618e-01  1.249481e-01  7.660514e-01
     vertex  3.368094e-01  1.336706e-01  7.760835e-01
     vertex  3.270445e-01  1.190474e-01  7.760835e-01
   endloop
 endfacet
 facet normal  4.881653e-01 -5.050307e-01  7.117855e-01
   outer loop
     vertex  3.519059e-01  7.104892e-02  7.259230e-01
     vertex  3.323068e-01  6.624347e-02  7.359551e-01
     vertex  3.530773e-01  5.804207e-02  7.158909e-01
   endloop
 endfacet
 facet normal  5.333396e-01 -4.859832e-01  6.923649e-01
   outer loop
     vertex  3.519059e-01  7.104892e-02  7.259230e-01
     vertex  3.530773e-01  5.804207e-02  7.158909e-01
     vertex  3.720338e-01  7.884575e-02  7.158909e-01
   endloop
 endfacet
 facet normal  2.952389e-01 -6.386279e-01  7.106253e-01
   outer loop
     vertex  2.700113e-01  6.251195e-02  7.660514e-01
     vertex  2.795880e-01  5.577619e-02  7.560193e-01
     vertex  2.779036e-01  7.732371e-02  7.760835e-01
   endloop
 endfacet
 facet normal  2.594052e-01 -6.688253e-01  6.966934e-01
   outer loop
     vertex  2.700113e-01  6.251195e-02  7.660514e-01
     vertex  2.593852e-01  4.794049e-02  7.560193e-01
     vertex  2.795880e-01  5.577619e-02  7.560193e-01
   endloop
 endfacet
 facet normal  4.239408e-01 -5.580066e-01  7.133742e-01
   outer loop
     vertex  3.212483e-01  4.501647e-02  7.259230e-01
     vertex  3.316122e-01  4.006500e-02  7.158909e-01
     vertex  3.323068e-01  6.624347e-02  7.359551e-01
   endloop
 endfacet
 facet normal  3.833721e-01 -6.073444e-01  6.958150e-01
   outer loop
     vertex  3.212483e-01  4.501647e-02  7.259230e-01
     vertex  3.079890e-01  2.515341e-02  7.158909e-01
     vertex  3.316122e-01  4.006500e-02  7.158909e-01
   endloop
 endfacet
 facet normal  8.130305e-02 -6.861332e-01  7.229184e-01
   outer loop
     vertex  2.409972e-01  5.349252e-02  7.660514e-01
     vertex  2.216286e-01  4.062750e-02  7.560193e-01
     vertex  2.353381e-01  4.225201e-02  7.560193e-01
   endloop
 endfacet
 facet normal  1.036860e-01 -7.039885e-01  7.026019e-01
   outer loop
     vertex  2.409972e-01  5.349252e-02  7.660514e-01
     vertex  2.236621e-01  6.095169e-02  7.760835e-01
     vertex  2.216286e-01  4.062750e-02  7.560193e-01
   endloop
 endfacet
 facet normal  1.660237e-01 -7.018354e-01  6.927216e-01
   outer loop
     vertex  2.409972e-01  5.349252e-02  7.660514e-01
     vertex  2.353381e-01  4.225201e-02  7.560193e-01
     vertex  2.593852e-01  4.794049e-02  7.560193e-01
   endloop
 endfacet
 facet normal  2.024305e-01 -6.511867e-01  7.314217e-01
   outer loop
     vertex  2.409972e-01  5.349252e-02  7.660514e-01
     vertex  2.593852e-01  4.794049e-02  7.560193e-01
     vertex  2.700113e-01  6.251195e-02  7.660514e-01
   endloop
 endfacet
 facet normal -7.050544e-02 -7.129227e-01  6.976892e-01
   outer loop
     vertex  1.844460e-01  6.896493e-02  7.827715e-01
     vertex  2.068540e-01  6.020370e-02  7.760835e-01
     vertex  1.933045e-01  8.117918e-02  7.961477e-01
   endloop
 endfacet
 facet normal -1.411858e-01 -6.827153e-01  7.169145e-01
   outer loop
     vertex  1.739784e-01  7.464118e-02  7.861156e-01
     vertex  1.844460e-01  6.896493e-02  7.827715e-01
     vertex  1.933045e-01  8.117918e-02  7.961477e-01
   endloop
 endfacet
 facet normal -2.297969e-01 -6.593994e-01  7.158113e-01
   outer loop
     vertex  1.739784e-01  7.464118e-02  7.861156e-01
     vertex  1.538445e-01  9.254809e-02  7.961477e-01
     vertex  1.523479e-01  7.128892e-02  7.760835e-01
   endloop
 endfacet
 facet normal -1.392577e-01 -6.852615e-01  7.148595e-01
   outer loop
     vertex  1.739784e-01  7.464118e-02  7.861156e-01
     vertex  1.933045e-01  8.117918e-02  7.961477e-01
     vertex  1.730514e-01  8.529497e-02  7.961477e-01
   endloop
 endfacet
 facet normal -2.547437e-01 -6.745849e-01  6.928498e-01
   outer loop
     vertex  1.739784e-01  7.464118e-02  7.861156e-01
     vertex  1.730514e-01  8.529497e-02  7.961477e-01
     vertex  1.538445e-01  9.254809e-02  7.961477e-01
   endloop
 endfacet
 facet normal -1.453528e-01 -6.873109e-01  7.116714e-01
   outer loop
     vertex  1.795006e-01  6.308567e-02  7.760835e-01
     vertex  1.844460e-01  6.896493e-02  7.827715e-01
     vertex  1.739784e-01  7.464118e-02  7.861156e-01
   endloop
 endfacet
 facet normal -2.103619e-01 -6.962957e-01  6.862362e-01
   outer loop
     vertex  1.795006e-01  6.308567e-02  7.760835e-01
     vertex  1.739784e-01  7.464118e-02  7.861156e-01
     vertex  1.523479e-01  7.128892e-02  7.760835e-01
   endloop
 endfacet
 facet normal -1.874812e-02 -6.923436e-01  7.213244e-01
   outer loop
     vertex  1.911556e-01  5.113087e-02  7.660514e-01
     vertex  1.972943e-01  4.051261e-02  7.560193e-01
     vertex  2.109242e-01  4.014352e-02  7.560193e-01
   endloop
 endfacet
 facet normal -1.000813e-01 -7.132709e-01  6.937062e-01
   outer loop
     vertex  1.911556e-01  5.113087e-02  7.660514e-01
     vertex  1.733243e-01  4.387590e-02  7.560193e-01
     vertex  1.972943e-01  4.051261e-02  7.560193e-01
   endloop
 endfacet
 facet normal -3.835520e-02 -7.105370e-01  7.026137e-01
   outer loop
     vertex  1.911556e-01  5.113087e-02  7.660514e-01
     vertex  2.109242e-01  4.014352e-02  7.560193e-01
     vertex  2.068540e-01  6.020370e-02  7.760835e-01
   endloop
 endfacet
 facet normal -5.728593e-02 -6.942197e-01  7.174799e-01
   outer loop
     vertex  1.911556e-01  5.113087e-02  7.660514e-01
     vertex  2.068540e-01  6.020370e-02  7.760835e-01
     vertex  1.844460e-01  6.896493e-02  7.827715e-01
   endloop
 endfacet
 facet normal -1.154448e-01 -7.021537e-01  7.026042e-01
   outer loop
     vertex  1.911556e-01  5.113087e-02  7.660514e-01
     vertex  1.844460e-01  6.896493e-02  7.827715e-01
     vertex  1.795006e-01  6.308567e-02  7.760835e-01
   endloop
 endfacet
 facet normal -1.910088e-01 -6.789558e-01  7.088968e-01
   outer loop
     vertex  1.775008e-01  5.666695e-02  7.693954e-01
     vertex  1.529062e-01  4.962007e-02  7.560193e-01
     vertex  1.733243e-01  4.387590e-02  7.560193e-01
   endloop
 endfacet
 facet normal -2.039693e-01 -6.751363e-01  7.089340e-01
   outer loop
     vertex  1.775008e-01  5.666695e-02  7.693954e-01
     vertex  1.795006e-01  6.308567e-02  7.760835e-01
     vertex  1.523479e-01  7.128892e-02  7.760835e-01
   endloop
 endfacet
 facet normal -1.111708e-01 -7.001986e-01  7.052397e-01
   outer loop
     vertex  1.775008e-01  5.666695e-02  7.693954e-01
     vertex  1.911556e-01  5.113087e-02  7.660514e-01
     vertex  1.795006e-01  6.308567e-02  7.760835e-01
   endloop
 endfacet
 facet normal -1.114558e-01 -7.006209e-01  7.047752e-01
   outer loop
     vertex  1.775008e-01  5.666695e-02  7.693954e-01
     vertex  1.733243e-01  4.387590e-02  7.560193e-01
     vertex  1.911556e-01  5.113087e-02  7.660514e-01
   endloop
 endfacet
 facet normal -1.981681e-01 -6.686864e-01  7.166505e-01
   outer loop
     vertex  1.775008e-01  5.666695e-02  7.693954e-01
     vertex  1.523479e-01  7.128892e-02  7.760835e-01
     vertex  1.529062e-01  4.962007e-02  7.560193e-01
   endloop
 endfacet
 facet normal -4.289200e-01 -5.386662e-01  7.251664e-01
   outer loop
     vertex  9.875963e-02  9.445414e-02  7.660514e-01
     vertex  9.799303e-02  8.155907e-02  7.560193e-01
     vertex  1.095751e-01  7.233669e-02  7.560193e-01
   endloop
 endfacet
 facet normal -5.159775e-01 -5.066692e-01  6.906907e-01
   outer loop
     vertex  9.875963e-02  9.445414e-02  7.660514e-01
     vertex  7.956555e-02  1.003251e-01  7.560193e-01
     vertex  9.799303e-02  8.155907e-02  7.560193e-01
   endloop
 endfacet
 facet normal -4.610806e-01 -5.435955e-01  7.013620e-01
   outer loop
     vertex  9.875963e-02  9.445414e-02  7.660514e-01
     vertex  1.095751e-01  7.233669e-02  7.560193e-01
     vertex  1.178256e-01  9.122601e-02  7.760835e-01
   endloop
 endfacet
 facet normal -5.179925e-01 -4.384832e-01  7.344496e-01
   outer loop
     vertex  7.787442e-02  1.191264e-01  7.660514e-01
     vertex  7.956555e-02  1.003251e-01  7.560193e-01
     vertex  9.875963e-02  9.445414e-02  7.660514e-01
   endloop
 endfacet
 facet normal -5.806600e-01 -4.233079e-01  6.954455e-01
   outer loop
     vertex  7.787442e-02  1.191264e-01  7.660514e-01
     vertex  6.602204e-02  1.189030e-01  7.560193e-01
     vertex  7.956555e-02  1.003251e-01  7.560193e-01
   endloop
 endfacet
 facet normal -6.028273e-01 -3.440728e-01  7.198703e-01
   outer loop
     vertex  7.787442e-02  1.191264e-01  7.660514e-01
     vertex  5.883454e-02  1.314957e-01  7.560193e-01
     vertex  6.602204e-02  1.189030e-01  7.560193e-01
   endloop
 endfacet
 facet normal -6.093002e-01 -3.683944e-01  7.021673e-01
   outer loop
     vertex  7.787442e-02  1.191264e-01  7.660514e-01
     vertex  7.869521e-02  1.368903e-01  7.760835e-01
     vertex  5.883454e-02  1.314957e-01  7.560193e-01
   endloop
 endfacet
 facet normal -5.679414e-01 -4.140360e-01  7.113485e-01
   outer loop
     vertex  5.879557e-02  1.115797e-01  7.459872e-01
     vertex  7.956555e-02  1.003251e-01  7.560193e-01
     vertex  6.602204e-02  1.189030e-01  7.560193e-01
   endloop
 endfacet
 facet normal -6.173931e-01 -3.529278e-01  7.030418e-01
   outer loop
     vertex  5.879557e-02  1.115797e-01  7.459872e-01
     vertex  5.883454e-02  1.314957e-01  7.560193e-01
     vertex  3.925451e-02  1.257796e-01  7.359551e-01
   endloop
 endfacet
 facet normal -6.179780e-01 -3.527202e-01  7.026319e-01
   outer loop
     vertex  5.879557e-02  1.115797e-01  7.459872e-01
     vertex  6.602204e-02  1.189030e-01  7.560193e-01
     vertex  5.883454e-02  1.314957e-01  7.560193e-01
   endloop
 endfacet
 facet normal -6.799801e-01 -2.164999e-01  7.005390e-01
   outer loop
     vertex  6.417322e-02  1.745181e-01  7.760835e-01
     vertex  7.102816e-02  1.529882e-01  7.760835e-01
     vertex  8.515061e-02  1.735553e-01  7.961477e-01
   endloop
 endfacet
 facet normal -7.038202e-01 -1.140215e-01  7.011678e-01
   outer loop
     vertex  6.417322e-02  1.745181e-01  7.760835e-01
     vertex  8.140427e-02  1.915396e-01  7.961477e-01
     vertex  6.078207e-02  1.954507e-01  7.760835e-01
   endloop
 endfacet
 facet normal -6.875022e-01 -1.432149e-01  7.119201e-01
   outer loop
     vertex  6.417322e-02  1.745181e-01  7.760835e-01
     vertex  8.515061e-02  1.735553e-01  7.961477e-01
     vertex  8.140427e-02  1.915396e-01  7.961477e-01
   endloop
 endfacet
 facet normal -6.921467e-01 -1.121303e-01  7.129935e-01
   outer loop
     vertex  6.417322e-02  1.745181e-01  7.760835e-01
     vertex  6.078207e-02  1.954507e-01  7.760835e-01
     vertex  4.293032e-02  1.780636e-01  7.560193e-01
   endloop
 endfacet
 facet normal -6.707102e-01 -2.370213e-01  7.028291e-01
   outer loop
     vertex  5.639737e-02  1.646419e-01  7.660514e-01
     vertex  5.393907e-02  1.418505e-01  7.560193e-01
     vertex  7.102816e-02  1.529882e-01  7.760835e-01
   endloop
 endfacet
 facet normal -6.915365e-01 -1.689278e-01  7.023109e-01
   outer loop
     vertex  5.639737e-02  1.646419e-01  7.660514e-01
     vertex  6.417322e-02  1.745181e-01  7.760835e-01
     vertex  4.293032e-02  1.780636e-01  7.560193e-01
   endloop
 endfacet
 facet normal -6.477395e-01 -2.473216e-01  7.206009e-01
   outer loop
     vertex  5.639737e-02  1.646419e-01  7.660514e-01
     vertex  4.878162e-02  1.553579e-01  7.560193e-01
     vertex  5.393907e-02  1.418505e-01  7.560193e-01
   endloop
 endfacet
 facet normal -6.964526e-01 -1.794774e-01  6.947962e-01
   outer loop
     vertex  5.639737e-02  1.646419e-01  7.660514e-01
     vertex  4.293032e-02  1.780636e-01  7.560193e-01
     vertex  4.878162e-02  1.553579e-01  7.560193e-01
   endloop
 endfacet
 facet normal -6.613537e-01 -2.105694e-01  7.199110e-01
   outer loop
     vertex  5.639737e-02  1.646419e-01  7.660514e-01
     vertex  7.102816e-02  1.529882e-01  7.760835e-01
     vertex  6.417322e-02  1.745181e-01  7.760835e-01
   endloop
 endfacet
 facet normal -6.138135e-01 -3.420119e-01  7.115201e-01
   outer loop
     vertex  3.892418e-02  1.055017e-01  7.259230e-01
     vertex  5.879557e-02  1.115797e-01  7.459872e-01
     vertex  3.925451e-02  1.257796e-01  7.359551e-01
   endloop
 endfacet
 facet normal -6.133977e-01 -3.421606e-01  7.118071e-01
   outer loop
     vertex  3.892418e-02  1.055017e-01  7.259230e-01
     vertex  3.925451e-02  1.257796e-01  7.359551e-01
     vertex  2.585523e-02  1.080605e-01  7.158909e-01
   endloop
 endfacet
 facet normal -6.074680e-01 -3.904318e-01  6.917699e-01
   outer loop
     vertex  3.892418e-02  1.055017e-01  7.259230e-01
     vertex  2.585523e-02  1.080605e-01  7.158909e-01
     vertex  4.121953e-02  8.415540e-02  7.158909e-01
   endloop
 endfacet
 facet normal -7.036934e-01 -4.001020e-02  7.093763e-01
   outer loop
     vertex  5.031409e-02  2.016919e-01  7.660514e-01
     vertex  6.078207e-02  1.954507e-01  7.760835e-01
     vertex  8.025682e-02  2.086677e-01  7.961477e-01
   endloop
 endfacet
 facet normal -6.977851e-01 -8.397679e-02  7.113676e-01
   outer loop
     vertex  5.031409e-02  2.016919e-01  7.660514e-01
     vertex  2.081297e-02  1.918785e-01  7.359551e-01
     vertex  4.293032e-02  1.780636e-01  7.560193e-01
   endloop
 endfacet
 facet normal -7.080115e-01 -3.476278e-02  7.053448e-01
   outer loop
     vertex  5.031409e-02  2.016919e-01  7.660514e-01
     vertex  1.605000e-09  2.086677e-01  7.158909e-01
     vertex  2.081297e-02  1.918785e-01  7.359551e-01
   endloop
 endfacet
 facet normal -7.125584e-01 -7.357599e-02  6.977443e-01
   outer loop
     vertex  5.031409e-02  2.016919e-01  7.660514e-01
     vertex  4.293032e-02  1.780636e-01  7.560193e-01
     vertex  6.078207e-02  1.954507e-01  7.760835e-01
   endloop
 endfacet
 facet normal -7.070211e-01 -1.556544e-02  7.070211e-01
   outer loop
     vertex  5.031409e-02  2.016919e-01  7.660514e-01
     vertex  8.025682e-02  2.086677e-01  7.961477e-01
     vertex  1.605000e-09  2.086677e-01  7.158909e-01
   endloop
 endfacet
 facet normal -6.587349e-01 -2.886298e-01  6.948102e-01
   outer loop
     vertex  2.150291e-02  1.421437e-01  7.259230e-01
     vertex  2.585523e-02  1.080605e-01  7.158909e-01
     vertex  3.925451e-02  1.257796e-01  7.359551e-01
   endloop
 endfacet
 facet normal -6.287264e-01 -2.923793e-01  7.205674e-01
   outer loop
     vertex  2.150291e-02  1.421437e-01  7.259230e-01
     vertex  1.393119e-02  1.337017e-01  7.158909e-01
     vertex  2.585523e-02  1.080605e-01  7.158909e-01
   endloop
 endfacet
 facet normal -6.858267e-01 -2.121548e-01  6.961552e-01
   outer loop
     vertex  2.150291e-02  1.421437e-01  7.259230e-01
     vertex  5.616225e-03  1.605813e-01  7.158909e-01
     vertex  1.393119e-02  1.337017e-01  7.158909e-01
   endloop
 endfacet
 facet normal -6.990263e-01 -9.096066e-02  7.092873e-01
   outer loop
     vertex  1.255705e-02  1.770970e-01  7.259230e-01
     vertex  2.081297e-02  1.918785e-01  7.359551e-01
     vertex  1.327649e-03  1.851664e-01  7.158909e-01
   endloop
 endfacet
 facet normal -6.587025e-01 -1.685869e-01  7.332731e-01
   outer loop
     vertex  1.255705e-02  1.770970e-01  7.259230e-01
     vertex  5.616225e-03  1.605813e-01  7.158909e-01
     vertex  2.150291e-02  1.421437e-01  7.259230e-01
   endloop
 endfacet
 facet normal -7.090702e-01 -1.236886e-01  6.942050e-01
   outer loop
     vertex  1.255705e-02  1.770970e-01  7.259230e-01
     vertex  1.327649e-03  1.851664e-01  7.158909e-01
     vertex  5.616225e-03  1.605813e-01  7.158909e-01
   endloop
 endfacet
 facet normal -6.943948e-01  5.780074e-02  7.172690e-01
   outer loop
     vertex  6.567435e-02  2.202175e-01  7.810995e-01
     vertex  8.025682e-02  2.086677e-01  7.961477e-01
     vertex  8.202403e-02  2.298982e-01  7.961477e-01
   endloop
 endfacet
 facet normal -7.043353e-01  8.266909e-02  7.050373e-01
   outer loop
     vertex  6.567435e-02  2.202175e-01  7.810995e-01
     vertex  5.230679e-02  2.346638e-01  7.660514e-01
     vertex  4.046728e-02  2.193500e-01  7.560193e-01
   endloop
 endfacet
 facet normal -6.776561e-01  1.273821e-01  7.242624e-01
   outer loop
     vertex  6.567435e-02  2.202175e-01  7.810995e-01
     vertex  6.561790e-02  2.484371e-01  7.760835e-01
     vertex  5.230679e-02  2.346638e-01  7.660514e-01
   endloop
 endfacet
 facet normal -7.102579e-01  1.218171e-01  6.933212e-01
   outer loop
     vertex  6.567435e-02  2.202175e-01  7.810995e-01
     vertex  8.202403e-02  2.298982e-01  7.961477e-01
     vertex  6.561790e-02  2.484371e-01  7.760835e-01
   endloop
 endfacet
 facet normal -7.055150e-01  3.166710e-02  7.079871e-01
   outer loop
     vertex  6.567435e-02  2.202175e-01  7.810995e-01
     vertex  4.046728e-02  2.193500e-01  7.560193e-01
     vertex  8.025682e-02  2.086677e-01  7.961477e-01
   endloop
 endfacet
 facet normal -5.310301e-01  4.660641e-01  7.076660e-01
   outer loop
     vertex  9.529071e-02  2.965663e-01  7.810995e-01
     vertex  1.066903e-01  2.867059e-01  7.961477e-01
     vertex  1.105588e-01  3.063463e-01  7.861156e-01
   endloop
 endfacet
 facet normal -5.969925e-01  3.844269e-01  7.041420e-01
   outer loop
     vertex  9.529071e-02  2.965663e-01  7.810995e-01
     vertex  9.542804e-02  2.692164e-01  7.961477e-01
     vertex  1.066903e-01  2.867059e-01  7.961477e-01
   endloop
 endfacet
 facet normal -5.802114e-01  3.903821e-01  7.148122e-01
   outer loop
     vertex  9.529071e-02  2.965663e-01  7.810995e-01
     vertex  8.121988e-02  2.848380e-01  7.760835e-01
     vertex  9.542804e-02  2.692164e-01  7.961477e-01
   endloop
 endfacet
 facet normal -5.337407e-01  4.740989e-01  7.002507e-01
   outer loop
     vertex  9.529071e-02  2.965663e-01  7.810995e-01
     vertex  1.105588e-01  3.063463e-01  7.861156e-01
     vertex  9.982360e-02  3.238957e-01  7.660514e-01
   endloop
 endfacet
 facet normal -5.397349e-01  4.729757e-01  6.964052e-01
   outer loop
     vertex  9.529071e-02  2.965663e-01  7.810995e-01
     vertex  9.982360e-02  3.238957e-01  7.660514e-01
     vertex  8.014867e-02  3.014437e-01  7.660514e-01
   endloop
 endfacet
 facet normal -5.814521e-01  3.928913e-01  7.124254e-01
   outer loop
     vertex  9.529071e-02  2.965663e-01  7.810995e-01
     vertex  8.014867e-02  3.014437e-01  7.660514e-01
     vertex  8.121988e-02  2.848380e-01  7.760835e-01
   endloop
 endfacet
 facet normal  2.327182e-01  6.562756e-01  7.177357e-01
   outer loop
     vertex  2.563848e-01  3.439585e-01  7.810995e-01
     vertex  2.411601e-01  3.328998e-01  7.961477e-01
     vertex  2.616992e-01  3.256166e-01  7.961477e-01
   endloop
 endfacet
 facet normal  1.761730e-01  6.996631e-01  6.924121e-01
   outer loop
     vertex  2.563848e-01  3.439585e-01  7.810995e-01
     vertex  2.296638e-01  3.556508e-01  7.760835e-01
     vertex  2.411601e-01  3.328998e-01  7.961477e-01
   endloop
 endfacet
 facet normal  1.569033e-01  6.698989e-01  7.256837e-01
   outer loop
     vertex  2.563848e-01  3.439585e-01  7.810995e-01
     vertex  2.477039e-01  3.622930e-01  7.660514e-01
     vertex  2.296638e-01  3.556508e-01  7.760835e-01
   endloop
 endfacet
 facet normal  2.081308e-01  6.775312e-01  7.054311e-01
   outer loop
     vertex  2.563848e-01  3.439585e-01  7.810995e-01
     vertex  2.666697e-01  3.669121e-01  7.560193e-01
     vertex  2.477039e-01  3.622930e-01  7.660514e-01
   endloop
 endfacet
 facet normal  2.733025e-01  6.511608e-01  7.080222e-01
   outer loop
     vertex  2.563848e-01  3.439585e-01  7.810995e-01
     vertex  2.773590e-01  3.515175e-01  7.660514e-01
     vertex  2.666697e-01  3.669121e-01  7.560193e-01
   endloop
 endfacet
 facet normal  2.990925e-01  6.178162e-01  7.272186e-01
   outer loop
     vertex  2.563848e-01  3.439585e-01  7.810995e-01
     vertex  2.850762e-01  3.359729e-01  7.760835e-01
     vertex  2.773590e-01  3.515175e-01  7.660514e-01
   endloop
 endfacet
 facet normal  3.033398e-01  6.553827e-01  6.917069e-01
   outer loop
     vertex  2.563848e-01  3.439585e-01  7.810995e-01
     vertex  2.616992e-01  3.256166e-01  7.961477e-01
     vertex  2.850762e-01  3.359729e-01  7.760835e-01
   endloop
 endfacet
 facet normal  5.205759e-01 -4.988583e-01  6.929221e-01
   outer loop
     vertex  3.510353e-01  9.275472e-02  7.409711e-01
     vertex  3.317509e-01  9.353281e-02  7.560193e-01
     vertex  3.323068e-01  6.624347e-02  7.359551e-01
   endloop
 endfacet
 facet normal  4.898830e-01 -4.833451e-01  7.255289e-01
   outer loop
     vertex  3.510353e-01  9.275472e-02  7.409711e-01
     vertex  3.323068e-01  6.624347e-02  7.359551e-01
     vertex  3.519059e-01  7.104892e-02  7.259230e-01
   endloop
 endfacet
 facet normal  5.429682e-01 -4.349812e-01  7.183153e-01
   outer loop
     vertex  3.510353e-01  9.275472e-02  7.409711e-01
     vertex  3.478835e-01  1.136705e-01  7.560193e-01
     vertex  3.317509e-01  9.353281e-02  7.560193e-01
   endloop
 endfacet
 facet normal  2.149816e-01 -6.915618e-01  6.895834e-01
   outer loop
     vertex  2.496113e-01  7.117546e-02  7.810995e-01
     vertex  2.409972e-01  5.349252e-02  7.660514e-01
     vertex  2.700113e-01  6.251195e-02  7.660514e-01
   endloop
 endfacet
 facet normal  2.682951e-01 -6.694824e-01  6.926839e-01
   outer loop
     vertex  2.496113e-01  7.117546e-02  7.810995e-01
     vertex  2.779036e-01  7.732371e-02  7.760835e-01
     vertex  2.551651e-01  8.897080e-02  7.961477e-01
   endloop
 endfacet
 facet normal  1.439738e-01 -7.057570e-01  6.936704e-01
   outer loop
     vertex  2.496113e-01  7.117546e-02  7.810995e-01
     vertex  2.349035e-01  8.296552e-02  7.961477e-01
     vertex  2.236621e-01  6.095169e-02  7.760835e-01
   endloop
 endfacet
 facet normal  1.980520e-01 -6.682209e-01  7.171166e-01
   outer loop
     vertex  2.496113e-01  7.117546e-02  7.810995e-01
     vertex  2.551651e-01  8.897080e-02  7.961477e-01
     vertex  2.349035e-01  8.296552e-02  7.961477e-01
   endloop
 endfacet
 facet normal  2.664742e-01 -6.338085e-01  7.261393e-01
   outer loop
     vertex  2.496113e-01  7.117546e-02  7.810995e-01
     vertex  2.700113e-01  6.251195e-02  7.660514e-01
     vertex  2.779036e-01  7.732371e-02  7.760835e-01
   endloop
 endfacet
 facet normal  1.272011e-01 -6.780361e-01  7.239385e-01
   outer loop
     vertex  2.496113e-01  7.117546e-02  7.810995e-01
     vertex  2.236621e-01  6.095169e-02  7.760835e-01
     vertex  2.409972e-01  5.349252e-02  7.660514e-01
   endloop
 endfacet
 facet normal  4.009998e-01 -5.537888e-01  7.297377e-01
   outer loop
     vertex  2.996775e-01  4.922628e-02  7.409711e-01
     vertex  3.212483e-01  4.501647e-02  7.259230e-01
     vertex  3.323068e-01  6.624347e-02  7.359551e-01
   endloop
 endfacet
 facet normal  4.153114e-01 -5.929909e-01  6.898393e-01
   outer loop
     vertex  2.996775e-01  4.922628e-02  7.409711e-01
     vertex  3.323068e-01  6.624347e-02  7.359551e-01
     vertex  3.012727e-01  6.784934e-02  7.560193e-01
   endloop
 endfacet
 facet normal  3.388978e-01 -6.086992e-01  7.173796e-01
   outer loop
     vertex  2.996775e-01  4.922628e-02  7.409711e-01
     vertex  3.012727e-01  6.784934e-02  7.560193e-01
     vertex  2.795880e-01  5.577619e-02  7.560193e-01
   endloop
 endfacet
 facet normal -4.998389e-01 -5.208911e-01  6.919780e-01
   outer loop
     vertex  1.000751e-01  1.149227e-01  7.810995e-01
     vertex  1.178256e-01  9.122601e-02  7.760835e-01
     vertex  1.187633e-01  1.169804e-01  7.961477e-01
   endloop
 endfacet
 facet normal -4.674873e-01 -5.039234e-01  7.263036e-01
   outer loop
     vertex  1.000751e-01  1.149227e-01  7.810995e-01
     vertex  9.875963e-02  9.445414e-02  7.660514e-01
     vertex  1.178256e-01  9.122601e-02  7.760835e-01
   endloop
 endfacet
 facet normal -5.545911e-01 -4.694640e-01  6.870461e-01
   outer loop
     vertex  1.000751e-01  1.149227e-01  7.810995e-01
     vertex  7.787442e-02  1.191264e-01  7.660514e-01
     vertex  9.875963e-02  9.445414e-02  7.660514e-01
   endloop
 endfacet
 facet normal -5.666521e-01 -3.851725e-01  7.283869e-01
   outer loop
     vertex  1.000751e-01  1.149227e-01  7.810995e-01
     vertex  7.869521e-02  1.368903e-01  7.760835e-01
     vertex  7.787442e-02  1.191264e-01  7.660514e-01
   endloop
 endfacet
 facet normal -5.285017e-01 -4.525788e-01  7.182328e-01
   outer loop
     vertex  1.000751e-01  1.149227e-01  7.810995e-01
     vertex  1.187633e-01  1.169804e-01  7.961477e-01
     vertex  1.042401e-01  1.339401e-01  7.961477e-01
   endloop
 endfacet
 facet normal -5.906859e-01 -4.171697e-01  6.906950e-01
   outer loop
     vertex  1.000751e-01  1.149227e-01  7.810995e-01
     vertex  1.042401e-01  1.339401e-01  7.961477e-01
     vertex  7.869521e-02  1.368903e-01  7.760835e-01
   endloop
 endfacet
 facet normal -5.828788e-01 -4.100646e-01  7.014979e-01
   outer loop
     vertex  5.746215e-02  8.773217e-02  7.309390e-01
     vertex  5.879557e-02  1.115797e-01  7.459872e-01
     vertex  3.892418e-02  1.055017e-01  7.259230e-01
   endloop
 endfacet
 facet normal -5.748385e-01 -3.978559e-01  7.150325e-01
   outer loop
     vertex  5.746215e-02  8.773217e-02  7.309390e-01
     vertex  3.892418e-02  1.055017e-01  7.259230e-01
     vertex  4.121953e-02  8.415540e-02  7.158909e-01
   endloop
 endfacet
 facet normal -6.754503e-01 -2.492612e-01  6.939998e-01
   outer loop
     vertex  3.128572e-02  1.613393e-01  7.409711e-01
     vertex  3.925451e-02  1.257796e-01  7.359551e-01
     vertex  5.393907e-02  1.418505e-01  7.560193e-01
   endloop
 endfacet
 facet normal -6.387567e-01 -2.459796e-01  7.290294e-01
   outer loop
     vertex  3.128572e-02  1.613393e-01  7.409711e-01
     vertex  2.150291e-02  1.421437e-01  7.259230e-01
     vertex  3.925451e-02  1.257796e-01  7.359551e-01
   endloop
 endfacet
 facet normal -6.792050e-01 -2.593358e-01  6.866044e-01
   outer loop
     vertex  3.128572e-02  1.613393e-01  7.409711e-01
     vertex  5.393907e-02  1.418505e-01  7.560193e-01
     vertex  4.878162e-02  1.553579e-01  7.560193e-01
   endloop
 endfacet
 facet normal -7.093837e-01 -1.294707e-01  6.928291e-01
   outer loop
     vertex  3.128572e-02  1.613393e-01  7.409711e-01
     vertex  4.293032e-02  1.780636e-01  7.560193e-01
     vertex  2.081297e-02  1.918785e-01  7.359551e-01
   endloop
 endfacet
 facet normal -6.756607e-01 -1.741193e-01  7.163554e-01
   outer loop
     vertex  3.128572e-02  1.613393e-01  7.409711e-01
     vertex  4.878162e-02  1.553579e-01  7.560193e-01
     vertex  4.293032e-02  1.780636e-01  7.560193e-01
   endloop
 endfacet
 facet normal -6.785881e-01 -1.135118e-01  7.256950e-01
   outer loop
     vertex  3.128572e-02  1.613393e-01  7.409711e-01
     vertex  2.081297e-02  1.918785e-01  7.359551e-01
     vertex  1.255705e-02  1.770970e-01  7.259230e-01
   endloop
 endfacet
 facet normal -7.037358e-01 -1.801127e-01  6.872520e-01
   outer loop
     vertex  3.128572e-02  1.613393e-01  7.409711e-01
     vertex  1.255705e-02  1.770970e-01  7.259230e-01
     vertex  2.150291e-02  1.421437e-01  7.259230e-01
   endloop
 endfacet
 facet normal  5.805372e-01 -4.160713e-01  6.999009e-01
   outer loop
     vertex  3.564495e-01  1.129658e-01  7.484952e-01
     vertex  3.478835e-01  1.136705e-01  7.560193e-01
     vertex  3.510353e-01  9.275472e-02  7.409711e-01
   endloop
 endfacet
 facet normal  6.009982e-01 -3.526306e-01  7.172537e-01
   outer loop
     vertex  3.564495e-01  1.129658e-01  7.484952e-01
     vertex  3.595056e-01  1.334784e-01  7.560193e-01
     vertex  3.478835e-01  1.136705e-01  7.560193e-01
   endloop
 endfacet
 facet normal  5.658106e-01 -4.164874e-01  7.116155e-01
   outer loop
     vertex  3.693750e-01  9.624345e-02  7.284310e-01
     vertex  3.564495e-01  1.129658e-01  7.484952e-01
     vertex  3.510353e-01  9.275472e-02  7.409711e-01
   endloop
 endfacet
 facet normal  5.596694e-01 -4.568825e-01  6.913960e-01
   outer loop
     vertex  3.693750e-01  9.624345e-02  7.284310e-01
     vertex  3.510353e-01  9.275472e-02  7.409711e-01
     vertex  3.519059e-01  7.104892e-02  7.259230e-01
   endloop
 endfacet
 facet normal  5.932749e-01 -4.090688e-01  6.933164e-01
   outer loop
     vertex  3.693750e-01  9.624345e-02  7.284310e-01
     vertex  3.720338e-01  7.884575e-02  7.158909e-01
     vertex  3.880908e-01  1.021333e-01  7.158909e-01
   endloop
 endfacet
 facet normal  5.313088e-01 -4.404331e-01  7.236916e-01
   outer loop
     vertex  3.693750e-01  9.624345e-02  7.284310e-01
     vertex  3.519059e-01  7.104892e-02  7.259230e-01
     vertex  3.720338e-01  7.884575e-02  7.158909e-01
   endloop
 endfacet
 facet normal  3.169837e-01 -6.386615e-01  7.011653e-01
   outer loop
     vertex  2.796611e-01  4.755204e-02  7.484952e-01
     vertex  2.996775e-01  4.922628e-02  7.409711e-01
     vertex  2.795880e-01  5.577619e-02  7.560193e-01
   endloop
 endfacet
 facet normal  2.528224e-01 -6.518529e-01  7.149606e-01
   outer loop
     vertex  2.796611e-01  4.755204e-02  7.484952e-01
     vertex  2.795880e-01  5.577619e-02  7.560193e-01
     vertex  2.593852e-01  4.794049e-02  7.560193e-01
   endloop
 endfacet
 facet normal  3.195864e-01 -6.266411e-01  7.107640e-01
   outer loop
     vertex  2.929897e-01  3.159191e-02  7.284310e-01
     vertex  2.996775e-01  4.922628e-02  7.409711e-01
     vertex  2.796611e-01  4.755204e-02  7.484952e-01
   endloop
 endfacet
 facet normal  3.007707e-01 -6.530339e-01  6.950422e-01
   outer loop
     vertex  2.929897e-01  3.159191e-02  7.284310e-01
     vertex  2.835703e-01  1.390680e-02  7.158909e-01
     vertex  3.079890e-01  2.515341e-02  7.158909e-01
   endloop
 endfacet
 facet normal  3.593975e-01 -6.274861e-01  6.907203e-01
   outer loop
     vertex  2.929897e-01  3.159191e-02  7.284310e-01
     vertex  3.212483e-01  4.501647e-02  7.259230e-01
     vertex  2.996775e-01  4.922628e-02  7.409711e-01
   endloop
 endfacet
 facet normal  3.478612e-01 -5.972251e-01  7.227135e-01
   outer loop
     vertex  2.929897e-01  3.159191e-02  7.284310e-01
     vertex  3.079890e-01  2.515341e-02  7.158909e-01
     vertex  3.212483e-01  4.501647e-02  7.259230e-01
   endloop
 endfacet
 facet normal -5.366032e-01 -4.286513e-01  7.268528e-01
   outer loop
     vertex  7.790703e-02  8.340240e-02  7.434791e-01
     vertex  5.879557e-02  1.115797e-01  7.459872e-01
     vertex  5.746215e-02  8.773217e-02  7.309390e-01
   endloop
 endfacet
 facet normal -4.945742e-01 -4.856520e-01  7.207902e-01
   outer loop
     vertex  7.790703e-02  8.340240e-02  7.434791e-01
     vertex  9.799303e-02  8.155907e-02  7.560193e-01
     vertex  7.956555e-02  1.003251e-01  7.560193e-01
   endloop
 endfacet
 facet normal -5.742535e-01 -4.503454e-01  6.836827e-01
   outer loop
     vertex  7.790703e-02  8.340240e-02  7.434791e-01
     vertex  7.956555e-02  1.003251e-01  7.560193e-01
     vertex  5.879557e-02  1.115797e-01  7.459872e-01
   endloop
 endfacet
 facet normal -5.388910e-01 -4.762071e-01  6.948548e-01
   outer loop
     vertex  6.757515e-02  6.530926e-02  7.234149e-01
     vertex  5.746215e-02  8.773217e-02  7.309390e-01
     vertex  4.121953e-02  8.415540e-02  7.158909e-01
   endloop
 endfacet
 facet normal -4.763045e-01 -5.368952e-01  6.963315e-01
   outer loop
     vertex  6.757515e-02  6.530926e-02  7.234149e-01
     vertex  5.978529e-02  6.246158e-02  7.158909e-01
     vertex  8.124686e-02  4.342203e-02  7.158909e-01
   endloop
 endfacet
 facet normal -5.285233e-01 -4.523148e-01  7.183832e-01
   outer loop
     vertex  6.757515e-02  6.530926e-02  7.234149e-01
     vertex  4.121953e-02  8.415540e-02  7.158909e-01
     vertex  5.978529e-02  6.246158e-02  7.158909e-01
   endloop
 endfacet
 facet normal -5.310084e-01 -4.749626e-01  7.017411e-01
   outer loop
     vertex  6.757515e-02  6.530926e-02  7.234149e-01
     vertex  7.790703e-02  8.340240e-02  7.434791e-01
     vertex  5.746215e-02  8.773217e-02  7.309390e-01
   endloop
 endfacet
 facet normal  6.088980e-01 -3.707666e-01  7.012670e-01
   outer loop
     vertex  3.785754e-01  1.184684e-01  7.321930e-01
     vertex  3.564495e-01  1.129658e-01  7.484952e-01
     vertex  3.693750e-01  9.624345e-02  7.284310e-01
   endloop
 endfacet
 facet normal  6.481445e-01 -3.273259e-01  6.875801e-01
   outer loop
     vertex  3.856639e-01  1.104986e-01  7.221609e-01
     vertex  3.880908e-01  1.021333e-01  7.158909e-01
     vertex  4.009047e-01  1.275064e-01  7.158909e-01
   endloop
 endfacet
 facet normal  5.947833e-01 -3.644879e-01  7.165064e-01
   outer loop
     vertex  3.856639e-01  1.104986e-01  7.221609e-01
     vertex  3.693750e-01  9.624345e-02  7.284310e-01
     vertex  3.880908e-01  1.021333e-01  7.158909e-01
   endloop
 endfacet
 facet normal  5.964189e-01 -3.676736e-01  7.135129e-01
   outer loop
     vertex  3.856639e-01  1.104986e-01  7.221609e-01
     vertex  3.785754e-01  1.184684e-01  7.321930e-01
     vertex  3.693750e-01  9.624345e-02  7.284310e-01
   endloop
 endfacet
 facet normal  2.670885e-01 -6.598616e-01  7.023151e-01
   outer loop
     vertex  2.707709e-01  2.660260e-02  7.321930e-01
     vertex  2.929897e-01  3.159191e-02  7.284310e-01
     vertex  2.796611e-01  4.755204e-02  7.484952e-01
   endloop
 endfacet
 facet normal  2.506906e-01 -6.585416e-01  7.095612e-01
   outer loop
     vertex  2.707709e-01  2.660260e-02  7.321930e-01
     vertex  2.796611e-01  4.755204e-02  7.484952e-01
     vertex  2.593852e-01  4.794049e-02  7.560193e-01
   endloop
 endfacet
 facet normal  2.636189e-01 -6.474451e-01  7.150664e-01
   outer loop
     vertex  2.769468e-01  1.813484e-02  7.221609e-01
     vertex  2.835703e-01  1.390680e-02  7.158909e-01
     vertex  2.929897e-01  3.159191e-02  7.284310e-01
   endloop
 endfacet
 facet normal  2.153935e-01 -6.889229e-01  6.920917e-01
   outer loop
     vertex  2.769468e-01  1.813484e-02  7.221609e-01
     vertex  2.580453e-01  5.926317e-03  7.158909e-01
     vertex  2.835703e-01  1.390680e-02  7.158909e-01
   endloop
 endfacet
 facet normal  2.664249e-01 -6.494542e-01  7.121987e-01
   outer loop
     vertex  2.769468e-01  1.813484e-02  7.221609e-01
     vertex  2.929897e-01  3.159191e-02  7.284310e-01
     vertex  2.707709e-01  2.660260e-02  7.321930e-01
   endloop
 endfacet
 facet normal -4.871283e-01 -5.163231e-01  7.043554e-01
   outer loop
     vertex  8.913404e-02  6.767812e-02  7.397171e-01
     vertex  9.799303e-02  8.155907e-02  7.560193e-01
     vertex  7.790703e-02  8.340240e-02  7.434791e-01
   endloop
 endfacet
 facet normal -4.809702e-01 -5.134368e-01  7.106690e-01
   outer loop
     vertex  8.913404e-02  6.767812e-02  7.397171e-01
     vertex  7.790703e-02  8.340240e-02  7.434791e-01
     vertex  6.757515e-02  6.530926e-02  7.234149e-01
   endloop
 endfacet
 facet normal  6.420297e-01 -2.599361e-01  7.212704e-01
   outer loop
     vertex  3.749928e-01  1.386745e-01  7.441061e-01
     vertex  3.693290e-01  1.577416e-01  7.560193e-01
     vertex  3.595056e-01  1.334784e-01  7.560193e-01
   endloop
 endfacet
 facet normal  6.422078e-01 -3.464824e-01  6.837537e-01
   outer loop
     vertex  3.749928e-01  1.386745e-01  7.441061e-01
     vertex  3.595056e-01  1.334784e-01  7.560193e-01
     vertex  3.564495e-01  1.129658e-01  7.484952e-01
   endloop
 endfacet
 facet normal  6.123661e-01 -3.181314e-01  7.237404e-01
   outer loop
     vertex  3.749928e-01  1.386745e-01  7.441061e-01
     vertex  3.564495e-01  1.129658e-01  7.484952e-01
     vertex  3.785754e-01  1.184684e-01  7.321930e-01
   endloop
 endfacet
 facet normal  6.446179e-01 -3.002345e-01  7.030839e-01
   outer loop
     vertex  3.951409e-01  1.349474e-01  7.240419e-01
     vertex  3.749928e-01  1.386745e-01  7.441061e-01
     vertex  3.785754e-01  1.184684e-01  7.321930e-01
   endloop
 endfacet
 facet normal  6.803848e-01 -2.338086e-01  6.945575e-01
   outer loop
     vertex  3.951409e-01  1.349474e-01  7.240419e-01
     vertex  4.009047e-01  1.275064e-01  7.158909e-01
     vertex  4.101870e-01  1.545180e-01  7.158909e-01
   endloop
 endfacet
 facet normal  6.289181e-01 -2.990015e-01  7.176769e-01
   outer loop
     vertex  3.951409e-01  1.349474e-01  7.240419e-01
     vertex  3.856639e-01  1.104986e-01  7.221609e-01
     vertex  4.009047e-01  1.275064e-01  7.158909e-01
   endloop
 endfacet
 facet normal  6.469463e-01 -3.045584e-01  6.990742e-01
   outer loop
     vertex  3.951409e-01  1.349474e-01  7.240419e-01
     vertex  3.785754e-01  1.184684e-01  7.321930e-01
     vertex  3.856639e-01  1.104986e-01  7.221609e-01
   endloop
 endfacet
 facet normal  1.966989e-01 -6.714644e-01  7.144544e-01
   outer loop
     vertex  2.528782e-01  1.308562e-02  7.240419e-01
     vertex  2.580453e-01  5.926317e-03  7.158909e-01
     vertex  2.769468e-01  1.813484e-02  7.221609e-01
   endloop
 endfacet
 facet normal  1.985265e-01 -6.853130e-01  7.006664e-01
   outer loop
     vertex  2.528782e-01  1.308562e-02  7.240419e-01
     vertex  2.769468e-01  1.813484e-02  7.221609e-01
     vertex  2.707709e-01  2.660260e-02  7.321930e-01
   endloop
 endfacet
 facet normal  1.247016e-01 -7.049409e-01  6.982176e-01
   outer loop
     vertex  2.528782e-01  1.308562e-02  7.240419e-01
     vertex  2.318388e-01  1.290481e-03  7.158909e-01
     vertex  2.580453e-01  5.926317e-03  7.158909e-01
   endloop
 endfacet
 facet normal -4.269643e-01 -5.607009e-01  7.094477e-01
   outer loop
     vertex  1.101079e-01  6.202035e-02  7.478682e-01
     vertex  9.799303e-02  8.155907e-02  7.560193e-01
     vertex  8.913404e-02  6.767812e-02  7.397171e-01
   endloop
 endfacet
 facet normal -3.582042e-01 -6.261771e-01  6.925258e-01
   outer loop
     vertex  1.101079e-01  6.202035e-02  7.478682e-01
     vertex  1.308636e-01  5.916181e-02  7.560193e-01
     vertex  1.192295e-01  6.581711e-02  7.560193e-01
   endloop
 endfacet
 facet normal -3.933010e-01 -5.824109e-01  7.114154e-01
   outer loop
     vertex  1.101079e-01  6.202035e-02  7.478682e-01
     vertex  1.192295e-01  6.581711e-02  7.560193e-01
     vertex  1.095751e-01  7.233669e-02  7.560193e-01
   endloop
 endfacet
 facet normal -4.517485e-01 -5.673357e-01  6.885154e-01
   outer loop
     vertex  1.101079e-01  6.202035e-02  7.478682e-01
     vertex  1.095751e-01  7.233669e-02  7.560193e-01
     vertex  9.799303e-02  8.155907e-02  7.560193e-01
   endloop
 endfacet
 facet normal -4.600501e-01 -5.592213e-01  6.896560e-01
   outer loop
     vertex  9.577515e-02  4.752295e-02  7.278040e-01
     vertex  8.913404e-02  6.767812e-02  7.397171e-01
     vertex  6.757515e-02  6.530926e-02  7.234149e-01
   endloop
 endfacet
 facet normal -4.269784e-01 -5.602350e-01  7.098072e-01
   outer loop
     vertex  9.577515e-02  4.752295e-02  7.278040e-01
     vertex  1.101079e-01  6.202035e-02  7.478682e-01
     vertex  8.913404e-02  6.767812e-02  7.397171e-01
   endloop
 endfacet
 facet normal -3.994624e-01 -5.995341e-01  6.935335e-01
   outer loop
     vertex  9.577515e-02  4.752295e-02  7.278040e-01
     vertex  8.124686e-02  4.342203e-02  7.158909e-01
     vertex  1.052363e-01  2.743817e-02  7.158909e-01
   endloop
 endfacet
 facet normal -4.450283e-01 -5.269047e-01  7.241003e-01
   outer loop
     vertex  9.577515e-02  4.752295e-02  7.278040e-01
     vertex  6.757515e-02  6.530926e-02  7.234149e-01
     vertex  8.124686e-02  4.342203e-02  7.158909e-01
   endloop
 endfacet
 facet normal  6.662090e-01 -2.426943e-01  7.051702e-01
   outer loop
     vertex  3.850363e-01  1.544025e-01  7.400306e-01
     vertex  3.693290e-01  1.577416e-01  7.560193e-01
     vertex  3.749928e-01  1.386745e-01  7.441061e-01
   endloop
 endfacet
 facet normal  6.625773e-01 -2.391814e-01  7.097771e-01
   outer loop
     vertex  3.850363e-01  1.544025e-01  7.400306e-01
     vertex  3.749928e-01  1.386745e-01  7.441061e-01
     vertex  3.951409e-01  1.349474e-01  7.240419e-01
   endloop
 endfacet
 facet normal  6.817537e-01 -1.837465e-01  7.081307e-01
   outer loop
     vertex  3.850363e-01  1.544025e-01  7.400306e-01
     vertex  3.731607e-01  1.719583e-01  7.560193e-01
     vertex  3.693290e-01  1.577416e-01  7.560193e-01
   endloop
 endfacet
 facet normal  3.288892e-02 -7.274125e-01  6.854118e-01
   outer loop
     vertex  2.363469e-01  2.622749e-02  7.400306e-01
     vertex  2.216286e-01  4.062750e-02  7.560193e-01
     vertex  2.109242e-01  4.014352e-02  7.560193e-01
   endloop
 endfacet
 facet normal  8.309379e-02 -7.012456e-01  7.080607e-01
   outer loop
     vertex  2.363469e-01  2.622749e-02  7.400306e-01
     vertex  2.353381e-01  4.225201e-02  7.560193e-01
     vertex  2.216286e-01  4.062750e-02  7.560193e-01
   endloop
 endfacet
 facet normal  1.636065e-01 -6.916171e-01  7.034903e-01
   outer loop
     vertex  2.363469e-01  2.622749e-02  7.400306e-01
     vertex  2.593852e-01  4.794049e-02  7.560193e-01
     vertex  2.353381e-01  4.225201e-02  7.560193e-01
   endloop
 endfacet
 facet normal  1.724945e-01 -6.659809e-01  7.257514e-01
   outer loop
     vertex  2.363469e-01  2.622749e-02  7.400306e-01
     vertex  2.528782e-01  1.308562e-02  7.240419e-01
     vertex  2.707709e-01  2.660260e-02  7.321930e-01
   endloop
 endfacet
 facet normal  1.671296e-01 -6.934287e-01  7.008740e-01
   outer loop
     vertex  2.363469e-01  2.622749e-02  7.400306e-01
     vertex  2.707709e-01  2.660260e-02  7.321930e-01
     vertex  2.593852e-01  4.794049e-02  7.560193e-01
   endloop
 endfacet
 facet normal -3.717401e-01 -6.059012e-01  7.033442e-01
   outer loop
     vertex  1.175416e-01  3.889949e-02  7.318795e-01
     vertex  1.101079e-01  6.202035e-02  7.478682e-01
     vertex  9.577515e-02  4.752295e-02  7.278040e-01
   endloop
 endfacet
 facet normal -3.701825e-01 -5.986722e-01  7.103214e-01
   outer loop
     vertex  1.110703e-01  3.099792e-02  7.218474e-01
     vertex  1.175416e-01  3.889949e-02  7.318795e-01
     vertex  9.577515e-02  4.752295e-02  7.278040e-01
   endloop
 endfacet
 facet normal -3.658455e-01 -5.962097e-01  7.146265e-01
   outer loop
     vertex  1.110703e-01  3.099792e-02  7.218474e-01
     vertex  9.577515e-02  4.752295e-02  7.278040e-01
     vertex  1.052363e-01  2.743817e-02  7.158909e-01
   endloop
 endfacet
 facet normal -3.165003e-01 -6.450688e-01  6.954954e-01
   outer loop
     vertex  1.110703e-01  3.099792e-02  7.218474e-01
     vertex  1.052363e-01  2.743817e-02  7.158909e-01
     vertex  1.286288e-01  1.596073e-02  7.158909e-01
   endloop
 endfacet
 facet normal  6.940536e-01 -2.063478e-01  6.897175e-01
   outer loop
     vertex  4.008609e-01  1.672852e-01  7.279607e-01
     vertex  3.850363e-01  1.544025e-01  7.400306e-01
     vertex  3.951409e-01  1.349474e-01  7.240419e-01
   endloop
 endfacet
 facet normal  7.072508e-01 -1.387248e-01  6.932184e-01
   outer loop
     vertex  4.008609e-01  1.672852e-01  7.279607e-01
     vertex  4.101870e-01  1.545180e-01  7.158909e-01
     vertex  4.157108e-01  1.826794e-01  7.158909e-01
   endloop
 endfacet
 facet normal  6.581990e-01 -2.042343e-01  7.246119e-01
   outer loop
     vertex  4.008609e-01  1.672852e-01  7.279607e-01
     vertex  3.951409e-01  1.349474e-01  7.240419e-01
     vertex  4.101870e-01  1.545180e-01  7.158909e-01
   endloop
 endfacet
 facet normal -1.940128e-02 -7.164639e-01  6.973544e-01
   outer loop
     vertex  2.221151e-01  1.253032e-02  7.279607e-01
     vertex  2.109242e-01  4.014352e-02  7.560193e-01
     vertex  1.972943e-01  4.051261e-02  7.560193e-01
   endloop
 endfacet
 facet normal  6.663429e-02 -6.977415e-01  7.132437e-01
   outer loop
     vertex  2.221151e-01  1.253032e-02  7.279607e-01
     vertex  2.363469e-01  2.622749e-02  7.400306e-01
     vertex  2.109242e-01  4.014352e-02  7.560193e-01
   endloop
 endfacet
 facet normal  1.042621e-01 -6.845511e-01  7.214702e-01
   outer loop
     vertex  2.221151e-01  1.253032e-02  7.279607e-01
     vertex  2.318388e-01  1.290481e-03  7.158909e-01
     vertex  2.528782e-01  1.308562e-02  7.240419e-01
   endloop
 endfacet
 facet normal  3.428652e-02 -7.174666e-01  6.957486e-01
   outer loop
     vertex  2.221151e-01  1.253032e-02  7.279607e-01
     vertex  2.053775e-01  2.594248e-05  7.158909e-01
     vertex  2.318388e-01  1.290481e-03  7.158909e-01
   endloop
 endfacet
 facet normal  1.010542e-01 -7.147871e-01  6.920025e-01
   outer loop
     vertex  2.221151e-01  1.253032e-02  7.279607e-01
     vertex  2.528782e-01  1.308562e-02  7.240419e-01
     vertex  2.363469e-01  2.622749e-02  7.400306e-01
   endloop
 endfacet
 facet normal -2.760010e-01 -6.375974e-01  7.192309e-01
   outer loop
     vertex  1.358889e-01  4.337127e-02  7.439494e-01
     vertex  1.529062e-01  4.962007e-02  7.560193e-01
     vertex  1.308636e-01  5.916181e-02  7.560193e-01
   endloop
 endfacet
 facet normal -3.563233e-01 -6.363571e-01  6.841662e-01
   outer loop
     vertex  1.358889e-01  4.337127e-02  7.439494e-01
     vertex  1.308636e-01  5.916181e-02  7.560193e-01
     vertex  1.101079e-01  6.202035e-02  7.478682e-01
   endloop
 endfacet
 facet normal -3.285694e-01 -6.063838e-01  7.241139e-01
   outer loop
     vertex  1.358889e-01  4.337127e-02  7.439494e-01
     vertex  1.101079e-01  6.202035e-02  7.478682e-01
     vertex  1.175416e-01  3.889949e-02  7.318795e-01
   endloop
 endfacet
 facet normal -3.032509e-01 -6.437109e-01  7.026203e-01
   outer loop
     vertex  1.342399e-01  2.230703e-02  7.238852e-01
     vertex  1.175416e-01  3.889949e-02  7.318795e-01
     vertex  1.110703e-01  3.099792e-02  7.218474e-01
   endloop
 endfacet
 facet normal -3.002493e-01 -6.331827e-01  7.133933e-01
   outer loop
     vertex  1.342399e-01  2.230703e-02  7.238852e-01
     vertex  1.110703e-01  3.099792e-02  7.218474e-01
     vertex  1.286288e-01  1.596073e-02  7.158909e-01
   endloop
 endfacet
 facet normal -3.044377e-01 -6.443675e-01  7.015042e-01
   outer loop
     vertex  1.342399e-01  2.230703e-02  7.238852e-01
     vertex  1.358889e-01  4.337127e-02  7.439494e-01
     vertex  1.175416e-01  3.889949e-02  7.318795e-01
   endloop
 endfacet
 facet normal -2.322032e-01 -6.758511e-01  6.995048e-01
   outer loop
     vertex  1.342399e-01  2.230703e-02  7.238852e-01
     vertex  1.286288e-01  1.596073e-02  7.158909e-01
     vertex  1.533690e-01  7.460683e-03  7.158909e-01
   endloop
 endfacet
 facet normal  7.045133e-01 -1.543086e-01  6.927120e-01
   outer loop
     vertex  3.895113e-01  1.836296e-01  7.419900e-01
     vertex  3.731607e-01  1.719583e-01  7.560193e-01
     vertex  3.850363e-01  1.544025e-01  7.400306e-01
   endloop
 endfacet
 facet normal  6.745560e-01 -1.517165e-01  7.224654e-01
   outer loop
     vertex  3.895113e-01  1.836296e-01  7.419900e-01
     vertex  3.850363e-01  1.544025e-01  7.400306e-01
     vertex  4.008609e-01  1.672852e-01  7.279607e-01
   endloop
 endfacet
 facet normal  6.976634e-01 -1.306483e-01  7.044123e-01
   outer loop
     vertex  3.895113e-01  1.836296e-01  7.419900e-01
     vertex  3.752976e-01  1.833694e-01  7.560193e-01
     vertex  3.731607e-01  1.719583e-01  7.560193e-01
   endloop
 endfacet
 facet normal  6.891693e-01 -1.023764e-01  7.173317e-01
   outer loop
     vertex  4.102954e-01  1.885104e-01  7.219258e-01
     vertex  4.008609e-01  1.672852e-01  7.279607e-01
     vertex  4.157108e-01  1.826794e-01  7.158909e-01
   endloop
 endfacet
 facet normal  7.239642e-01 -4.038108e-02  6.886546e-01
   outer loop
     vertex  4.102954e-01  1.885104e-01  7.219258e-01
     vertex  4.157108e-01  1.826794e-01  7.158909e-01
     vertex  4.173167e-01  2.114697e-01  7.158909e-01
   endloop
 endfacet
 facet normal  6.570442e-03 -6.990197e-01  7.150722e-01
   outer loop
     vertex  2.014717e-01  6.162754e-03  7.219258e-01
     vertex  2.053775e-01  2.594248e-05  7.158909e-01
     vertex  2.221151e-01  1.253032e-02  7.279607e-01
   endloop
 endfacet
 facet normal -5.686406e-02 -7.181943e-01  6.935153e-01
   outer loop
     vertex  2.014717e-01  6.162754e-03  7.219258e-01
     vertex  1.790837e-01  2.107792e-03  7.158909e-01
     vertex  2.053775e-01  2.594248e-05  7.158909e-01
   endloop
 endfacet
 facet normal -1.882474e-01 -6.691402e-01  7.188980e-01
   outer loop
     vertex  1.550028e-01  4.254655e-02  7.499843e-01
     vertex  1.733243e-01  4.387590e-02  7.560193e-01
     vertex  1.529062e-01  4.962007e-02  7.560193e-01
   endloop
 endfacet
 facet normal -2.495870e-01 -6.702585e-01  6.988990e-01
   outer loop
     vertex  1.550028e-01  4.254655e-02  7.499843e-01
     vertex  1.529062e-01  4.962007e-02  7.560193e-01
     vertex  1.358889e-01  4.337127e-02  7.439494e-01
   endloop
 endfacet
 facet normal -2.422075e-01 -6.591650e-01  7.119249e-01
   outer loop
     vertex  1.549578e-01  3.204736e-02  7.399522e-01
     vertex  1.358889e-01  4.337127e-02  7.439494e-01
     vertex  1.342399e-01  2.230703e-02  7.238852e-01
   endloop
 endfacet
 facet normal -2.287201e-01 -6.733006e-01  7.031027e-01
   outer loop
     vertex  1.549578e-01  3.204736e-02  7.399522e-01
     vertex  1.342399e-01  2.230703e-02  7.238852e-01
     vertex  1.533690e-01  7.460683e-03  7.158909e-01
   endloop
 endfacet
 facet normal -2.500337e-01 -6.683382e-01  7.005763e-01
   outer loop
     vertex  1.549578e-01  3.204736e-02  7.399522e-01
     vertex  1.550028e-01  4.254655e-02  7.499843e-01
     vertex  1.358889e-01  4.337127e-02  7.439494e-01
   endloop
 endfacet
 facet normal  7.016688e-01 -6.282184e-02  7.097283e-01
   outer loop
     vertex  3.841182e-01  2.026415e-01  7.490046e-01
     vertex  3.752976e-01  1.833694e-01  7.560193e-01
     vertex  3.895113e-01  1.836296e-01  7.419900e-01
   endloop
 endfacet
 facet normal  6.950078e-01  2.224614e-03  7.189987e-01
   outer loop
     vertex  3.841182e-01  2.026415e-01  7.490046e-01
     vertex  3.768049e-01  2.203034e-01  7.560193e-01
     vertex  3.768760e-01  1.981087e-01  7.560193e-01
   endloop
 endfacet
 facet normal  7.180843e-01 -7.689889e-02  6.916947e-01
   outer loop
     vertex  3.841182e-01  2.026415e-01  7.490046e-01
     vertex  3.768760e-01  1.981087e-01  7.560193e-01
     vertex  3.752976e-01  1.833694e-01  7.560193e-01
   endloop
 endfacet
 facet normal  6.795362e-01 -9.522150e-02  7.274362e-01
   outer loop
     vertex  4.039081e-01  1.965153e-01  7.289404e-01
     vertex  4.008609e-01  1.672852e-01  7.279607e-01
     vertex  4.102954e-01  1.885104e-01  7.219258e-01
   endloop
 endfacet
 facet normal  7.176944e-01 -3.669308e-02  6.953908e-01
   outer loop
     vertex  4.039081e-01  1.965153e-01  7.289404e-01
     vertex  4.102954e-01  1.885104e-01  7.219258e-01
     vertex  4.173167e-01  2.114697e-01  7.158909e-01
   endloop
 endfacet
 facet normal  7.007846e-01 -6.337659e-02  7.105521e-01
   outer loop
     vertex  4.039081e-01  1.965153e-01  7.289404e-01
     vertex  3.841182e-01  2.026415e-01  7.490046e-01
     vertex  3.895113e-01  1.836296e-01  7.419900e-01
   endloop
 endfacet
 facet normal  7.146084e-01  1.816874e-02  6.992887e-01
   outer loop
     vertex  4.039081e-01  1.965153e-01  7.289404e-01
     vertex  3.768049e-01  2.203034e-01  7.560193e-01
     vertex  3.841182e-01  2.026415e-01  7.490046e-01
   endloop
 endfacet
 facet normal  7.163302e-01  2.227374e-02  6.974059e-01
   outer loop
     vertex  4.039081e-01  1.965153e-01  7.289404e-01
     vertex  4.153398e-01  2.374580e-01  7.158909e-01
     vertex  3.768049e-01  2.203034e-01  7.560193e-01
   endloop
 endfacet
 facet normal  6.669181e-01  5.073051e-02  7.434021e-01
   outer loop
     vertex  4.039081e-01  1.965153e-01  7.289404e-01
     vertex  4.173167e-01  2.114697e-01  7.158909e-01
     vertex  4.153398e-01  2.374580e-01  7.158909e-01
   endloop
 endfacet
 facet normal  7.149783e-01 -9.773798e-02  6.922812e-01
   outer loop
     vertex  4.039081e-01  1.965153e-01  7.289404e-01
     vertex  3.895113e-01  1.836296e-01  7.419900e-01
     vertex  4.008609e-01  1.672852e-01  7.279607e-01
   endloop
 endfacet
 facet normal -1.699389e-01 -6.804123e-01  7.128534e-01
   outer loop
     vertex  1.770124e-01  3.495559e-02  7.479857e-01
     vertex  1.550028e-01  4.254655e-02  7.499843e-01
     vertex  1.549578e-01  3.204736e-02  7.399522e-01
   endloop
 endfacet
 facet normal -9.651002e-02 -6.878187e-01  7.194382e-01
   outer loop
     vertex  1.770124e-01  3.495559e-02  7.479857e-01
     vertex  1.972943e-01  4.051261e-02  7.560193e-01
     vertex  1.733243e-01  4.387590e-02  7.560193e-01
   endloop
 endfacet
 facet normal -1.777975e-01 -6.981174e-01  6.935561e-01
   outer loop
     vertex  1.770124e-01  3.495559e-02  7.479857e-01
     vertex  1.733243e-01  4.387590e-02  7.560193e-01
     vertex  1.550028e-01  4.254655e-02  7.499843e-01
   endloop
 endfacet
 facet normal -1.645991e-01 -6.923661e-01  7.025214e-01
   outer loop
     vertex  1.770877e-01  1.764093e-02  7.309390e-01
     vertex  1.770124e-01  3.495559e-02  7.479857e-01
     vertex  1.549578e-01  3.204736e-02  7.399522e-01
   endloop
 endfacet
 facet normal -6.551426e-02 -6.986408e-01  7.124668e-01
   outer loop
     vertex  1.770877e-01  1.764093e-02  7.309390e-01
     vertex  1.790837e-01  2.107792e-03  7.158909e-01
     vertex  2.014717e-01  6.162754e-03  7.219258e-01
   endloop
 endfacet
 facet normal -2.307311e-02 -6.472916e-01  7.618932e-01
   outer loop
     vertex  1.770877e-01  1.764093e-02  7.309390e-01
     vertex  2.014717e-01  6.162754e-03  7.219258e-01
     vertex  2.221151e-01  1.253032e-02  7.279607e-01
   endloop
 endfacet
 facet normal -1.567711e-01 -6.855888e-01  7.109084e-01
   outer loop
     vertex  1.770877e-01  1.764093e-02  7.309390e-01
     vertex  1.549578e-01  3.204736e-02  7.399522e-01
     vertex  1.533690e-01  7.460683e-03  7.158909e-01
   endloop
 endfacet
 facet normal -8.953983e-02 -6.989515e-01  7.095417e-01
   outer loop
     vertex  1.770877e-01  1.764093e-02  7.309390e-01
     vertex  1.972943e-01  4.051261e-02  7.560193e-01
     vertex  1.770124e-01  3.495559e-02  7.479857e-01
   endloop
 endfacet
 facet normal -1.452969e-01 -6.979900e-01  7.012124e-01
   outer loop
     vertex  1.770877e-01  1.764093e-02  7.309390e-01
     vertex  1.533690e-01  7.460683e-03  7.158909e-01
     vertex  1.790837e-01  2.107792e-03  7.158909e-01
   endloop
 endfacet
 facet normal -3.653315e-02 -7.235687e-01  6.892849e-01
   outer loop
     vertex  1.770877e-01  1.764093e-02  7.309390e-01
     vertex  2.221151e-01  1.253032e-02  7.279607e-01
     vertex  1.972943e-01  4.051261e-02  7.560193e-01
   endloop
 endfacet
 facet normal -9.976124e-01  6.906121e-02  0.000000e+00
   outer loop
     vertex  1.990463e-03  2.374206e-01  2.086677e-01
     vertex  1.605000e-09  2.086677e-01  2.086677e-01
     vertex  1.605000e-09  2.086677e-01  7.158909e-01
   endloop
 endfacet
 facet normal -9.976124e-01  6.906121e-02  0.000000e+00
   outer loop
     vertex  1.990463e-03  2.374206e-01  2.086677e-01
     vertex  1.605000e-09  2.086677e-01  7.158909e-01
     vertex  1.990463e-03  2.374206e-01  7.158909e-01
   endloop
 endfacet
 facet normal -9.787146e-01  2.052260e-01  0.000000e+00
   outer loop
     vertex  7.849532e-03  2.653623e-01  2.086677e-01
     vertex  1.990463e-03  2.374206e-01  7.158909e-01
     vertex  7.849532e-03  2.653623e-01  7.158909e-01
   endloop
 endfacet
 facet normal -9.787146e-01  2.052260e-01  0.000000e+00
   outer loop
     vertex  7.849532e-03  2.653623e-01  2.086677e-01
     vertex  1.990463e-03  2.374206e-01  2.086677e-01
     vertex  1.990463e-03  2.374206e-01  7.158909e-01
   endloop
 endfacet
 facet normal -9.415417e-01  3.368966e-01  0.000000e+00
   outer loop
     vertex  1.746771e-02  2.922427e-01  2.086677e-01
     vertex  7.849532e-03  2.653623e-01  7.158909e-01
     vertex  1.746771e-02  2.922427e-01  7.158909e-01
   endloop
 endfacet
 facet normal -9.415417e-01  3.368966e-01  0.000000e+00
   outer loop
     vertex  1.746771e-02  2.922427e-01  2.086677e-01
     vertex  7.849532e-03  2.653623e-01  2.086677e-01
     vertex  7.849532e-03  2.653623e-01  7.158909e-01
   endloop
 endfacet
 facet normal -8.868959e-01  4.619694e-01  0.000000e+00
   outer loop
     vertex  3.059344e-02  3.174417e-01  2.086677e-01
     vertex  1.746771e-02  2.922427e-01  7.158909e-01
     vertex  3.059344e-02  3.174417e-01  7.158909e-01
   endloop
 endfacet
 facet normal -8.868959e-01  4.619694e-01  0.000000e+00
   outer loop
     vertex  3.059344e-02  3.174417e-01  2.086677e-01
     vertex  1.746771e-02  2.922427e-01  2.086677e-01
     vertex  1.746771e-02  2.922427e-01  7.158909e-01
   endloop
 endfacet
 facet normal -8.161104e-01  5.778960e-01  0.000000e+00
   outer loop
     vertex  4.693275e-02  3.405162e-01  2.086677e-01
     vertex  3.059344e-02  3.174417e-01  7.158909e-01
     vertex  4.693275e-02  3.405162e-01  7.158909e-01
   endloop
 endfacet
 facet normal -8.161104e-01  5.778960e-01  0.000000e+00
   outer loop
     vertex  4.693275e-02  3.405162e-01  2.086677e-01
     vertex  3.059344e-02  3.174417e-01  2.086677e-01
     vertex  3.059344e-02  3.174417e-01  7.158909e-01
   endloop
 endfacet
 facet normal -7.307286e-01  6.826681e-01  0.000000e+00
   outer loop
     vertex  6.613739e-02  3.610729e-01  2.086677e-01
     vertex  4.693275e-02  3.405162e-01  7.158909e-01
     vertex  6.613739e-02  3.610729e-01  7.158909e-01
   endloop
 endfacet
 facet normal -7.307286e-01  6.826681e-01  0.000000e+00
   outer loop
     vertex  6.613739e-02  3.610729e-01  2.086677e-01
     vertex  4.693275e-02  3.405162e-01  2.086677e-01
     vertex  4.693275e-02  3.405162e-01  7.158909e-01
   endloop
 endfacet
 facet normal -6.325359e-01  7.745311e-01  0.000000e+00
   outer loop
     vertex  8.781260e-02  3.787744e-01  2.086677e-01
     vertex  6.613739e-02  3.610729e-01  7.158909e-01
     vertex  8.781260e-02  3.787744e-01  7.158909e-01
   endloop
 endfacet
 facet normal -6.325359e-01  7.745311e-01  0.000000e+00
   outer loop
     vertex  8.781260e-02  3.787744e-01  2.086677e-01
     vertex  6.613739e-02  3.610729e-01  2.086677e-01
     vertex  6.613739e-02  3.610729e-01  7.158909e-01
   endloop
 endfacet
 facet normal -5.231305e-01  8.522526e-01  0.000000e+00
   outer loop
     vertex  1.116947e-01  3.934337e-01  2.086677e-01
     vertex  8.781260e-02  3.787744e-01  7.158909e-01
     vertex  1.116947e-01  3.934337e-01  7.158909e-01
   endloop
 endfacet
 facet normal -5.231305e-01  8.522526e-01  0.000000e+00
   outer loop
     vertex  1.116947e-01  3.934337e-01  2.086677e-01
     vertex  8.781260e-02  3.787744e-01  2.086677e-01
     vertex  8.781260e-02  3.787744e-01  7.158909e-01
   endloop
 endfacet
 facet normal -4.067514e-01  9.135389e-01  0.000000e+00
   outer loop
     vertex  1.362412e-01  4.043630e-01  2.086677e-01
     vertex  1.116947e-01  3.934337e-01  7.158909e-01
     vertex  1.362412e-01  4.043630e-01  7.158909e-01
   endloop
 endfacet
 facet normal -4.067514e-01  9.135389e-01  0.000000e+00
   outer loop
     vertex  1.362412e-01  4.043630e-01  2.086677e-01
     vertex  1.116947e-01  3.934337e-01  2.086677e-01
     vertex  1.116947e-01  3.934337e-01  7.158909e-01
   endloop
 endfacet
 facet normal -2.863095e-01  9.581372e-01  0.000000e+00
   outer loop
     vertex  1.618525e-01  4.120161e-01  2.086677e-01
     vertex  1.362412e-01  4.043630e-01  7.158909e-01
     vertex  1.618525e-01  4.120161e-01  7.158909e-01
   endloop
 endfacet
 facet normal -2.863095e-01  9.581372e-01  0.000000e+00
   outer loop
     vertex  1.618525e-01  4.120161e-01  2.086677e-01
     vertex  1.362412e-01  4.043630e-01  2.086677e-01
     vertex  1.362412e-01  4.043630e-01  7.158909e-01
   endloop
 endfacet
 facet normal -1.617816e-01  9.868266e-01  0.000000e+00
   outer loop
     vertex  1.881031e-01  4.163197e-01  2.086677e-01
     vertex  1.618525e-01  4.120161e-01  7.158909e-01
     vertex  1.881031e-01  4.163197e-01  7.158909e-01
   endloop
 endfacet
 facet normal -1.617816e-01  9.868266e-01  0.000000e+00
   outer loop
     vertex  1.881031e-01  4.163197e-01  2.086677e-01
     vertex  1.618525e-01  4.120161e-01  2.086677e-01
     vertex  1.618525e-01  4.120161e-01  7.158909e-01
   endloop
 endfacet
 facet normal -3.521288e-02  9.993798e-01  0.000000e+00
   outer loop
     vertex  2.145664e-01  4.172521e-01  2.086677e-01
     vertex  1.881031e-01  4.163197e-01  7.158909e-01
     vertex  2.145664e-01  4.172521e-01  7.158909e-01
   endloop
 endfacet
 facet normal -3.521288e-02  9.993798e-01  0.000000e+00
   outer loop
     vertex  2.145664e-01  4.172521e-01  2.086677e-01
     vertex  1.881031e-01  4.163197e-01  2.086677e-01
     vertex  1.881031e-01  4.163197e-01  7.158909e-01
   endloop
 endfacet
 facet normal  9.136129e-02  9.958178e-01 -0.000000e+00
   outer loop
     vertex  2.408212e-01  4.148433e-01  2.086677e-01
     vertex  2.145664e-01  4.172521e-01  7.158909e-01
     vertex  2.408212e-01  4.148433e-01  7.158909e-01
   endloop
 endfacet
 facet normal  9.136129e-02  9.958178e-01  0.000000e+00
   outer loop
     vertex  2.408212e-01  4.148433e-01  2.086677e-01
     vertex  2.145664e-01  4.172521e-01  2.086677e-01
     vertex  2.145664e-01  4.172521e-01  7.158909e-01
   endloop
 endfacet
 facet normal  2.159443e-01  9.764057e-01 -0.000000e+00
   outer loop
     vertex  2.664570e-01  4.091737e-01  2.086677e-01
     vertex  2.408212e-01  4.148433e-01  7.158909e-01
     vertex  2.664570e-01  4.091737e-01  7.158909e-01
   endloop
 endfacet
 facet normal  2.159443e-01  9.764057e-01  0.000000e+00
   outer loop
     vertex  2.664570e-01  4.091737e-01  2.086677e-01
     vertex  2.408212e-01  4.148433e-01  2.086677e-01
     vertex  2.408212e-01  4.148433e-01  7.158909e-01
   endloop
 endfacet
 facet normal  3.366070e-01  9.416452e-01 -0.000000e+00
   outer loop
     vertex  2.910805e-01  4.003716e-01  2.086677e-01
     vertex  2.664570e-01  4.091737e-01  7.158909e-01
     vertex  2.910805e-01  4.003716e-01  7.158909e-01
   endloop
 endfacet
 facet normal  3.366070e-01  9.416452e-01  0.000000e+00
   outer loop
     vertex  2.910805e-01  4.003716e-01  2.086677e-01
     vertex  2.664570e-01  4.091737e-01  2.086677e-01
     vertex  2.664570e-01  4.091737e-01  7.158909e-01
   endloop
 endfacet
 facet normal  4.515148e-01  8.922636e-01 -0.000000e+00
   outer loop
     vertex  3.143208e-01  3.886112e-01  2.086677e-01
     vertex  2.910805e-01  4.003716e-01  7.158909e-01
     vertex  3.143208e-01  3.886112e-01  7.158909e-01
   endloop
 endfacet
 facet normal  4.515148e-01  8.922636e-01  0.000000e+00
   outer loop
     vertex  3.143208e-01  3.886112e-01  2.086677e-01
     vertex  2.910805e-01  4.003716e-01  2.086677e-01
     vertex  2.910805e-01  4.003716e-01  7.158909e-01
   endloop
 endfacet
 facet normal  5.646531e-01  8.253283e-01 -0.000000e+00
   outer loop
     vertex  3.381021e-01  3.723411e-01  2.086677e-01
     vertex  3.143208e-01  3.886112e-01  7.158909e-01
     vertex  3.381021e-01  3.723411e-01  7.158909e-01
   endloop
 endfacet
 facet normal  5.646531e-01  8.253283e-01  0.000000e+00
   outer loop
     vertex  3.381021e-01  3.723411e-01  2.086677e-01
     vertex  3.143208e-01  3.886112e-01  2.086677e-01
     vertex  3.143208e-01  3.886112e-01  7.158909e-01
   endloop
 endfacet
 facet normal  6.727224e-01  7.398950e-01 -0.000000e+00
   outer loop
     vertex  3.593206e-01  3.530489e-01  2.086677e-01
     vertex  3.381021e-01  3.723411e-01  7.158909e-01
     vertex  3.593206e-01  3.530489e-01  7.158909e-01
   endloop
 endfacet
 facet normal  6.727224e-01  7.398950e-01  0.000000e+00
   outer loop
     vertex  3.593206e-01  3.530489e-01  2.086677e-01
     vertex  3.381021e-01  3.723411e-01  2.086677e-01
     vertex  3.381021e-01  3.723411e-01  7.158909e-01
   endloop
 endfacet
 facet normal  7.676048e-01  6.409234e-01  0.000000e+00
   outer loop
     vertex  3.776135e-01  3.311403e-01  2.086677e-01
     vertex  3.593206e-01  3.530489e-01  2.086677e-01
     vertex  3.593206e-01  3.530489e-01  7.158909e-01
   endloop
 endfacet
 facet normal  7.676048e-01  6.409234e-01 -0.000000e+00
   outer loop
     vertex  3.776135e-01  3.311403e-01  2.086677e-01
     vertex  3.593206e-01  3.530489e-01  7.158909e-01
     vertex  3.776135e-01  3.311403e-01  7.158909e-01
   endloop
 endfacet
 facet normal  8.477101e-01  5.304598e-01  0.000000e+00
   outer loop
     vertex  3.926811e-01  3.070615e-01  2.086677e-01
     vertex  3.776135e-01  3.311403e-01  2.086677e-01
     vertex  3.776135e-01  3.311403e-01  7.158909e-01
   endloop
 endfacet
 facet normal  8.477101e-01  5.304598e-01 -0.000000e+00
   outer loop
     vertex  3.926811e-01  3.070615e-01  2.086677e-01
     vertex  3.776135e-01  3.311403e-01  7.158909e-01
     vertex  3.926811e-01  3.070615e-01  7.158909e-01
   endloop
 endfacet
 facet normal  9.117600e-01  4.107235e-01  0.000000e+00
   outer loop
     vertex  4.042904e-01  2.812899e-01  2.086677e-01
     vertex  3.926811e-01  3.070615e-01  2.086677e-01
     vertex  3.926811e-01  3.070615e-01  7.158909e-01
   endloop
 endfacet
 facet normal  9.117600e-01  4.107235e-01 -0.000000e+00
   outer loop
     vertex  4.042904e-01  2.812899e-01  2.086677e-01
     vertex  3.926811e-01  3.070615e-01  7.158909e-01
     vertex  4.042904e-01  2.812899e-01  7.158909e-01
   endloop
 endfacet
 facet normal  9.588061e-01  2.840614e-01  0.000000e+00
   outer loop
     vertex  4.122792e-01  2.543250e-01  2.086677e-01
     vertex  4.042904e-01  2.812899e-01  2.086677e-01
     vertex  4.042904e-01  2.812899e-01  7.158909e-01
   endloop
 endfacet
 facet normal  9.588061e-01  2.840614e-01 -0.000000e+00
   outer loop
     vertex  4.122792e-01  2.543250e-01  2.086677e-01
     vertex  4.042904e-01  2.812899e-01  7.158909e-01
     vertex  4.122792e-01  2.543250e-01  7.158909e-01
   endloop
 endfacet
 facet normal  9.882416e-01  1.529002e-01 -0.000000e+00
   outer loop
     vertex  4.165568e-01  2.266776e-01  2.086677e-01
     vertex  4.122792e-01  2.543250e-01  7.158909e-01
     vertex  4.165568e-01  2.266776e-01  7.158909e-01
   endloop
 endfacet
 facet normal  9.882416e-01  1.529002e-01  0.000000e+00
   outer loop
     vertex  4.165568e-01  2.266776e-01  2.086677e-01
     vertex  4.122792e-01  2.543250e-01  2.086677e-01
     vertex  4.122792e-01  2.543250e-01  7.158909e-01
   endloop
 endfacet
 facet normal  9.998187e-01  1.904247e-02 -0.000000e+00
   outer loop
     vertex  4.170918e-01  1.985869e-01  2.086677e-01
     vertex  4.165568e-01  2.266776e-01  7.158909e-01
     vertex  4.170918e-01  1.985869e-01  7.158909e-01
   endloop
 endfacet
 facet normal  9.998187e-01  1.904247e-02  0.000000e+00
   outer loop
     vertex  4.170918e-01  1.985869e-01  2.086677e-01
     vertex  4.165568e-01  2.266776e-01  2.086677e-01
     vertex  4.165568e-01  2.266776e-01  7.158909e-01
   endloop
 endfacet
 facet normal  9.936520e-01 -1.124975e-01  0.000000e+00
   outer loop
     vertex  4.140701e-01  1.718967e-01  2.086677e-01
     vertex  4.170918e-01  1.985869e-01  7.158909e-01
     vertex  4.140701e-01  1.718967e-01  7.158909e-01
   endloop
 endfacet
 facet normal  9.936520e-01 -1.124975e-01  0.000000e+00
   outer loop
     vertex  4.140701e-01  1.718967e-01  2.086677e-01
     vertex  4.170918e-01  1.985869e-01  2.086677e-01
     vertex  4.170918e-01  1.985869e-01  7.158909e-01
   endloop
 endfacet
 facet normal  9.710480e-01 -2.388844e-01  0.000000e+00
   outer loop
     vertex  4.076866e-01  1.459484e-01  2.086677e-01
     vertex  4.140701e-01  1.718967e-01  2.086677e-01
     vertex  4.140701e-01  1.718967e-01  7.158909e-01
   endloop
 endfacet
 facet normal  9.710480e-01 -2.388844e-01  0.000000e+00
   outer loop
     vertex  4.076866e-01  1.459484e-01  2.086677e-01
     vertex  4.140701e-01  1.718967e-01  7.158909e-01
     vertex  4.076866e-01  1.459484e-01  7.158909e-01
   endloop
 endfacet
 facet normal  9.326686e-01 -3.607344e-01  0.000000e+00
   outer loop
     vertex  3.980935e-01  1.211458e-01  2.086677e-01
     vertex  4.076866e-01  1.459484e-01  7.158909e-01
     vertex  3.980935e-01  1.211458e-01  7.158909e-01
   endloop
 endfacet
 facet normal  9.326686e-01 -3.607344e-01  0.000000e+00
   outer loop
     vertex  3.980935e-01  1.211458e-01  2.086677e-01
     vertex  4.076866e-01  1.459484e-01  2.086677e-01
     vertex  4.076866e-01  1.459484e-01  7.158909e-01
   endloop
 endfacet
 facet normal  8.793530e-01 -4.761704e-01  0.000000e+00
   outer loop
     vertex  3.854881e-01  9.786712e-02  2.086677e-01
     vertex  3.980935e-01  1.211458e-01  7.158909e-01
     vertex  3.854881e-01  9.786712e-02  7.158909e-01
   endloop
 endfacet
 facet normal  8.793530e-01 -4.761704e-01  0.000000e+00
   outer loop
     vertex  3.854881e-01  9.786712e-02  2.086677e-01
     vertex  3.980935e-01  1.211458e-01  2.086677e-01
     vertex  3.980935e-01  1.211458e-01  7.158909e-01
   endloop
 endfacet
 facet normal  8.121497e-01 -5.834492e-01  0.000000e+00
   outer loop
     vertex  3.701095e-01  7.646045e-02  2.086677e-01
     vertex  3.854881e-01  9.786712e-02  7.158909e-01
     vertex  3.701095e-01  7.646045e-02  7.158909e-01
   endloop
 endfacet
 facet normal  8.121497e-01 -5.834492e-01  0.000000e+00
   outer loop
     vertex  3.701095e-01  7.646045e-02  2.086677e-01
     vertex  3.854881e-01  9.786712e-02  2.086677e-01
     vertex  3.854881e-01  9.786712e-02  7.158909e-01
   endloop
 endfacet
 facet normal  7.322977e-01 -6.809846e-01  0.000000e+00
   outer loop
     vertex  3.522347e-01  5.723867e-02  2.086677e-01
     vertex  3.701095e-01  7.646045e-02  7.158909e-01
     vertex  3.522347e-01  5.723867e-02  7.158909e-01
   endloop
 endfacet
 facet normal  7.322977e-01 -6.809846e-01  0.000000e+00
   outer loop
     vertex  3.522347e-01  5.723867e-02  2.086677e-01
     vertex  3.701095e-01  7.646045e-02  2.086677e-01
     vertex  3.701095e-01  7.646045e-02  7.158909e-01
   endloop
 endfacet
 facet normal  6.412063e-01 -7.673685e-01  0.000000e+00
   outer loop
     vertex  3.321734e-01  4.047565e-02  2.086677e-01
     vertex  3.522347e-01  5.723867e-02  7.158909e-01
     vertex  3.321734e-01  4.047565e-02  7.158909e-01
   endloop
 endfacet
 facet normal  6.412063e-01 -7.673685e-01  0.000000e+00
   outer loop
     vertex  3.321734e-01  4.047565e-02  2.086677e-01
     vertex  3.522347e-01  5.723867e-02  2.086677e-01
     vertex  3.522347e-01  5.723867e-02  7.158909e-01
   endloop
 endfacet
 facet normal  5.404308e-01 -8.413884e-01  0.000000e+00
   outer loop
     vertex  3.102636e-01  2.640279e-02  2.086677e-01
     vertex  3.321734e-01  4.047565e-02  7.158909e-01
     vertex  3.102636e-01  2.640279e-02  7.158909e-01
   endloop
 endfacet
 facet normal  5.404308e-01 -8.413884e-01  0.000000e+00
   outer loop
     vertex  3.102636e-01  2.640279e-02  2.086677e-01
     vertex  3.321734e-01  4.047565e-02  2.086677e-01
     vertex  3.321734e-01  4.047565e-02  7.158909e-01
   endloop
 endfacet
 facet normal  4.254257e-01 -9.049934e-01  0.000000e+00
   outer loop
     vertex  2.841937e-01  1.414767e-02  2.086677e-01
     vertex  3.102636e-01  2.640279e-02  2.086677e-01
     vertex  3.102636e-01  2.640279e-02  7.158909e-01
   endloop
 endfacet
 facet normal  4.254257e-01 -9.049934e-01  0.000000e+00
   outer loop
     vertex  2.841937e-01  1.414767e-02  2.086677e-01
     vertex  3.102636e-01  2.640279e-02  7.158909e-01
     vertex  2.841937e-01  1.414767e-02  7.158909e-01
   endloop
 endfacet
 facet normal  2.970483e-01 -9.548625e-01  0.000000e+00
   outer loop
     vertex  2.568177e-01  5.631280e-03  2.086677e-01
     vertex  2.841937e-01  1.414767e-02  7.158909e-01
     vertex  2.568177e-01  5.631280e-03  7.158909e-01
   endloop
 endfacet
 facet normal  2.970483e-01 -9.548625e-01  0.000000e+00
   outer loop
     vertex  2.568177e-01  5.631280e-03  2.086677e-01
     vertex  2.841937e-01  1.414767e-02  2.086677e-01
     vertex  2.841937e-01  1.414767e-02  7.158909e-01
   endloop
 endfacet
 facet normal  1.636832e-01 -9.865130e-01  0.000000e+00
   outer loop
     vertex  2.286687e-01  9.607665e-04  2.086677e-01
     vertex  2.568177e-01  5.631280e-03  7.158909e-01
     vertex  2.286687e-01  9.607665e-04  7.158909e-01
   endloop
 endfacet
 facet normal  1.636832e-01 -9.865130e-01  0.000000e+00
   outer loop
     vertex  2.286687e-01  9.607665e-04  2.086677e-01
     vertex  2.568177e-01  5.631280e-03  2.086677e-01
     vertex  2.568177e-01  5.631280e-03  7.158909e-01
   endloop
 endfacet
 facet normal  2.789854e-02 -9.996108e-01  0.000000e+00
   outer loop
     vertex  2.002828e-01  1.685346e-04  2.086677e-01
     vertex  2.286687e-01  9.607665e-04  7.158909e-01
     vertex  2.002828e-01  1.685346e-04  7.158909e-01
   endloop
 endfacet
 facet normal  2.789854e-02 -9.996108e-01  0.000000e+00
   outer loop
     vertex  2.002828e-01  1.685346e-04  2.086677e-01
     vertex  2.286687e-01  9.607665e-04  2.086677e-01
     vertex  2.286687e-01  9.607665e-04  7.158909e-01
   endloop
 endfacet
 facet normal -1.077462e-01 -9.941784e-01  0.000000e+00
   outer loop
     vertex  1.721895e-01  3.213209e-03  2.086677e-01
     vertex  2.002828e-01  1.685346e-04  7.158909e-01
     vertex  1.721895e-01  3.213209e-03  7.158909e-01
   endloop
 endfacet
 facet normal -2.407490e-01 -9.705874e-01  0.000000e+00
   outer loop
     vertex  1.721895e-01  3.213209e-03  2.086677e-01
     vertex  1.721895e-01  3.213209e-03  7.158909e-01
     vertex  1.449011e-01  9.981946e-03  7.158909e-01
   endloop
 endfacet
 facet normal -1.077462e-01 -9.941784e-01  0.000000e+00
   outer loop
     vertex  1.721895e-01  3.213209e-03  2.086677e-01
     vertex  2.002828e-01  1.685346e-04  2.086677e-01
     vertex  2.002828e-01  1.685346e-04  7.158909e-01
   endloop
 endfacet
 facet normal -2.407490e-01 -9.705874e-01  0.000000e+00
   outer loop
     vertex  1.449011e-01  9.981946e-03  2.086677e-01
     vertex  1.721895e-01  3.213209e-03  2.086677e-01
     vertex  1.449011e-01  9.981946e-03  7.158909e-01
   endloop
 endfacet
 facet normal -3.687118e-01 -9.295438e-01  0.000000e+00
   outer loop
     vertex  1.189038e-01  2.029403e-02  2.086677e-01
     vertex  1.449011e-01  9.981946e-03  7.158909e-01
     vertex  1.189038e-01  2.029403e-02  7.158909e-01
   endloop
 endfacet
 facet normal -3.687118e-01 -9.295438e-01  0.000000e+00
   outer loop
     vertex  1.189038e-01  2.029403e-02  2.086677e-01
     vertex  1.449011e-01  9.981946e-03  2.086677e-01
     vertex  1.449011e-01  9.981946e-03  7.158909e-01
   endloop
 endfacet
 facet normal -4.901559e-01 -8.716348e-01  0.000000e+00
   outer loop
     vertex  9.433923e-02  3.410767e-02  2.086677e-01
     vertex  1.189038e-01  2.029403e-02  2.086677e-01
     vertex  1.189038e-01  2.029403e-02  7.158909e-01
   endloop
 endfacet
 facet normal -4.901559e-01 -8.716348e-01  0.000000e+00
   outer loop
     vertex  9.433923e-02  3.410767e-02  2.086677e-01
     vertex  1.189038e-01  2.029403e-02  7.158909e-01
     vertex  9.433923e-02  3.410767e-02  7.158909e-01
   endloop
 endfacet
 facet normal -6.005865e-01 -7.995598e-01  0.000000e+00
   outer loop
     vertex  7.286956e-02  5.023454e-02  2.086677e-01
     vertex  9.433923e-02  3.410767e-02  2.086677e-01
     vertex  9.433923e-02  3.410767e-02  7.158909e-01
   endloop
 endfacet
 facet normal -6.005865e-01 -7.995598e-01  0.000000e+00
   outer loop
     vertex  7.286956e-02  5.023454e-02  2.086677e-01
     vertex  9.433923e-02  3.410767e-02  7.158909e-01
     vertex  7.286956e-02  5.023454e-02  7.158909e-01
   endloop
 endfacet
 facet normal -6.980526e-01 -7.160465e-01  0.000000e+00
   outer loop
     vertex  7.286956e-02  5.023454e-02  2.086677e-01
     vertex  7.286956e-02  5.023454e-02  7.158909e-01
     vertex  5.374124e-02  6.888217e-02  7.158909e-01
   endloop
 endfacet
 facet normal -6.980526e-01 -7.160465e-01  0.000000e+00
   outer loop
     vertex  5.374124e-02  6.888217e-02  2.086677e-01
     vertex  7.286956e-02  5.023454e-02  2.086677e-01
     vertex  5.374124e-02  6.888217e-02  7.158909e-01
   endloop
 endfacet
 facet normal -7.836219e-01 -6.212380e-01  0.000000e+00
   outer loop
     vertex  3.722525e-02  8.971523e-02  2.086677e-01
     vertex  5.374124e-02  6.888217e-02  7.158909e-01
     vertex  3.722525e-02  8.971523e-02  7.158909e-01
   endloop
 endfacet
 facet normal -7.836219e-01 -6.212380e-01  0.000000e+00
   outer loop
     vertex  3.722525e-02  8.971523e-02  2.086677e-01
     vertex  5.374124e-02  6.888217e-02  2.086677e-01
     vertex  5.374124e-02  6.888217e-02  7.158909e-01
   endloop
 endfacet
 facet normal -8.561015e-01 -5.168076e-01  0.000000e+00
   outer loop
     vertex  2.354780e-02  1.123722e-01  2.086677e-01
     vertex  3.722525e-02  8.971523e-02  2.086677e-01
     vertex  3.722525e-02  8.971523e-02  7.158909e-01
   endloop
 endfacet
 facet normal -8.561015e-01 -5.168076e-01  0.000000e+00
   outer loop
     vertex  2.354780e-02  1.123722e-01  2.086677e-01
     vertex  3.722525e-02  8.971523e-02  7.158909e-01
     vertex  2.354780e-02  1.123722e-01  7.158909e-01
   endloop
 endfacet
 facet normal -9.145199e-01 -4.045409e-01  0.000000e+00
   outer loop
     vertex  2.354780e-02  1.123722e-01  2.086677e-01
     vertex  2.354780e-02  1.123722e-01  7.158909e-01
     vertex  1.288766e-02  1.364709e-01  7.158909e-01
   endloop
 endfacet
 facet normal -9.145199e-01 -4.045409e-01  0.000000e+00
   outer loop
     vertex  1.288766e-02  1.364709e-01  2.086677e-01
     vertex  2.354780e-02  1.123722e-01  2.086677e-01
     vertex  1.288766e-02  1.364709e-01  7.158909e-01
   endloop
 endfacet
 facet normal -9.581375e-01 -2.863085e-01  0.000000e+00
   outer loop
     vertex  5.374350e-03  1.616143e-01  2.086677e-01
     vertex  1.288766e-02  1.364709e-01  7.158909e-01
     vertex  5.374350e-03  1.616143e-01  7.158909e-01
   endloop
 endfacet
 facet normal -9.581375e-01 -2.863085e-01  0.000000e+00
   outer loop
     vertex  5.374350e-03  1.616143e-01  2.086677e-01
     vertex  1.288766e-02  1.364709e-01  2.086677e-01
     vertex  1.288766e-02  1.364709e-01  7.158909e-01
   endloop
 endfacet
 facet normal -9.854538e-01 -1.699435e-01  0.000000e+00
   outer loop
     vertex  1.356692e-03  1.849116e-01  2.086677e-01
     vertex  5.374350e-03  1.616143e-01  2.086677e-01
     vertex  5.374350e-03  1.616143e-01  7.158909e-01
   endloop
 endfacet
 facet normal -9.854538e-01 -1.699435e-01  0.000000e+00
   outer loop
     vertex  1.356692e-03  1.849116e-01  2.086677e-01
     vertex  5.374350e-03  1.616143e-01  7.158909e-01
     vertex  1.356692e-03  1.849116e-01  7.158909e-01
   endloop
 endfacet
 facet normal -9.983733e-01 -5.701613e-02  0.000000e+00
   outer loop
     vertex  1.605000e-09  2.086677e-01  2.086677e-01
     vertex  1.356692e-03  1.849116e-01  7.158909e-01
     vertex  1.605000e-09  2.086677e-01  7.158909e-01
   endloop
 endfacet
 facet normal -9.983733e-01 -5.701613e-02  0.000000e+00
   outer loop
     vertex  1.605000e-09  2.086677e-01  2.086677e-01
     vertex  1.356692e-03  1.849116e-01  2.086677e-01
     vertex  1.356692e-03  1.849116e-01  7.158909e-01
   endloop
 endfacet
 facet normal  9.961288e-01  8.790520e-02  0.000000e+00
   outer loop
     vertex  3.350941e-01  2.311563e-01  1.000000e+00
     vertex  3.370787e-01  2.086677e-01  1.000000e+00
     vertex  3.370787e-01  2.086677e-01  9.406100e-01
   endloop
 endfacet
 facet normal  9.961288e-01  8.790520e-02  0.000000e+00
   outer loop
     vertex  3.350941e-01  2.311563e-01  1.000000e+00
     vertex  3.370787e-01  2.086677e-01  9.406100e-01
     vertex  3.350941e-01  2.311563e-01  9.406100e-01
   endloop
 endfacet
 facet normal  9.656889e-01  2.597018e-01  0.000000e+00
   outer loop
     vertex  3.293203e-01  2.526259e-01  1.000000e+00
     vertex  3.350941e-01  2.311563e-01  9.406100e-01
     vertex  3.293203e-01  2.526259e-01  9.406100e-01
   endloop
 endfacet
 facet normal  9.656889e-01  2.597018e-01  0.000000e+00
   outer loop
     vertex  3.293203e-01  2.526259e-01  1.000000e+00
     vertex  3.350941e-01  2.311563e-01  1.000000e+00
     vertex  3.350941e-01  2.311563e-01  9.406100e-01
   endloop
 endfacet
 facet normal  9.064208e-01  4.223758e-01  0.000000e+00
   outer loop
     vertex  3.199299e-01  2.727777e-01  1.000000e+00
     vertex  3.293203e-01  2.526259e-01  9.406100e-01
     vertex  3.199299e-01  2.727777e-01  9.406100e-01
   endloop
 endfacet
 facet normal  9.064208e-01  4.223758e-01  0.000000e+00
   outer loop
     vertex  3.199299e-01  2.727777e-01  1.000000e+00
     vertex  3.293203e-01  2.526259e-01  1.000000e+00
     vertex  3.293203e-01  2.526259e-01  9.406100e-01
   endloop
 endfacet
 facet normal  8.203694e-01  5.718340e-01  0.000000e+00
   outer loop
     vertex  3.073157e-01  2.908745e-01  1.000000e+00
     vertex  3.199299e-01  2.727777e-01  9.406100e-01
     vertex  3.073157e-01  2.908745e-01  9.406100e-01
   endloop
 endfacet
 facet normal  8.203694e-01  5.718340e-01  0.000000e+00
   outer loop
     vertex  3.073157e-01  2.908745e-01  1.000000e+00
     vertex  3.199299e-01  2.727777e-01  1.000000e+00
     vertex  3.199299e-01  2.727777e-01  9.406100e-01
   endloop
 endfacet
 facet normal  7.108812e-01  7.033121e-01  0.000000e+00
   outer loop
     vertex  2.919257e-01  3.064301e-01  1.000000e+00
     vertex  3.073157e-01  2.908745e-01  9.406100e-01
     vertex  2.919257e-01  3.064301e-01  9.406100e-01
   endloop
 endfacet
 facet normal  7.108812e-01  7.033121e-01  0.000000e+00
   outer loop
     vertex  2.919257e-01  3.064301e-01  1.000000e+00
     vertex  3.073157e-01  2.908745e-01  1.000000e+00
     vertex  3.073157e-01  2.908745e-01  9.406100e-01
   endloop
 endfacet
 facet normal  5.817306e-01  8.133815e-01  0.000000e+00
   outer loop
     vertex  2.742767e-01  3.190526e-01  1.000000e+00
     vertex  2.919257e-01  3.064301e-01  1.000000e+00
     vertex  2.919257e-01  3.064301e-01  9.406100e-01
   endloop
 endfacet
 facet normal  5.817306e-01  8.133815e-01  0.000000e+00
   outer loop
     vertex  2.742767e-01  3.190526e-01  1.000000e+00
     vertex  2.919257e-01  3.064301e-01  9.406100e-01
     vertex  2.742767e-01  3.190526e-01  9.406100e-01
   endloop
 endfacet
 facet normal  4.388956e-01  8.985381e-01  0.000000e+00
   outer loop
     vertex  2.553989e-01  3.282736e-01  1.000000e+00
     vertex  2.742767e-01  3.190526e-01  9.406100e-01
     vertex  2.553989e-01  3.282736e-01  9.406100e-01
   endloop
 endfacet
 facet normal  4.388956e-01  8.985381e-01  0.000000e+00
   outer loop
     vertex  2.553989e-01  3.282736e-01  1.000000e+00
     vertex  2.742767e-01  3.190526e-01  1.000000e+00
     vertex  2.742767e-01  3.190526e-01  9.406100e-01
   endloop
 endfacet
 facet normal  2.860336e-01  9.582196e-01  0.000000e+00
   outer loop
     vertex  2.351470e-01  3.343189e-01  1.000000e+00
     vertex  2.553989e-01  3.282736e-01  9.406100e-01
     vertex  2.351470e-01  3.343189e-01  9.406100e-01
   endloop
 endfacet
 facet normal  2.860336e-01  9.582196e-01  0.000000e+00
   outer loop
     vertex  2.351470e-01  3.343189e-01  1.000000e+00
     vertex  2.553989e-01  3.282736e-01  1.000000e+00
     vertex  2.553989e-01  3.282736e-01  9.406100e-01
   endloop
 endfacet
 facet normal  1.256342e-01  9.920766e-01  0.000000e+00
   outer loop
     vertex  2.143463e-01  3.369530e-01  1.000000e+00
     vertex  2.351470e-01  3.343189e-01  1.000000e+00
     vertex  2.351470e-01  3.343189e-01  9.406100e-01
   endloop
 endfacet
 facet normal  1.256342e-01  9.920766e-01  0.000000e+00
   outer loop
     vertex  2.143463e-01  3.369530e-01  1.000000e+00
     vertex  2.351470e-01  3.343189e-01  9.406100e-01
     vertex  2.143463e-01  3.369530e-01  9.406100e-01
   endloop
 endfacet
 facet normal -3.688300e-02  9.993196e-01  0.000000e+00
   outer loop
     vertex  1.935479e-01  3.361854e-01  1.000000e+00
     vertex  2.143463e-01  3.369530e-01  9.406100e-01
     vertex  1.935479e-01  3.361854e-01  9.406100e-01
   endloop
 endfacet
 facet normal -3.688300e-02  9.993196e-01  0.000000e+00
   outer loop
     vertex  1.935479e-01  3.361854e-01  1.000000e+00
     vertex  2.143463e-01  3.369530e-01  1.000000e+00
     vertex  2.143463e-01  3.369530e-01  9.406100e-01
   endloop
 endfacet
 facet normal -1.972826e-01  9.803467e-01  0.000000e+00
   outer loop
     vertex  1.732854e-01  3.321078e-01  1.000000e+00
     vertex  1.935479e-01  3.361854e-01  9.406100e-01
     vertex  1.732854e-01  3.321078e-01  9.406100e-01
   endloop
 endfacet
 facet normal -1.972826e-01  9.803467e-01  0.000000e+00
   outer loop
     vertex  1.732854e-01  3.321078e-01  1.000000e+00
     vertex  1.935479e-01  3.361854e-01  1.000000e+00
     vertex  1.935479e-01  3.361854e-01  9.406100e-01
   endloop
 endfacet
 facet normal -3.515108e-01  9.361838e-01  0.000000e+00
   outer loop
     vertex  1.540634e-01  3.248905e-01  1.000000e+00
     vertex  1.732854e-01  3.321078e-01  9.406100e-01
     vertex  1.540634e-01  3.248905e-01  9.406100e-01
   endloop
 endfacet
 facet normal -3.515108e-01  9.361838e-01  0.000000e+00
   outer loop
     vertex  1.540634e-01  3.248905e-01  1.000000e+00
     vertex  1.732854e-01  3.321078e-01  1.000000e+00
     vertex  1.732854e-01  3.321078e-01  9.406100e-01
   endloop
 endfacet
 facet normal -4.957854e-01  8.684451e-01  0.000000e+00
   outer loop
     vertex  1.363460e-01  3.147758e-01  1.000000e+00
     vertex  1.540634e-01  3.248905e-01  9.406100e-01
     vertex  1.363460e-01  3.147758e-01  9.406100e-01
   endloop
 endfacet
 facet normal -4.957854e-01  8.684451e-01  0.000000e+00
   outer loop
     vertex  1.363460e-01  3.147758e-01  1.000000e+00
     vertex  1.540634e-01  3.248905e-01  1.000000e+00
     vertex  1.540634e-01  3.248905e-01  9.406100e-01
   endloop
 endfacet
 facet normal -6.334405e-01  7.737914e-01  0.000000e+00
   outer loop
     vertex  1.189338e-01  3.005219e-01  1.000000e+00
     vertex  1.363460e-01  3.147758e-01  9.406100e-01
     vertex  1.189338e-01  3.005219e-01  9.406100e-01
   endloop
 endfacet
 facet normal -6.334405e-01  7.737914e-01  0.000000e+00
   outer loop
     vertex  1.189338e-01  3.005219e-01  1.000000e+00
     vertex  1.363460e-01  3.147758e-01  1.000000e+00
     vertex  1.363460e-01  3.147758e-01  9.406100e-01
   endloop
 endfacet
 facet normal -7.583515e-01  6.518458e-01  0.000000e+00
   outer loop
     vertex  1.043780e-01  2.835878e-01  1.000000e+00
     vertex  1.189338e-01  3.005219e-01  9.406100e-01
     vertex  1.043780e-01  2.835878e-01  9.406100e-01
   endloop
 endfacet
 facet normal -7.583515e-01  6.518458e-01  0.000000e+00
   outer loop
     vertex  1.043780e-01  2.835878e-01  1.000000e+00
     vertex  1.189338e-01  3.005219e-01  1.000000e+00
     vertex  1.189338e-01  3.005219e-01  9.406100e-01
   endloop
 endfacet
 facet normal -8.594658e-01  5.111932e-01  0.000000e+00
   outer loop
     vertex  9.305095e-02  2.645437e-01  1.000000e+00
     vertex  1.043780e-01  2.835878e-01  9.406100e-01
     vertex  9.305095e-02  2.645437e-01  9.406100e-01
   endloop
 endfacet
 facet normal -8.594658e-01  5.111932e-01  0.000000e+00
   outer loop
     vertex  9.305095e-02  2.645437e-01  1.000000e+00
     vertex  1.043780e-01  2.835878e-01  1.000000e+00
     vertex  1.043780e-01  2.835878e-01  9.406100e-01
   endloop
 endfacet
 facet normal -9.343080e-01  3.564668e-01  0.000000e+00
   outer loop
     vertex  8.521453e-02  2.440042e-01  1.000000e+00
     vertex  9.305095e-02  2.645437e-01  9.406100e-01
     vertex  8.521453e-02  2.440042e-01  9.406100e-01
   endloop
 endfacet
 facet normal -9.343080e-01  3.564668e-01  0.000000e+00
   outer loop
     vertex  8.521453e-02  2.440042e-01  1.000000e+00
     vertex  9.305095e-02  2.645437e-01  1.000000e+00
     vertex  9.305095e-02  2.645437e-01  9.406100e-01
   endloop
 endfacet
 facet normal -9.812836e-01  1.925681e-01  0.000000e+00
   outer loop
     vertex  8.101578e-02  2.226084e-01  1.000000e+00
     vertex  8.521453e-02  2.440042e-01  9.406100e-01
     vertex  8.101578e-02  2.226084e-01  9.406100e-01
   endloop
 endfacet
 facet normal -9.812836e-01  1.925681e-01  0.000000e+00
   outer loop
     vertex  8.101578e-02  2.226084e-01  1.000000e+00
     vertex  8.521453e-02  2.440042e-01  1.000000e+00
     vertex  8.521453e-02  2.440042e-01  9.406100e-01
   endloop
 endfacet
 facet normal -9.997253e-01  2.343978e-02  0.000000e+00
   outer loop
     vertex  8.050270e-02  2.007250e-01  1.000000e+00
     vertex  8.101578e-02  2.226084e-01  9.406100e-01
     vertex  8.050270e-02  2.007250e-01  9.406100e-01
   endloop
 endfacet
 facet normal -9.997253e-01  2.343978e-02  0.000000e+00
   outer loop
     vertex  8.050270e-02  2.007250e-01  1.000000e+00
     vertex  8.101578e-02  2.226084e-01  1.000000e+00
     vertex  8.101578e-02  2.226084e-01  9.406100e-01
   endloop
 endfacet
 facet normal -9.895546e-01 -1.441587e-01 -0.000000e+00
   outer loop
     vertex  8.356358e-02  1.797141e-01  1.000000e+00
     vertex  8.050270e-02  2.007250e-01  9.406100e-01
     vertex  8.356358e-02  1.797141e-01  9.406100e-01
   endloop
 endfacet
 facet normal -9.895546e-01 -1.441587e-01  0.000000e+00
   outer loop
     vertex  8.356358e-02  1.797141e-01  1.000000e+00
     vertex  8.050270e-02  2.007250e-01  1.000000e+00
     vertex  8.050270e-02  2.007250e-01  9.406100e-01
   endloop
 endfacet
 facet normal -9.524835e-01 -3.045902e-01 -0.000000e+00
   outer loop
     vertex  8.997681e-02  1.596593e-01  1.000000e+00
     vertex  8.356358e-02  1.797141e-01  9.406100e-01
     vertex  8.997681e-02  1.596593e-01  9.406100e-01
   endloop
 endfacet
 facet normal -9.524835e-01 -3.045902e-01  0.000000e+00
   outer loop
     vertex  8.997681e-02  1.596593e-01  1.000000e+00
     vertex  8.356358e-02  1.797141e-01  1.000000e+00
     vertex  8.356358e-02  1.797141e-01  9.406100e-01
   endloop
 endfacet
 facet normal -8.901917e-01 -4.555861e-01 -0.000000e+00
   outer loop
     vertex  9.949585e-02  1.410596e-01  1.000000e+00
     vertex  8.997681e-02  1.596593e-01  9.406100e-01
     vertex  9.949585e-02  1.410596e-01  9.406100e-01
   endloop
 endfacet
 facet normal -8.901917e-01 -4.555861e-01  0.000000e+00
   outer loop
     vertex  9.949585e-02  1.410596e-01  1.000000e+00
     vertex  8.997681e-02  1.596593e-01  1.000000e+00
     vertex  8.997681e-02  1.596593e-01  9.406100e-01
   endloop
 endfacet
 facet normal -8.048696e-01 -5.934518e-01 -0.000000e+00
   outer loop
     vertex  1.118070e-01  1.243626e-01  1.000000e+00
     vertex  9.949585e-02  1.410596e-01  9.406100e-01
     vertex  1.118070e-01  1.243626e-01  9.406100e-01
   endloop
 endfacet
 facet normal -8.048696e-01 -5.934518e-01  0.000000e+00
   outer loop
     vertex  1.118070e-01  1.243626e-01  1.000000e+00
     vertex  9.949585e-02  1.410596e-01  1.000000e+00
     vertex  9.949585e-02  1.410596e-01  9.406100e-01
   endloop
 endfacet
 facet normal -6.991979e-01 -7.149282e-01 -0.000000e+00
   outer loop
     vertex  1.265380e-01  1.099556e-01  1.000000e+00
     vertex  1.118070e-01  1.243626e-01  9.406100e-01
     vertex  1.265380e-01  1.099556e-01  9.406100e-01
   endloop
 endfacet
 facet normal -6.991979e-01 -7.149282e-01  0.000000e+00
   outer loop
     vertex  1.265380e-01  1.099556e-01  1.000000e+00
     vertex  1.118070e-01  1.243626e-01  1.000000e+00
     vertex  1.118070e-01  1.243626e-01  9.406100e-01
   endloop
 endfacet
 facet normal -5.762752e-01 -8.172557e-01 -0.000000e+00
   outer loop
     vertex  1.432683e-01  9.815857e-02  1.000000e+00
     vertex  1.265380e-01  1.099556e-01  9.406100e-01
     vertex  1.432683e-01  9.815857e-02  9.406100e-01
   endloop
 endfacet
 facet normal -5.762752e-01 -8.172557e-01  0.000000e+00
   outer loop
     vertex  1.432683e-01  9.815857e-02  1.000000e+00
     vertex  1.265380e-01  1.099556e-01  1.000000e+00
     vertex  1.265380e-01  1.099556e-01  9.406100e-01
   endloop
 endfacet
 facet normal -4.316386e-01 -9.020466e-01 -0.000000e+00
   outer loop
     vertex  1.636425e-01  8.840931e-02  1.000000e+00
     vertex  1.432683e-01  9.815857e-02  9.406100e-01
     vertex  1.636425e-01  8.840931e-02  9.406100e-01
   endloop
 endfacet
 facet normal -2.675650e-01 -9.635398e-01 -0.000000e+00
   outer loop
     vertex  1.636425e-01  8.840931e-02  1.000000e+00
     vertex  1.636425e-01  8.840931e-02  9.406100e-01
     vertex  1.852386e-01  8.241228e-02  9.406100e-01
   endloop
 endfacet
 facet normal -4.316386e-01 -9.020466e-01  0.000000e+00
   outer loop
     vertex  1.636425e-01  8.840931e-02  1.000000e+00
     vertex  1.432683e-01  9.815857e-02  1.000000e+00
     vertex  1.432683e-01  9.815857e-02  9.406100e-01
   endloop
 endfacet
 facet normal -2.675650e-01 -9.635398e-01 -0.000000e+00
   outer loop
     vertex  1.852386e-01  8.241228e-02  1.000000e+00
     vertex  1.636425e-01  8.840931e-02  1.000000e+00
     vertex  1.852386e-01  8.241228e-02  9.406100e-01
   endloop
 endfacet
 facet normal -9.661940e-02 -9.953214e-01 -0.000000e+00
   outer loop
     vertex  2.073761e-01  8.026332e-02  1.000000e+00
     vertex  1.852386e-01  8.241228e-02  9.406100e-01
     vertex  2.073761e-01  8.026332e-02  9.406100e-01
   endloop
 endfacet
 facet normal -9.661940e-02 -9.953214e-01  0.000000e+00
   outer loop
     vertex  2.073761e-01  8.026332e-02  1.000000e+00
     vertex  1.852386e-01  8.241228e-02  1.000000e+00
     vertex  1.852386e-01  8.241228e-02  9.406100e-01
   endloop
 endfacet
 facet normal  7.590358e-02 -9.971152e-01  0.000000e+00
   outer loop
     vertex  2.293810e-01  8.193840e-02  1.000000e+00
     vertex  2.073761e-01  8.026332e-02  9.406100e-01
     vertex  2.293810e-01  8.193840e-02  9.406100e-01
   endloop
 endfacet
 facet normal  7.590358e-02 -9.971152e-01  0.000000e+00
   outer loop
     vertex  2.293810e-01  8.193840e-02  1.000000e+00
     vertex  2.073761e-01  8.026332e-02  1.000000e+00
     vertex  2.073761e-01  8.026332e-02  9.406100e-01
   endloop
 endfacet
 facet normal  2.448419e-01 -9.695630e-01  0.000000e+00
   outer loop
     vertex  2.506064e-01  8.729842e-02  1.000000e+00
     vertex  2.293810e-01  8.193840e-02  1.000000e+00
     vertex  2.293810e-01  8.193840e-02  9.406100e-01
   endloop
 endfacet
 facet normal  2.448419e-01 -9.695630e-01  0.000000e+00
   outer loop
     vertex  2.506064e-01  8.729842e-02  1.000000e+00
     vertex  2.293810e-01  8.193840e-02  9.406100e-01
     vertex  2.506064e-01  8.729842e-02  9.406100e-01
   endloop
 endfacet
 facet normal  4.053201e-01 -9.141748e-01  0.000000e+00
   outer loop
     vertex  2.704516e-01  9.609723e-02  1.000000e+00
     vertex  2.506064e-01  8.729842e-02  1.000000e+00
     vertex  2.506064e-01  8.729842e-02  9.406100e-01
   endloop
 endfacet
 facet normal  4.053201e-01 -9.141748e-01  0.000000e+00
   outer loop
     vertex  2.704516e-01  9.609723e-02  1.000000e+00
     vertex  2.506064e-01  8.729842e-02  9.406100e-01
     vertex  2.704516e-01  9.609723e-02  9.406100e-01
   endloop
 endfacet
 facet normal  5.506215e-01 -8.347550e-01  0.000000e+00
   outer loop
     vertex  2.704516e-01  9.609723e-02  1.000000e+00
     vertex  2.704516e-01  9.609723e-02  9.406100e-01
     vertex  2.878301e-01  1.075605e-01  9.406100e-01
   endloop
 endfacet
 facet normal  5.506215e-01 -8.347550e-01  0.000000e+00
   outer loop
     vertex  2.878301e-01  1.075605e-01  1.000000e+00
     vertex  2.704516e-01  9.609723e-02  1.000000e+00
     vertex  2.878301e-01  1.075605e-01  9.406100e-01
   endloop
 endfacet
 facet normal  6.792143e-01 -7.339400e-01  0.000000e+00
   outer loop
     vertex  3.033501e-01  1.219232e-01  1.000000e+00
     vertex  2.878301e-01  1.075605e-01  1.000000e+00
     vertex  2.878301e-01  1.075605e-01  9.406100e-01
   endloop
 endfacet
 facet normal  6.792143e-01 -7.339400e-01  0.000000e+00
   outer loop
     vertex  3.033501e-01  1.219232e-01  1.000000e+00
     vertex  2.878301e-01  1.075605e-01  9.406100e-01
     vertex  3.033501e-01  1.219232e-01  9.406100e-01
   endloop
 endfacet
 facet normal  7.900514e-01 -6.130406e-01  0.000000e+00
   outer loop
     vertex  3.162099e-01  1.384961e-01  1.000000e+00
     vertex  3.033501e-01  1.219232e-01  1.000000e+00
     vertex  3.033501e-01  1.219232e-01  9.406100e-01
   endloop
 endfacet
 facet normal  7.900514e-01 -6.130406e-01  0.000000e+00
   outer loop
     vertex  3.162099e-01  1.384961e-01  1.000000e+00
     vertex  3.033501e-01  1.219232e-01  9.406100e-01
     vertex  3.162099e-01  1.384961e-01  9.406100e-01
   endloop
 endfacet
 facet normal  8.790319e-01 -4.767629e-01  0.000000e+00
   outer loop
     vertex  3.261370e-01  1.567993e-01  1.000000e+00
     vertex  3.162099e-01  1.384961e-01  1.000000e+00
     vertex  3.162099e-01  1.384961e-01  9.406100e-01
   endloop
 endfacet
 facet normal  8.790319e-01 -4.767629e-01  0.000000e+00
   outer loop
     vertex  3.261370e-01  1.567993e-01  1.000000e+00
     vertex  3.162099e-01  1.384961e-01  9.406100e-01
     vertex  3.261370e-01  1.567993e-01  9.406100e-01
   endloop
 endfacet
 facet normal  9.443435e-01 -3.289611e-01  0.000000e+00
   outer loop
     vertex  3.329391e-01  1.763260e-01  1.000000e+00
     vertex  3.261370e-01  1.567993e-01  1.000000e+00
     vertex  3.261370e-01  1.567993e-01  9.406100e-01
   endloop
 endfacet
 facet normal  9.443435e-01 -3.289611e-01  0.000000e+00
   outer loop
     vertex  3.329391e-01  1.763260e-01  1.000000e+00
     vertex  3.261370e-01  1.567993e-01  9.406100e-01
     vertex  3.329391e-01  1.763260e-01  9.406100e-01
   endloop
 endfacet
 facet normal  9.817748e-01 -1.900480e-01  0.000000e+00
   outer loop
     vertex  3.360311e-01  1.922990e-01  1.000000e+00
     vertex  3.329391e-01  1.763260e-01  1.000000e+00
     vertex  3.329391e-01  1.763260e-01  9.406100e-01
   endloop
 endfacet
 facet normal  9.817748e-01 -1.900480e-01  0.000000e+00
   outer loop
     vertex  3.360311e-01  1.922990e-01  1.000000e+00
     vertex  3.329391e-01  1.763260e-01  9.406100e-01
     vertex  3.360311e-01  1.922990e-01  9.406100e-01
   endloop
 endfacet
 facet normal  9.979585e-01 -6.386613e-02  0.000000e+00
   outer loop
     vertex  3.370787e-01  2.086677e-01  1.000000e+00
     vertex  3.360311e-01  1.922990e-01  1.000000e+00
     vertex  3.360311e-01  1.922990e-01  9.406100e-01
   endloop
 endfacet
 facet normal  9.979585e-01 -6.386613e-02  0.000000e+00
   outer loop
     vertex  3.370787e-01  2.086677e-01  1.000000e+00
     vertex  3.360311e-01  1.922990e-01  9.406100e-01
     vertex  3.370787e-01  2.086677e-01  9.406100e-01
   endloop
 endfacet
 facet normal  0.000000e+00  0.000000e+00  1.000000e+00
   outer loop
     vertex  2.912090e-01  3.070365e-01  1.000000e+00
     vertex  3.370790e-01  2.086680e-01  1.000000e+00
     vertex  3.351281e-01  2.309663e-01  1.000000e+00
   endloop
 endfacet
 facet normal  0.000000e+00  0.000000e+00  1.000000e+00
   outer loop
     vertex  2.912090e-01  3.070365e-01  1.000000e+00
     vertex  3.351281e-01  2.309663e-01  1.000000e+00
     vertex  3.293349e-01  2.525871e-01  1.000000e+00
   endloop
 endfacet
 facet normal  0.000000e+00  0.000000e+00  1.000000e+00
   outer loop
     vertex  2.912090e-01  3.070365e-01  1.000000e+00
     vertex  3.293349e-01  2.525871e-01  1.000000e+00
     vertex  3.198752e-01  2.728735e-01  1.000000e+00
   endloop
 endfacet
 facet normal  0.000000e+00  0.000000e+00  1.000000e+00
   outer loop
     vertex  2.912090e-01  3.070365e-01  1.000000e+00
     vertex  3.198752e-01  2.728735e-01  1.000000e+00
     vertex  3.070365e-01  2.912090e-01  1.000000e+00
   endloop
 endfacet
 facet normal  0.000000e+00  0.000000e+00  1.000000e+00
   outer loop
     vertex  2.912090e-01  3.070365e-01  1.000000e+00
     vertex  2.728735e-01  3.198752e-01  1.000000e+00
     vertex  2.525872e-01  3.293349e-01  1.000000e+00
   endloop
 endfacet
 facet normal  0.000000e+00  0.000000e+00  1.000000e+00
   outer loop
     vertex  2.912090e-01  3.070365e-01  1.000000e+00
     vertex  2.525872e-01  3.293349e-01  1.000000e+00
     vertex  2.309663e-01  3.351281e-01  1.000000e+00
   endloop
 endfacet
 facet normal  0.000000e+00  0.000000e+00  1.000000e+00
   outer loop
     vertex  2.912090e-01  3.070365e-01  1.000000e+00
     vertex  2.309663e-01  3.351281e-01  1.000000e+00
     vertex  2.086680e-01  3.370790e-01  1.000000e+00
   endloop
 endfacet
 facet normal  0.000000e+00  0.000000e+00  1.000000e+00
   outer loop
     vertex  2.912090e-01  3.070365e-01  1.000000e+00
     vertex  2.086680e-01  3.370790e-01  1.000000e+00
     vertex  1.863697e-01  3.351282e-01  1.000000e+00
   endloop
 endfacet
 facet normal  0.000000e+00  0.000000e+00  1.000000e+00
   outer loop
     vertex  2.912090e-01  3.070365e-01  1.000000e+00
     vertex  1.863697e-01  3.351282e-01  1.000000e+00
     vertex  1.647489e-01  3.293349e-01  1.000000e+00
   endloop
 endfacet
 facet normal  0.000000e+00  0.000000e+00  1.000000e+00
   outer loop
     vertex  2.912090e-01  3.070365e-01  1.000000e+00
     vertex  1.647489e-01  3.293349e-01  1.000000e+00
     vertex  1.444625e-01  3.198752e-01  1.000000e+00
   endloop
 endfacet
 facet normal  0.000000e+00  0.000000e+00  1.000000e+00
   outer loop
     vertex  2.912090e-01  3.070365e-01  1.000000e+00
     vertex  1.444625e-01  3.198752e-01  1.000000e+00
     vertex  1.261270e-01  3.070365e-01  1.000000e+00
   endloop
 endfacet
 facet normal  0.000000e+00  0.000000e+00  1.000000e+00
   outer loop
     vertex  2.912090e-01  3.070365e-01  1.000000e+00
     vertex  1.261270e-01  3.070365e-01  1.000000e+00
     vertex  1.102995e-01  2.912090e-01  1.000000e+00
   endloop
 endfacet
 facet normal  0.000000e+00  0.000000e+00  1.000000e+00
   outer loop
     vertex  2.912090e-01  3.070365e-01  1.000000e+00
     vertex  1.102995e-01  2.912090e-01  1.000000e+00
     vertex  9.746082e-02  2.728735e-01  1.000000e+00
   endloop
 endfacet
 facet normal  0.000000e+00  0.000000e+00  1.000000e+00
   outer loop
     vertex  2.912090e-01  3.070365e-01  1.000000e+00
     vertex  9.746082e-02  2.728735e-01  1.000000e+00
     vertex  8.800114e-02  2.525872e-01  1.000000e+00
   endloop
 endfacet
 facet normal  0.000000e+00  0.000000e+00  1.000000e+00
   outer loop
     vertex  2.912090e-01  3.070365e-01  1.000000e+00
     vertex  8.800114e-02  2.525872e-01  1.000000e+00
     vertex  8.220785e-02  2.309664e-01  1.000000e+00
   endloop
 endfacet
 facet normal  0.000000e+00  0.000000e+00  1.000000e+00
   outer loop
     vertex  2.912090e-01  3.070365e-01  1.000000e+00
     vertex  8.220785e-02  2.309664e-01  1.000000e+00
     vertex  8.025700e-02  2.086680e-01  1.000000e+00
   endloop
 endfacet
 facet normal  0.000000e+00  0.000000e+00  1.000000e+00
   outer loop
     vertex  2.912090e-01  3.070365e-01  1.000000e+00
     vertex  8.025700e-02  2.086680e-01  1.000000e+00
     vertex  8.220785e-02  1.863697e-01  1.000000e+00
   endloop
 endfacet
 facet normal  0.000000e+00  0.000000e+00  1.000000e+00
   outer loop
     vertex  2.912090e-01  3.070365e-01  1.000000e+00
     vertex  8.220785e-02  1.863697e-01  1.000000e+00
     vertex  8.800112e-02  1.647489e-01  1.000000e+00
   endloop
 endfacet
 facet normal  0.000000e+00  0.000000e+00  1.000000e+00
   outer loop
     vertex  2.912090e-01  3.070365e-01  1.000000e+00
     vertex  8.800112e-02  1.647489e-01  1.000000e+00
     vertex  9.746080e-02  1.444625e-01  1.000000e+00
   endloop
 endfacet
 facet normal  0.000000e+00  0.000000e+00  1.000000e+00
   outer loop
     vertex  2.912090e-01  3.070365e-01  1.000000e+00
     vertex  9.746080e-02  1.444625e-01  1.000000e+00
     vertex  1.102995e-01  1.261270e-01  1.000000e+00
   endloop
 endfacet
 facet normal  0.000000e+00  0.000000e+00  1.000000e+00
   outer loop
     vertex  2.912090e-01  3.070365e-01  1.000000e+00
     vertex  1.102995e-01  1.261270e-01  1.000000e+00
     vertex  1.261270e-01  1.102995e-01  1.000000e+00
   endloop
 endfacet
 facet normal  0.000000e+00  0.000000e+00  1.000000e+00
   outer loop
     vertex  2.912090e-01  3.070365e-01  1.000000e+00
     vertex  1.261270e-01  1.102995e-01  1.000000e+00
     vertex  1.444625e-01  9.746083e-02  1.000000e+00
   endloop
 endfacet
 facet normal  0.000000e+00  0.000000e+00  1.000000e+00
   outer loop
     vertex  2.912090e-01  3.070365e-01  1.000000e+00
     vertex  1.444625e-01  9.746083e-02  1.000000e+00
     vertex  1.647488e-01  8.800114e-02  1.000000e+00
   endloop
 endfacet
 facet normal  0.000000e+00  0.000000e+00  1.000000e+00
   outer loop
     vertex  2.912090e-01  3.070365e-01  1.000000e+00
     vertex  1.647488e-01  8.800114e-02  1.000000e+00
     vertex  1.863696e-01  8.220786e-02  1.000000e+00
   endloop
 endfacet
 facet normal  0.000000e+00  0.000000e+00  1.000000e+00
   outer loop
     vertex  2.912090e-01  3.070365e-01  1.000000e+00
     vertex  1.863696e-01  8.220786e-02  1.000000e+00
     vertex  2.086680e-01  8.025700e-02  1.000000e+00
   endloop
 endfacet
 facet normal  0.000000e+00  0.000000e+00  1.000000e+00
   outer loop
     vertex  2.912090e-01  3.070365e-01  1.000000e+00
     vertex  2.086680e-01  8.025700e-02  1.000000e+00
     vertex  2.309663e-01  8.220785e-02  1.000000e+00
   endloop
 endfacet
 facet normal  0.000000e+00  0.000000e+00  1.000000e+00
   outer loop
     vertex  2.912090e-01  3.070365e-01  1.000000e+00
     vertex  2.309663e-01  8.220785e-02  1.000000e+00
     vertex  2.525871e-01  8.800112e-02  1.000000e+00
   endloop
 endfacet
 facet normal  0.000000e+00  0.000000e+00  1.000000e+00
   outer loop
     vertex  2.912090e-01  3.070365e-01  1.000000e+00
     vertex  2.525871e-01  8.800112e-02  1.000000e+00
     vertex  2.728735e-01  9.746080e-02  1.000000e+00
   endloop
 endfacet
 facet normal  0.000000e+00  0.000000e+00  1.000000e+00
   outer loop
     vertex  2.912090e-01  3.070365e-01  1.000000e+00
     vertex  2.728735e-01  9.746080e-02  1.000000e+00
     vertex  2.912090e-01  1.102994e-01  1.000000e+00
   endloop
 endfacet
 facet normal  0.000000e+00  0.000000e+00  1.000000e+00
   outer loop
     vertex  2.912090e-01  3.070365e-01  1.000000e+00
     vertex  2.912090e-01  1.102994e-01  1.000000e+00
     vertex  3.070365e-01  1.261270e-01  1.000000e+00
   endloop
 endfacet
 facet normal  0.000000e+00  0.000000e+00  1.000000e+00
   outer loop
     vertex  2.912090e-01  3.070365e-01  1.000000e+00
     vertex  3.070365e-01  1.261270e-01  1.000000e+00
     vertex  3.198752e-01  1.444625e-01  1.000000e+00
   endloop
 endfacet
 facet normal  0.000000e+00  0.000000e+00  1.000000e+00
   outer loop
     vertex  2.912090e-01  3.070365e-01  1.000000e+00
     vertex  3.198752e-01  1.444625e-01  1.000000e+00
     vertex  3.293349e-01  1.647488e-01  1.000000e+00
   endloop
 endfacet
 facet normal  0.000000e+00  0.000000e+00  1.000000e+00
   outer loop
     vertex  2.912090e-01  3.070365e-01  1.000000e+00
     vertex  3.293349e-01  1.647488e-01  1.000000e+00
     vertex  3.351281e-01  1.863696e-01  1.000000e+00
   endloop
 endfacet
 facet normal  0.000000e+00  0.000000e+00  1.000000e+00
   outer loop
     vertex  2.912090e-01  3.070365e-01  1.000000e+00
     vertex  3.351281e-01  1.863696e-01  1.000000e+00
     vertex  3.370790e-01  2.086680e-01  1.000000e+00
   endloop
 endfacet
 facet normal  0.000000e+00  0.000000e+00 -1.000000e+00
   outer loop
     vertex  1.355935e-01  2.714004e-01  9.406100e-01
     vertex  3.030046e-01  2.280547e-01  9.406100e-01
     vertex  3.049760e-01  2.086680e-01  9.406100e-01
   endloop
 endfacet
 facet normal  0.000000e+00  0.000000e+00 -1.000000e+00
   outer loop
     vertex  1.355935e-01  2.714004e-01  9.406100e-01
     vertex  2.971710e-01  2.466476e-01  9.406100e-01
     vertex  3.030046e-01  2.280547e-01  9.406100e-01
   endloop
 endfacet
 facet normal  0.000000e+00  0.000000e+00 -1.000000e+00
   outer loop
     vertex  1.355935e-01  2.714004e-01  9.406100e-01
     vertex  2.877141e-01  2.636857e-01  9.406100e-01
     vertex  2.971710e-01  2.466476e-01  9.406100e-01
   endloop
 endfacet
 facet normal  0.000000e+00  0.000000e+00 -1.000000e+00
   outer loop
     vertex  1.355935e-01  2.714004e-01  9.406100e-01
     vertex  2.750210e-01  2.784713e-01  9.406100e-01
     vertex  2.877141e-01  2.636857e-01  9.406100e-01
   endloop
 endfacet
 facet normal  0.000000e+00  0.000000e+00 -1.000000e+00
   outer loop
     vertex  1.355935e-01  2.714004e-01  9.406100e-01
     vertex  2.596115e-01  2.903992e-01  9.406100e-01
     vertex  2.750210e-01  2.784713e-01  9.406100e-01
   endloop
 endfacet
 facet normal  0.000000e+00  0.000000e+00 -1.000000e+00
   outer loop
     vertex  1.355935e-01  2.714004e-01  9.406100e-01
     vertex  2.421163e-01  2.989810e-01  9.406100e-01
     vertex  2.596115e-01  2.903992e-01  9.406100e-01
   endloop
 endfacet
 facet normal  0.000000e+00  0.000000e+00 -1.000000e+00
   outer loop
     vertex  1.355935e-01  2.714004e-01  9.406100e-01
     vertex  2.232517e-01  3.038654e-01  9.406100e-01
     vertex  2.421163e-01  2.989810e-01  9.406100e-01
   endloop
 endfacet
 facet normal  0.000000e+00  0.000000e+00 -1.000000e+00
   outer loop
     vertex  1.355935e-01  2.714004e-01  9.406100e-01
     vertex  2.037901e-01  3.048524e-01  9.406100e-01
     vertex  2.232517e-01  3.038654e-01  9.406100e-01
   endloop
 endfacet
 facet normal  0.000000e+00  0.000000e+00 -1.000000e+00
   outer loop
     vertex  1.355935e-01  2.714004e-01  9.406100e-01
     vertex  1.845282e-01  3.019016e-01  9.406100e-01
     vertex  2.037901e-01  3.048524e-01  9.406100e-01
   endloop
 endfacet
 facet normal  0.000000e+00  0.000000e+00 -1.000000e+00
   outer loop
     vertex  1.355935e-01  2.714004e-01  9.406100e-01
     vertex  1.662545e-01  2.951338e-01  9.406100e-01
     vertex  1.845282e-01  3.019016e-01  9.406100e-01
   endloop
 endfacet
 facet normal  0.000000e+00  0.000000e+00 -1.000000e+00
   outer loop
     vertex  1.355935e-01  2.714004e-01  9.406100e-01
     vertex  1.497173e-01  2.848260e-01  9.406100e-01
     vertex  1.662545e-01  2.951338e-01  9.406100e-01
   endloop
 endfacet
 facet normal  0.000000e+00  0.000000e+00 -1.000000e+00
   outer loop
     vertex  1.355935e-01  2.714004e-01  9.406100e-01
     vertex  1.167768e-01  2.374991e-01  9.406100e-01
     vertex  1.244614e-01  2.554065e-01  9.406100e-01
   endloop
 endfacet
 facet normal  0.000000e+00  0.000000e+00 -1.000000e+00
   outer loop
     vertex  1.355935e-01  2.714004e-01  9.406100e-01
     vertex  1.128541e-01  2.184113e-01  9.406100e-01
     vertex  1.167768e-01  2.374991e-01  9.406100e-01
   endloop
 endfacet
 facet normal  0.000000e+00  0.000000e+00 -1.000000e+00
   outer loop
     vertex  1.355935e-01  2.714004e-01  9.406100e-01
     vertex  1.128541e-01  1.989247e-01  9.406100e-01
     vertex  1.128541e-01  2.184113e-01  9.406100e-01
   endloop
 endfacet
 facet normal  0.000000e+00  0.000000e+00 -1.000000e+00
   outer loop
     vertex  1.355935e-01  2.714004e-01  9.406100e-01
     vertex  1.167768e-01  1.798370e-01  9.406100e-01
     vertex  1.128541e-01  1.989247e-01  9.406100e-01
   endloop
 endfacet
 facet normal  0.000000e+00  0.000000e+00 -1.000000e+00
   outer loop
     vertex  1.355935e-01  2.714004e-01  9.406100e-01
     vertex  1.244614e-01  1.619296e-01  9.406100e-01
     vertex  1.167768e-01  1.798370e-01  9.406100e-01
   endloop
 endfacet
 facet normal  0.000000e+00  0.000000e+00 -1.000000e+00
   outer loop
     vertex  1.355935e-01  2.714004e-01  9.406100e-01
     vertex  1.355935e-01  1.459356e-01  9.406100e-01
     vertex  1.244614e-01  1.619296e-01  9.406100e-01
   endloop
 endfacet
 facet normal  0.000000e+00 -0.000000e+00 -1.000000e+00
   outer loop
     vertex  1.355935e-01  2.714004e-01  9.406100e-01
     vertex  1.497173e-01  1.325100e-01  9.406100e-01
     vertex  1.355935e-01  1.459356e-01  9.406100e-01
   endloop
 endfacet
 facet normal  0.000000e+00  0.000000e+00 -1.000000e+00
   outer loop
     vertex  1.355935e-01  2.714004e-01  9.406100e-01
     vertex  1.662545e-01  1.222022e-01  9.406100e-01
     vertex  1.497173e-01  1.325100e-01  9.406100e-01
   endloop
 endfacet
 facet normal  0.000000e+00  0.000000e+00 -1.000000e+00
   outer loop
     vertex  1.355935e-01  2.714004e-01  9.406100e-01
     vertex  1.845281e-01  1.154344e-01  9.406100e-01
     vertex  1.662545e-01  1.222022e-01  9.406100e-01
   endloop
 endfacet
 facet normal  0.000000e+00  0.000000e+00 -1.000000e+00
   outer loop
     vertex  1.355935e-01  2.714004e-01  9.406100e-01
     vertex  2.037901e-01  1.124836e-01  9.406100e-01
     vertex  1.845281e-01  1.154344e-01  9.406100e-01
   endloop
 endfacet
 facet normal  0.000000e+00  0.000000e+00 -1.000000e+00
   outer loop
     vertex  1.355935e-01  2.714004e-01  9.406100e-01
     vertex  2.232517e-01  1.134706e-01  9.406100e-01
     vertex  2.037901e-01  1.124836e-01  9.406100e-01
   endloop
 endfacet
 facet normal  0.000000e+00  0.000000e+00 -1.000000e+00
   outer loop
     vertex  1.355935e-01  2.714004e-01  9.406100e-01
     vertex  2.421163e-01  1.183550e-01  9.406100e-01
     vertex  2.232517e-01  1.134706e-01  9.406100e-01
   endloop
 endfacet
 facet normal  0.000000e+00  0.000000e+00 -1.000000e+00
   outer loop
     vertex  1.355935e-01  2.714004e-01  9.406100e-01
     vertex  2.596114e-01  1.269368e-01  9.406100e-01
     vertex  2.421163e-01  1.183550e-01  9.406100e-01
   endloop
 endfacet
 facet normal  0.000000e+00  0.000000e+00 -1.000000e+00
   outer loop
     vertex  1.355935e-01  2.714004e-01  9.406100e-01
     vertex  2.750210e-01  1.388646e-01  9.406100e-01
     vertex  2.596114e-01  1.269368e-01  9.406100e-01
   endloop
 endfacet
 facet normal  0.000000e+00  0.000000e+00 -1.000000e+00
   outer loop
     vertex  1.355935e-01  2.714004e-01  9.406100e-01
     vertex  2.877141e-01  1.536503e-01  9.406100e-01
     vertex  2.750210e-01  1.388646e-01  9.406100e-01
   endloop
 endfacet
 facet normal  0.000000e+00  0.000000e+00 -1.000000e+00
   outer loop
     vertex  1.355935e-01  2.714004e-01  9.406100e-01
     vertex  2.971710e-01  1.706884e-01  9.406100e-01
     vertex  2.877141e-01  1.536503e-01  9.406100e-01
   endloop
 endfacet
 facet normal  0.000000e+00  0.000000e+00 -1.000000e+00
   outer loop
     vertex  1.355935e-01  2.714004e-01  9.406100e-01
     vertex  3.030046e-01  1.892813e-01  9.406100e-01
     vertex  2.971710e-01  1.706884e-01  9.406100e-01
   endloop
 endfacet
 facet normal  0.000000e+00  0.000000e+00 -1.000000e+00
   outer loop
     vertex  1.355935e-01  2.714004e-01  9.406100e-01
     vertex  3.049760e-01  2.086680e-01  9.406100e-01
     vertex  3.030046e-01  1.892813e-01  9.406100e-01
   endloop
 endfacet
 facet normal  9.953441e-01 -9.638520e-02  0.000000e+00
   outer loop
     vertex  3.031865e-01  1.901888e-01  8.443018e-01
     vertex  3.049759e-01  2.086677e-01  8.443018e-01
     vertex  3.049759e-01  2.086677e-01  9.406100e-01
   endloop
 endfacet
 facet normal  9.953441e-01 -9.638520e-02  0.000000e+00
   outer loop
     vertex  3.031865e-01  1.901888e-01  8.443018e-01
     vertex  3.049759e-01  2.086677e-01  9.406100e-01
     vertex  3.031865e-01  1.901888e-01  9.406100e-01
   endloop
 endfacet
 facet normal  9.588419e-01 -2.839404e-01  0.000000e+00
   outer loop
     vertex  2.980078e-01  1.727008e-01  8.443018e-01
     vertex  3.031865e-01  1.901888e-01  9.406100e-01
     vertex  2.980078e-01  1.727008e-01  9.406100e-01
   endloop
 endfacet
 facet normal  9.588419e-01 -2.839404e-01  0.000000e+00
   outer loop
     vertex  2.980078e-01  1.727008e-01  8.443018e-01
     vertex  3.031865e-01  1.901888e-01  8.443018e-01
     vertex  3.031865e-01  1.901888e-01  9.406100e-01
   endloop
 endfacet
 facet normal  8.883046e-01 -4.592547e-01  0.000000e+00
   outer loop
     vertex  2.896675e-01  1.565687e-01  8.443018e-01
     vertex  2.980078e-01  1.727008e-01  9.406100e-01
     vertex  2.896675e-01  1.565687e-01  9.406100e-01
   endloop
 endfacet
 facet normal  8.883046e-01 -4.592547e-01  0.000000e+00
   outer loop
     vertex  2.896675e-01  1.565687e-01  8.443018e-01
     vertex  2.980078e-01  1.727008e-01  8.443018e-01
     vertex  2.980078e-01  1.727008e-01  9.406100e-01
   endloop
 endfacet
 facet normal  7.868551e-01 -6.171378e-01  0.000000e+00
   outer loop
     vertex  2.785669e-01  1.424153e-01  8.443018e-01
     vertex  2.896675e-01  1.565687e-01  9.406100e-01
     vertex  2.785669e-01  1.424153e-01  9.406100e-01
   endloop
 endfacet
 facet normal  7.868551e-01 -6.171378e-01  0.000000e+00
   outer loop
     vertex  2.785669e-01  1.424153e-01  8.443018e-01
     vertex  2.896675e-01  1.565687e-01  8.443018e-01
     vertex  2.896675e-01  1.565687e-01  9.406100e-01
   endloop
 endfacet
 facet normal  6.590050e-01 -7.521386e-01  0.000000e+00
   outer loop
     vertex  2.651590e-01  1.306677e-01  8.443018e-01
     vertex  2.785669e-01  1.424153e-01  9.406100e-01
     vertex  2.651590e-01  1.306677e-01  9.406100e-01
   endloop
 endfacet
 facet normal  6.590050e-01 -7.521386e-01  0.000000e+00
   outer loop
     vertex  2.651590e-01  1.306677e-01  8.443018e-01
     vertex  2.785669e-01  1.424153e-01  8.443018e-01
     vertex  2.785669e-01  1.424153e-01  9.406100e-01
   endloop
 endfacet
 facet normal  5.097793e-01 -8.603052e-01  0.000000e+00
   outer loop
     vertex  2.499541e-01  1.216580e-01  8.443018e-01
     vertex  2.651590e-01  1.306677e-01  9.406100e-01
     vertex  2.499541e-01  1.216580e-01  9.406100e-01
   endloop
 endfacet
 facet normal  5.097793e-01 -8.603052e-01  0.000000e+00
   outer loop
     vertex  2.499541e-01  1.216580e-01  8.443018e-01
     vertex  2.651590e-01  1.306677e-01  8.443018e-01
     vertex  2.651590e-01  1.306677e-01  9.406100e-01
   endloop
 endfacet
 facet normal  3.352841e-01 -9.421171e-01  0.000000e+00
   outer loop
     vertex  2.316326e-01  1.151376e-01  8.443018e-01
     vertex  2.499541e-01  1.216580e-01  8.443018e-01
     vertex  2.499541e-01  1.216580e-01  9.406100e-01
   endloop
 endfacet
 facet normal  3.352841e-01 -9.421171e-01  0.000000e+00
   outer loop
     vertex  2.316326e-01  1.151376e-01  8.443018e-01
     vertex  2.499541e-01  1.216580e-01  9.406100e-01
     vertex  2.316326e-01  1.151376e-01  9.406100e-01
   endloop
 endfacet
 facet normal  1.402019e-01 -9.901229e-01  0.000000e+00
   outer loop
     vertex  2.125729e-01  1.124388e-01  8.443018e-01
     vertex  2.316326e-01  1.151376e-01  9.406100e-01
     vertex  2.125729e-01  1.124388e-01  9.406100e-01
   endloop
 endfacet
 facet normal  1.402019e-01 -9.901229e-01  0.000000e+00
   outer loop
     vertex  2.125729e-01  1.124388e-01  8.443018e-01
     vertex  2.316326e-01  1.151376e-01  8.443018e-01
     vertex  2.316326e-01  1.151376e-01  9.406100e-01
   endloop
 endfacet
 facet normal -5.848523e-02 -9.982883e-01  0.000000e+00
   outer loop
     vertex  1.935526e-01  1.135531e-01  8.443018e-01
     vertex  2.125729e-01  1.124388e-01  9.406100e-01
     vertex  1.935526e-01  1.135531e-01  9.406100e-01
   endloop
 endfacet
 facet normal -5.848523e-02 -9.982883e-01  0.000000e+00
   outer loop
     vertex  1.935526e-01  1.135531e-01  8.443018e-01
     vertex  2.125729e-01  1.124388e-01  8.443018e-01
     vertex  2.125729e-01  1.124388e-01  9.406100e-01
   endloop
 endfacet
 facet normal -2.528535e-01 -9.675046e-01  0.000000e+00
   outer loop
     vertex  1.753130e-01  1.183199e-01  8.443018e-01
     vertex  1.935526e-01  1.135531e-01  9.406100e-01
     vertex  1.753130e-01  1.183199e-01  9.406100e-01
   endloop
 endfacet
 facet normal -2.528535e-01 -9.675046e-01  0.000000e+00
   outer loop
     vertex  1.753130e-01  1.183199e-01  8.443018e-01
     vertex  1.935526e-01  1.135531e-01  8.443018e-01
     vertex  1.935526e-01  1.135531e-01  9.406100e-01
   endloop
 endfacet
 facet normal -4.356616e-01 -9.001105e-01  0.000000e+00
   outer loop
     vertex  1.585023e-01  1.264564e-01  8.443018e-01
     vertex  1.753130e-01  1.183199e-01  9.406100e-01
     vertex  1.585023e-01  1.264564e-01  9.406100e-01
   endloop
 endfacet
 facet normal -4.356616e-01 -9.001105e-01  0.000000e+00
   outer loop
     vertex  1.585023e-01  1.264564e-01  8.443018e-01
     vertex  1.753130e-01  1.183199e-01  8.443018e-01
     vertex  1.753130e-01  1.183199e-01  9.406100e-01
   endloop
 endfacet
 facet normal -6.006166e-01 -7.995372e-01  0.000000e+00
   outer loop
     vertex  1.436815e-01  1.375899e-01  8.443018e-01
     vertex  1.585023e-01  1.264564e-01  9.406100e-01
     vertex  1.436815e-01  1.375899e-01  9.406100e-01
   endloop
 endfacet
 facet normal -6.006166e-01 -7.995372e-01  0.000000e+00
   outer loop
     vertex  1.436815e-01  1.375899e-01  8.443018e-01
     vertex  1.585023e-01  1.264564e-01  8.443018e-01
     vertex  1.585023e-01  1.264564e-01  9.406100e-01
   endloop
 endfacet
 facet normal -7.419269e-01 -6.704807e-01  0.000000e+00
   outer loop
     vertex  1.313949e-01  1.511858e-01  8.443018e-01
     vertex  1.436815e-01  1.375899e-01  9.406100e-01
     vertex  1.313949e-01  1.511858e-01  9.406100e-01
   endloop
 endfacet
 facet normal -7.419269e-01 -6.704807e-01  0.000000e+00
   outer loop
     vertex  1.313949e-01  1.511858e-01  8.443018e-01
     vertex  1.436815e-01  1.375899e-01  8.443018e-01
     vertex  1.436815e-01  1.375899e-01  9.406100e-01
   endloop
 endfacet
 facet normal -8.549851e-01 -5.186525e-01  0.000000e+00
   outer loop
     vertex  1.219881e-01  1.666926e-01  8.443018e-01
     vertex  1.313949e-01  1.511858e-01  9.406100e-01
     vertex  1.219881e-01  1.666926e-01  9.406100e-01
   endloop
 endfacet
 facet normal -8.549851e-01 -5.186525e-01  0.000000e+00
   outer loop
     vertex  1.219881e-01  1.666926e-01  8.443018e-01
     vertex  1.313949e-01  1.511858e-01  8.443018e-01
     vertex  1.313949e-01  1.511858e-01  9.406100e-01
   endloop
 endfacet
 facet normal -9.367513e-01 -3.499958e-01  0.000000e+00
   outer loop
     vertex  1.157003e-01  1.835218e-01  8.443018e-01
     vertex  1.219881e-01  1.666926e-01  9.406100e-01
     vertex  1.157003e-01  1.835218e-01  9.406100e-01
   endloop
 endfacet
 facet normal -9.367513e-01 -3.499958e-01  0.000000e+00
   outer loop
     vertex  1.157003e-01  1.835218e-01  8.443018e-01
     vertex  1.219881e-01  1.666926e-01  8.443018e-01
     vertex  1.219881e-01  1.666926e-01  9.406100e-01
   endloop
 endfacet
 facet normal -9.853153e-01 -1.707445e-01  0.000000e+00
   outer loop
     vertex  1.126600e-01  2.010663e-01  8.443018e-01
     vertex  1.157003e-01  1.835218e-01  9.406100e-01
     vertex  1.126600e-01  2.010663e-01  9.406100e-01
   endloop
 endfacet
 facet normal -9.853153e-01 -1.707445e-01  0.000000e+00
   outer loop
     vertex  1.126600e-01  2.010663e-01  8.443018e-01
     vertex  1.157003e-01  1.835218e-01  8.443018e-01
     vertex  1.157003e-01  1.835218e-01  9.406100e-01
   endloop
 endfacet
 facet normal -9.999184e-01  1.277285e-02  0.000000e+00
   outer loop
     vertex  1.128855e-01  2.187191e-01  8.443018e-01
     vertex  1.126600e-01  2.010663e-01  9.406100e-01
     vertex  1.128855e-01  2.187191e-01  9.406100e-01
   endloop
 endfacet
 facet normal -9.999184e-01  1.277285e-02  0.000000e+00
   outer loop
     vertex  1.128855e-01  2.187191e-01  8.443018e-01
     vertex  1.126600e-01  2.010663e-01  8.443018e-01
     vertex  1.126600e-01  2.010663e-01  9.406100e-01
   endloop
 endfacet
 facet normal -9.789447e-01  2.041254e-01  0.000000e+00
   outer loop
     vertex  1.168504e-01  2.377339e-01  8.443018e-01
     vertex  1.128855e-01  2.187191e-01  9.406100e-01
     vertex  1.168504e-01  2.377339e-01  9.406100e-01
   endloop
 endfacet
 facet normal -9.789447e-01  2.041254e-01  0.000000e+00
   outer loop
     vertex  1.168504e-01  2.377339e-01  8.443018e-01
     vertex  1.128855e-01  2.187191e-01  8.443018e-01
     vertex  1.128855e-01  2.187191e-01  9.406100e-01
   endloop
 endfacet
 facet normal -9.184834e-01  3.954596e-01  0.000000e+00
   outer loop
     vertex  1.244537e-01  2.553932e-01  8.443018e-01
     vertex  1.168504e-01  2.377339e-01  9.406100e-01
     vertex  1.244537e-01  2.553932e-01  9.406100e-01
   endloop
 endfacet
 facet normal -9.184834e-01  3.954596e-01  0.000000e+00
   outer loop
     vertex  1.244537e-01  2.553932e-01  8.443018e-01
     vertex  1.168504e-01  2.377339e-01  8.443018e-01
     vertex  1.168504e-01  2.377339e-01  9.406100e-01
   endloop
 endfacet
 facet normal -8.222126e-01  5.691805e-01  0.000000e+00
   outer loop
     vertex  1.352849e-01  2.710394e-01  8.443018e-01
     vertex  1.244537e-01  2.553932e-01  9.406100e-01
     vertex  1.352849e-01  2.710394e-01  9.406100e-01
   endloop
 endfacet
 facet normal -8.222126e-01  5.691805e-01  0.000000e+00
   outer loop
     vertex  1.352849e-01  2.710394e-01  8.443018e-01
     vertex  1.244537e-01  2.553932e-01  8.443018e-01
     vertex  1.244537e-01  2.553932e-01  9.406100e-01
   endloop
 endfacet
 facet normal -6.950042e-01  7.190056e-01  0.000000e+00
   outer loop
     vertex  1.488225e-01  2.841251e-01  8.443018e-01
     vertex  1.352849e-01  2.710394e-01  9.406100e-01
     vertex  1.488225e-01  2.841251e-01  9.406100e-01
   endloop
 endfacet
 facet normal -6.950042e-01  7.190056e-01  0.000000e+00
   outer loop
     vertex  1.488225e-01  2.841251e-01  8.443018e-01
     vertex  1.352849e-01  2.710394e-01  8.443018e-01
     vertex  1.352849e-01  2.710394e-01  9.406100e-01
   endloop
 endfacet
 facet normal -5.422056e-01  8.402458e-01  0.000000e+00
   outer loop
     vertex  1.645709e-01  2.942875e-01  8.443018e-01
     vertex  1.488225e-01  2.841251e-01  9.406100e-01
     vertex  1.645709e-01  2.942875e-01  9.406100e-01
   endloop
 endfacet
 facet normal -5.422056e-01  8.402458e-01  0.000000e+00
   outer loop
     vertex  1.645709e-01  2.942875e-01  8.443018e-01
     vertex  1.488225e-01  2.841251e-01  8.443018e-01
     vertex  1.488225e-01  2.841251e-01  9.406100e-01
   endloop
 endfacet
 facet normal -3.703234e-01  9.289029e-01  0.000000e+00
   outer loop
     vertex  1.817643e-01  3.011419e-01  8.443018e-01
     vertex  1.645709e-01  2.942875e-01  9.406100e-01
     vertex  1.817643e-01  3.011419e-01  9.406100e-01
   endloop
 endfacet
 facet normal -3.703234e-01  9.289029e-01  0.000000e+00
   outer loop
     vertex  1.817643e-01  3.011419e-01  8.443018e-01
     vertex  1.645709e-01  2.942875e-01  8.443018e-01
     vertex  1.645709e-01  2.942875e-01  9.406100e-01
   endloop
 endfacet
 facet normal -1.868537e-01  9.823877e-01  0.000000e+00
   outer loop
     vertex  1.997429e-01  3.045615e-01  8.443018e-01
     vertex  1.817643e-01  3.011419e-01  9.406100e-01
     vertex  1.997429e-01  3.045615e-01  9.406100e-01
   endloop
 endfacet
 facet normal -1.868537e-01  9.823877e-01  0.000000e+00
   outer loop
     vertex  1.997429e-01  3.045615e-01  8.443018e-01
     vertex  1.817643e-01  3.011419e-01  8.443018e-01
     vertex  1.817643e-01  3.011419e-01  9.406100e-01
   endloop
 endfacet
 facet normal  1.384681e-03  9.999990e-01 -0.000000e+00
   outer loop
     vertex  2.178581e-01  3.045364e-01  8.443018e-01
     vertex  1.997429e-01  3.045615e-01  9.406100e-01
     vertex  2.178581e-01  3.045364e-01  9.406100e-01
   endloop
 endfacet
 facet normal  1.384681e-03  9.999990e-01  0.000000e+00
   outer loop
     vertex  2.178581e-01  3.045364e-01  8.443018e-01
     vertex  1.997429e-01  3.045615e-01  8.443018e-01
     vertex  1.997429e-01  3.045615e-01  9.406100e-01
   endloop
 endfacet
 facet normal  1.877532e-01  9.822162e-01 -0.000000e+00
   outer loop
     vertex  2.354844e-01  3.011671e-01  8.443018e-01
     vertex  2.178581e-01  3.045364e-01  9.406100e-01
     vertex  2.354844e-01  3.011671e-01  9.406100e-01
   endloop
 endfacet
 facet normal  1.877532e-01  9.822162e-01  0.000000e+00
   outer loop
     vertex  2.354844e-01  3.011671e-01  8.443018e-01
     vertex  2.178581e-01  3.045364e-01  8.443018e-01
     vertex  2.178581e-01  3.045364e-01  9.406100e-01
   endloop
 endfacet
 facet normal  3.659490e-01  9.306349e-01 -0.000000e+00
   outer loop
     vertex  2.520376e-01  2.946580e-01  8.443018e-01
     vertex  2.354844e-01  3.011671e-01  9.406100e-01
     vertex  2.520376e-01  2.946580e-01  9.406100e-01
   endloop
 endfacet
 facet normal  3.659490e-01  9.306349e-01  0.000000e+00
   outer loop
     vertex  2.520376e-01  2.946580e-01  8.443018e-01
     vertex  2.354844e-01  3.011671e-01  8.443018e-01
     vertex  2.354844e-01  3.011671e-01  9.406100e-01
   endloop
 endfacet
 facet normal  5.387624e-01  8.424577e-01 -0.000000e+00
   outer loop
     vertex  2.685346e-01  2.841079e-01  8.443018e-01
     vertex  2.520376e-01  2.946580e-01  9.406100e-01
     vertex  2.685346e-01  2.841079e-01  9.406100e-01
   endloop
 endfacet
 facet normal  5.387624e-01  8.424577e-01  0.000000e+00
   outer loop
     vertex  2.685346e-01  2.841079e-01  8.443018e-01
     vertex  2.520376e-01  2.946580e-01  8.443018e-01
     vertex  2.520376e-01  2.946580e-01  9.406100e-01
   endloop
 endfacet
 facet normal  6.972849e-01  7.167941e-01 -0.000000e+00
   outer loop
     vertex  2.824276e-01  2.705931e-01  8.443018e-01
     vertex  2.685346e-01  2.841079e-01  9.406100e-01
     vertex  2.824276e-01  2.705931e-01  9.406100e-01
   endloop
 endfacet
 facet normal  6.972849e-01  7.167941e-01  0.000000e+00
   outer loop
     vertex  2.824276e-01  2.705931e-01  8.443018e-01
     vertex  2.685346e-01  2.841079e-01  8.443018e-01
     vertex  2.685346e-01  2.841079e-01  9.406100e-01
   endloop
 endfacet
 facet normal  8.261092e-01  5.635101e-01 -0.000000e+00
   outer loop
     vertex  2.932387e-01  2.547439e-01  8.443018e-01
     vertex  2.824276e-01  2.705931e-01  9.406100e-01
     vertex  2.932387e-01  2.547439e-01  9.406100e-01
   endloop
 endfacet
 facet normal  8.261092e-01  5.635101e-01  0.000000e+00
   outer loop
     vertex  2.932387e-01  2.547439e-01  8.443018e-01
     vertex  2.824276e-01  2.705931e-01  8.443018e-01
     vertex  2.824276e-01  2.705931e-01  9.406100e-01
   endloop
 endfacet
 facet normal  9.210135e-01  3.895307e-01  0.000000e+00
   outer loop
     vertex  3.006350e-01  2.372561e-01  8.443018e-01
     vertex  2.932387e-01  2.547439e-01  8.443018e-01
     vertex  2.932387e-01  2.547439e-01  9.406100e-01
   endloop
 endfacet
 facet normal  9.210135e-01  3.895307e-01 -0.000000e+00
   outer loop
     vertex  3.006350e-01  2.372561e-01  8.443018e-01
     vertex  2.932387e-01  2.547439e-01  9.406100e-01
     vertex  3.006350e-01  2.372561e-01  9.406100e-01
   endloop
 endfacet
 facet normal  9.751725e-01  2.214468e-01  0.000000e+00
   outer loop
     vertex  3.039623e-01  2.226037e-01  8.443018e-01
     vertex  3.006350e-01  2.372561e-01  8.443018e-01
     vertex  3.006350e-01  2.372561e-01  9.406100e-01
   endloop
 endfacet
 facet normal  9.751725e-01  2.214468e-01 -0.000000e+00
   outer loop
     vertex  3.039623e-01  2.226037e-01  8.443018e-01
     vertex  3.006350e-01  2.372561e-01  9.406100e-01
     vertex  3.039623e-01  2.226037e-01  9.406100e-01
   endloop
 endfacet
 facet normal  9.973654e-01  7.254187e-02  0.000000e+00
   outer loop
     vertex  3.049759e-01  2.086677e-01  8.443018e-01
     vertex  3.039623e-01  2.226037e-01  8.443018e-01
     vertex  3.039623e-01  2.226037e-01  9.406100e-01
   endloop
 endfacet
 facet normal  9.973654e-01  7.254187e-02 -0.000000e+00
   outer loop
     vertex  3.049759e-01  2.086677e-01  8.443018e-01
     vertex  3.039623e-01  2.226037e-01  9.406100e-01
     vertex  3.049759e-01  2.086677e-01  9.406100e-01
   endloop
 endfacet
 facet normal  9.965535e-01 -8.295213e-02  0.000000e+00
   outer loop
     vertex  3.353114e-01  1.874372e-01  7.961477e-01
     vertex  3.370787e-01  2.086677e-01  7.961477e-01
     vertex  3.370787e-01  2.086677e-01  8.443018e-01
   endloop
 endfacet
 facet normal  9.965535e-01 -8.295213e-02  0.000000e+00
   outer loop
     vertex  3.353114e-01  1.874372e-01  7.961477e-01
     vertex  3.370787e-01  2.086677e-01  8.443018e-01
     vertex  3.353114e-01  1.874372e-01  8.443018e-01
   endloop
 endfacet
 facet normal  9.696821e-01 -2.443700e-01  0.000000e+00
   outer loop
     vertex  3.302476e-01  1.673433e-01  7.961477e-01
     vertex  3.353114e-01  1.874372e-01  8.443018e-01
     vertex  3.302476e-01  1.673433e-01  8.443018e-01
   endloop
 endfacet
 facet normal  9.696821e-01 -2.443700e-01  0.000000e+00
   outer loop
     vertex  3.302476e-01  1.673433e-01  7.961477e-01
     vertex  3.353114e-01  1.874372e-01  7.961477e-01
     vertex  3.353114e-01  1.874372e-01  8.443018e-01
   endloop
 endfacet
 facet normal  9.173875e-01 -3.979953e-01  0.000000e+00
   outer loop
     vertex  3.219074e-01  1.481191e-01  7.961477e-01
     vertex  3.302476e-01  1.673433e-01  8.443018e-01
     vertex  3.219074e-01  1.481191e-01  8.443018e-01
   endloop
 endfacet
 facet normal  9.173875e-01 -3.979953e-01  0.000000e+00
   outer loop
     vertex  3.219074e-01  1.481191e-01  7.961477e-01
     vertex  3.302476e-01  1.673433e-01  7.961477e-01
     vertex  3.302476e-01  1.673433e-01  8.443018e-01
   endloop
 endfacet
 facet normal  8.407644e-01 -5.414012e-01  0.000000e+00
   outer loop
     vertex  3.106452e-01  1.306296e-01  7.961477e-01
     vertex  3.219074e-01  1.481191e-01  8.443018e-01
     vertex  3.106452e-01  1.306296e-01  8.443018e-01
   endloop
 endfacet
 facet normal  8.407644e-01 -5.414012e-01  0.000000e+00
   outer loop
     vertex  3.106452e-01  1.306296e-01  7.961477e-01
     vertex  3.219074e-01  1.481191e-01  7.961477e-01
     vertex  3.219074e-01  1.481191e-01  8.443018e-01
   endloop
 endfacet
 facet normal  7.426910e-01 -6.696343e-01  0.000000e+00
   outer loop
     vertex  2.968114e-01  1.152865e-01  7.961477e-01
     vertex  3.106452e-01  1.306296e-01  8.443018e-01
     vertex  2.968114e-01  1.152865e-01  8.443018e-01
   endloop
 endfacet
 facet normal  7.426910e-01 -6.696343e-01  0.000000e+00
   outer loop
     vertex  2.968114e-01  1.152865e-01  7.961477e-01
     vertex  3.106452e-01  1.306296e-01  7.961477e-01
     vertex  3.106452e-01  1.306296e-01  8.443018e-01
   endloop
 endfacet
 facet normal  6.261122e-01 -7.797330e-01  0.000000e+00
   outer loop
     vertex  2.808091e-01  1.024369e-01  7.961477e-01
     vertex  2.968114e-01  1.152865e-01  7.961477e-01
     vertex  2.968114e-01  1.152865e-01  8.443018e-01
   endloop
 endfacet
 facet normal  6.261122e-01 -7.797330e-01  0.000000e+00
   outer loop
     vertex  2.808091e-01  1.024369e-01  7.961477e-01
     vertex  2.968114e-01  1.152865e-01  8.443018e-01
     vertex  2.808091e-01  1.024369e-01  8.443018e-01
   endloop
 endfacet
 facet normal  4.943404e-01 -8.692684e-01  0.000000e+00
   outer loop
     vertex  2.630829e-01  9.235631e-02  7.961477e-01
     vertex  2.808091e-01  1.024369e-01  8.443018e-01
     vertex  2.630829e-01  9.235631e-02  8.443018e-01
   endloop
 endfacet
 facet normal  4.943404e-01 -8.692684e-01  0.000000e+00
   outer loop
     vertex  2.630829e-01  9.235631e-02  7.961477e-01
     vertex  2.808091e-01  1.024369e-01  7.961477e-01
     vertex  2.808091e-01  1.024369e-01  8.443018e-01
   endloop
 endfacet
 facet normal  3.428068e-01 -9.394059e-01  0.000000e+00
   outer loop
     vertex  2.419545e-01  8.464616e-02  7.961477e-01
     vertex  2.630829e-01  9.235631e-02  8.443018e-01
     vertex  2.419545e-01  8.464616e-02  8.443018e-01
   endloop
 endfacet
 facet normal  3.428068e-01 -9.394059e-01  0.000000e+00
   outer loop
     vertex  2.419545e-01  8.464616e-02  7.961477e-01
     vertex  2.630829e-01  9.235631e-02  7.961477e-01
     vertex  2.630829e-01  9.235631e-02  8.443018e-01
   endloop
 endfacet
 facet normal  1.743059e-01 -9.846915e-01  0.000000e+00
   outer loop
     vertex  2.199771e-01  8.075581e-02  7.961477e-01
     vertex  2.419545e-01  8.464616e-02  7.961477e-01
     vertex  2.419545e-01  8.464616e-02  8.443018e-01
   endloop
 endfacet
 facet normal  1.743059e-01 -9.846915e-01  0.000000e+00
   outer loop
     vertex  2.199771e-01  8.075581e-02  7.961477e-01
     vertex  2.419545e-01  8.464616e-02  8.443018e-01
     vertex  2.199771e-01  8.075581e-02  8.443018e-01
   endloop
 endfacet
 facet normal  1.844295e-03 -9.999983e-01  0.000000e+00
   outer loop
     vertex  1.978302e-01  8.071497e-02  7.961477e-01
     vertex  2.199771e-01  8.075581e-02  8.443018e-01
     vertex  1.978302e-01  8.071497e-02  8.443018e-01
   endloop
 endfacet
 facet normal  1.844295e-03 -9.999983e-01  0.000000e+00
   outer loop
     vertex  1.978302e-01  8.071497e-02  7.961477e-01
     vertex  2.199771e-01  8.075581e-02  7.961477e-01
     vertex  2.199771e-01  8.075581e-02  8.443018e-01
   endloop
 endfacet
 facet normal -1.693367e-01 -9.855583e-01  0.000000e+00
   outer loop
     vertex  1.761753e-01  8.443567e-02  7.961477e-01
     vertex  1.978302e-01  8.071497e-02  8.443018e-01
     vertex  1.761753e-01  8.443567e-02  8.443018e-01
   endloop
 endfacet
 facet normal -1.693367e-01 -9.855583e-01  0.000000e+00
   outer loop
     vertex  1.761753e-01  8.443567e-02  7.961477e-01
     vertex  1.978302e-01  8.071497e-02  7.961477e-01
     vertex  1.978302e-01  8.071497e-02  8.443018e-01
   endloop
 endfacet
 facet normal -3.342137e-01 -9.424973e-01  0.000000e+00
   outer loop
     vertex  1.556363e-01  9.171890e-02  7.961477e-01
     vertex  1.761753e-01  8.443567e-02  8.443018e-01
     vertex  1.556363e-01  9.171890e-02  8.443018e-01
   endloop
 endfacet
 facet normal -3.342137e-01 -9.424973e-01  0.000000e+00
   outer loop
     vertex  1.556363e-01  9.171890e-02  7.961477e-01
     vertex  1.761753e-01  8.443567e-02  7.961477e-01
     vertex  1.761753e-01  8.443567e-02  8.443018e-01
   endloop
 endfacet
 facet normal -4.894362e-01 -8.720391e-01  0.000000e+00
   outer loop
     vertex  1.364628e-01  1.024802e-01  7.961477e-01
     vertex  1.556363e-01  9.171890e-02  8.443018e-01
     vertex  1.364628e-01  1.024802e-01  8.443018e-01
   endloop
 endfacet
 facet normal -4.894362e-01 -8.720391e-01  0.000000e+00
   outer loop
     vertex  1.364628e-01  1.024802e-01  7.961477e-01
     vertex  1.556363e-01  9.171890e-02  7.961477e-01
     vertex  1.556363e-01  9.171890e-02  8.443018e-01
   endloop
 endfacet
 facet normal -6.286984e-01 -7.776492e-01  0.000000e+00
   outer loop
     vertex  1.199613e-01  1.158209e-01  7.961477e-01
     vertex  1.364628e-01  1.024802e-01  8.443018e-01
     vertex  1.199613e-01  1.158209e-01  8.443018e-01
   endloop
 endfacet
 facet normal -6.286984e-01 -7.776492e-01  0.000000e+00
   outer loop
     vertex  1.199613e-01  1.158209e-01  7.961477e-01
     vertex  1.364628e-01  1.024802e-01  7.961477e-01
     vertex  1.364628e-01  1.024802e-01  8.443018e-01
   endloop
 endfacet
 facet normal -7.477232e-01 -6.640105e-01  0.000000e+00
   outer loop
     vertex  1.059882e-01  1.315556e-01  7.961477e-01
     vertex  1.199613e-01  1.158209e-01  8.443018e-01
     vertex  1.059882e-01  1.315556e-01  8.443018e-01
   endloop
 endfacet
 facet normal -7.477232e-01 -6.640105e-01  0.000000e+00
   outer loop
     vertex  1.059882e-01  1.315556e-01  7.961477e-01
     vertex  1.199613e-01  1.158209e-01  7.961477e-01
     vertex  1.199613e-01  1.158209e-01  8.443018e-01
   endloop
 endfacet
 facet normal -8.457987e-01 -5.335021e-01  0.000000e+00
   outer loop
     vertex  9.484698e-02  1.492186e-01  7.961477e-01
     vertex  1.059882e-01  1.315556e-01  8.443018e-01
     vertex  9.484698e-02  1.492186e-01  8.443018e-01
   endloop
 endfacet
 facet normal -8.457987e-01 -5.335021e-01  0.000000e+00
   outer loop
     vertex  9.484698e-02  1.492186e-01  7.961477e-01
     vertex  1.059882e-01  1.315556e-01  7.961477e-01
     vertex  1.059882e-01  1.315556e-01  8.443018e-01
   endloop
 endfacet
 facet normal -9.208634e-01 -3.898855e-01  0.000000e+00
   outer loop
     vertex  8.676274e-02  1.683126e-01  7.961477e-01
     vertex  9.484698e-02  1.492186e-01  8.443018e-01
     vertex  8.676274e-02  1.683126e-01  8.443018e-01
   endloop
 endfacet
 facet normal -9.208634e-01 -3.898855e-01  0.000000e+00
   outer loop
     vertex  8.676274e-02  1.683126e-01  7.961477e-01
     vertex  9.484698e-02  1.492186e-01  7.961477e-01
     vertex  9.484698e-02  1.492186e-01  8.443018e-01
   endloop
 endfacet
 facet normal -9.714796e-01 -2.371230e-01  0.000000e+00
   outer loop
     vertex  8.187911e-02  1.883206e-01  7.961477e-01
     vertex  8.676274e-02  1.683126e-01  8.443018e-01
     vertex  8.187911e-02  1.883206e-01  8.443018e-01
   endloop
 endfacet
 facet normal -9.714796e-01 -2.371230e-01  0.000000e+00
   outer loop
     vertex  8.187911e-02  1.883206e-01  7.961477e-01
     vertex  8.676274e-02  1.683126e-01  7.961477e-01
     vertex  8.676274e-02  1.683126e-01  8.443018e-01
   endloop
 endfacet
 facet normal -9.968522e-01 -7.928198e-02  0.000000e+00
   outer loop
     vertex  8.025683e-02  2.087183e-01  7.961477e-01
     vertex  8.187911e-02  1.883206e-01  8.443018e-01
     vertex  8.025683e-02  2.087183e-01  8.443018e-01
   endloop
 endfacet
 facet normal -9.968522e-01 -7.928198e-02  0.000000e+00
   outer loop
     vertex  8.025683e-02  2.087183e-01  7.961477e-01
     vertex  8.187911e-02  1.883206e-01  7.961477e-01
     vertex  8.187911e-02  1.883206e-01  8.443018e-01
   endloop
 endfacet
 facet normal -9.960943e-01  8.829559e-02  0.000000e+00
   outer loop
     vertex  8.225016e-02  2.312057e-01  7.961477e-01
     vertex  8.025683e-02  2.087183e-01  8.443018e-01
     vertex  8.225016e-02  2.312057e-01  8.443018e-01
   endloop
 endfacet
 facet normal -9.960943e-01  8.829559e-02  0.000000e+00
   outer loop
     vertex  8.225016e-02  2.312057e-01  7.961477e-01
     vertex  8.025683e-02  2.087183e-01  7.961477e-01
     vertex  8.025683e-02  2.087183e-01  8.443018e-01
   endloop
 endfacet
 facet normal -9.654143e-01  2.607207e-01  0.000000e+00
   outer loop
     vertex  8.809095e-02  2.528333e-01  7.961477e-01
     vertex  8.225016e-02  2.312057e-01  8.443018e-01
     vertex  8.809095e-02  2.528333e-01  8.443018e-01
   endloop
 endfacet
 facet normal -9.654143e-01  2.607207e-01  0.000000e+00
   outer loop
     vertex  8.809095e-02  2.528333e-01  7.961477e-01
     vertex  8.225016e-02  2.312057e-01  7.961477e-01
     vertex  8.225016e-02  2.312057e-01  8.443018e-01
   endloop
 endfacet
 facet normal -9.056957e-01  4.239284e-01  0.000000e+00
   outer loop
     vertex  9.751515e-02  2.729675e-01  7.961477e-01
     vertex  8.809095e-02  2.528333e-01  8.443018e-01
     vertex  9.751515e-02  2.729675e-01  8.443018e-01
   endloop
 endfacet
 facet normal -9.056957e-01  4.239284e-01  0.000000e+00
   outer loop
     vertex  9.751515e-02  2.729675e-01  7.961477e-01
     vertex  8.809095e-02  2.528333e-01  7.961477e-01
     vertex  8.809095e-02  2.528333e-01  8.443018e-01
   endloop
 endfacet
 facet normal -8.193960e-01  5.732279e-01  0.000000e+00
   outer loop
     vertex  1.101591e-01  2.910414e-01  7.961477e-01
     vertex  9.751515e-02  2.729675e-01  8.443018e-01
     vertex  1.101591e-01  2.910414e-01  8.443018e-01
   endloop
 endfacet
 facet normal -8.193960e-01  5.732279e-01  0.000000e+00
   outer loop
     vertex  1.101591e-01  2.910414e-01  7.961477e-01
     vertex  9.751515e-02  2.729675e-01  7.961477e-01
     vertex  9.751515e-02  2.729675e-01  8.443018e-01
   endloop
 endfacet
 facet normal -7.096941e-01  7.045099e-01  0.000000e+00
   outer loop
     vertex  1.255741e-01  3.065698e-01  7.961477e-01
     vertex  1.101591e-01  2.910414e-01  8.443018e-01
     vertex  1.255741e-01  3.065698e-01  8.443018e-01
   endloop
 endfacet
 facet normal -7.096941e-01  7.045099e-01  0.000000e+00
   outer loop
     vertex  1.255741e-01  3.065698e-01  7.961477e-01
     vertex  1.101591e-01  2.910414e-01  7.961477e-01
     vertex  1.101591e-01  2.910414e-01  8.443018e-01
   endloop
 endfacet
 facet normal -5.803696e-01  8.143532e-01  0.000000e+00
   outer loop
     vertex  1.432426e-01  3.191617e-01  7.961477e-01
     vertex  1.255741e-01  3.065698e-01  8.443018e-01
     vertex  1.432426e-01  3.191617e-01  8.443018e-01
   endloop
 endfacet
 facet normal -5.803696e-01  8.143532e-01  0.000000e+00
   outer loop
     vertex  1.432426e-01  3.191617e-01  7.961477e-01
     vertex  1.255741e-01  3.065698e-01  7.961477e-01
     vertex  1.255741e-01  3.065698e-01  8.443018e-01
   endloop
 endfacet
 facet normal -4.372689e-01  8.993308e-01  0.000000e+00
   outer loop
     vertex  1.621704e-01  3.283647e-01  7.961477e-01
     vertex  1.432426e-01  3.191617e-01  8.443018e-01
     vertex  1.621704e-01  3.283647e-01  8.443018e-01
   endloop
 endfacet
 facet normal -4.372689e-01  8.993308e-01  0.000000e+00
   outer loop
     vertex  1.621704e-01  3.283647e-01  7.961477e-01
     vertex  1.432426e-01  3.191617e-01  7.961477e-01
     vertex  1.432426e-01  3.191617e-01  8.443018e-01
   endloop
 endfacet
 facet normal -2.841683e-01  9.587744e-01  0.000000e+00
   outer loop
     vertex  1.824320e-01  3.343700e-01  7.961477e-01
     vertex  1.621704e-01  3.283647e-01  8.443018e-01
     vertex  1.824320e-01  3.343700e-01  8.443018e-01
   endloop
 endfacet
 facet normal -2.841683e-01  9.587744e-01  0.000000e+00
   outer loop
     vertex  1.824320e-01  3.343700e-01  7.961477e-01
     vertex  1.621704e-01  3.283647e-01  7.961477e-01
     vertex  1.621704e-01  3.283647e-01  8.443018e-01
   endloop
 endfacet
 facet normal -1.237188e-01  9.923173e-01  0.000000e+00
   outer loop
     vertex  2.032358e-01  3.369637e-01  7.961477e-01
     vertex  1.824320e-01  3.343700e-01  8.443018e-01
     vertex  2.032358e-01  3.369637e-01  8.443018e-01
   endloop
 endfacet
 facet normal  3.879783e-02  9.992471e-01 -0.000000e+00
   outer loop
     vertex  2.032358e-01  3.369637e-01  7.961477e-01
     vertex  2.032358e-01  3.369637e-01  8.443018e-01
     vertex  2.240310e-01  3.361563e-01  8.443018e-01
   endloop
 endfacet
 facet normal -1.237188e-01  9.923173e-01  0.000000e+00
   outer loop
     vertex  2.032358e-01  3.369637e-01  7.961477e-01
     vertex  1.824320e-01  3.343700e-01  7.961477e-01
     vertex  1.824320e-01  3.343700e-01  8.443018e-01
   endloop
 endfacet
 facet normal  3.879783e-02  9.992471e-01 -0.000000e+00
   outer loop
     vertex  2.240310e-01  3.361563e-01  7.961477e-01
     vertex  2.032358e-01  3.369637e-01  7.961477e-01
     vertex  2.240310e-01  3.361563e-01  8.443018e-01
   endloop
 endfacet
 facet normal  1.991477e-01  9.799695e-01  0.000000e+00
   outer loop
     vertex  2.442841e-01  3.320405e-01  7.961477e-01
     vertex  2.240310e-01  3.361563e-01  7.961477e-01
     vertex  2.240310e-01  3.361563e-01  8.443018e-01
   endloop
 endfacet
 facet normal  1.991477e-01  9.799695e-01 -0.000000e+00
   outer loop
     vertex  2.442841e-01  3.320405e-01  7.961477e-01
     vertex  2.240310e-01  3.361563e-01  8.443018e-01
     vertex  2.442841e-01  3.320405e-01  8.443018e-01
   endloop
 endfacet
 facet normal  3.532799e-01  9.355177e-01  0.000000e+00
   outer loop
     vertex  2.634910e-01  3.247874e-01  7.961477e-01
     vertex  2.442841e-01  3.320405e-01  7.961477e-01
     vertex  2.442841e-01  3.320405e-01  8.443018e-01
   endloop
 endfacet
 facet normal  3.532799e-01  9.355177e-01 -0.000000e+00
   outer loop
     vertex  2.634910e-01  3.247874e-01  7.961477e-01
     vertex  2.442841e-01  3.320405e-01  8.443018e-01
     vertex  2.634910e-01  3.247874e-01  8.443018e-01
   endloop
 endfacet
 facet normal  4.974157e-01  8.675123e-01  0.000000e+00
   outer loop
     vertex  2.811880e-01  3.146402e-01  7.961477e-01
     vertex  2.634910e-01  3.247874e-01  7.961477e-01
     vertex  2.634910e-01  3.247874e-01  8.443018e-01
   endloop
 endfacet
 facet normal  4.974157e-01  8.675123e-01 -0.000000e+00
   outer loop
     vertex  2.811880e-01  3.146402e-01  7.961477e-01
     vertex  2.634910e-01  3.247874e-01  8.443018e-01
     vertex  2.811880e-01  3.146402e-01  8.443018e-01
   endloop
 endfacet
 facet normal  6.348825e-01  7.726087e-01  0.000000e+00
   outer loop
     vertex  2.985721e-01  3.003550e-01  7.961477e-01
     vertex  2.811880e-01  3.146402e-01  7.961477e-01
     vertex  2.811880e-01  3.146402e-01  8.443018e-01
   endloop
 endfacet
 facet normal  6.348825e-01  7.726087e-01 -0.000000e+00
   outer loop
     vertex  2.985721e-01  3.003550e-01  7.961477e-01
     vertex  2.811880e-01  3.146402e-01  8.443018e-01
     vertex  2.985721e-01  3.003550e-01  8.443018e-01
   endloop
 endfacet
 facet normal  7.595566e-01  6.504412e-01  0.000000e+00
   outer loop
     vertex  3.130954e-01  2.833954e-01  7.961477e-01
     vertex  2.985721e-01  3.003550e-01  7.961477e-01
     vertex  2.985721e-01  3.003550e-01  8.443018e-01
   endloop
 endfacet
 facet normal  7.595566e-01  6.504412e-01 -0.000000e+00
   outer loop
     vertex  3.130954e-01  2.833954e-01  7.961477e-01
     vertex  2.985721e-01  3.003550e-01  8.443018e-01
     vertex  3.130954e-01  2.833954e-01  8.443018e-01
   endloop
 endfacet
 facet normal  8.604032e-01  5.096140e-01  0.000000e+00
   outer loop
     vertex  3.243865e-01  2.643321e-01  7.961477e-01
     vertex  3.130954e-01  2.833954e-01  7.961477e-01
     vertex  3.130954e-01  2.833954e-01  8.443018e-01
   endloop
 endfacet
 facet normal  8.604032e-01  5.096140e-01 -0.000000e+00
   outer loop
     vertex  3.243865e-01  2.643321e-01  7.961477e-01
     vertex  3.130954e-01  2.833954e-01  8.443018e-01
     vertex  3.243865e-01  2.643321e-01  8.443018e-01
   endloop
 endfacet
 facet normal  9.349559e-01  3.547640e-01  0.000000e+00
   outer loop
     vertex  3.321849e-01  2.437802e-01  7.961477e-01
     vertex  3.243865e-01  2.643321e-01  7.961477e-01
     vertex  3.243865e-01  2.643321e-01  8.443018e-01
   endloop
 endfacet
 facet normal  9.349559e-01  3.547640e-01 -0.000000e+00
   outer loop
     vertex  3.321849e-01  2.437802e-01  7.961477e-01
     vertex  3.243865e-01  2.643321e-01  8.443018e-01
     vertex  3.321849e-01  2.437802e-01  8.443018e-01
   endloop
 endfacet
 facet normal  9.789846e-01  2.039341e-01  0.000000e+00
   outer loop
     vertex  3.359312e-01  2.257959e-01  7.961477e-01
     vertex  3.321849e-01  2.437802e-01  7.961477e-01
     vertex  3.321849e-01  2.437802e-01  8.443018e-01
   endloop
 endfacet
 facet normal  9.789846e-01  2.039341e-01 -0.000000e+00
   outer loop
     vertex  3.359312e-01  2.257959e-01  7.961477e-01
     vertex  3.321849e-01  2.437802e-01  8.443018e-01
     vertex  3.359312e-01  2.257959e-01  8.443018e-01
   endloop
 endfacet
 facet normal  9.977636e-01  6.684223e-02  0.000000e+00
   outer loop
     vertex  3.370787e-01  2.086677e-01  7.961477e-01
     vertex  3.359312e-01  2.257959e-01  7.961477e-01
     vertex  3.359312e-01  2.257959e-01  8.443018e-01
   endloop
 endfacet
 facet normal  9.977636e-01  6.684223e-02 -0.000000e+00
   outer loop
     vertex  3.370787e-01  2.086677e-01  7.961477e-01
     vertex  3.359312e-01  2.257959e-01  8.443018e-01
     vertex  3.370787e-01  2.086677e-01  8.443018e-01
   endloop
 endfacet
 facet normal  0.000000e+00  0.000000e+00  1.000000e+00
   outer loop
     vertex  2.817425e-01  2.714004e-01  8.443020e-01
     vertex  1.143314e-01  2.280547e-01  8.443020e-01
     vertex  1.123600e-01  2.086680e-01  8.443020e-01
   endloop
 endfacet
 facet normal  0.000000e+00  0.000000e+00  1.000000e+00
   outer loop
     vertex  2.817425e-01  2.714004e-01  8.443020e-01
     vertex  1.201650e-01  2.466476e-01  8.443020e-01
     vertex  1.143314e-01  2.280547e-01  8.443020e-01
   endloop
 endfacet
 facet normal  0.000000e+00  0.000000e+00  1.000000e+00
   outer loop
     vertex  2.817425e-01  2.714004e-01  8.443020e-01
     vertex  1.296219e-01  2.636857e-01  8.443020e-01
     vertex  1.201650e-01  2.466476e-01  8.443020e-01
   endloop
 endfacet
 facet normal  0.000000e+00  0.000000e+00  1.000000e+00
   outer loop
     vertex  2.817425e-01  2.714004e-01  8.443020e-01
     vertex  1.423150e-01  2.784713e-01  8.443020e-01
     vertex  1.296219e-01  2.636857e-01  8.443020e-01
   endloop
 endfacet
 facet normal  0.000000e+00  0.000000e+00  1.000000e+00
   outer loop
     vertex  2.817425e-01  2.714004e-01  8.443020e-01
     vertex  1.577245e-01  2.903992e-01  8.443020e-01
     vertex  1.423150e-01  2.784713e-01  8.443020e-01
   endloop
 endfacet
 facet normal  0.000000e+00  0.000000e+00  1.000000e+00
   outer loop
     vertex  2.817425e-01  2.714004e-01  8.443020e-01
     vertex  1.752197e-01  2.989810e-01  8.443020e-01
     vertex  1.577245e-01  2.903992e-01  8.443020e-01
   endloop
 endfacet
 facet normal  0.000000e+00  0.000000e+00  1.000000e+00
   outer loop
     vertex  2.817425e-01  2.714004e-01  8.443020e-01
     vertex  1.940843e-01  3.038654e-01  8.443020e-01
     vertex  1.752197e-01  2.989810e-01  8.443020e-01
   endloop
 endfacet
 facet normal  0.000000e+00  0.000000e+00  1.000000e+00
   outer loop
     vertex  2.817425e-01  2.714004e-01  8.443020e-01
     vertex  2.135459e-01  3.048524e-01  8.443020e-01
     vertex  1.940843e-01  3.038654e-01  8.443020e-01
   endloop
 endfacet
 facet normal  0.000000e+00  0.000000e+00  1.000000e+00
   outer loop
     vertex  2.817425e-01  2.714004e-01  8.443020e-01
     vertex  2.328078e-01  3.019016e-01  8.443020e-01
     vertex  2.135459e-01  3.048524e-01  8.443020e-01
   endloop
 endfacet
 facet normal  0.000000e+00  0.000000e+00  1.000000e+00
   outer loop
     vertex  2.817425e-01  2.714004e-01  8.443020e-01
     vertex  2.510815e-01  2.951338e-01  8.443020e-01
     vertex  2.328078e-01  3.019016e-01  8.443020e-01
   endloop
 endfacet
 facet normal  0.000000e+00  0.000000e+00  1.000000e+00
   outer loop
     vertex  2.817425e-01  2.714004e-01  8.443020e-01
     vertex  2.676187e-01  2.848260e-01  8.443020e-01
     vertex  2.510815e-01  2.951338e-01  8.443020e-01
   endloop
 endfacet
 facet normal  0.000000e+00  0.000000e+00  1.000000e+00
   outer loop
     vertex  2.817425e-01  2.714004e-01  8.443020e-01
     vertex  3.005592e-01  2.374991e-01  8.443020e-01
     vertex  2.928746e-01  2.554065e-01  8.443020e-01
   endloop
 endfacet
 facet normal  0.000000e+00  0.000000e+00  1.000000e+00
   outer loop
     vertex  2.817425e-01  2.714004e-01  8.443020e-01
     vertex  3.044819e-01  2.184113e-01  8.443020e-01
     vertex  3.005592e-01  2.374991e-01  8.443020e-01
   endloop
 endfacet
 facet normal  0.000000e+00  0.000000e+00  1.000000e+00
   outer loop
     vertex  2.817425e-01  2.714004e-01  8.443020e-01
     vertex  3.044819e-01  1.989247e-01  8.443020e-01
     vertex  3.044819e-01  2.184113e-01  8.443020e-01
   endloop
 endfacet
 facet normal  0.000000e+00  0.000000e+00  1.000000e+00
   outer loop
     vertex  2.817425e-01  2.714004e-01  8.443020e-01
     vertex  3.005592e-01  1.798370e-01  8.443020e-01
     vertex  3.044819e-01  1.989247e-01  8.443020e-01
   endloop
 endfacet
 facet normal  0.000000e+00  0.000000e+00  1.000000e+00
   outer loop
     vertex  2.817425e-01  2.714004e-01  8.443020e-01
     vertex  2.928746e-01  1.619296e-01  8.443020e-01
     vertex  3.005592e-01  1.798370e-01  8.443020e-01
   endloop
 endfacet
 facet normal  0.000000e+00  0.000000e+00  1.000000e+00
   outer loop
     vertex  2.817425e-01  2.714004e-01  8.443020e-01
     vertex  2.817425e-01  1.459356e-01  8.443020e-01
     vertex  2.928746e-01  1.619296e-01  8.443020e-01
   endloop
 endfacet
 facet normal  0.000000e+00  0.000000e+00  1.000000e+00
   outer loop
     vertex  2.817425e-01  2.714004e-01  8.443020e-01
     vertex  2.676187e-01  1.325100e-01  8.443020e-01
     vertex  2.817425e-01  1.459356e-01  8.443020e-01
   endloop
 endfacet
 facet normal  0.000000e+00  0.000000e+00  1.000000e+00
   outer loop
     vertex  2.817425e-01  2.714004e-01  8.443020e-01
     vertex  2.510815e-01  1.222022e-01  8.443020e-01
     vertex  2.676187e-01  1.325100e-01  8.443020e-01
   endloop
 endfacet
 facet normal  0.000000e+00  0.000000e+00  1.000000e+00
   outer loop
     vertex  2.817425e-01  2.714004e-01  8.443020e-01
     vertex  2.328079e-01  1.154344e-01  8.443020e-01
     vertex  2.510815e-01  1.222022e-01  8.443020e-01
   endloop
 endfacet
 facet normal  0.000000e+00  0.000000e+00  1.000000e+00
   outer loop
     vertex  2.817425e-01  2.714004e-01  8.443020e-01
     vertex  2.135459e-01  1.124836e-01  8.443020e-01
     vertex  2.328079e-01  1.154344e-01  8.443020e-01
   endloop
 endfacet
 facet normal  0.000000e+00  0.000000e+00  1.000000e+00
   outer loop
     vertex  2.817425e-01  2.714004e-01  8.443020e-01
     vertex  1.940843e-01  1.134706e-01  8.443020e-01
     vertex  2.135459e-01  1.124836e-01  8.443020e-01
   endloop
 endfacet
 facet normal  0.000000e+00  0.000000e+00  1.000000e+00
   outer loop
     vertex  2.817425e-01  2.714004e-01  8.443020e-01
     vertex  1.752197e-01  1.183550e-01  8.443020e-01
     vertex  1.940843e-01  1.134706e-01  8.443020e-01
   endloop
 endfacet
 facet normal  0.000000e+00  0.000000e+00  1.000000e+00
   outer loop
     vertex  2.817425e-01  2.714004e-01  8.443020e-01
     vertex  1.577246e-01  1.269368e-01  8.443020e-01
     vertex  1.752197e-01  1.183550e-01  8.443020e-01
   endloop
 endfacet
 facet normal  0.000000e+00  0.000000e+00  1.000000e+00
   outer loop
     vertex  2.817425e-01  2.714004e-01  8.443020e-01
     vertex  1.423150e-01  1.388646e-01  8.443020e-01
     vertex  1.577246e-01  1.269368e-01  8.443020e-01
   endloop
 endfacet
 facet normal  0.000000e+00  0.000000e+00  1.000000e+00
   outer loop
     vertex  2.817425e-01  2.714004e-01  8.443020e-01
     vertex  1.296219e-01  1.536503e-01  8.443020e-01
     vertex  1.423150e-01  1.388646e-01  8.443020e-01
   endloop
 endfacet
 facet normal  0.000000e+00  0.000000e+00  1.000000e+00
   outer loop
     vertex  2.817425e-01  2.714004e-01  8.443020e-01
     vertex  1.201650e-01  1.706884e-01  8.443020e-01
     vertex  1.296219e-01  1.536503e-01  8.443020e-01
   endloop
 endfacet
 facet normal  0.000000e+00  0.000000e+00  1.000000e+00
   outer loop
     vertex  2.817425e-01  2.714004e-01  8.443020e-01
     vertex  1.143314e-01  1.892813e-01  8.443020e-01
     vertex  1.201650e-01  1.706884e-01  8.443020e-01
   endloop
 endfacet
 facet normal  0.000000e+00  0.000000e+00  1.000000e+00
   outer loop
     vertex  2.817425e-01  2.714004e-01  8.443020e-01
     vertex  1.123600e-01  2.086680e-01  8.443020e-01
     vertex  1.143314e-01  1.892813e-01  8.443020e-01
   endloop
 endfacet
endsolid
