ISO-10303-21;
HEADER;
FILE_DESCRIPTION(('Open CASCADE Model'),'2;1');
FILE_NAME('Open CASCADE Shape Model','2026-06-29T02:10:36',('Author'),(
    'Open CASCADE'),'Open CASCADE STEP processor 7.9','Open CASCADE 7.9'
  ,'Unknown');
FILE_SCHEMA(('AUTOMOTIVE_DESIGN { 1 0 10303 214 1 1 1 1 }'));
ENDSEC;
DATA;
#1 = APPLICATION_PROTOCOL_DEFINITION('international standard',
  'automotive_design',2000,#2);
#2 = APPLICATION_CONTEXT(
  'core data for automotive mechanical design processes');
#3 = SHAPE_DEFINITION_REPRESENTATION(#4,#10);
#4 = PRODUCT_DEFINITION_SHAPE('','',#5);
#5 = PRODUCT_DEFINITION('design','',#6,#9);
#6 = PRODUCT_DEFINITION_FORMATION('','',#7);
#7 = PRODUCT('Open CASCADE STEP translator 7.9 1',
  'Open CASCADE STEP translator 7.9 1','',(#8));
#8 = PRODUCT_CONTEXT('',#2,'mechanical');
#9 = PRODUCT_DEFINITION_CONTEXT('part definition',#2,'design');
#10 = SHAPE_REPRESENTATION('',(#11,#15,#19,#23,#27,#31,#35,#39,#43,#47,
    #51,#55,#59,#63,#67,#71,#75,#79,#83,#87,#91,#95,#99,#103,#107,#111,
    #115),#119);
#11 = AXIS2_PLACEMENT_3D('',#12,#13,#14);
#12 = CARTESIAN_POINT('',(0.,0.,0.));
#13 = DIRECTION('',(0.,0.,1.));
#14 = DIRECTION('',(1.,0.,-0.));
#15 = AXIS2_PLACEMENT_3D('',#16,#17,#18);
#16 = CARTESIAN_POINT('',(0.,0.,0.));
#17 = DIRECTION('',(0.,0.,1.));
#18 = DIRECTION('',(1.,0.,-0.));
#19 = AXIS2_PLACEMENT_3D('',#20,#21,#22);
#20 = CARTESIAN_POINT('',(0.,0.,0.));
#21 = DIRECTION('',(0.,0.,1.));
#22 = DIRECTION('',(1.,0.,-0.));
#23 = AXIS2_PLACEMENT_3D('',#24,#25,#26);
#24 = CARTESIAN_POINT('',(0.,0.,0.));
#25 = DIRECTION('',(0.,0.,1.));
#26 = DIRECTION('',(1.,0.,-0.));
#27 = AXIS2_PLACEMENT_3D('',#28,#29,#30);
#28 = CARTESIAN_POINT('',(0.,0.,0.));
#29 = DIRECTION('',(0.,0.,1.));
#30 = DIRECTION('',(1.,0.,-0.));
#31 = AXIS2_PLACEMENT_3D('',#32,#33,#34);
#32 = CARTESIAN_POINT('',(0.,0.,0.));
#33 = DIRECTION('',(0.,0.,1.));
#34 = DIRECTION('',(1.,0.,-0.));
#35 = AXIS2_PLACEMENT_3D('',#36,#37,#38);
#36 = CARTESIAN_POINT('',(0.,0.,0.));
#37 = DIRECTION('',(0.,0.,1.));
#38 = DIRECTION('',(1.,0.,-0.));
#39 = AXIS2_PLACEMENT_3D('',#40,#41,#42);
#40 = CARTESIAN_POINT('',(0.,0.,0.));
#41 = DIRECTION('',(0.,0.,1.));
#42 = DIRECTION('',(1.,0.,-0.));
#43 = AXIS2_PLACEMENT_3D('',#44,#45,#46);
#44 = CARTESIAN_POINT('',(0.,0.,0.));
#45 = DIRECTION('',(0.,0.,1.));
#46 = DIRECTION('',(1.,0.,-0.));
#47 = AXIS2_PLACEMENT_3D('',#48,#49,#50);
#48 = CARTESIAN_POINT('',(0.,0.,0.));
#49 = DIRECTION('',(0.,0.,1.));
#50 = DIRECTION('',(1.,0.,-0.));
#51 = AXIS2_PLACEMENT_3D('',#52,#53,#54);
#52 = CARTESIAN_POINT('',(0.,0.,0.));
#53 = DIRECTION('',(0.,0.,1.));
#54 = DIRECTION('',(1.,0.,-0.));
#55 = AXIS2_PLACEMENT_3D('',#56,#57,#58);
#56 = CARTESIAN_POINT('',(0.,0.,0.));
#57 = DIRECTION('',(0.,0.,1.));
#58 = DIRECTION('',(1.,0.,-0.));
#59 = AXIS2_PLACEMENT_3D('',#60,#61,#62);
#60 = CARTESIAN_POINT('',(0.,0.,0.));
#61 = DIRECTION('',(0.,0.,1.));
#62 = DIRECTION('',(1.,0.,-0.));
#63 = AXIS2_PLACEMENT_3D('',#64,#65,#66);
#64 = CARTESIAN_POINT('',(0.,0.,0.));
#65 = DIRECTION('',(0.,0.,1.));
#66 = DIRECTION('',(1.,0.,-0.));
#67 = AXIS2_PLACEMENT_3D('',#68,#69,#70);
#68 = CARTESIAN_POINT('',(0.,0.,0.));
#69 = DIRECTION('',(0.,0.,1.));
#70 = DIRECTION('',(1.,0.,-0.));
#71 = AXIS2_PLACEMENT_3D('',#72,#73,#74);
#72 = CARTESIAN_POINT('',(0.,0.,0.));
#73 = DIRECTION('',(0.,0.,1.));
#74 = DIRECTION('',(1.,0.,-0.));
#75 = AXIS2_PLACEMENT_3D('',#76,#77,#78);
#76 = CARTESIAN_POINT('',(0.,0.,0.));
#77 = DIRECTION('',(0.,0.,1.));
#78 = DIRECTION('',(1.,0.,-0.));
#79 = AXIS2_PLACEMENT_3D('',#80,#81,#82);
#80 = CARTESIAN_POINT('',(0.,0.,0.));
#81 = DIRECTION('',(0.,0.,1.));
#82 = DIRECTION('',(1.,0.,-0.));
#83 = AXIS2_PLACEMENT_3D('',#84,#85,#86);
#84 = CARTESIAN_POINT('',(0.,0.,0.));
#85 = DIRECTION('',(0.,0.,1.));
#86 = DIRECTION('',(1.,0.,-0.));
#87 = AXIS2_PLACEMENT_3D('',#88,#89,#90);
#88 = CARTESIAN_POINT('',(0.,0.,0.));
#89 = DIRECTION('',(0.,0.,1.));
#90 = DIRECTION('',(1.,0.,-0.));
#91 = AXIS2_PLACEMENT_3D('',#92,#93,#94);
#92 = CARTESIAN_POINT('',(0.,0.,0.));
#93 = DIRECTION('',(0.,0.,1.));
#94 = DIRECTION('',(1.,0.,-0.));
#95 = AXIS2_PLACEMENT_3D('',#96,#97,#98);
#96 = CARTESIAN_POINT('',(0.,0.,0.));
#97 = DIRECTION('',(0.,0.,1.));
#98 = DIRECTION('',(1.,0.,-0.));
#99 = AXIS2_PLACEMENT_3D('',#100,#101,#102);
#100 = CARTESIAN_POINT('',(0.,0.,0.));
#101 = DIRECTION('',(0.,0.,1.));
#102 = DIRECTION('',(1.,0.,-0.));
#103 = AXIS2_PLACEMENT_3D('',#104,#105,#106);
#104 = CARTESIAN_POINT('',(0.,0.,0.));
#105 = DIRECTION('',(0.,0.,1.));
#106 = DIRECTION('',(1.,0.,-0.));
#107 = AXIS2_PLACEMENT_3D('',#108,#109,#110);
#108 = CARTESIAN_POINT('',(0.,0.,0.));
#109 = DIRECTION('',(0.,0.,1.));
#110 = DIRECTION('',(1.,0.,-0.));
#111 = AXIS2_PLACEMENT_3D('',#112,#113,#114);
#112 = CARTESIAN_POINT('',(0.,0.,0.));
#113 = DIRECTION('',(0.,0.,1.));
#114 = DIRECTION('',(1.,0.,-0.));
#115 = AXIS2_PLACEMENT_3D('',#116,#117,#118);
#116 = CARTESIAN_POINT('',(0.,0.,0.));
#117 = DIRECTION('',(0.,0.,1.));
#118 = DIRECTION('',(1.,0.,-0.));
#119 = ( GEOMETRIC_REPRESENTATION_CONTEXT(3) 
GLOBAL_UNCERTAINTY_ASSIGNED_CONTEXT((#123)) GLOBAL_UNIT_ASSIGNED_CONTEXT
((#120,#121,#122)) REPRESENTATION_CONTEXT('Context #1',
  '3D Context with UNIT and UNCERTAINTY') );
#120 = ( LENGTH_UNIT() NAMED_UNIT(*) SI_UNIT(.MILLI.,.METRE.) );
#121 = ( NAMED_UNIT(*) PLANE_ANGLE_UNIT() SI_UNIT($,.RADIAN.) );
#122 = ( NAMED_UNIT(*) SI_UNIT($,.STERADIAN.) SOLID_ANGLE_UNIT() );
#123 = UNCERTAINTY_MEASURE_WITH_UNIT(LENGTH_MEASURE(1.E-07),#120,
  'distance_accuracy_value','confusion accuracy');
#124 = PRODUCT_RELATED_PRODUCT_CATEGORY('part',$,(#7));
#125 = SHAPE_DEFINITION_REPRESENTATION(#126,#132);
#126 = PRODUCT_DEFINITION_SHAPE('','',#127);
#127 = PRODUCT_DEFINITION('design','',#128,#131);
#128 = PRODUCT_DEFINITION_FORMATION('','',#129);
#129 = PRODUCT('Open CASCADE STEP translator 7.9 1.1',
  'Open CASCADE STEP translator 7.9 1.1','',(#130));
#130 = PRODUCT_CONTEXT('',#2,'mechanical');
#131 = PRODUCT_DEFINITION_CONTEXT('part definition',#2,'design');
#132 = MANIFOLD_SURFACE_SHAPE_REPRESENTATION('',(#11,#133),#222);
#133 = SHELL_BASED_SURFACE_MODEL('',(#134));
#134 = OPEN_SHELL('',(#135));
#135 = ADVANCED_FACE('',(#136),#150,.T.);
#136 = FACE_BOUND('',#137,.T.);
#137 = EDGE_LOOP('',(#138,#185,#203,#204));
#138 = ORIENTED_EDGE('',*,*,#139,.F.);
#139 = EDGE_CURVE('',#140,#142,#144,.T.);
#140 = VERTEX_POINT('',#141);
#141 = CARTESIAN_POINT('',(7.033795259997E-02,4.278462919342E-02,
    0.49915540708));
#142 = VERTEX_POINT('',#143);
#143 = CARTESIAN_POINT('',(7.033795259995E-02,4.193898538761E-02,
    0.500001050886));
#144 = SEAM_CURVE('',#145,(#149,#178),.PCURVE_S1.);
#145 = B_SPLINE_CURVE_WITH_KNOTS('',2,(#146,#147,#148),.UNSPECIFIED.,.F.
  ,.F.,(3,3),(0.,1.570796),.PIECEWISE_BEZIER_KNOTS.);
#146 = CARTESIAN_POINT('',(7.033795259997E-02,4.278462919342E-02,
    0.49915540708));
#147 = CARTESIAN_POINT('',(7.033795259997E-02,4.278462919342E-02,
    0.500001050886));
#148 = CARTESIAN_POINT('',(7.033795259995E-02,4.193898538761E-02,
    0.500001050886));
#149 = PCURVE('',#150,#172);
#150 = B_SPLINE_SURFACE_WITH_KNOTS('',2,2,(
    (#151,#152,#153)
    ,(#154,#155,#156)
    ,(#157,#158,#159)
    ,(#160,#161,#162)
    ,(#163,#164,#165)
    ,(#166,#167,#168)
    ,(#169,#170,#171
    )),.UNSPECIFIED.,.T.,.F.,.F.,(3,2,2,3),(3,3),(1.570796,3.665191,
    5.759587,7.853982),(0.,1.570796),.UNSPECIFIED.);
#151 = CARTESIAN_POINT('',(7.033795259997E-02,4.278462919342E-02,
    0.49915540708));
#152 = CARTESIAN_POINT('',(7.033795259997E-02,4.278462919342E-02,
    0.500001050886));
#153 = CARTESIAN_POINT('',(7.033795259995E-02,4.193898538761E-02,
    0.500001050886));
#154 = CARTESIAN_POINT('',(4.796730637645E-02,4.278462919353E-02,
    0.49915540708));
#155 = CARTESIAN_POINT('',(4.796730637645E-02,4.278462919353E-02,
    0.500001050886));
#156 = CARTESIAN_POINT('',(4.881295018226E-02,4.193898538768E-02,
    0.500001050886));
#157 = CARTESIAN_POINT('',(5.915262948818E-02,2.341027229933E-02,
    0.49915540708));
#158 = CARTESIAN_POINT('',(5.915262948818E-02,2.341027229933E-02,
    0.500001050886));
#159 = CARTESIAN_POINT('',(5.957545139107E-02,2.341027229932E-02,
    0.500001050886));
#160 = CARTESIAN_POINT('',(7.033795259965E-02,4.03591540512E-03,
    0.49915540708));
#161 = CARTESIAN_POINT('',(7.033795259965E-02,4.03591540512E-03,
    0.500001050886));
#162 = CARTESIAN_POINT('',(7.033795259975E-02,4.881559210971E-03,
    0.500001050886));
#163 = CARTESIAN_POINT('',(8.15232757117E-02,2.341027229921E-02,
    0.49915540708));
#164 = CARTESIAN_POINT('',(8.15232757117E-02,2.341027229921E-02,
    0.500001050886));
#165 = CARTESIAN_POINT('',(8.110045380876E-02,2.341027229925E-02,
    0.500001050886));
#166 = CARTESIAN_POINT('',(9.270859882349E-02,4.278462919331E-02,
    0.49915540708));
#167 = CARTESIAN_POINT('',(9.270859882349E-02,4.278462919331E-02,
    0.500001050886));
#168 = CARTESIAN_POINT('',(9.186295501763E-02,4.193898538754E-02,
    0.500001050886));
#169 = CARTESIAN_POINT('',(7.033795259997E-02,4.278462919342E-02,
    0.49915540708));
#170 = CARTESIAN_POINT('',(7.033795259997E-02,4.278462919342E-02,
    0.500001050886));
#171 = CARTESIAN_POINT('',(7.033795259995E-02,4.193898538761E-02,
    0.500001050886));
#172 = DEFINITIONAL_REPRESENTATION('',(#173),#177);
#173 = LINE('',#174,#175);
#174 = CARTESIAN_POINT('',(1.570796,0.));
#175 = VECTOR('',#176,1.);
#176 = DIRECTION('',(0.,1.));
#177 = ( GEOMETRIC_REPRESENTATION_CONTEXT(2) 
PARAMETRIC_REPRESENTATION_CONTEXT() REPRESENTATION_CONTEXT('2D SPACE',''
  ) );
#178 = PCURVE('',#150,#179);
#179 = DEFINITIONAL_REPRESENTATION('',(#180),#184);
#180 = LINE('',#181,#182);
#181 = CARTESIAN_POINT('',(7.853982,0.));
#182 = VECTOR('',#183,1.);
#183 = DIRECTION('',(0.,1.));
#184 = ( GEOMETRIC_REPRESENTATION_CONTEXT(2) 
PARAMETRIC_REPRESENTATION_CONTEXT() REPRESENTATION_CONTEXT('2D SPACE',''
  ) );
#185 = ORIENTED_EDGE('',*,*,#186,.T.);
#186 = EDGE_CURVE('',#140,#140,#187,.T.);
#187 = SURFACE_CURVE('',#188,(#196),.PCURVE_S1.);
#188 = B_SPLINE_CURVE_WITH_KNOTS('',2,(#189,#190,#191,#192,#193,#194,
    #195),.UNSPECIFIED.,.T.,.F.,(3,2,2,3),(1.570796,3.665191,5.759587,
    7.853982),.UNSPECIFIED.);
#189 = CARTESIAN_POINT('',(7.033795259997E-02,4.278462919342E-02,
    0.49915540708));
#190 = CARTESIAN_POINT('',(4.796730637645E-02,4.278462919353E-02,
    0.49915540708));
#191 = CARTESIAN_POINT('',(5.915262948818E-02,2.341027229933E-02,
    0.49915540708));
#192 = CARTESIAN_POINT('',(7.033795259965E-02,4.03591540512E-03,
    0.49915540708));
#193 = CARTESIAN_POINT('',(8.15232757117E-02,2.341027229921E-02,
    0.49915540708));
#194 = CARTESIAN_POINT('',(9.270859882349E-02,4.278462919331E-02,
    0.49915540708));
#195 = CARTESIAN_POINT('',(7.033795259997E-02,4.278462919342E-02,
    0.49915540708));
#196 = PCURVE('',#150,#197);
#197 = DEFINITIONAL_REPRESENTATION('',(#198),#202);
#198 = LINE('',#199,#200);
#199 = CARTESIAN_POINT('',(0.,0.));
#200 = VECTOR('',#201,1.);
#201 = DIRECTION('',(1.,0.));
#202 = ( GEOMETRIC_REPRESENTATION_CONTEXT(2) 
PARAMETRIC_REPRESENTATION_CONTEXT() REPRESENTATION_CONTEXT('2D SPACE',''
  ) );
#203 = ORIENTED_EDGE('',*,*,#139,.T.);
#204 = ORIENTED_EDGE('',*,*,#205,.F.);
#205 = EDGE_CURVE('',#142,#142,#206,.T.);
#206 = SURFACE_CURVE('',#207,(#215),.PCURVE_S1.);
#207 = B_SPLINE_CURVE_WITH_KNOTS('',2,(#208,#209,#210,#211,#212,#213,
    #214),.UNSPECIFIED.,.T.,.F.,(3,2,2,3),(1.570796,3.665191,5.759587,
    7.853982),.UNSPECIFIED.);
#208 = CARTESIAN_POINT('',(7.033795259995E-02,4.193898538761E-02,
    0.500001050886));
#209 = CARTESIAN_POINT('',(4.881295018226E-02,4.193898538768E-02,
    0.500001050886));
#210 = CARTESIAN_POINT('',(5.957545139107E-02,2.341027229932E-02,
    0.500001050886));
#211 = CARTESIAN_POINT('',(7.033795259975E-02,4.881559210971E-03,
    0.500001050886));
#212 = CARTESIAN_POINT('',(8.110045380876E-02,2.341027229925E-02,
    0.500001050886));
#213 = CARTESIAN_POINT('',(9.186295501763E-02,4.193898538754E-02,
    0.500001050886));
#214 = CARTESIAN_POINT('',(7.033795259995E-02,4.193898538761E-02,
    0.500001050886));
#215 = PCURVE('',#150,#216);
#216 = DEFINITIONAL_REPRESENTATION('',(#217),#221);
#217 = LINE('',#218,#219);
#218 = CARTESIAN_POINT('',(0.,1.570796));
#219 = VECTOR('',#220,1.);
#220 = DIRECTION('',(1.,0.));
#221 = ( GEOMETRIC_REPRESENTATION_CONTEXT(2) 
PARAMETRIC_REPRESENTATION_CONTEXT() REPRESENTATION_CONTEXT('2D SPACE',''
  ) );
#222 = ( GEOMETRIC_REPRESENTATION_CONTEXT(3) 
GLOBAL_UNCERTAINTY_ASSIGNED_CONTEXT((#226)) GLOBAL_UNIT_ASSIGNED_CONTEXT
((#223,#224,#225)) REPRESENTATION_CONTEXT('Context #1',
  '3D Context with UNIT and UNCERTAINTY') );
#223 = ( LENGTH_UNIT() NAMED_UNIT(*) SI_UNIT(.MILLI.,.METRE.) );
#224 = ( NAMED_UNIT(*) PLANE_ANGLE_UNIT() SI_UNIT($,.RADIAN.) );
#225 = ( NAMED_UNIT(*) SI_UNIT($,.STERADIAN.) SOLID_ANGLE_UNIT() );
#226 = UNCERTAINTY_MEASURE_WITH_UNIT(LENGTH_MEASURE(1.E-07),#223,
  'distance_accuracy_value','confusion accuracy');
#227 = CONTEXT_DEPENDENT_SHAPE_REPRESENTATION(#228,#230);
#228 = ( REPRESENTATION_RELATIONSHIP('','',#132,#10) 
REPRESENTATION_RELATIONSHIP_WITH_TRANSFORMATION(#229) 
SHAPE_REPRESENTATION_RELATIONSHIP() );
#229 = ITEM_DEFINED_TRANSFORMATION('','',#11,#15);
#230 = PRODUCT_DEFINITION_SHAPE('Placement','Placement of an item',#231
  );
#231 = NEXT_ASSEMBLY_USAGE_OCCURRENCE('1','','',#5,#127,$);
#232 = PRODUCT_RELATED_PRODUCT_CATEGORY('part',$,(#129));
#233 = SHAPE_DEFINITION_REPRESENTATION(#234,#240);
#234 = PRODUCT_DEFINITION_SHAPE('','',#235);
#235 = PRODUCT_DEFINITION('design','',#236,#239);
#236 = PRODUCT_DEFINITION_FORMATION('','',#237);
#237 = PRODUCT('Open CASCADE STEP translator 7.9 1.2',
  'Open CASCADE STEP translator 7.9 1.2','',(#238));
#238 = PRODUCT_CONTEXT('',#2,'mechanical');
#239 = PRODUCT_DEFINITION_CONTEXT('part definition',#2,'design');
#240 = MANIFOLD_SURFACE_SHAPE_REPRESENTATION('',(#11,#241),#330);
#241 = SHELL_BASED_SURFACE_MODEL('',(#242));
#242 = OPEN_SHELL('',(#243));
#243 = ADVANCED_FACE('',(#244),#258,.T.);
#244 = FACE_BOUND('',#245,.T.);
#245 = EDGE_LOOP('',(#246,#293,#311,#312));
#246 = ORIENTED_EDGE('',*,*,#247,.F.);
#247 = EDGE_CURVE('',#248,#250,#252,.T.);
#248 = VERTEX_POINT('',#249);
#249 = CARTESIAN_POINT('',(7.033795259997E-02,4.278462919342E-02,
    0.54682529712));
#250 = VERTEX_POINT('',#251);
#251 = CARTESIAN_POINT('',(7.033795259999E-02,4.363027299923E-02,
    0.545979653314));
#252 = SEAM_CURVE('',#253,(#257,#286),.PCURVE_S1.);
#253 = B_SPLINE_CURVE_WITH_KNOTS('',2,(#254,#255,#256),.UNSPECIFIED.,.F.
  ,.F.,(3,3),(0.,1.570796),.PIECEWISE_BEZIER_KNOTS.);
#254 = CARTESIAN_POINT('',(7.033795259997E-02,4.278462919342E-02,
    0.54682529712));
#255 = CARTESIAN_POINT('',(7.033795259997E-02,4.278462919342E-02,
    0.545979653314));
#256 = CARTESIAN_POINT('',(7.033795259999E-02,4.363027299923E-02,
    0.545979653314));
#257 = PCURVE('',#258,#280);
#258 = B_SPLINE_SURFACE_WITH_KNOTS('',2,2,(
    (#259,#260,#261)
    ,(#262,#263,#264)
    ,(#265,#266,#267)
    ,(#268,#269,#270)
    ,(#271,#272,#273)
    ,(#274,#275,#276)
    ,(#277,#278,#279
    )),.UNSPECIFIED.,.T.,.F.,.F.,(3,2,2,3),(3,3),(-1.570796,0.523599,
    2.617994,4.712389),(0.,1.570796),.UNSPECIFIED.);
#259 = CARTESIAN_POINT('',(7.033795259997E-02,4.278462919342E-02,
    0.54682529712));
#260 = CARTESIAN_POINT('',(7.033795259997E-02,4.278462919342E-02,
    0.545979653314));
#261 = CARTESIAN_POINT('',(7.033795259999E-02,4.363027299923E-02,
    0.545979653314));
#262 = CARTESIAN_POINT('',(9.270859882349E-02,4.278462919331E-02,
    0.54682529712));
#263 = CARTESIAN_POINT('',(9.270859882349E-02,4.278462919331E-02,
    0.545979653314));
#264 = CARTESIAN_POINT('',(9.186295501768E-02,4.363027299916E-02,
    0.545979653314));
#265 = CARTESIAN_POINT('',(8.152327571176E-02,2.341027229933E-02,
    0.54682529712));
#266 = CARTESIAN_POINT('',(8.152327571176E-02,2.341027229933E-02,
    0.545979653314));
#267 = CARTESIAN_POINT('',(8.110045380887E-02,2.341027229933E-02,
    0.545979653314));
#268 = CARTESIAN_POINT('',(7.033795260029E-02,4.03591540512E-03,
    0.54682529712));
#269 = CARTESIAN_POINT('',(7.033795260029E-02,4.03591540512E-03,
    0.545979653314));
#270 = CARTESIAN_POINT('',(7.033795260019E-02,3.190271599269E-03,
    0.545979653314));
#271 = CARTESIAN_POINT('',(5.915262948824E-02,2.341027229921E-02,
    0.54682529712));
#272 = CARTESIAN_POINT('',(5.915262948824E-02,2.341027229921E-02,
    0.545979653314));
#273 = CARTESIAN_POINT('',(5.957545139118E-02,2.341027229917E-02,
    0.545979653314));
#274 = CARTESIAN_POINT('',(4.796730637645E-02,4.278462919353E-02,
    0.54682529712));
#275 = CARTESIAN_POINT('',(4.796730637645E-02,4.278462919353E-02,
    0.545979653314));
#276 = CARTESIAN_POINT('',(4.881295018231E-02,4.363027299939E-02,
    0.545979653314));
#277 = CARTESIAN_POINT('',(7.033795259997E-02,4.278462919342E-02,
    0.54682529712));
#278 = CARTESIAN_POINT('',(7.033795259997E-02,4.278462919342E-02,
    0.545979653314));
#279 = CARTESIAN_POINT('',(7.033795259999E-02,4.363027299923E-02,
    0.545979653314));
#280 = DEFINITIONAL_REPRESENTATION('',(#281),#285);
#281 = LINE('',#282,#283);
#282 = CARTESIAN_POINT('',(-1.570796,0.));
#283 = VECTOR('',#284,1.);
#284 = DIRECTION('',(0.,1.));
#285 = ( GEOMETRIC_REPRESENTATION_CONTEXT(2) 
PARAMETRIC_REPRESENTATION_CONTEXT() REPRESENTATION_CONTEXT('2D SPACE',''
  ) );
#286 = PCURVE('',#258,#287);
#287 = DEFINITIONAL_REPRESENTATION('',(#288),#292);
#288 = LINE('',#289,#290);
#289 = CARTESIAN_POINT('',(4.712389,0.));
#290 = VECTOR('',#291,1.);
#291 = DIRECTION('',(0.,1.));
#292 = ( GEOMETRIC_REPRESENTATION_CONTEXT(2) 
PARAMETRIC_REPRESENTATION_CONTEXT() REPRESENTATION_CONTEXT('2D SPACE',''
  ) );
#293 = ORIENTED_EDGE('',*,*,#294,.T.);
#294 = EDGE_CURVE('',#248,#248,#295,.T.);
#295 = SURFACE_CURVE('',#296,(#304),.PCURVE_S1.);
#296 = B_SPLINE_CURVE_WITH_KNOTS('',2,(#297,#298,#299,#300,#301,#302,
    #303),.UNSPECIFIED.,.T.,.F.,(3,2,2,3),(-1.570796,0.523599,2.617994,
    4.712389),.UNSPECIFIED.);
#297 = CARTESIAN_POINT('',(7.033795259997E-02,4.278462919342E-02,
    0.54682529712));
#298 = CARTESIAN_POINT('',(9.270859882349E-02,4.278462919331E-02,
    0.54682529712));
#299 = CARTESIAN_POINT('',(8.152327571176E-02,2.341027229933E-02,
    0.54682529712));
#300 = CARTESIAN_POINT('',(7.033795260029E-02,4.03591540512E-03,
    0.54682529712));
#301 = CARTESIAN_POINT('',(5.915262948824E-02,2.341027229921E-02,
    0.54682529712));
#302 = CARTESIAN_POINT('',(4.796730637645E-02,4.278462919353E-02,
    0.54682529712));
#303 = CARTESIAN_POINT('',(7.033795259997E-02,4.278462919342E-02,
    0.54682529712));
#304 = PCURVE('',#258,#305);
#305 = DEFINITIONAL_REPRESENTATION('',(#306),#310);
#306 = LINE('',#307,#308);
#307 = CARTESIAN_POINT('',(0.,0.));
#308 = VECTOR('',#309,1.);
#309 = DIRECTION('',(1.,0.));
#310 = ( GEOMETRIC_REPRESENTATION_CONTEXT(2) 
PARAMETRIC_REPRESENTATION_CONTEXT() REPRESENTATION_CONTEXT('2D SPACE',''
  ) );
#311 = ORIENTED_EDGE('',*,*,#247,.T.);
#312 = ORIENTED_EDGE('',*,*,#313,.F.);
#313 = EDGE_CURVE('',#250,#250,#314,.T.);
#314 = SURFACE_CURVE('',#315,(#323),.PCURVE_S1.);
#315 = B_SPLINE_CURVE_WITH_KNOTS('',2,(#316,#317,#318,#319,#320,#321,
    #322),.UNSPECIFIED.,.T.,.F.,(3,2,2,3),(-1.570796,0.523599,2.617994,
    4.712389),.UNSPECIFIED.);
#316 = CARTESIAN_POINT('',(7.033795259999E-02,4.363027299923E-02,
    0.545979653314));
#317 = CARTESIAN_POINT('',(9.186295501768E-02,4.363027299916E-02,
    0.545979653314));
#318 = CARTESIAN_POINT('',(8.110045380887E-02,2.341027229933E-02,
    0.545979653314));
#319 = CARTESIAN_POINT('',(7.033795260019E-02,3.190271599269E-03,
    0.545979653314));
#320 = CARTESIAN_POINT('',(5.957545139118E-02,2.341027229917E-02,
    0.545979653314));
#321 = CARTESIAN_POINT('',(4.881295018231E-02,4.363027299939E-02,
    0.545979653314));
#322 = CARTESIAN_POINT('',(7.033795259999E-02,4.363027299923E-02,
    0.545979653314));
#323 = PCURVE('',#258,#324);
#324 = DEFINITIONAL_REPRESENTATION('',(#325),#329);
#325 = LINE('',#326,#327);
#326 = CARTESIAN_POINT('',(0.,1.570796));
#327 = VECTOR('',#328,1.);
#328 = DIRECTION('',(1.,0.));
#329 = ( GEOMETRIC_REPRESENTATION_CONTEXT(2) 
PARAMETRIC_REPRESENTATION_CONTEXT() REPRESENTATION_CONTEXT('2D SPACE',''
  ) );
#330 = ( GEOMETRIC_REPRESENTATION_CONTEXT(3) 
GLOBAL_UNCERTAINTY_ASSIGNED_CONTEXT((#334)) GLOBAL_UNIT_ASSIGNED_CONTEXT
((#331,#332,#333)) REPRESENTATION_CONTEXT('Context #1',
  '3D Context with UNIT and UNCERTAINTY') );
#331 = ( LENGTH_UNIT() NAMED_UNIT(*) SI_UNIT(.MILLI.,.METRE.) );
#332 = ( NAMED_UNIT(*) PLANE_ANGLE_UNIT() SI_UNIT($,.RADIAN.) );
#333 = ( NAMED_UNIT(*) SI_UNIT($,.STERADIAN.) SOLID_ANGLE_UNIT() );
#334 = UNCERTAINTY_MEASURE_WITH_UNIT(LENGTH_MEASURE(1.E-07),#331,
  'distance_accuracy_value','confusion accuracy');
#335 = CONTEXT_DEPENDENT_SHAPE_REPRESENTATION(#336,#338);
#336 = ( REPRESENTATION_RELATIONSHIP('','',#240,#10) 
REPRESENTATION_RELATIONSHIP_WITH_TRANSFORMATION(#337) 
SHAPE_REPRESENTATION_RELATIONSHIP() );
#337 = ITEM_DEFINED_TRANSFORMATION('','',#11,#19);
#338 = PRODUCT_DEFINITION_SHAPE('Placement','Placement of an item',#339
  );
#339 = NEXT_ASSEMBLY_USAGE_OCCURRENCE('2','','',#5,#235,$);
#340 = PRODUCT_RELATED_PRODUCT_CATEGORY('part',$,(#237));
#341 = SHAPE_DEFINITION_REPRESENTATION(#342,#348);
#342 = PRODUCT_DEFINITION_SHAPE('','',#343);
#343 = PRODUCT_DEFINITION('design','',#344,#347);
#344 = PRODUCT_DEFINITION_FORMATION('','',#345);
#345 = PRODUCT('Open CASCADE STEP translator 7.9 1.3',
  'Open CASCADE STEP translator 7.9 1.3','',(#346));
#346 = PRODUCT_CONTEXT('',#2,'mechanical');
#347 = PRODUCT_DEFINITION_CONTEXT('part definition',#2,'design');
#348 = MANIFOLD_SURFACE_SHAPE_REPRESENTATION('',(#11,#349),#419);
#349 = SHELL_BASED_SURFACE_MODEL('',(#350));
#350 = OPEN_SHELL('',(#351));
#351 = ADVANCED_FACE('',(#352),#365,.T.);
#352 = FACE_BOUND('',#353,.T.);
#353 = EDGE_LOOP('',(#354,#376,#391,#406));
#354 = ORIENTED_EDGE('',*,*,#355,.F.);
#355 = EDGE_CURVE('',#356,#358,#360,.T.);
#356 = VERTEX_POINT('',#357);
#357 = CARTESIAN_POINT('',(6.644692373764E-02,3.110537121787E-02,
    0.49915540708));
#358 = VERTEX_POINT('',#359);
#359 = CARTESIAN_POINT('',(6.644692373764E-02,3.110537121787E-02,
    0.54682529712));
#360 = SURFACE_CURVE('',#361,(#364),.PCURVE_S1.);
#361 = B_SPLINE_CURVE_WITH_KNOTS('',1,(#362,#363),.UNSPECIFIED.,.F.,.F.,
  (2,2),(-4.8516E-02,-8.46E-04),.PIECEWISE_BEZIER_KNOTS.);
#362 = CARTESIAN_POINT('',(6.644692373764E-02,3.110537121787E-02,
    0.49915540708));
#363 = CARTESIAN_POINT('',(6.644692373764E-02,3.110537121787E-02,
    0.54682529712));
#364 = PCURVE('',#365,#370);
#365 = B_SPLINE_SURFACE_WITH_KNOTS('',1,1,(
    (#366,#367)
    ,(#368,#369
    )),.UNSPECIFIED.,.F.,.F.,.F.,(2,2),(2,2),(-8.313E-03,8.313E-03),(
    -4.8516E-02,-8.46E-04),.PIECEWISE_BEZIER_KNOTS.);
#366 = CARTESIAN_POINT('',(6.644692373764E-02,3.110537121787E-02,
    0.49915540708));
#367 = CARTESIAN_POINT('',(6.644692373764E-02,3.110537121787E-02,
    0.54682529712));
#368 = CARTESIAN_POINT('',(6.644692373764E-02,4.773205687919E-02,
    0.49915540708));
#369 = CARTESIAN_POINT('',(6.644692373764E-02,4.773205687919E-02,
    0.54682529712));
#370 = DEFINITIONAL_REPRESENTATION('',(#371),#375);
#371 = LINE('',#372,#373);
#372 = CARTESIAN_POINT('',(-8.313E-03,0.));
#373 = VECTOR('',#374,1.);
#374 = DIRECTION('',(0.,1.));
#375 = ( GEOMETRIC_REPRESENTATION_CONTEXT(2) 
PARAMETRIC_REPRESENTATION_CONTEXT() REPRESENTATION_CONTEXT('2D SPACE',''
  ) );
#376 = ORIENTED_EDGE('',*,*,#377,.T.);
#377 = EDGE_CURVE('',#356,#378,#380,.T.);
#378 = VERTEX_POINT('',#379);
#379 = CARTESIAN_POINT('',(6.644692373764E-02,4.773205687919E-02,
    0.49915540708));
#380 = SURFACE_CURVE('',#381,(#384),.PCURVE_S1.);
#381 = B_SPLINE_CURVE_WITH_KNOTS('',1,(#382,#383),.UNSPECIFIED.,.F.,.F.,
  (2,2),(-8.313E-03,8.313E-03),.PIECEWISE_BEZIER_KNOTS.);
#382 = CARTESIAN_POINT('',(6.644692373764E-02,3.110537121787E-02,
    0.49915540708));
#383 = CARTESIAN_POINT('',(6.644692373764E-02,4.773205687919E-02,
    0.49915540708));
#384 = PCURVE('',#365,#385);
#385 = DEFINITIONAL_REPRESENTATION('',(#386),#390);
#386 = LINE('',#387,#388);
#387 = CARTESIAN_POINT('',(0.,-4.8516E-02));
#388 = VECTOR('',#389,1.);
#389 = DIRECTION('',(1.,0.));
#390 = ( GEOMETRIC_REPRESENTATION_CONTEXT(2) 
PARAMETRIC_REPRESENTATION_CONTEXT() REPRESENTATION_CONTEXT('2D SPACE',''
  ) );
#391 = ORIENTED_EDGE('',*,*,#392,.T.);
#392 = EDGE_CURVE('',#378,#393,#395,.T.);
#393 = VERTEX_POINT('',#394);
#394 = CARTESIAN_POINT('',(6.644692373764E-02,4.773205687919E-02,
    0.54682529712));
#395 = SURFACE_CURVE('',#396,(#399),.PCURVE_S1.);
#396 = B_SPLINE_CURVE_WITH_KNOTS('',1,(#397,#398),.UNSPECIFIED.,.F.,.F.,
  (2,2),(-4.8516E-02,-8.46E-04),.PIECEWISE_BEZIER_KNOTS.);
#397 = CARTESIAN_POINT('',(6.644692373764E-02,4.773205687919E-02,
    0.49915540708));
#398 = CARTESIAN_POINT('',(6.644692373764E-02,4.773205687919E-02,
    0.54682529712));
#399 = PCURVE('',#365,#400);
#400 = DEFINITIONAL_REPRESENTATION('',(#401),#405);
#401 = LINE('',#402,#403);
#402 = CARTESIAN_POINT('',(8.313E-03,0.));
#403 = VECTOR('',#404,1.);
#404 = DIRECTION('',(0.,1.));
#405 = ( GEOMETRIC_REPRESENTATION_CONTEXT(2) 
PARAMETRIC_REPRESENTATION_CONTEXT() REPRESENTATION_CONTEXT('2D SPACE',''
  ) );
#406 = ORIENTED_EDGE('',*,*,#407,.F.);
#407 = EDGE_CURVE('',#358,#393,#408,.T.);
#408 = SURFACE_CURVE('',#409,(#412),.PCURVE_S1.);
#409 = B_SPLINE_CURVE_WITH_KNOTS('',1,(#410,#411),.UNSPECIFIED.,.F.,.F.,
  (2,2),(-8.313E-03,8.313E-03),.PIECEWISE_BEZIER_KNOTS.);
#410 = CARTESIAN_POINT('',(6.644692373764E-02,3.110537121787E-02,
    0.54682529712));
#411 = CARTESIAN_POINT('',(6.644692373764E-02,4.773205687919E-02,
    0.54682529712));
#412 = PCURVE('',#365,#413);
#413 = DEFINITIONAL_REPRESENTATION('',(#414),#418);
#414 = LINE('',#415,#416);
#415 = CARTESIAN_POINT('',(0.,-8.46E-04));
#416 = VECTOR('',#417,1.);
#417 = DIRECTION('',(1.,0.));
#418 = ( GEOMETRIC_REPRESENTATION_CONTEXT(2) 
PARAMETRIC_REPRESENTATION_CONTEXT() REPRESENTATION_CONTEXT('2D SPACE',''
  ) );
#419 = ( GEOMETRIC_REPRESENTATION_CONTEXT(3) 
GLOBAL_UNCERTAINTY_ASSIGNED_CONTEXT((#423)) GLOBAL_UNIT_ASSIGNED_CONTEXT
((#420,#421,#422)) REPRESENTATION_CONTEXT('Context #1',
  '3D Context with UNIT and UNCERTAINTY') );
#420 = ( LENGTH_UNIT() NAMED_UNIT(*) SI_UNIT(.MILLI.,.METRE.) );
#421 = ( NAMED_UNIT(*) PLANE_ANGLE_UNIT() SI_UNIT($,.RADIAN.) );
#422 = ( NAMED_UNIT(*) SI_UNIT($,.STERADIAN.) SOLID_ANGLE_UNIT() );
#423 = UNCERTAINTY_MEASURE_WITH_UNIT(LENGTH_MEASURE(1.E-07),#420,
  'distance_accuracy_value','confusion accuracy');
#424 = CONTEXT_DEPENDENT_SHAPE_REPRESENTATION(#425,#427);
#425 = ( REPRESENTATION_RELATIONSHIP('','',#348,#10) 
REPRESENTATION_RELATIONSHIP_WITH_TRANSFORMATION(#426) 
SHAPE_REPRESENTATION_RELATIONSHIP() );
#426 = ITEM_DEFINED_TRANSFORMATION('','',#11,#23);
#427 = PRODUCT_DEFINITION_SHAPE('Placement','Placement of an item',#428
  );
#428 = NEXT_ASSEMBLY_USAGE_OCCURRENCE('3','','',#5,#343,$);
#429 = PRODUCT_RELATED_PRODUCT_CATEGORY('part',$,(#345));
#430 = SHAPE_DEFINITION_REPRESENTATION(#431,#437);
#431 = PRODUCT_DEFINITION_SHAPE('','',#432);
#432 = PRODUCT_DEFINITION('design','',#433,#436);
#433 = PRODUCT_DEFINITION_FORMATION('','',#434);
#434 = PRODUCT('Open CASCADE STEP translator 7.9 1.4',
  'Open CASCADE STEP translator 7.9 1.4','',(#435));
#435 = PRODUCT_CONTEXT('',#2,'mechanical');
#436 = PRODUCT_DEFINITION_CONTEXT('part definition',#2,'design');
#437 = MANIFOLD_SURFACE_SHAPE_REPRESENTATION('',(#11,#438),#508);
#438 = SHELL_BASED_SURFACE_MODEL('',(#439));
#439 = OPEN_SHELL('',(#440));
#440 = ADVANCED_FACE('',(#441),#454,.T.);
#441 = FACE_BOUND('',#442,.T.);
#442 = EDGE_LOOP('',(#443,#465,#480,#495));
#443 = ORIENTED_EDGE('',*,*,#444,.F.);
#444 = EDGE_CURVE('',#445,#447,#449,.T.);
#445 = VERTEX_POINT('',#446);
#446 = CARTESIAN_POINT('',(7.422900413764E-02,3.110537121787E-02,
    0.49915540708));
#447 = VERTEX_POINT('',#448);
#448 = CARTESIAN_POINT('',(7.422900413764E-02,3.110537121787E-02,
    0.54682529712));
#449 = SURFACE_CURVE('',#450,(#453),.PCURVE_S1.);
#450 = B_SPLINE_CURVE_WITH_KNOTS('',1,(#451,#452),.UNSPECIFIED.,.F.,.F.,
  (2,2),(-4.8516E-02,-8.46E-04),.PIECEWISE_BEZIER_KNOTS.);
#451 = CARTESIAN_POINT('',(7.422900413764E-02,3.110537121787E-02,
    0.49915540708));
#452 = CARTESIAN_POINT('',(7.422900413764E-02,3.110537121787E-02,
    0.54682529712));
#453 = PCURVE('',#454,#459);
#454 = B_SPLINE_SURFACE_WITH_KNOTS('',1,1,(
    (#455,#456)
    ,(#457,#458
    )),.UNSPECIFIED.,.F.,.F.,.F.,(2,2),(2,2),(-8.313E-03,8.313E-03),(
    -4.8516E-02,-8.46E-04),.PIECEWISE_BEZIER_KNOTS.);
#455 = CARTESIAN_POINT('',(7.422900413764E-02,3.110537121787E-02,
    0.49915540708));
#456 = CARTESIAN_POINT('',(7.422900413764E-02,3.110537121787E-02,
    0.54682529712));
#457 = CARTESIAN_POINT('',(7.422900413764E-02,4.773205687919E-02,
    0.49915540708));
#458 = CARTESIAN_POINT('',(7.422900413764E-02,4.773205687919E-02,
    0.54682529712));
#459 = DEFINITIONAL_REPRESENTATION('',(#460),#464);
#460 = LINE('',#461,#462);
#461 = CARTESIAN_POINT('',(-8.313E-03,0.));
#462 = VECTOR('',#463,1.);
#463 = DIRECTION('',(0.,1.));
#464 = ( GEOMETRIC_REPRESENTATION_CONTEXT(2) 
PARAMETRIC_REPRESENTATION_CONTEXT() REPRESENTATION_CONTEXT('2D SPACE',''
  ) );
#465 = ORIENTED_EDGE('',*,*,#466,.T.);
#466 = EDGE_CURVE('',#445,#467,#469,.T.);
#467 = VERTEX_POINT('',#468);
#468 = CARTESIAN_POINT('',(7.422900413764E-02,4.773205687919E-02,
    0.49915540708));
#469 = SURFACE_CURVE('',#470,(#473),.PCURVE_S1.);
#470 = B_SPLINE_CURVE_WITH_KNOTS('',1,(#471,#472),.UNSPECIFIED.,.F.,.F.,
  (2,2),(-8.313E-03,8.313E-03),.PIECEWISE_BEZIER_KNOTS.);
#471 = CARTESIAN_POINT('',(7.422900413764E-02,3.110537121787E-02,
    0.49915540708));
#472 = CARTESIAN_POINT('',(7.422900413764E-02,4.773205687919E-02,
    0.49915540708));
#473 = PCURVE('',#454,#474);
#474 = DEFINITIONAL_REPRESENTATION('',(#475),#479);
#475 = LINE('',#476,#477);
#476 = CARTESIAN_POINT('',(0.,-4.8516E-02));
#477 = VECTOR('',#478,1.);
#478 = DIRECTION('',(1.,0.));
#479 = ( GEOMETRIC_REPRESENTATION_CONTEXT(2) 
PARAMETRIC_REPRESENTATION_CONTEXT() REPRESENTATION_CONTEXT('2D SPACE',''
  ) );
#480 = ORIENTED_EDGE('',*,*,#481,.T.);
#481 = EDGE_CURVE('',#467,#482,#484,.T.);
#482 = VERTEX_POINT('',#483);
#483 = CARTESIAN_POINT('',(7.422900413764E-02,4.773205687919E-02,
    0.54682529712));
#484 = SURFACE_CURVE('',#485,(#488),.PCURVE_S1.);
#485 = B_SPLINE_CURVE_WITH_KNOTS('',1,(#486,#487),.UNSPECIFIED.,.F.,.F.,
  (2,2),(-4.8516E-02,-8.46E-04),.PIECEWISE_BEZIER_KNOTS.);
#486 = CARTESIAN_POINT('',(7.422900413764E-02,4.773205687919E-02,
    0.49915540708));
#487 = CARTESIAN_POINT('',(7.422900413764E-02,4.773205687919E-02,
    0.54682529712));
#488 = PCURVE('',#454,#489);
#489 = DEFINITIONAL_REPRESENTATION('',(#490),#494);
#490 = LINE('',#491,#492);
#491 = CARTESIAN_POINT('',(8.313E-03,0.));
#492 = VECTOR('',#493,1.);
#493 = DIRECTION('',(0.,1.));
#494 = ( GEOMETRIC_REPRESENTATION_CONTEXT(2) 
PARAMETRIC_REPRESENTATION_CONTEXT() REPRESENTATION_CONTEXT('2D SPACE',''
  ) );
#495 = ORIENTED_EDGE('',*,*,#496,.F.);
#496 = EDGE_CURVE('',#447,#482,#497,.T.);
#497 = SURFACE_CURVE('',#498,(#501),.PCURVE_S1.);
#498 = B_SPLINE_CURVE_WITH_KNOTS('',1,(#499,#500),.UNSPECIFIED.,.F.,.F.,
  (2,2),(-8.313E-03,8.313E-03),.PIECEWISE_BEZIER_KNOTS.);
#499 = CARTESIAN_POINT('',(7.422900413764E-02,3.110537121787E-02,
    0.54682529712));
#500 = CARTESIAN_POINT('',(7.422900413764E-02,4.773205687919E-02,
    0.54682529712));
#501 = PCURVE('',#454,#502);
#502 = DEFINITIONAL_REPRESENTATION('',(#503),#507);
#503 = LINE('',#504,#505);
#504 = CARTESIAN_POINT('',(0.,-8.46E-04));
#505 = VECTOR('',#506,1.);
#506 = DIRECTION('',(1.,0.));
#507 = ( GEOMETRIC_REPRESENTATION_CONTEXT(2) 
PARAMETRIC_REPRESENTATION_CONTEXT() REPRESENTATION_CONTEXT('2D SPACE',''
  ) );
#508 = ( GEOMETRIC_REPRESENTATION_CONTEXT(3) 
GLOBAL_UNCERTAINTY_ASSIGNED_CONTEXT((#512)) GLOBAL_UNIT_ASSIGNED_CONTEXT
((#509,#510,#511)) REPRESENTATION_CONTEXT('Context #1',
  '3D Context with UNIT and UNCERTAINTY') );
#509 = ( LENGTH_UNIT() NAMED_UNIT(*) SI_UNIT(.MILLI.,.METRE.) );
#510 = ( NAMED_UNIT(*) PLANE_ANGLE_UNIT() SI_UNIT($,.RADIAN.) );
#511 = ( NAMED_UNIT(*) SI_UNIT($,.STERADIAN.) SOLID_ANGLE_UNIT() );
#512 = UNCERTAINTY_MEASURE_WITH_UNIT(LENGTH_MEASURE(1.E-07),#509,
  'distance_accuracy_value','confusion accuracy');
#513 = CONTEXT_DEPENDENT_SHAPE_REPRESENTATION(#514,#516);
#514 = ( REPRESENTATION_RELATIONSHIP('','',#437,#10) 
REPRESENTATION_RELATIONSHIP_WITH_TRANSFORMATION(#515) 
SHAPE_REPRESENTATION_RELATIONSHIP() );
#515 = ITEM_DEFINED_TRANSFORMATION('','',#11,#27);
#516 = PRODUCT_DEFINITION_SHAPE('Placement','Placement of an item',#517
  );
#517 = NEXT_ASSEMBLY_USAGE_OCCURRENCE('4','','',#5,#432,$);
#518 = PRODUCT_RELATED_PRODUCT_CATEGORY('part',$,(#434));
#519 = SHAPE_DEFINITION_REPRESENTATION(#520,#526);
#520 = PRODUCT_DEFINITION_SHAPE('','',#521);
#521 = PRODUCT_DEFINITION('design','',#522,#525);
#522 = PRODUCT_DEFINITION_FORMATION('','',#523);
#523 = PRODUCT('Open CASCADE STEP translator 7.9 1.5',
  'Open CASCADE STEP translator 7.9 1.5','',(#524));
#524 = PRODUCT_CONTEXT('',#2,'mechanical');
#525 = PRODUCT_DEFINITION_CONTEXT('part definition',#2,'design');
#526 = MANIFOLD_SURFACE_SHAPE_REPRESENTATION('',(#11,#527),#597);
#527 = SHELL_BASED_SURFACE_MODEL('',(#528));
#528 = OPEN_SHELL('',(#529));
#529 = ADVANCED_FACE('',(#530),#543,.T.);
#530 = FACE_BOUND('',#531,.T.);
#531 = EDGE_LOOP('',(#532,#554,#569,#584));
#532 = ORIENTED_EDGE('',*,*,#533,.F.);
#533 = EDGE_CURVE('',#534,#536,#538,.T.);
#534 = VERTEX_POINT('',#535);
#535 = CARTESIAN_POINT('',(7.033795259997E-02,4.773205687919E-02,
    0.49915540708));
#536 = VERTEX_POINT('',#537);
#537 = CARTESIAN_POINT('',(7.033795259997E-02,4.773205687919E-02,
    0.54682529712));
#538 = SURFACE_CURVE('',#539,(#542),.PCURVE_S1.);
#539 = B_SPLINE_CURVE_WITH_KNOTS('',1,(#540,#541),.UNSPECIFIED.,.F.,.F.,
  (2,2),(-4.8516E-02,-8.46E-04),.PIECEWISE_BEZIER_KNOTS.);
#540 = CARTESIAN_POINT('',(7.033795259997E-02,4.773205687919E-02,
    0.49915540708));
#541 = CARTESIAN_POINT('',(7.033795259997E-02,4.773205687919E-02,
    0.54682529712));
#542 = PCURVE('',#543,#548);
#543 = B_SPLINE_SURFACE_WITH_KNOTS('',1,1,(
    (#544,#545)
    ,(#546,#547
    )),.UNSPECIFIED.,.F.,.F.,.F.,(2,2),(2,2),(-1.941E-03,1.941E-03),(
    -4.8516E-02,-8.46E-04),.PIECEWISE_BEZIER_KNOTS.);
#544 = CARTESIAN_POINT('',(7.033795259997E-02,4.773205687919E-02,
    0.49915540708));
#545 = CARTESIAN_POINT('',(7.033795259997E-02,4.773205687919E-02,
    0.54682529712));
#546 = CARTESIAN_POINT('',(6.645587173767E-02,4.773205687919E-02,
    0.49915540708));
#547 = CARTESIAN_POINT('',(6.645587173767E-02,4.773205687919E-02,
    0.54682529712));
#548 = DEFINITIONAL_REPRESENTATION('',(#549),#553);
#549 = LINE('',#550,#551);
#550 = CARTESIAN_POINT('',(-1.941E-03,0.));
#551 = VECTOR('',#552,1.);
#552 = DIRECTION('',(0.,1.));
#553 = ( GEOMETRIC_REPRESENTATION_CONTEXT(2) 
PARAMETRIC_REPRESENTATION_CONTEXT() REPRESENTATION_CONTEXT('2D SPACE',''
  ) );
#554 = ORIENTED_EDGE('',*,*,#555,.T.);
#555 = EDGE_CURVE('',#534,#556,#558,.T.);
#556 = VERTEX_POINT('',#557);
#557 = CARTESIAN_POINT('',(6.645587173767E-02,4.773205687919E-02,
    0.49915540708));
#558 = SURFACE_CURVE('',#559,(#562),.PCURVE_S1.);
#559 = B_SPLINE_CURVE_WITH_KNOTS('',1,(#560,#561),.UNSPECIFIED.,.F.,.F.,
  (2,2),(-1.941E-03,1.941E-03),.PIECEWISE_BEZIER_KNOTS.);
#560 = CARTESIAN_POINT('',(7.033795259997E-02,4.773205687919E-02,
    0.49915540708));
#561 = CARTESIAN_POINT('',(6.645587173767E-02,4.773205687919E-02,
    0.49915540708));
#562 = PCURVE('',#543,#563);
#563 = DEFINITIONAL_REPRESENTATION('',(#564),#568);
#564 = LINE('',#565,#566);
#565 = CARTESIAN_POINT('',(0.,-4.8516E-02));
#566 = VECTOR('',#567,1.);
#567 = DIRECTION('',(1.,0.));
#568 = ( GEOMETRIC_REPRESENTATION_CONTEXT(2) 
PARAMETRIC_REPRESENTATION_CONTEXT() REPRESENTATION_CONTEXT('2D SPACE',''
  ) );
#569 = ORIENTED_EDGE('',*,*,#570,.T.);
#570 = EDGE_CURVE('',#556,#571,#573,.T.);
#571 = VERTEX_POINT('',#572);
#572 = CARTESIAN_POINT('',(6.645587173767E-02,4.773205687919E-02,
    0.54682529712));
#573 = SURFACE_CURVE('',#574,(#577),.PCURVE_S1.);
#574 = B_SPLINE_CURVE_WITH_KNOTS('',1,(#575,#576),.UNSPECIFIED.,.F.,.F.,
  (2,2),(-4.8516E-02,-8.46E-04),.PIECEWISE_BEZIER_KNOTS.);
#575 = CARTESIAN_POINT('',(6.645587173767E-02,4.773205687919E-02,
    0.49915540708));
#576 = CARTESIAN_POINT('',(6.645587173767E-02,4.773205687919E-02,
    0.54682529712));
#577 = PCURVE('',#543,#578);
#578 = DEFINITIONAL_REPRESENTATION('',(#579),#583);
#579 = LINE('',#580,#581);
#580 = CARTESIAN_POINT('',(1.941E-03,0.));
#581 = VECTOR('',#582,1.);
#582 = DIRECTION('',(0.,1.));
#583 = ( GEOMETRIC_REPRESENTATION_CONTEXT(2) 
PARAMETRIC_REPRESENTATION_CONTEXT() REPRESENTATION_CONTEXT('2D SPACE',''
  ) );
#584 = ORIENTED_EDGE('',*,*,#585,.F.);
#585 = EDGE_CURVE('',#536,#571,#586,.T.);
#586 = SURFACE_CURVE('',#587,(#590),.PCURVE_S1.);
#587 = B_SPLINE_CURVE_WITH_KNOTS('',1,(#588,#589),.UNSPECIFIED.,.F.,.F.,
  (2,2),(-1.941E-03,1.941E-03),.PIECEWISE_BEZIER_KNOTS.);
#588 = CARTESIAN_POINT('',(7.033795259997E-02,4.773205687919E-02,
    0.54682529712));
#589 = CARTESIAN_POINT('',(6.645587173767E-02,4.773205687919E-02,
    0.54682529712));
#590 = PCURVE('',#543,#591);
#591 = DEFINITIONAL_REPRESENTATION('',(#592),#596);
#592 = LINE('',#593,#594);
#593 = CARTESIAN_POINT('',(0.,-8.46E-04));
#594 = VECTOR('',#595,1.);
#595 = DIRECTION('',(1.,0.));
#596 = ( GEOMETRIC_REPRESENTATION_CONTEXT(2) 
PARAMETRIC_REPRESENTATION_CONTEXT() REPRESENTATION_CONTEXT('2D SPACE',''
  ) );
#597 = ( GEOMETRIC_REPRESENTATION_CONTEXT(3) 
GLOBAL_UNCERTAINTY_ASSIGNED_CONTEXT((#601)) GLOBAL_UNIT_ASSIGNED_CONTEXT
((#598,#599,#600)) REPRESENTATION_CONTEXT('Context #1',
  '3D Context with UNIT and UNCERTAINTY') );
#598 = ( LENGTH_UNIT() NAMED_UNIT(*) SI_UNIT(.MILLI.,.METRE.) );
#599 = ( NAMED_UNIT(*) PLANE_ANGLE_UNIT() SI_UNIT($,.RADIAN.) );
#600 = ( NAMED_UNIT(*) SI_UNIT($,.STERADIAN.) SOLID_ANGLE_UNIT() );
#601 = UNCERTAINTY_MEASURE_WITH_UNIT(LENGTH_MEASURE(1.E-07),#598,
  'distance_accuracy_value','confusion accuracy');
#602 = CONTEXT_DEPENDENT_SHAPE_REPRESENTATION(#603,#605);
#603 = ( REPRESENTATION_RELATIONSHIP('','',#526,#10) 
REPRESENTATION_RELATIONSHIP_WITH_TRANSFORMATION(#604) 
SHAPE_REPRESENTATION_RELATIONSHIP() );
#604 = ITEM_DEFINED_TRANSFORMATION('','',#11,#31);
#605 = PRODUCT_DEFINITION_SHAPE('Placement','Placement of an item',#606
  );
#606 = NEXT_ASSEMBLY_USAGE_OCCURRENCE('5','','',#5,#521,$);
#607 = PRODUCT_RELATED_PRODUCT_CATEGORY('part',$,(#523));
#608 = SHAPE_DEFINITION_REPRESENTATION(#609,#615);
#609 = PRODUCT_DEFINITION_SHAPE('','',#610);
#610 = PRODUCT_DEFINITION('design','',#611,#614);
#611 = PRODUCT_DEFINITION_FORMATION('','',#612);
#612 = PRODUCT('Open CASCADE STEP translator 7.9 1.6',
  'Open CASCADE STEP translator 7.9 1.6','',(#613));
#613 = PRODUCT_CONTEXT('',#2,'mechanical');
#614 = PRODUCT_DEFINITION_CONTEXT('part definition',#2,'design');
#615 = MANIFOLD_SURFACE_SHAPE_REPRESENTATION('',(#11,#616),#686);
#616 = SHELL_BASED_SURFACE_MODEL('',(#617));
#617 = OPEN_SHELL('',(#618));
#618 = ADVANCED_FACE('',(#619),#632,.T.);
#619 = FACE_BOUND('',#620,.T.);
#620 = EDGE_LOOP('',(#621,#643,#658,#673));
#621 = ORIENTED_EDGE('',*,*,#622,.F.);
#622 = EDGE_CURVE('',#623,#625,#627,.T.);
#623 = VERTEX_POINT('',#624);
#624 = CARTESIAN_POINT('',(7.033795259997E-02,1.447868555655E-02,
    0.49915540708));
#625 = VERTEX_POINT('',#626);
#626 = CARTESIAN_POINT('',(7.033795259997E-02,1.447868555655E-02,
    0.54682529712));
#627 = SURFACE_CURVE('',#628,(#631),.PCURVE_S1.);
#628 = B_SPLINE_CURVE_WITH_KNOTS('',1,(#629,#630),.UNSPECIFIED.,.F.,.F.,
  (2,2),(-4.8516E-02,-8.46E-04),.PIECEWISE_BEZIER_KNOTS.);
#629 = CARTESIAN_POINT('',(7.033795259997E-02,1.447868555655E-02,
    0.49915540708));
#630 = CARTESIAN_POINT('',(7.033795259997E-02,1.447868555655E-02,
    0.54682529712));
#631 = PCURVE('',#632,#637);
#632 = B_SPLINE_SURFACE_WITH_KNOTS('',1,1,(
    (#633,#634)
    ,(#635,#636
    )),.UNSPECIFIED.,.F.,.F.,.F.,(2,2),(2,2),(-1.941E-03,1.941E-03),(
    -4.8516E-02,-8.46E-04),.PIECEWISE_BEZIER_KNOTS.);
#633 = CARTESIAN_POINT('',(7.033795259997E-02,1.447868555655E-02,
    0.49915540708));
#634 = CARTESIAN_POINT('',(7.033795259997E-02,1.447868555655E-02,
    0.54682529712));
#635 = CARTESIAN_POINT('',(7.422003346227E-02,1.447868555655E-02,
    0.49915540708));
#636 = CARTESIAN_POINT('',(7.422003346227E-02,1.447868555655E-02,
    0.54682529712));
#637 = DEFINITIONAL_REPRESENTATION('',(#638),#642);
#638 = LINE('',#639,#640);
#639 = CARTESIAN_POINT('',(-1.941E-03,0.));
#640 = VECTOR('',#641,1.);
#641 = DIRECTION('',(0.,1.));
#642 = ( GEOMETRIC_REPRESENTATION_CONTEXT(2) 
PARAMETRIC_REPRESENTATION_CONTEXT() REPRESENTATION_CONTEXT('2D SPACE',''
  ) );
#643 = ORIENTED_EDGE('',*,*,#644,.T.);
#644 = EDGE_CURVE('',#623,#645,#647,.T.);
#645 = VERTEX_POINT('',#646);
#646 = CARTESIAN_POINT('',(7.422003346227E-02,1.447868555655E-02,
    0.49915540708));
#647 = SURFACE_CURVE('',#648,(#651),.PCURVE_S1.);
#648 = B_SPLINE_CURVE_WITH_KNOTS('',1,(#649,#650),.UNSPECIFIED.,.F.,.F.,
  (2,2),(-1.941E-03,1.941E-03),.PIECEWISE_BEZIER_KNOTS.);
#649 = CARTESIAN_POINT('',(7.033795259997E-02,1.447868555655E-02,
    0.49915540708));
#650 = CARTESIAN_POINT('',(7.422003346227E-02,1.447868555655E-02,
    0.49915540708));
#651 = PCURVE('',#632,#652);
#652 = DEFINITIONAL_REPRESENTATION('',(#653),#657);
#653 = LINE('',#654,#655);
#654 = CARTESIAN_POINT('',(0.,-4.8516E-02));
#655 = VECTOR('',#656,1.);
#656 = DIRECTION('',(1.,0.));
#657 = ( GEOMETRIC_REPRESENTATION_CONTEXT(2) 
PARAMETRIC_REPRESENTATION_CONTEXT() REPRESENTATION_CONTEXT('2D SPACE',''
  ) );
#658 = ORIENTED_EDGE('',*,*,#659,.T.);
#659 = EDGE_CURVE('',#645,#660,#662,.T.);
#660 = VERTEX_POINT('',#661);
#661 = CARTESIAN_POINT('',(7.422003346227E-02,1.447868555655E-02,
    0.54682529712));
#662 = SURFACE_CURVE('',#663,(#666),.PCURVE_S1.);
#663 = B_SPLINE_CURVE_WITH_KNOTS('',1,(#664,#665),.UNSPECIFIED.,.F.,.F.,
  (2,2),(-4.8516E-02,-8.46E-04),.PIECEWISE_BEZIER_KNOTS.);
#664 = CARTESIAN_POINT('',(7.422003346227E-02,1.447868555655E-02,
    0.49915540708));
#665 = CARTESIAN_POINT('',(7.422003346227E-02,1.447868555655E-02,
    0.54682529712));
#666 = PCURVE('',#632,#667);
#667 = DEFINITIONAL_REPRESENTATION('',(#668),#672);
#668 = LINE('',#669,#670);
#669 = CARTESIAN_POINT('',(1.941E-03,0.));
#670 = VECTOR('',#671,1.);
#671 = DIRECTION('',(0.,1.));
#672 = ( GEOMETRIC_REPRESENTATION_CONTEXT(2) 
PARAMETRIC_REPRESENTATION_CONTEXT() REPRESENTATION_CONTEXT('2D SPACE',''
  ) );
#673 = ORIENTED_EDGE('',*,*,#674,.F.);
#674 = EDGE_CURVE('',#625,#660,#675,.T.);
#675 = SURFACE_CURVE('',#676,(#679),.PCURVE_S1.);
#676 = B_SPLINE_CURVE_WITH_KNOTS('',1,(#677,#678),.UNSPECIFIED.,.F.,.F.,
  (2,2),(-1.941E-03,1.941E-03),.PIECEWISE_BEZIER_KNOTS.);
#677 = CARTESIAN_POINT('',(7.033795259997E-02,1.447868555655E-02,
    0.54682529712));
#678 = CARTESIAN_POINT('',(7.422003346227E-02,1.447868555655E-02,
    0.54682529712));
#679 = PCURVE('',#632,#680);
#680 = DEFINITIONAL_REPRESENTATION('',(#681),#685);
#681 = LINE('',#682,#683);
#682 = CARTESIAN_POINT('',(0.,-8.46E-04));
#683 = VECTOR('',#684,1.);
#684 = DIRECTION('',(1.,0.));
#685 = ( GEOMETRIC_REPRESENTATION_CONTEXT(2) 
PARAMETRIC_REPRESENTATION_CONTEXT() REPRESENTATION_CONTEXT('2D SPACE',''
  ) );
#686 = ( GEOMETRIC_REPRESENTATION_CONTEXT(3) 
GLOBAL_UNCERTAINTY_ASSIGNED_CONTEXT((#690)) GLOBAL_UNIT_ASSIGNED_CONTEXT
((#687,#688,#689)) REPRESENTATION_CONTEXT('Context #1',
  '3D Context with UNIT and UNCERTAINTY') );
#687 = ( LENGTH_UNIT() NAMED_UNIT(*) SI_UNIT(.MILLI.,.METRE.) );
#688 = ( NAMED_UNIT(*) PLANE_ANGLE_UNIT() SI_UNIT($,.RADIAN.) );
#689 = ( NAMED_UNIT(*) SI_UNIT($,.STERADIAN.) SOLID_ANGLE_UNIT() );
#690 = UNCERTAINTY_MEASURE_WITH_UNIT(LENGTH_MEASURE(1.E-07),#687,
  'distance_accuracy_value','confusion accuracy');
#691 = CONTEXT_DEPENDENT_SHAPE_REPRESENTATION(#692,#694);
#692 = ( REPRESENTATION_RELATIONSHIP('','',#615,#10) 
REPRESENTATION_RELATIONSHIP_WITH_TRANSFORMATION(#693) 
SHAPE_REPRESENTATION_RELATIONSHIP() );
#693 = ITEM_DEFINED_TRANSFORMATION('','',#11,#35);
#694 = PRODUCT_DEFINITION_SHAPE('Placement','Placement of an item',#695
  );
#695 = NEXT_ASSEMBLY_USAGE_OCCURRENCE('6','','',#5,#610,$);
#696 = PRODUCT_RELATED_PRODUCT_CATEGORY('part',$,(#612));
#697 = SHAPE_DEFINITION_REPRESENTATION(#698,#704);
#698 = PRODUCT_DEFINITION_SHAPE('','',#699);
#699 = PRODUCT_DEFINITION('design','',#700,#703);
#700 = PRODUCT_DEFINITION_FORMATION('','',#701);
#701 = PRODUCT('Open CASCADE STEP translator 7.9 1.7',
  'Open CASCADE STEP translator 7.9 1.7','',(#702));
#702 = PRODUCT_CONTEXT('',#2,'mechanical');
#703 = PRODUCT_DEFINITION_CONTEXT('part definition',#2,'design');
#704 = MANIFOLD_SURFACE_SHAPE_REPRESENTATION('',(#11,#705),#775);
#705 = SHELL_BASED_SURFACE_MODEL('',(#706));
#706 = OPEN_SHELL('',(#707));
#707 = ADVANCED_FACE('',(#708),#721,.T.);
#708 = FACE_BOUND('',#709,.T.);
#709 = EDGE_LOOP('',(#710,#732,#747,#762));
#710 = ORIENTED_EDGE('',*,*,#711,.F.);
#711 = EDGE_CURVE('',#712,#714,#716,.T.);
#712 = VERTEX_POINT('',#713);
#713 = CARTESIAN_POINT('',(7.033795259997E-02,1.447868555655E-02,
    0.49915540708));
#714 = VERTEX_POINT('',#715);
#715 = CARTESIAN_POINT('',(7.033795259997E-02,4.773205688151E-02,
    0.49915540708));
#716 = SURFACE_CURVE('',#717,(#720),.PCURVE_S1.);
#717 = B_SPLINE_CURVE_WITH_KNOTS('',1,(#718,#719),.UNSPECIFIED.,.F.,.F.,
  (2,2),(-1.6627E-02,1.6627E-02),.PIECEWISE_BEZIER_KNOTS.);
#718 = CARTESIAN_POINT('',(7.033795259997E-02,1.447868555655E-02,
    0.49915540708));
#719 = CARTESIAN_POINT('',(7.033795259997E-02,4.773205688151E-02,
    0.49915540708));
#720 = PCURVE('',#721,#726);
#721 = B_SPLINE_SURFACE_WITH_KNOTS('',1,1,(
    (#722,#723)
    ,(#724,#725
    )),.UNSPECIFIED.,.F.,.F.,.F.,(2,2),(2,2),(-3.886E-03,3.886E-03),(
    -1.6627E-02,1.6627E-02),.PIECEWISE_BEZIER_KNOTS.);
#722 = CARTESIAN_POINT('',(7.033795259997E-02,1.447868555655E-02,
    0.49915540708));
#723 = CARTESIAN_POINT('',(7.033795259997E-02,4.773205688151E-02,
    0.49915540708));
#724 = CARTESIAN_POINT('',(6.256589287531E-02,1.447868555655E-02,
    0.49915540708));
#725 = CARTESIAN_POINT('',(6.256589287531E-02,4.773205688151E-02,
    0.49915540708));
#726 = DEFINITIONAL_REPRESENTATION('',(#727),#731);
#727 = LINE('',#728,#729);
#728 = CARTESIAN_POINT('',(-3.886E-03,0.));
#729 = VECTOR('',#730,1.);
#730 = DIRECTION('',(0.,1.));
#731 = ( GEOMETRIC_REPRESENTATION_CONTEXT(2) 
PARAMETRIC_REPRESENTATION_CONTEXT() REPRESENTATION_CONTEXT('2D SPACE',''
  ) );
#732 = ORIENTED_EDGE('',*,*,#733,.T.);
#733 = EDGE_CURVE('',#712,#734,#736,.T.);
#734 = VERTEX_POINT('',#735);
#735 = CARTESIAN_POINT('',(6.256589287531E-02,1.447868555655E-02,
    0.49915540708));
#736 = SURFACE_CURVE('',#737,(#740),.PCURVE_S1.);
#737 = B_SPLINE_CURVE_WITH_KNOTS('',1,(#738,#739),.UNSPECIFIED.,.F.,.F.,
  (2,2),(-3.886E-03,3.886E-03),.PIECEWISE_BEZIER_KNOTS.);
#738 = CARTESIAN_POINT('',(7.033795259997E-02,1.447868555655E-02,
    0.49915540708));
#739 = CARTESIAN_POINT('',(6.256589287531E-02,1.447868555655E-02,
    0.49915540708));
#740 = PCURVE('',#721,#741);
#741 = DEFINITIONAL_REPRESENTATION('',(#742),#746);
#742 = LINE('',#743,#744);
#743 = CARTESIAN_POINT('',(0.,-1.6627E-02));
#744 = VECTOR('',#745,1.);
#745 = DIRECTION('',(1.,0.));
#746 = ( GEOMETRIC_REPRESENTATION_CONTEXT(2) 
PARAMETRIC_REPRESENTATION_CONTEXT() REPRESENTATION_CONTEXT('2D SPACE',''
  ) );
#747 = ORIENTED_EDGE('',*,*,#748,.T.);
#748 = EDGE_CURVE('',#734,#749,#751,.T.);
#749 = VERTEX_POINT('',#750);
#750 = CARTESIAN_POINT('',(6.256589287531E-02,4.773205688151E-02,
    0.49915540708));
#751 = SURFACE_CURVE('',#752,(#755),.PCURVE_S1.);
#752 = B_SPLINE_CURVE_WITH_KNOTS('',1,(#753,#754),.UNSPECIFIED.,.F.,.F.,
  (2,2),(-1.6627E-02,1.6627E-02),.PIECEWISE_BEZIER_KNOTS.);
#753 = CARTESIAN_POINT('',(6.256589287531E-02,1.447868555655E-02,
    0.49915540708));
#754 = CARTESIAN_POINT('',(6.256589287531E-02,4.773205688151E-02,
    0.49915540708));
#755 = PCURVE('',#721,#756);
#756 = DEFINITIONAL_REPRESENTATION('',(#757),#761);
#757 = LINE('',#758,#759);
#758 = CARTESIAN_POINT('',(3.886E-03,0.));
#759 = VECTOR('',#760,1.);
#760 = DIRECTION('',(0.,1.));
#761 = ( GEOMETRIC_REPRESENTATION_CONTEXT(2) 
PARAMETRIC_REPRESENTATION_CONTEXT() REPRESENTATION_CONTEXT('2D SPACE',''
  ) );
#762 = ORIENTED_EDGE('',*,*,#763,.F.);
#763 = EDGE_CURVE('',#714,#749,#764,.T.);
#764 = SURFACE_CURVE('',#765,(#768),.PCURVE_S1.);
#765 = B_SPLINE_CURVE_WITH_KNOTS('',1,(#766,#767),.UNSPECIFIED.,.F.,.F.,
  (2,2),(-3.886E-03,3.886E-03),.PIECEWISE_BEZIER_KNOTS.);
#766 = CARTESIAN_POINT('',(7.033795259997E-02,4.773205688151E-02,
    0.49915540708));
#767 = CARTESIAN_POINT('',(6.256589287531E-02,4.773205688151E-02,
    0.49915540708));
#768 = PCURVE('',#721,#769);
#769 = DEFINITIONAL_REPRESENTATION('',(#770),#774);
#770 = LINE('',#771,#772);
#771 = CARTESIAN_POINT('',(0.,1.6627E-02));
#772 = VECTOR('',#773,1.);
#773 = DIRECTION('',(1.,0.));
#774 = ( GEOMETRIC_REPRESENTATION_CONTEXT(2) 
PARAMETRIC_REPRESENTATION_CONTEXT() REPRESENTATION_CONTEXT('2D SPACE',''
  ) );
#775 = ( GEOMETRIC_REPRESENTATION_CONTEXT(3) 
GLOBAL_UNCERTAINTY_ASSIGNED_CONTEXT((#779)) GLOBAL_UNIT_ASSIGNED_CONTEXT
((#776,#777,#778)) REPRESENTATION_CONTEXT('Context #1',
  '3D Context with UNIT and UNCERTAINTY') );
#776 = ( LENGTH_UNIT() NAMED_UNIT(*) SI_UNIT(.MILLI.,.METRE.) );
#777 = ( NAMED_UNIT(*) PLANE_ANGLE_UNIT() SI_UNIT($,.RADIAN.) );
#778 = ( NAMED_UNIT(*) SI_UNIT($,.STERADIAN.) SOLID_ANGLE_UNIT() );
#779 = UNCERTAINTY_MEASURE_WITH_UNIT(LENGTH_MEASURE(1.E-07),#776,
  'distance_accuracy_value','confusion accuracy');
#780 = CONTEXT_DEPENDENT_SHAPE_REPRESENTATION(#781,#783);
#781 = ( REPRESENTATION_RELATIONSHIP('','',#704,#10) 
REPRESENTATION_RELATIONSHIP_WITH_TRANSFORMATION(#782) 
SHAPE_REPRESENTATION_RELATIONSHIP() );
#782 = ITEM_DEFINED_TRANSFORMATION('','',#11,#39);
#783 = PRODUCT_DEFINITION_SHAPE('Placement','Placement of an item',#784
  );
#784 = NEXT_ASSEMBLY_USAGE_OCCURRENCE('7','','',#5,#699,$);
#785 = PRODUCT_RELATED_PRODUCT_CATEGORY('part',$,(#701));
#786 = SHAPE_DEFINITION_REPRESENTATION(#787,#793);
#787 = PRODUCT_DEFINITION_SHAPE('','',#788);
#788 = PRODUCT_DEFINITION('design','',#789,#792);
#789 = PRODUCT_DEFINITION_FORMATION('','',#790);
#790 = PRODUCT('Open CASCADE STEP translator 7.9 1.8',
  'Open CASCADE STEP translator 7.9 1.8','',(#791));
#791 = PRODUCT_CONTEXT('',#2,'mechanical');
#792 = PRODUCT_DEFINITION_CONTEXT('part definition',#2,'design');
#793 = MANIFOLD_SURFACE_SHAPE_REPRESENTATION('',(#11,#794),#864);
#794 = SHELL_BASED_SURFACE_MODEL('',(#795));
#795 = OPEN_SHELL('',(#796));
#796 = ADVANCED_FACE('',(#797),#810,.T.);
#797 = FACE_BOUND('',#798,.T.);
#798 = EDGE_LOOP('',(#799,#821,#836,#851));
#799 = ORIENTED_EDGE('',*,*,#800,.F.);
#800 = EDGE_CURVE('',#801,#803,#805,.T.);
#801 = VERTEX_POINT('',#802);
#802 = CARTESIAN_POINT('',(6.255587219999E-02,1.447868555655E-02,
    0.49915540708));
#803 = VERTEX_POINT('',#804);
#804 = CARTESIAN_POINT('',(6.255587219999E-02,1.447868555655E-02,
    0.54682529712));
#805 = SURFACE_CURVE('',#806,(#809),.PCURVE_S1.);
#806 = B_SPLINE_CURVE_WITH_KNOTS('',1,(#807,#808),.UNSPECIFIED.,.F.,.F.,
  (2,2),(-4.8516E-02,-8.46E-04),.PIECEWISE_BEZIER_KNOTS.);
#807 = CARTESIAN_POINT('',(6.255587219999E-02,1.447868555655E-02,
    0.49915540708));
#808 = CARTESIAN_POINT('',(6.255587219999E-02,1.447868555655E-02,
    0.54682529712));
#809 = PCURVE('',#810,#815);
#810 = B_SPLINE_SURFACE_WITH_KNOTS('',1,1,(
    (#811,#812)
    ,(#813,#814
    )),.UNSPECIFIED.,.F.,.F.,.F.,(2,2),(2,2),(-1.6627E-02,1.6627E-02),(
    -4.8516E-02,-8.46E-04),.PIECEWISE_BEZIER_KNOTS.);
#811 = CARTESIAN_POINT('',(6.255587219999E-02,1.447868555655E-02,
    0.49915540708));
#812 = CARTESIAN_POINT('',(6.255587219999E-02,1.447868555655E-02,
    0.54682529712));
#813 = CARTESIAN_POINT('',(6.255587219999E-02,4.773205688151E-02,
    0.49915540708));
#814 = CARTESIAN_POINT('',(6.255587219999E-02,4.773205688151E-02,
    0.54682529712));
#815 = DEFINITIONAL_REPRESENTATION('',(#816),#820);
#816 = LINE('',#817,#818);
#817 = CARTESIAN_POINT('',(-1.6627E-02,0.));
#818 = VECTOR('',#819,1.);
#819 = DIRECTION('',(0.,1.));
#820 = ( GEOMETRIC_REPRESENTATION_CONTEXT(2) 
PARAMETRIC_REPRESENTATION_CONTEXT() REPRESENTATION_CONTEXT('2D SPACE',''
  ) );
#821 = ORIENTED_EDGE('',*,*,#822,.T.);
#822 = EDGE_CURVE('',#801,#823,#825,.T.);
#823 = VERTEX_POINT('',#824);
#824 = CARTESIAN_POINT('',(6.255587219999E-02,4.773205688151E-02,
    0.49915540708));
#825 = SURFACE_CURVE('',#826,(#829),.PCURVE_S1.);
#826 = B_SPLINE_CURVE_WITH_KNOTS('',1,(#827,#828),.UNSPECIFIED.,.F.,.F.,
  (2,2),(-1.6627E-02,1.6627E-02),.PIECEWISE_BEZIER_KNOTS.);
#827 = CARTESIAN_POINT('',(6.255587219999E-02,1.447868555655E-02,
    0.49915540708));
#828 = CARTESIAN_POINT('',(6.255587219999E-02,4.773205688151E-02,
    0.49915540708));
#829 = PCURVE('',#810,#830);
#830 = DEFINITIONAL_REPRESENTATION('',(#831),#835);
#831 = LINE('',#832,#833);
#832 = CARTESIAN_POINT('',(0.,-4.8516E-02));
#833 = VECTOR('',#834,1.);
#834 = DIRECTION('',(1.,0.));
#835 = ( GEOMETRIC_REPRESENTATION_CONTEXT(2) 
PARAMETRIC_REPRESENTATION_CONTEXT() REPRESENTATION_CONTEXT('2D SPACE',''
  ) );
#836 = ORIENTED_EDGE('',*,*,#837,.T.);
#837 = EDGE_CURVE('',#823,#838,#840,.T.);
#838 = VERTEX_POINT('',#839);
#839 = CARTESIAN_POINT('',(6.255587219999E-02,4.773205688151E-02,
    0.54682529712));
#840 = SURFACE_CURVE('',#841,(#844),.PCURVE_S1.);
#841 = B_SPLINE_CURVE_WITH_KNOTS('',1,(#842,#843),.UNSPECIFIED.,.F.,.F.,
  (2,2),(-4.8516E-02,-8.46E-04),.PIECEWISE_BEZIER_KNOTS.);
#842 = CARTESIAN_POINT('',(6.255587219999E-02,4.773205688151E-02,
    0.49915540708));
#843 = CARTESIAN_POINT('',(6.255587219999E-02,4.773205688151E-02,
    0.54682529712));
#844 = PCURVE('',#810,#845);
#845 = DEFINITIONAL_REPRESENTATION('',(#846),#850);
#846 = LINE('',#847,#848);
#847 = CARTESIAN_POINT('',(1.6627E-02,0.));
#848 = VECTOR('',#849,1.);
#849 = DIRECTION('',(0.,1.));
#850 = ( GEOMETRIC_REPRESENTATION_CONTEXT(2) 
PARAMETRIC_REPRESENTATION_CONTEXT() REPRESENTATION_CONTEXT('2D SPACE',''
  ) );
#851 = ORIENTED_EDGE('',*,*,#852,.F.);
#852 = EDGE_CURVE('',#803,#838,#853,.T.);
#853 = SURFACE_CURVE('',#854,(#857),.PCURVE_S1.);
#854 = B_SPLINE_CURVE_WITH_KNOTS('',1,(#855,#856),.UNSPECIFIED.,.F.,.F.,
  (2,2),(-1.6627E-02,1.6627E-02),.PIECEWISE_BEZIER_KNOTS.);
#855 = CARTESIAN_POINT('',(6.255587219999E-02,1.447868555655E-02,
    0.54682529712));
#856 = CARTESIAN_POINT('',(6.255587219999E-02,4.773205688151E-02,
    0.54682529712));
#857 = PCURVE('',#810,#858);
#858 = DEFINITIONAL_REPRESENTATION('',(#859),#863);
#859 = LINE('',#860,#861);
#860 = CARTESIAN_POINT('',(0.,-8.46E-04));
#861 = VECTOR('',#862,1.);
#862 = DIRECTION('',(1.,0.));
#863 = ( GEOMETRIC_REPRESENTATION_CONTEXT(2) 
PARAMETRIC_REPRESENTATION_CONTEXT() REPRESENTATION_CONTEXT('2D SPACE',''
  ) );
#864 = ( GEOMETRIC_REPRESENTATION_CONTEXT(3) 
GLOBAL_UNCERTAINTY_ASSIGNED_CONTEXT((#868)) GLOBAL_UNIT_ASSIGNED_CONTEXT
((#865,#866,#867)) REPRESENTATION_CONTEXT('Context #1',
  '3D Context with UNIT and UNCERTAINTY') );
#865 = ( LENGTH_UNIT() NAMED_UNIT(*) SI_UNIT(.MILLI.,.METRE.) );
#866 = ( NAMED_UNIT(*) PLANE_ANGLE_UNIT() SI_UNIT($,.RADIAN.) );
#867 = ( NAMED_UNIT(*) SI_UNIT($,.STERADIAN.) SOLID_ANGLE_UNIT() );
#868 = UNCERTAINTY_MEASURE_WITH_UNIT(LENGTH_MEASURE(1.E-07),#865,
  'distance_accuracy_value','confusion accuracy');
#869 = CONTEXT_DEPENDENT_SHAPE_REPRESENTATION(#870,#872);
#870 = ( REPRESENTATION_RELATIONSHIP('','',#793,#10) 
REPRESENTATION_RELATIONSHIP_WITH_TRANSFORMATION(#871) 
SHAPE_REPRESENTATION_RELATIONSHIP() );
#871 = ITEM_DEFINED_TRANSFORMATION('','',#11,#43);
#872 = PRODUCT_DEFINITION_SHAPE('Placement','Placement of an item',#873
  );
#873 = NEXT_ASSEMBLY_USAGE_OCCURRENCE('8','','',#5,#788,$);
#874 = PRODUCT_RELATED_PRODUCT_CATEGORY('part',$,(#790));
#875 = SHAPE_DEFINITION_REPRESENTATION(#876,#882);
#876 = PRODUCT_DEFINITION_SHAPE('','',#877);
#877 = PRODUCT_DEFINITION('design','',#878,#881);
#878 = PRODUCT_DEFINITION_FORMATION('','',#879);
#879 = PRODUCT('Open CASCADE STEP translator 7.9 1.9',
  'Open CASCADE STEP translator 7.9 1.9','',(#880));
#880 = PRODUCT_CONTEXT('',#2,'mechanical');
#881 = PRODUCT_DEFINITION_CONTEXT('part definition',#2,'design');
#882 = MANIFOLD_SURFACE_SHAPE_REPRESENTATION('',(#11,#883),#953);
#883 = SHELL_BASED_SURFACE_MODEL('',(#884));
#884 = OPEN_SHELL('',(#885));
#885 = ADVANCED_FACE('',(#886),#899,.T.);
#886 = FACE_BOUND('',#887,.T.);
#887 = EDGE_LOOP('',(#888,#910,#925,#940));
#888 = ORIENTED_EDGE('',*,*,#889,.F.);
#889 = EDGE_CURVE('',#890,#892,#894,.T.);
#890 = VERTEX_POINT('',#891);
#891 = CARTESIAN_POINT('',(7.033795259997E-02,1.447868555655E-02,
    0.54682529712));
#892 = VERTEX_POINT('',#893);
#893 = CARTESIAN_POINT('',(7.033795259997E-02,4.773205688151E-02,
    0.54682529712));
#894 = SURFACE_CURVE('',#895,(#898),.PCURVE_S1.);
#895 = B_SPLINE_CURVE_WITH_KNOTS('',1,(#896,#897),.UNSPECIFIED.,.F.,.F.,
  (2,2),(-1.6627E-02,1.6627E-02),.PIECEWISE_BEZIER_KNOTS.);
#896 = CARTESIAN_POINT('',(7.033795259997E-02,1.447868555655E-02,
    0.54682529712));
#897 = CARTESIAN_POINT('',(7.033795259997E-02,4.773205688151E-02,
    0.54682529712));
#898 = PCURVE('',#899,#904);
#899 = B_SPLINE_SURFACE_WITH_KNOTS('',1,1,(
    (#900,#901)
    ,(#902,#903
    )),.UNSPECIFIED.,.F.,.F.,.F.,(2,2),(2,2),(-3.886E-03,3.886E-03),(
    -1.6627E-02,1.6627E-02),.PIECEWISE_BEZIER_KNOTS.);
#900 = CARTESIAN_POINT('',(7.033795259997E-02,1.447868555655E-02,
    0.54682529712));
#901 = CARTESIAN_POINT('',(7.033795259997E-02,4.773205688151E-02,
    0.54682529712));
#902 = CARTESIAN_POINT('',(6.256589287531E-02,1.447868555655E-02,
    0.54682529712));
#903 = CARTESIAN_POINT('',(6.256589287531E-02,4.773205688151E-02,
    0.54682529712));
#904 = DEFINITIONAL_REPRESENTATION('',(#905),#909);
#905 = LINE('',#906,#907);
#906 = CARTESIAN_POINT('',(-3.886E-03,0.));
#907 = VECTOR('',#908,1.);
#908 = DIRECTION('',(0.,1.));
#909 = ( GEOMETRIC_REPRESENTATION_CONTEXT(2) 
PARAMETRIC_REPRESENTATION_CONTEXT() REPRESENTATION_CONTEXT('2D SPACE',''
  ) );
#910 = ORIENTED_EDGE('',*,*,#911,.T.);
#911 = EDGE_CURVE('',#890,#912,#914,.T.);
#912 = VERTEX_POINT('',#913);
#913 = CARTESIAN_POINT('',(6.256589287531E-02,1.447868555655E-02,
    0.54682529712));
#914 = SURFACE_CURVE('',#915,(#918),.PCURVE_S1.);
#915 = B_SPLINE_CURVE_WITH_KNOTS('',1,(#916,#917),.UNSPECIFIED.,.F.,.F.,
  (2,2),(-3.886E-03,3.886E-03),.PIECEWISE_BEZIER_KNOTS.);
#916 = CARTESIAN_POINT('',(7.033795259997E-02,1.447868555655E-02,
    0.54682529712));
#917 = CARTESIAN_POINT('',(6.256589287531E-02,1.447868555655E-02,
    0.54682529712));
#918 = PCURVE('',#899,#919);
#919 = DEFINITIONAL_REPRESENTATION('',(#920),#924);
#920 = LINE('',#921,#922);
#921 = CARTESIAN_POINT('',(0.,-1.6627E-02));
#922 = VECTOR('',#923,1.);
#923 = DIRECTION('',(1.,0.));
#924 = ( GEOMETRIC_REPRESENTATION_CONTEXT(2) 
PARAMETRIC_REPRESENTATION_CONTEXT() REPRESENTATION_CONTEXT('2D SPACE',''
  ) );
#925 = ORIENTED_EDGE('',*,*,#926,.T.);
#926 = EDGE_CURVE('',#912,#927,#929,.T.);
#927 = VERTEX_POINT('',#928);
#928 = CARTESIAN_POINT('',(6.256589287531E-02,4.773205688151E-02,
    0.54682529712));
#929 = SURFACE_CURVE('',#930,(#933),.PCURVE_S1.);
#930 = B_SPLINE_CURVE_WITH_KNOTS('',1,(#931,#932),.UNSPECIFIED.,.F.,.F.,
  (2,2),(-1.6627E-02,1.6627E-02),.PIECEWISE_BEZIER_KNOTS.);
#931 = CARTESIAN_POINT('',(6.256589287531E-02,1.447868555655E-02,
    0.54682529712));
#932 = CARTESIAN_POINT('',(6.256589287531E-02,4.773205688151E-02,
    0.54682529712));
#933 = PCURVE('',#899,#934);
#934 = DEFINITIONAL_REPRESENTATION('',(#935),#939);
#935 = LINE('',#936,#937);
#936 = CARTESIAN_POINT('',(3.886E-03,0.));
#937 = VECTOR('',#938,1.);
#938 = DIRECTION('',(0.,1.));
#939 = ( GEOMETRIC_REPRESENTATION_CONTEXT(2) 
PARAMETRIC_REPRESENTATION_CONTEXT() REPRESENTATION_CONTEXT('2D SPACE',''
  ) );
#940 = ORIENTED_EDGE('',*,*,#941,.F.);
#941 = EDGE_CURVE('',#892,#927,#942,.T.);
#942 = SURFACE_CURVE('',#943,(#946),.PCURVE_S1.);
#943 = B_SPLINE_CURVE_WITH_KNOTS('',1,(#944,#945),.UNSPECIFIED.,.F.,.F.,
  (2,2),(-3.886E-03,3.886E-03),.PIECEWISE_BEZIER_KNOTS.);
#944 = CARTESIAN_POINT('',(7.033795259997E-02,4.773205688151E-02,
    0.54682529712));
#945 = CARTESIAN_POINT('',(6.256589287531E-02,4.773205688151E-02,
    0.54682529712));
#946 = PCURVE('',#899,#947);
#947 = DEFINITIONAL_REPRESENTATION('',(#948),#952);
#948 = LINE('',#949,#950);
#949 = CARTESIAN_POINT('',(0.,1.6627E-02));
#950 = VECTOR('',#951,1.);
#951 = DIRECTION('',(1.,0.));
#952 = ( GEOMETRIC_REPRESENTATION_CONTEXT(2) 
PARAMETRIC_REPRESENTATION_CONTEXT() REPRESENTATION_CONTEXT('2D SPACE',''
  ) );
#953 = ( GEOMETRIC_REPRESENTATION_CONTEXT(3) 
GLOBAL_UNCERTAINTY_ASSIGNED_CONTEXT((#957)) GLOBAL_UNIT_ASSIGNED_CONTEXT
((#954,#955,#956)) REPRESENTATION_CONTEXT('Context #1',
  '3D Context with UNIT and UNCERTAINTY') );
#954 = ( LENGTH_UNIT() NAMED_UNIT(*) SI_UNIT(.MILLI.,.METRE.) );
#955 = ( NAMED_UNIT(*) PLANE_ANGLE_UNIT() SI_UNIT($,.RADIAN.) );
#956 = ( NAMED_UNIT(*) SI_UNIT($,.STERADIAN.) SOLID_ANGLE_UNIT() );
#957 = UNCERTAINTY_MEASURE_WITH_UNIT(LENGTH_MEASURE(1.E-07),#954,
  'distance_accuracy_value','confusion accuracy');
#958 = CONTEXT_DEPENDENT_SHAPE_REPRESENTATION(#959,#961);
#959 = ( REPRESENTATION_RELATIONSHIP('','',#882,#10) 
REPRESENTATION_RELATIONSHIP_WITH_TRANSFORMATION(#960) 
SHAPE_REPRESENTATION_RELATIONSHIP() );
#960 = ITEM_DEFINED_TRANSFORMATION('','',#11,#47);
#961 = PRODUCT_DEFINITION_SHAPE('Placement','Placement of an item',#962
  );
#962 = NEXT_ASSEMBLY_USAGE_OCCURRENCE('9','','',#5,#877,$);
#963 = PRODUCT_RELATED_PRODUCT_CATEGORY('part',$,(#879));
#964 = SHAPE_DEFINITION_REPRESENTATION(#965,#971);
#965 = PRODUCT_DEFINITION_SHAPE('','',#966);
#966 = PRODUCT_DEFINITION('design','',#967,#970);
#967 = PRODUCT_DEFINITION_FORMATION('','',#968);
#968 = PRODUCT('Open CASCADE STEP translator 7.9 1.10',
  'Open CASCADE STEP translator 7.9 1.10','',(#969));
#969 = PRODUCT_CONTEXT('',#2,'mechanical');
#970 = PRODUCT_DEFINITION_CONTEXT('part definition',#2,'design');
#971 = MANIFOLD_SURFACE_SHAPE_REPRESENTATION('',(#11,#972),#1042);
#972 = SHELL_BASED_SURFACE_MODEL('',(#973));
#973 = OPEN_SHELL('',(#974));
#974 = ADVANCED_FACE('',(#975),#988,.T.);
#975 = FACE_BOUND('',#976,.T.);
#976 = EDGE_LOOP('',(#977,#999,#1014,#1029));
#977 = ORIENTED_EDGE('',*,*,#978,.F.);
#978 = EDGE_CURVE('',#979,#981,#983,.T.);
#979 = VERTEX_POINT('',#980);
#980 = CARTESIAN_POINT('',(6.255587219999E-02,1.447868555655E-02,
    0.49915540708));
#981 = VERTEX_POINT('',#982);
#982 = CARTESIAN_POINT('',(6.255587219999E-02,1.447868555655E-02,
    0.54682529712));
#983 = SURFACE_CURVE('',#984,(#987),.PCURVE_S1.);
#984 = B_SPLINE_CURVE_WITH_KNOTS('',1,(#985,#986),.UNSPECIFIED.,.F.,.F.,
  (2,2),(-4.8516E-02,-8.46E-04),.PIECEWISE_BEZIER_KNOTS.);
#985 = CARTESIAN_POINT('',(6.255587219999E-02,1.447868555655E-02,
    0.49915540708));
#986 = CARTESIAN_POINT('',(6.255587219999E-02,1.447868555655E-02,
    0.54682529712));
#987 = PCURVE('',#988,#993);
#988 = B_SPLINE_SURFACE_WITH_KNOTS('',1,1,(
    (#989,#990)
    ,(#991,#992
    )),.UNSPECIFIED.,.F.,.F.,.F.,(2,2),(2,2),(-3.886E-03,3.886E-03),(
    -4.8516E-02,-8.46E-04),.PIECEWISE_BEZIER_KNOTS.);
#989 = CARTESIAN_POINT('',(6.255587219999E-02,1.447868555655E-02,
    0.49915540708));
#990 = CARTESIAN_POINT('',(6.255587219999E-02,1.447868555655E-02,
    0.54682529712));
#991 = CARTESIAN_POINT('',(7.032793192465E-02,1.447868555655E-02,
    0.49915540708));
#992 = CARTESIAN_POINT('',(7.032793192465E-02,1.447868555655E-02,
    0.54682529712));
#993 = DEFINITIONAL_REPRESENTATION('',(#994),#998);
#994 = LINE('',#995,#996);
#995 = CARTESIAN_POINT('',(-3.886E-03,0.));
#996 = VECTOR('',#997,1.);
#997 = DIRECTION('',(0.,1.));
#998 = ( GEOMETRIC_REPRESENTATION_CONTEXT(2) 
PARAMETRIC_REPRESENTATION_CONTEXT() REPRESENTATION_CONTEXT('2D SPACE',''
  ) );
#999 = ORIENTED_EDGE('',*,*,#1000,.T.);
#1000 = EDGE_CURVE('',#979,#1001,#1003,.T.);
#1001 = VERTEX_POINT('',#1002);
#1002 = CARTESIAN_POINT('',(7.032793192465E-02,1.447868555655E-02,
    0.49915540708));
#1003 = SURFACE_CURVE('',#1004,(#1007),.PCURVE_S1.);
#1004 = B_SPLINE_CURVE_WITH_KNOTS('',1,(#1005,#1006),.UNSPECIFIED.,.F.,
  .F.,(2,2),(-3.886E-03,3.886E-03),.PIECEWISE_BEZIER_KNOTS.);
#1005 = CARTESIAN_POINT('',(6.255587219999E-02,1.447868555655E-02,
    0.49915540708));
#1006 = CARTESIAN_POINT('',(7.032793192465E-02,1.447868555655E-02,
    0.49915540708));
#1007 = PCURVE('',#988,#1008);
#1008 = DEFINITIONAL_REPRESENTATION('',(#1009),#1013);
#1009 = LINE('',#1010,#1011);
#1010 = CARTESIAN_POINT('',(0.,-4.8516E-02));
#1011 = VECTOR('',#1012,1.);
#1012 = DIRECTION('',(1.,0.));
#1013 = ( GEOMETRIC_REPRESENTATION_CONTEXT(2) 
PARAMETRIC_REPRESENTATION_CONTEXT() REPRESENTATION_CONTEXT('2D SPACE',''
  ) );
#1014 = ORIENTED_EDGE('',*,*,#1015,.T.);
#1015 = EDGE_CURVE('',#1001,#1016,#1018,.T.);
#1016 = VERTEX_POINT('',#1017);
#1017 = CARTESIAN_POINT('',(7.032793192465E-02,1.447868555655E-02,
    0.54682529712));
#1018 = SURFACE_CURVE('',#1019,(#1022),.PCURVE_S1.);
#1019 = B_SPLINE_CURVE_WITH_KNOTS('',1,(#1020,#1021),.UNSPECIFIED.,.F.,
  .F.,(2,2),(-4.8516E-02,-8.46E-04),.PIECEWISE_BEZIER_KNOTS.);
#1020 = CARTESIAN_POINT('',(7.032793192465E-02,1.447868555655E-02,
    0.49915540708));
#1021 = CARTESIAN_POINT('',(7.032793192465E-02,1.447868555655E-02,
    0.54682529712));
#1022 = PCURVE('',#988,#1023);
#1023 = DEFINITIONAL_REPRESENTATION('',(#1024),#1028);
#1024 = LINE('',#1025,#1026);
#1025 = CARTESIAN_POINT('',(3.886E-03,0.));
#1026 = VECTOR('',#1027,1.);
#1027 = DIRECTION('',(0.,1.));
#1028 = ( GEOMETRIC_REPRESENTATION_CONTEXT(2) 
PARAMETRIC_REPRESENTATION_CONTEXT() REPRESENTATION_CONTEXT('2D SPACE',''
  ) );
#1029 = ORIENTED_EDGE('',*,*,#1030,.F.);
#1030 = EDGE_CURVE('',#981,#1016,#1031,.T.);
#1031 = SURFACE_CURVE('',#1032,(#1035),.PCURVE_S1.);
#1032 = B_SPLINE_CURVE_WITH_KNOTS('',1,(#1033,#1034),.UNSPECIFIED.,.F.,
  .F.,(2,2),(-3.886E-03,3.886E-03),.PIECEWISE_BEZIER_KNOTS.);
#1033 = CARTESIAN_POINT('',(6.255587219999E-02,1.447868555655E-02,
    0.54682529712));
#1034 = CARTESIAN_POINT('',(7.032793192465E-02,1.447868555655E-02,
    0.54682529712));
#1035 = PCURVE('',#988,#1036);
#1036 = DEFINITIONAL_REPRESENTATION('',(#1037),#1041);
#1037 = LINE('',#1038,#1039);
#1038 = CARTESIAN_POINT('',(0.,-8.46E-04));
#1039 = VECTOR('',#1040,1.);
#1040 = DIRECTION('',(1.,0.));
#1041 = ( GEOMETRIC_REPRESENTATION_CONTEXT(2) 
PARAMETRIC_REPRESENTATION_CONTEXT() REPRESENTATION_CONTEXT('2D SPACE',''
  ) );
#1042 = ( GEOMETRIC_REPRESENTATION_CONTEXT(3) 
GLOBAL_UNCERTAINTY_ASSIGNED_CONTEXT((#1046)) 
GLOBAL_UNIT_ASSIGNED_CONTEXT((#1043,#1044,#1045)) REPRESENTATION_CONTEXT
('Context #1','3D Context with UNIT and UNCERTAINTY') );
#1043 = ( LENGTH_UNIT() NAMED_UNIT(*) SI_UNIT(.MILLI.,.METRE.) );
#1044 = ( NAMED_UNIT(*) PLANE_ANGLE_UNIT() SI_UNIT($,.RADIAN.) );
#1045 = ( NAMED_UNIT(*) SI_UNIT($,.STERADIAN.) SOLID_ANGLE_UNIT() );
#1046 = UNCERTAINTY_MEASURE_WITH_UNIT(LENGTH_MEASURE(1.E-07),#1043,
  'distance_accuracy_value','confusion accuracy');
#1047 = CONTEXT_DEPENDENT_SHAPE_REPRESENTATION(#1048,#1050);
#1048 = ( REPRESENTATION_RELATIONSHIP('','',#971,#10) 
REPRESENTATION_RELATIONSHIP_WITH_TRANSFORMATION(#1049) 
SHAPE_REPRESENTATION_RELATIONSHIP() );
#1049 = ITEM_DEFINED_TRANSFORMATION('','',#11,#51);
#1050 = PRODUCT_DEFINITION_SHAPE('Placement','Placement of an item',
  #1051);
#1051 = NEXT_ASSEMBLY_USAGE_OCCURRENCE('10','','',#5,#966,$);
#1052 = PRODUCT_RELATED_PRODUCT_CATEGORY('part',$,(#968));
#1053 = SHAPE_DEFINITION_REPRESENTATION(#1054,#1060);
#1054 = PRODUCT_DEFINITION_SHAPE('','',#1055);
#1055 = PRODUCT_DEFINITION('design','',#1056,#1059);
#1056 = PRODUCT_DEFINITION_FORMATION('','',#1057);
#1057 = PRODUCT('Open CASCADE STEP translator 7.9 1.11',
  'Open CASCADE STEP translator 7.9 1.11','',(#1058));
#1058 = PRODUCT_CONTEXT('',#2,'mechanical');
#1059 = PRODUCT_DEFINITION_CONTEXT('part definition',#2,'design');
#1060 = MANIFOLD_SURFACE_SHAPE_REPRESENTATION('',(#11,#1061),#1131);
#1061 = SHELL_BASED_SURFACE_MODEL('',(#1062));
#1062 = OPEN_SHELL('',(#1063));
#1063 = ADVANCED_FACE('',(#1064),#1077,.T.);
#1064 = FACE_BOUND('',#1065,.T.);
#1065 = EDGE_LOOP('',(#1066,#1088,#1103,#1118));
#1066 = ORIENTED_EDGE('',*,*,#1067,.F.);
#1067 = EDGE_CURVE('',#1068,#1070,#1072,.T.);
#1068 = VERTEX_POINT('',#1069);
#1069 = CARTESIAN_POINT('',(6.255587219999E-02,4.773205687919E-02,
    0.49915540708));
#1070 = VERTEX_POINT('',#1071);
#1071 = CARTESIAN_POINT('',(6.255587219999E-02,4.773205687919E-02,
    0.54682529712));
#1072 = SURFACE_CURVE('',#1073,(#1076),.PCURVE_S1.);
#1073 = B_SPLINE_CURVE_WITH_KNOTS('',1,(#1074,#1075),.UNSPECIFIED.,.F.,
  .F.,(2,2),(-4.8516E-02,-8.46E-04),.PIECEWISE_BEZIER_KNOTS.);
#1074 = CARTESIAN_POINT('',(6.255587219999E-02,4.773205687919E-02,
    0.49915540708));
#1075 = CARTESIAN_POINT('',(6.255587219999E-02,4.773205687919E-02,
    0.54682529712));
#1076 = PCURVE('',#1077,#1082);
#1077 = B_SPLINE_SURFACE_WITH_KNOTS('',1,1,(
    (#1078,#1079)
    ,(#1080,#1081
    )),.UNSPECIFIED.,.F.,.F.,.F.,(2,2),(2,2),(-3.886E-03,3.886E-03),(
    -4.8516E-02,-8.46E-04),.PIECEWISE_BEZIER_KNOTS.);
#1078 = CARTESIAN_POINT('',(6.255587219999E-02,4.773205687919E-02,
    0.49915540708));
#1079 = CARTESIAN_POINT('',(6.255587219999E-02,4.773205687919E-02,
    0.54682529712));
#1080 = CARTESIAN_POINT('',(7.032793192465E-02,4.773205687919E-02,
    0.49915540708));
#1081 = CARTESIAN_POINT('',(7.032793192465E-02,4.773205687919E-02,
    0.54682529712));
#1082 = DEFINITIONAL_REPRESENTATION('',(#1083),#1087);
#1083 = LINE('',#1084,#1085);
#1084 = CARTESIAN_POINT('',(-3.886E-03,0.));
#1085 = VECTOR('',#1086,1.);
#1086 = DIRECTION('',(0.,1.));
#1087 = ( GEOMETRIC_REPRESENTATION_CONTEXT(2) 
PARAMETRIC_REPRESENTATION_CONTEXT() REPRESENTATION_CONTEXT('2D SPACE',''
  ) );
#1088 = ORIENTED_EDGE('',*,*,#1089,.T.);
#1089 = EDGE_CURVE('',#1068,#1090,#1092,.T.);
#1090 = VERTEX_POINT('',#1091);
#1091 = CARTESIAN_POINT('',(7.032793192465E-02,4.773205687919E-02,
    0.49915540708));
#1092 = SURFACE_CURVE('',#1093,(#1096),.PCURVE_S1.);
#1093 = B_SPLINE_CURVE_WITH_KNOTS('',1,(#1094,#1095),.UNSPECIFIED.,.F.,
  .F.,(2,2),(-3.886E-03,3.886E-03),.PIECEWISE_BEZIER_KNOTS.);
#1094 = CARTESIAN_POINT('',(6.255587219999E-02,4.773205687919E-02,
    0.49915540708));
#1095 = CARTESIAN_POINT('',(7.032793192465E-02,4.773205687919E-02,
    0.49915540708));
#1096 = PCURVE('',#1077,#1097);
#1097 = DEFINITIONAL_REPRESENTATION('',(#1098),#1102);
#1098 = LINE('',#1099,#1100);
#1099 = CARTESIAN_POINT('',(0.,-4.8516E-02));
#1100 = VECTOR('',#1101,1.);
#1101 = DIRECTION('',(1.,0.));
#1102 = ( GEOMETRIC_REPRESENTATION_CONTEXT(2) 
PARAMETRIC_REPRESENTATION_CONTEXT() REPRESENTATION_CONTEXT('2D SPACE',''
  ) );
#1103 = ORIENTED_EDGE('',*,*,#1104,.T.);
#1104 = EDGE_CURVE('',#1090,#1105,#1107,.T.);
#1105 = VERTEX_POINT('',#1106);
#1106 = CARTESIAN_POINT('',(7.032793192465E-02,4.773205687919E-02,
    0.54682529712));
#1107 = SURFACE_CURVE('',#1108,(#1111),.PCURVE_S1.);
#1108 = B_SPLINE_CURVE_WITH_KNOTS('',1,(#1109,#1110),.UNSPECIFIED.,.F.,
  .F.,(2,2),(-4.8516E-02,-8.46E-04),.PIECEWISE_BEZIER_KNOTS.);
#1109 = CARTESIAN_POINT('',(7.032793192465E-02,4.773205687919E-02,
    0.49915540708));
#1110 = CARTESIAN_POINT('',(7.032793192465E-02,4.773205687919E-02,
    0.54682529712));
#1111 = PCURVE('',#1077,#1112);
#1112 = DEFINITIONAL_REPRESENTATION('',(#1113),#1117);
#1113 = LINE('',#1114,#1115);
#1114 = CARTESIAN_POINT('',(3.886E-03,0.));
#1115 = VECTOR('',#1116,1.);
#1116 = DIRECTION('',(0.,1.));
#1117 = ( GEOMETRIC_REPRESENTATION_CONTEXT(2) 
PARAMETRIC_REPRESENTATION_CONTEXT() REPRESENTATION_CONTEXT('2D SPACE',''
  ) );
#1118 = ORIENTED_EDGE('',*,*,#1119,.F.);
#1119 = EDGE_CURVE('',#1070,#1105,#1120,.T.);
#1120 = SURFACE_CURVE('',#1121,(#1124),.PCURVE_S1.);
#1121 = B_SPLINE_CURVE_WITH_KNOTS('',1,(#1122,#1123),.UNSPECIFIED.,.F.,
  .F.,(2,2),(-3.886E-03,3.886E-03),.PIECEWISE_BEZIER_KNOTS.);
#1122 = CARTESIAN_POINT('',(6.255587219999E-02,4.773205687919E-02,
    0.54682529712));
#1123 = CARTESIAN_POINT('',(7.032793192465E-02,4.773205687919E-02,
    0.54682529712));
#1124 = PCURVE('',#1077,#1125);
#1125 = DEFINITIONAL_REPRESENTATION('',(#1126),#1130);
#1126 = LINE('',#1127,#1128);
#1127 = CARTESIAN_POINT('',(0.,-8.46E-04));
#1128 = VECTOR('',#1129,1.);
#1129 = DIRECTION('',(1.,0.));
#1130 = ( GEOMETRIC_REPRESENTATION_CONTEXT(2) 
PARAMETRIC_REPRESENTATION_CONTEXT() REPRESENTATION_CONTEXT('2D SPACE',''
  ) );
#1131 = ( GEOMETRIC_REPRESENTATION_CONTEXT(3) 
GLOBAL_UNCERTAINTY_ASSIGNED_CONTEXT((#1135)) 
GLOBAL_UNIT_ASSIGNED_CONTEXT((#1132,#1133,#1134)) REPRESENTATION_CONTEXT
('Context #1','3D Context with UNIT and UNCERTAINTY') );
#1132 = ( LENGTH_UNIT() NAMED_UNIT(*) SI_UNIT(.MILLI.,.METRE.) );
#1133 = ( NAMED_UNIT(*) PLANE_ANGLE_UNIT() SI_UNIT($,.RADIAN.) );
#1134 = ( NAMED_UNIT(*) SI_UNIT($,.STERADIAN.) SOLID_ANGLE_UNIT() );
#1135 = UNCERTAINTY_MEASURE_WITH_UNIT(LENGTH_MEASURE(1.E-07),#1132,
  'distance_accuracy_value','confusion accuracy');
#1136 = CONTEXT_DEPENDENT_SHAPE_REPRESENTATION(#1137,#1139);
#1137 = ( REPRESENTATION_RELATIONSHIP('','',#1060,#10) 
REPRESENTATION_RELATIONSHIP_WITH_TRANSFORMATION(#1138) 
SHAPE_REPRESENTATION_RELATIONSHIP() );
#1138 = ITEM_DEFINED_TRANSFORMATION('','',#11,#55);
#1139 = PRODUCT_DEFINITION_SHAPE('Placement','Placement of an item',
  #1140);
#1140 = NEXT_ASSEMBLY_USAGE_OCCURRENCE('11','','',#5,#1055,$);
#1141 = PRODUCT_RELATED_PRODUCT_CATEGORY('part',$,(#1057));
#1142 = SHAPE_DEFINITION_REPRESENTATION(#1143,#1149);
#1143 = PRODUCT_DEFINITION_SHAPE('','',#1144);
#1144 = PRODUCT_DEFINITION('design','',#1145,#1148);
#1145 = PRODUCT_DEFINITION_FORMATION('','',#1146);
#1146 = PRODUCT('Open CASCADE STEP translator 7.9 1.12',
  'Open CASCADE STEP translator 7.9 1.12','',(#1147));
#1147 = PRODUCT_CONTEXT('',#2,'mechanical');
#1148 = PRODUCT_DEFINITION_CONTEXT('part definition',#2,'design');
#1149 = MANIFOLD_SURFACE_SHAPE_REPRESENTATION('',(#11,#1150),#1220);
#1150 = SHELL_BASED_SURFACE_MODEL('',(#1151));
#1151 = OPEN_SHELL('',(#1152));
#1152 = ADVANCED_FACE('',(#1153),#1166,.T.);
#1153 = FACE_BOUND('',#1154,.T.);
#1154 = EDGE_LOOP('',(#1155,#1177,#1192,#1207));
#1155 = ORIENTED_EDGE('',*,*,#1156,.F.);
#1156 = EDGE_CURVE('',#1157,#1159,#1161,.T.);
#1157 = VERTEX_POINT('',#1158);
#1158 = CARTESIAN_POINT('',(7.033795259997E-02,4.773205687919E-02,
    0.49915540708));
#1159 = VERTEX_POINT('',#1160);
#1160 = CARTESIAN_POINT('',(7.033795259997E-02,4.773205687919E-02,
    0.54682529712));
#1161 = SURFACE_CURVE('',#1162,(#1165),.PCURVE_S1.);
#1162 = B_SPLINE_CURVE_WITH_KNOTS('',1,(#1163,#1164),.UNSPECIFIED.,.F.,
  .F.,(2,2),(-4.8516E-02,-8.46E-04),.PIECEWISE_BEZIER_KNOTS.);
#1163 = CARTESIAN_POINT('',(7.033795259997E-02,4.773205687919E-02,
    0.49915540708));
#1164 = CARTESIAN_POINT('',(7.033795259997E-02,4.773205687919E-02,
    0.54682529712));
#1165 = PCURVE('',#1166,#1171);
#1166 = B_SPLINE_SURFACE_WITH_KNOTS('',1,1,(
    (#1167,#1168)
    ,(#1169,#1170
    )),.UNSPECIFIED.,.F.,.F.,.F.,(2,2),(2,2),(-3.886E-03,3.886E-03),(
    -4.8516E-02,-8.46E-04),.PIECEWISE_BEZIER_KNOTS.);
#1167 = CARTESIAN_POINT('',(7.033795259997E-02,4.773205687919E-02,
    0.49915540708));
#1168 = CARTESIAN_POINT('',(7.033795259997E-02,4.773205687919E-02,
    0.54682529712));
#1169 = CARTESIAN_POINT('',(6.256589287531E-02,4.773205687919E-02,
    0.49915540708));
#1170 = CARTESIAN_POINT('',(6.256589287531E-02,4.773205687919E-02,
    0.54682529712));
#1171 = DEFINITIONAL_REPRESENTATION('',(#1172),#1176);
#1172 = LINE('',#1173,#1174);
#1173 = CARTESIAN_POINT('',(-3.886E-03,0.));
#1174 = VECTOR('',#1175,1.);
#1175 = DIRECTION('',(0.,1.));
#1176 = ( GEOMETRIC_REPRESENTATION_CONTEXT(2) 
PARAMETRIC_REPRESENTATION_CONTEXT() REPRESENTATION_CONTEXT('2D SPACE',''
  ) );
#1177 = ORIENTED_EDGE('',*,*,#1178,.T.);
#1178 = EDGE_CURVE('',#1157,#1179,#1181,.T.);
#1179 = VERTEX_POINT('',#1180);
#1180 = CARTESIAN_POINT('',(6.256589287531E-02,4.773205687919E-02,
    0.49915540708));
#1181 = SURFACE_CURVE('',#1182,(#1185),.PCURVE_S1.);
#1182 = B_SPLINE_CURVE_WITH_KNOTS('',1,(#1183,#1184),.UNSPECIFIED.,.F.,
  .F.,(2,2),(-3.886E-03,3.886E-03),.PIECEWISE_BEZIER_KNOTS.);
#1183 = CARTESIAN_POINT('',(7.033795259997E-02,4.773205687919E-02,
    0.49915540708));
#1184 = CARTESIAN_POINT('',(6.256589287531E-02,4.773205687919E-02,
    0.49915540708));
#1185 = PCURVE('',#1166,#1186);
#1186 = DEFINITIONAL_REPRESENTATION('',(#1187),#1191);
#1187 = LINE('',#1188,#1189);
#1188 = CARTESIAN_POINT('',(0.,-4.8516E-02));
#1189 = VECTOR('',#1190,1.);
#1190 = DIRECTION('',(1.,0.));
#1191 = ( GEOMETRIC_REPRESENTATION_CONTEXT(2) 
PARAMETRIC_REPRESENTATION_CONTEXT() REPRESENTATION_CONTEXT('2D SPACE',''
  ) );
#1192 = ORIENTED_EDGE('',*,*,#1193,.T.);
#1193 = EDGE_CURVE('',#1179,#1194,#1196,.T.);
#1194 = VERTEX_POINT('',#1195);
#1195 = CARTESIAN_POINT('',(6.256589287531E-02,4.773205687919E-02,
    0.54682529712));
#1196 = SURFACE_CURVE('',#1197,(#1200),.PCURVE_S1.);
#1197 = B_SPLINE_CURVE_WITH_KNOTS('',1,(#1198,#1199),.UNSPECIFIED.,.F.,
  .F.,(2,2),(-4.8516E-02,-8.46E-04),.PIECEWISE_BEZIER_KNOTS.);
#1198 = CARTESIAN_POINT('',(6.256589287531E-02,4.773205687919E-02,
    0.49915540708));
#1199 = CARTESIAN_POINT('',(6.256589287531E-02,4.773205687919E-02,
    0.54682529712));
#1200 = PCURVE('',#1166,#1201);
#1201 = DEFINITIONAL_REPRESENTATION('',(#1202),#1206);
#1202 = LINE('',#1203,#1204);
#1203 = CARTESIAN_POINT('',(3.886E-03,0.));
#1204 = VECTOR('',#1205,1.);
#1205 = DIRECTION('',(0.,1.));
#1206 = ( GEOMETRIC_REPRESENTATION_CONTEXT(2) 
PARAMETRIC_REPRESENTATION_CONTEXT() REPRESENTATION_CONTEXT('2D SPACE',''
  ) );
#1207 = ORIENTED_EDGE('',*,*,#1208,.F.);
#1208 = EDGE_CURVE('',#1159,#1194,#1209,.T.);
#1209 = SURFACE_CURVE('',#1210,(#1213),.PCURVE_S1.);
#1210 = B_SPLINE_CURVE_WITH_KNOTS('',1,(#1211,#1212),.UNSPECIFIED.,.F.,
  .F.,(2,2),(-3.886E-03,3.886E-03),.PIECEWISE_BEZIER_KNOTS.);
#1211 = CARTESIAN_POINT('',(7.033795259997E-02,4.773205687919E-02,
    0.54682529712));
#1212 = CARTESIAN_POINT('',(6.256589287531E-02,4.773205687919E-02,
    0.54682529712));
#1213 = PCURVE('',#1166,#1214);
#1214 = DEFINITIONAL_REPRESENTATION('',(#1215),#1219);
#1215 = LINE('',#1216,#1217);
#1216 = CARTESIAN_POINT('',(0.,-8.46E-04));
#1217 = VECTOR('',#1218,1.);
#1218 = DIRECTION('',(1.,0.));
#1219 = ( GEOMETRIC_REPRESENTATION_CONTEXT(2) 
PARAMETRIC_REPRESENTATION_CONTEXT() REPRESENTATION_CONTEXT('2D SPACE',''
  ) );
#1220 = ( GEOMETRIC_REPRESENTATION_CONTEXT(3) 
GLOBAL_UNCERTAINTY_ASSIGNED_CONTEXT((#1224)) 
GLOBAL_UNIT_ASSIGNED_CONTEXT((#1221,#1222,#1223)) REPRESENTATION_CONTEXT
('Context #1','3D Context with UNIT and UNCERTAINTY') );
#1221 = ( LENGTH_UNIT() NAMED_UNIT(*) SI_UNIT(.MILLI.,.METRE.) );
#1222 = ( NAMED_UNIT(*) PLANE_ANGLE_UNIT() SI_UNIT($,.RADIAN.) );
#1223 = ( NAMED_UNIT(*) SI_UNIT($,.STERADIAN.) SOLID_ANGLE_UNIT() );
#1224 = UNCERTAINTY_MEASURE_WITH_UNIT(LENGTH_MEASURE(1.E-07),#1221,
  'distance_accuracy_value','confusion accuracy');
#1225 = CONTEXT_DEPENDENT_SHAPE_REPRESENTATION(#1226,#1228);
#1226 = ( REPRESENTATION_RELATIONSHIP('','',#1149,#10) 
REPRESENTATION_RELATIONSHIP_WITH_TRANSFORMATION(#1227) 
SHAPE_REPRESENTATION_RELATIONSHIP() );
#1227 = ITEM_DEFINED_TRANSFORMATION('','',#11,#59);
#1228 = PRODUCT_DEFINITION_SHAPE('Placement','Placement of an item',
  #1229);
#1229 = NEXT_ASSEMBLY_USAGE_OCCURRENCE('12','','',#5,#1144,$);
#1230 = PRODUCT_RELATED_PRODUCT_CATEGORY('part',$,(#1146));
#1231 = SHAPE_DEFINITION_REPRESENTATION(#1232,#1238);
#1232 = PRODUCT_DEFINITION_SHAPE('','',#1233);
#1233 = PRODUCT_DEFINITION('design','',#1234,#1237);
#1234 = PRODUCT_DEFINITION_FORMATION('','',#1235);
#1235 = PRODUCT('Open CASCADE STEP translator 7.9 1.13',
  'Open CASCADE STEP translator 7.9 1.13','',(#1236));
#1236 = PRODUCT_CONTEXT('',#2,'mechanical');
#1237 = PRODUCT_DEFINITION_CONTEXT('part definition',#2,'design');
#1238 = MANIFOLD_SURFACE_SHAPE_REPRESENTATION('',(#11,#1239),#1309);
#1239 = SHELL_BASED_SURFACE_MODEL('',(#1240));
#1240 = OPEN_SHELL('',(#1241));
#1241 = ADVANCED_FACE('',(#1242),#1255,.T.);
#1242 = FACE_BOUND('',#1243,.T.);
#1243 = EDGE_LOOP('',(#1244,#1266,#1281,#1296));
#1244 = ORIENTED_EDGE('',*,*,#1245,.F.);
#1245 = EDGE_CURVE('',#1246,#1248,#1250,.T.);
#1246 = VERTEX_POINT('',#1247);
#1247 = CARTESIAN_POINT('',(6.255587219999E-02,4.773205687919E-02,
    0.49915540708));
#1248 = VERTEX_POINT('',#1249);
#1249 = CARTESIAN_POINT('',(6.255587219999E-02,4.773205687919E-02,
    0.54682529712));
#1250 = SURFACE_CURVE('',#1251,(#1254),.PCURVE_S1.);
#1251 = B_SPLINE_CURVE_WITH_KNOTS('',1,(#1252,#1253),.UNSPECIFIED.,.F.,
  .F.,(2,2),(-4.8516E-02,-8.46E-04),.PIECEWISE_BEZIER_KNOTS.);
#1252 = CARTESIAN_POINT('',(6.255587219999E-02,4.773205687919E-02,
    0.49915540708));
#1253 = CARTESIAN_POINT('',(6.255587219999E-02,4.773205687919E-02,
    0.54682529712));
#1254 = PCURVE('',#1255,#1260);
#1255 = B_SPLINE_SURFACE_WITH_KNOTS('',1,1,(
    (#1256,#1257)
    ,(#1258,#1259
    )),.UNSPECIFIED.,.F.,.F.,.F.,(2,2),(2,2),(-1.6627E-02,1.6627E-02),(
    -4.8516E-02,-8.46E-04),.PIECEWISE_BEZIER_KNOTS.);
#1256 = CARTESIAN_POINT('',(6.255587219999E-02,4.773205687919E-02,
    0.49915540708));
#1257 = CARTESIAN_POINT('',(6.255587219999E-02,4.773205687919E-02,
    0.54682529712));
#1258 = CARTESIAN_POINT('',(6.255587219999E-02,1.447868555423E-02,
    0.49915540708));
#1259 = CARTESIAN_POINT('',(6.255587219999E-02,1.447868555423E-02,
    0.54682529712));
#1260 = DEFINITIONAL_REPRESENTATION('',(#1261),#1265);
#1261 = LINE('',#1262,#1263);
#1262 = CARTESIAN_POINT('',(-1.6627E-02,0.));
#1263 = VECTOR('',#1264,1.);
#1264 = DIRECTION('',(0.,1.));
#1265 = ( GEOMETRIC_REPRESENTATION_CONTEXT(2) 
PARAMETRIC_REPRESENTATION_CONTEXT() REPRESENTATION_CONTEXT('2D SPACE',''
  ) );
#1266 = ORIENTED_EDGE('',*,*,#1267,.T.);
#1267 = EDGE_CURVE('',#1246,#1268,#1270,.T.);
#1268 = VERTEX_POINT('',#1269);
#1269 = CARTESIAN_POINT('',(6.255587219999E-02,1.447868555423E-02,
    0.49915540708));
#1270 = SURFACE_CURVE('',#1271,(#1274),.PCURVE_S1.);
#1271 = B_SPLINE_CURVE_WITH_KNOTS('',1,(#1272,#1273),.UNSPECIFIED.,.F.,
  .F.,(2,2),(-1.6627E-02,1.6627E-02),.PIECEWISE_BEZIER_KNOTS.);
#1272 = CARTESIAN_POINT('',(6.255587219999E-02,4.773205687919E-02,
    0.49915540708));
#1273 = CARTESIAN_POINT('',(6.255587219999E-02,1.447868555423E-02,
    0.49915540708));
#1274 = PCURVE('',#1255,#1275);
#1275 = DEFINITIONAL_REPRESENTATION('',(#1276),#1280);
#1276 = LINE('',#1277,#1278);
#1277 = CARTESIAN_POINT('',(0.,-4.8516E-02));
#1278 = VECTOR('',#1279,1.);
#1279 = DIRECTION('',(1.,0.));
#1280 = ( GEOMETRIC_REPRESENTATION_CONTEXT(2) 
PARAMETRIC_REPRESENTATION_CONTEXT() REPRESENTATION_CONTEXT('2D SPACE',''
  ) );
#1281 = ORIENTED_EDGE('',*,*,#1282,.T.);
#1282 = EDGE_CURVE('',#1268,#1283,#1285,.T.);
#1283 = VERTEX_POINT('',#1284);
#1284 = CARTESIAN_POINT('',(6.255587219999E-02,1.447868555423E-02,
    0.54682529712));
#1285 = SURFACE_CURVE('',#1286,(#1289),.PCURVE_S1.);
#1286 = B_SPLINE_CURVE_WITH_KNOTS('',1,(#1287,#1288),.UNSPECIFIED.,.F.,
  .F.,(2,2),(-4.8516E-02,-8.46E-04),.PIECEWISE_BEZIER_KNOTS.);
#1287 = CARTESIAN_POINT('',(6.255587219999E-02,1.447868555423E-02,
    0.49915540708));
#1288 = CARTESIAN_POINT('',(6.255587219999E-02,1.447868555423E-02,
    0.54682529712));
#1289 = PCURVE('',#1255,#1290);
#1290 = DEFINITIONAL_REPRESENTATION('',(#1291),#1295);
#1291 = LINE('',#1292,#1293);
#1292 = CARTESIAN_POINT('',(1.6627E-02,0.));
#1293 = VECTOR('',#1294,1.);
#1294 = DIRECTION('',(0.,1.));
#1295 = ( GEOMETRIC_REPRESENTATION_CONTEXT(2) 
PARAMETRIC_REPRESENTATION_CONTEXT() REPRESENTATION_CONTEXT('2D SPACE',''
  ) );
#1296 = ORIENTED_EDGE('',*,*,#1297,.F.);
#1297 = EDGE_CURVE('',#1248,#1283,#1298,.T.);
#1298 = SURFACE_CURVE('',#1299,(#1302),.PCURVE_S1.);
#1299 = B_SPLINE_CURVE_WITH_KNOTS('',1,(#1300,#1301),.UNSPECIFIED.,.F.,
  .F.,(2,2),(-1.6627E-02,1.6627E-02),.PIECEWISE_BEZIER_KNOTS.);
#1300 = CARTESIAN_POINT('',(6.255587219999E-02,4.773205687919E-02,
    0.54682529712));
#1301 = CARTESIAN_POINT('',(6.255587219999E-02,1.447868555423E-02,
    0.54682529712));
#1302 = PCURVE('',#1255,#1303);
#1303 = DEFINITIONAL_REPRESENTATION('',(#1304),#1308);
#1304 = LINE('',#1305,#1306);
#1305 = CARTESIAN_POINT('',(0.,-8.46E-04));
#1306 = VECTOR('',#1307,1.);
#1307 = DIRECTION('',(1.,0.));
#1308 = ( GEOMETRIC_REPRESENTATION_CONTEXT(2) 
PARAMETRIC_REPRESENTATION_CONTEXT() REPRESENTATION_CONTEXT('2D SPACE',''
  ) );
#1309 = ( GEOMETRIC_REPRESENTATION_CONTEXT(3) 
GLOBAL_UNCERTAINTY_ASSIGNED_CONTEXT((#1313)) 
GLOBAL_UNIT_ASSIGNED_CONTEXT((#1310,#1311,#1312)) REPRESENTATION_CONTEXT
('Context #1','3D Context with UNIT and UNCERTAINTY') );
#1310 = ( LENGTH_UNIT() NAMED_UNIT(*) SI_UNIT(.MILLI.,.METRE.) );
#1311 = ( NAMED_UNIT(*) PLANE_ANGLE_UNIT() SI_UNIT($,.RADIAN.) );
#1312 = ( NAMED_UNIT(*) SI_UNIT($,.STERADIAN.) SOLID_ANGLE_UNIT() );
#1313 = UNCERTAINTY_MEASURE_WITH_UNIT(LENGTH_MEASURE(1.E-07),#1310,
  'distance_accuracy_value','confusion accuracy');
#1314 = CONTEXT_DEPENDENT_SHAPE_REPRESENTATION(#1315,#1317);
#1315 = ( REPRESENTATION_RELATIONSHIP('','',#1238,#10) 
REPRESENTATION_RELATIONSHIP_WITH_TRANSFORMATION(#1316) 
SHAPE_REPRESENTATION_RELATIONSHIP() );
#1316 = ITEM_DEFINED_TRANSFORMATION('','',#11,#63);
#1317 = PRODUCT_DEFINITION_SHAPE('Placement','Placement of an item',
  #1318);
#1318 = NEXT_ASSEMBLY_USAGE_OCCURRENCE('13','','',#5,#1233,$);
#1319 = PRODUCT_RELATED_PRODUCT_CATEGORY('part',$,(#1235));
#1320 = SHAPE_DEFINITION_REPRESENTATION(#1321,#1327);
#1321 = PRODUCT_DEFINITION_SHAPE('','',#1322);
#1322 = PRODUCT_DEFINITION('design','',#1323,#1326);
#1323 = PRODUCT_DEFINITION_FORMATION('','',#1324);
#1324 = PRODUCT('Open CASCADE STEP translator 7.9 1.14',
  'Open CASCADE STEP translator 7.9 1.14','',(#1325));
#1325 = PRODUCT_CONTEXT('',#2,'mechanical');
#1326 = PRODUCT_DEFINITION_CONTEXT('part definition',#2,'design');
#1327 = MANIFOLD_SURFACE_SHAPE_REPRESENTATION('',(#11,#1328),#1398);
#1328 = SHELL_BASED_SURFACE_MODEL('',(#1329));
#1329 = OPEN_SHELL('',(#1330));
#1330 = ADVANCED_FACE('',(#1331),#1344,.T.);
#1331 = FACE_BOUND('',#1332,.T.);
#1332 = EDGE_LOOP('',(#1333,#1355,#1370,#1385));
#1333 = ORIENTED_EDGE('',*,*,#1334,.F.);
#1334 = EDGE_CURVE('',#1335,#1337,#1339,.T.);
#1335 = VERTEX_POINT('',#1336);
#1336 = CARTESIAN_POINT('',(7.033795259997E-02,1.447868555655E-02,
    0.54682529712));
#1337 = VERTEX_POINT('',#1338);
#1338 = CARTESIAN_POINT('',(7.033795259997E-02,4.773205688151E-02,
    0.54682529712));
#1339 = SURFACE_CURVE('',#1340,(#1343),.PCURVE_S1.);
#1340 = B_SPLINE_CURVE_WITH_KNOTS('',1,(#1341,#1342),.UNSPECIFIED.,.F.,
  .F.,(2,2),(-1.6627E-02,1.6627E-02),.PIECEWISE_BEZIER_KNOTS.);
#1341 = CARTESIAN_POINT('',(7.033795259997E-02,1.447868555655E-02,
    0.54682529712));
#1342 = CARTESIAN_POINT('',(7.033795259997E-02,4.773205688151E-02,
    0.54682529712));
#1343 = PCURVE('',#1344,#1349);
#1344 = B_SPLINE_SURFACE_WITH_KNOTS('',1,1,(
    (#1345,#1346)
    ,(#1347,#1348
    )),.UNSPECIFIED.,.F.,.F.,.F.,(2,2),(2,2),(-3.886E-03,3.886E-03),(
    -1.6627E-02,1.6627E-02),.PIECEWISE_BEZIER_KNOTS.);
#1345 = CARTESIAN_POINT('',(7.033795259997E-02,1.447868555655E-02,
    0.54682529712));
#1346 = CARTESIAN_POINT('',(7.033795259997E-02,4.773205688151E-02,
    0.54682529712));
#1347 = CARTESIAN_POINT('',(6.256589287531E-02,1.447868555655E-02,
    0.54682529712));
#1348 = CARTESIAN_POINT('',(6.256589287531E-02,4.773205688151E-02,
    0.54682529712));
#1349 = DEFINITIONAL_REPRESENTATION('',(#1350),#1354);
#1350 = LINE('',#1351,#1352);
#1351 = CARTESIAN_POINT('',(-3.886E-03,0.));
#1352 = VECTOR('',#1353,1.);
#1353 = DIRECTION('',(0.,1.));
#1354 = ( GEOMETRIC_REPRESENTATION_CONTEXT(2) 
PARAMETRIC_REPRESENTATION_CONTEXT() REPRESENTATION_CONTEXT('2D SPACE',''
  ) );
#1355 = ORIENTED_EDGE('',*,*,#1356,.T.);
#1356 = EDGE_CURVE('',#1335,#1357,#1359,.T.);
#1357 = VERTEX_POINT('',#1358);
#1358 = CARTESIAN_POINT('',(6.256589287531E-02,1.447868555655E-02,
    0.54682529712));
#1359 = SURFACE_CURVE('',#1360,(#1363),.PCURVE_S1.);
#1360 = B_SPLINE_CURVE_WITH_KNOTS('',1,(#1361,#1362),.UNSPECIFIED.,.F.,
  .F.,(2,2),(-3.886E-03,3.886E-03),.PIECEWISE_BEZIER_KNOTS.);
#1361 = CARTESIAN_POINT('',(7.033795259997E-02,1.447868555655E-02,
    0.54682529712));
#1362 = CARTESIAN_POINT('',(6.256589287531E-02,1.447868555655E-02,
    0.54682529712));
#1363 = PCURVE('',#1344,#1364);
#1364 = DEFINITIONAL_REPRESENTATION('',(#1365),#1369);
#1365 = LINE('',#1366,#1367);
#1366 = CARTESIAN_POINT('',(0.,-1.6627E-02));
#1367 = VECTOR('',#1368,1.);
#1368 = DIRECTION('',(1.,0.));
#1369 = ( GEOMETRIC_REPRESENTATION_CONTEXT(2) 
PARAMETRIC_REPRESENTATION_CONTEXT() REPRESENTATION_CONTEXT('2D SPACE',''
  ) );
#1370 = ORIENTED_EDGE('',*,*,#1371,.T.);
#1371 = EDGE_CURVE('',#1357,#1372,#1374,.T.);
#1372 = VERTEX_POINT('',#1373);
#1373 = CARTESIAN_POINT('',(6.256589287531E-02,4.773205688151E-02,
    0.54682529712));
#1374 = SURFACE_CURVE('',#1375,(#1378),.PCURVE_S1.);
#1375 = B_SPLINE_CURVE_WITH_KNOTS('',1,(#1376,#1377),.UNSPECIFIED.,.F.,
  .F.,(2,2),(-1.6627E-02,1.6627E-02),.PIECEWISE_BEZIER_KNOTS.);
#1376 = CARTESIAN_POINT('',(6.256589287531E-02,1.447868555655E-02,
    0.54682529712));
#1377 = CARTESIAN_POINT('',(6.256589287531E-02,4.773205688151E-02,
    0.54682529712));
#1378 = PCURVE('',#1344,#1379);
#1379 = DEFINITIONAL_REPRESENTATION('',(#1380),#1384);
#1380 = LINE('',#1381,#1382);
#1381 = CARTESIAN_POINT('',(3.886E-03,0.));
#1382 = VECTOR('',#1383,1.);
#1383 = DIRECTION('',(0.,1.));
#1384 = ( GEOMETRIC_REPRESENTATION_CONTEXT(2) 
PARAMETRIC_REPRESENTATION_CONTEXT() REPRESENTATION_CONTEXT('2D SPACE',''
  ) );
#1385 = ORIENTED_EDGE('',*,*,#1386,.F.);
#1386 = EDGE_CURVE('',#1337,#1372,#1387,.T.);
#1387 = SURFACE_CURVE('',#1388,(#1391),.PCURVE_S1.);
#1388 = B_SPLINE_CURVE_WITH_KNOTS('',1,(#1389,#1390),.UNSPECIFIED.,.F.,
  .F.,(2,2),(-3.886E-03,3.886E-03),.PIECEWISE_BEZIER_KNOTS.);
#1389 = CARTESIAN_POINT('',(7.033795259997E-02,4.773205688151E-02,
    0.54682529712));
#1390 = CARTESIAN_POINT('',(6.256589287531E-02,4.773205688151E-02,
    0.54682529712));
#1391 = PCURVE('',#1344,#1392);
#1392 = DEFINITIONAL_REPRESENTATION('',(#1393),#1397);
#1393 = LINE('',#1394,#1395);
#1394 = CARTESIAN_POINT('',(0.,1.6627E-02));
#1395 = VECTOR('',#1396,1.);
#1396 = DIRECTION('',(1.,0.));
#1397 = ( GEOMETRIC_REPRESENTATION_CONTEXT(2) 
PARAMETRIC_REPRESENTATION_CONTEXT() REPRESENTATION_CONTEXT('2D SPACE',''
  ) );
#1398 = ( GEOMETRIC_REPRESENTATION_CONTEXT(3) 
GLOBAL_UNCERTAINTY_ASSIGNED_CONTEXT((#1402)) 
GLOBAL_UNIT_ASSIGNED_CONTEXT((#1399,#1400,#1401)) REPRESENTATION_CONTEXT
('Context #1','3D Context with UNIT and UNCERTAINTY') );
#1399 = ( LENGTH_UNIT() NAMED_UNIT(*) SI_UNIT(.MILLI.,.METRE.) );
#1400 = ( NAMED_UNIT(*) PLANE_ANGLE_UNIT() SI_UNIT($,.RADIAN.) );
#1401 = ( NAMED_UNIT(*) SI_UNIT($,.STERADIAN.) SOLID_ANGLE_UNIT() );
#1402 = UNCERTAINTY_MEASURE_WITH_UNIT(LENGTH_MEASURE(1.E-07),#1399,
  'distance_accuracy_value','confusion accuracy');
#1403 = CONTEXT_DEPENDENT_SHAPE_REPRESENTATION(#1404,#1406);
#1404 = ( REPRESENTATION_RELATIONSHIP('','',#1327,#10) 
REPRESENTATION_RELATIONSHIP_WITH_TRANSFORMATION(#1405) 
SHAPE_REPRESENTATION_RELATIONSHIP() );
#1405 = ITEM_DEFINED_TRANSFORMATION('','',#11,#67);
#1406 = PRODUCT_DEFINITION_SHAPE('Placement','Placement of an item',
  #1407);
#1407 = NEXT_ASSEMBLY_USAGE_OCCURRENCE('14','','',#5,#1322,$);
#1408 = PRODUCT_RELATED_PRODUCT_CATEGORY('part',$,(#1324));
#1409 = SHAPE_DEFINITION_REPRESENTATION(#1410,#1416);
#1410 = PRODUCT_DEFINITION_SHAPE('','',#1411);
#1411 = PRODUCT_DEFINITION('design','',#1412,#1415);
#1412 = PRODUCT_DEFINITION_FORMATION('','',#1413);
#1413 = PRODUCT('Open CASCADE STEP translator 7.9 1.15',
  'Open CASCADE STEP translator 7.9 1.15','',(#1414));
#1414 = PRODUCT_CONTEXT('',#2,'mechanical');
#1415 = PRODUCT_DEFINITION_CONTEXT('part definition',#2,'design');
#1416 = MANIFOLD_SURFACE_SHAPE_REPRESENTATION('',(#11,#1417),#1487);
#1417 = SHELL_BASED_SURFACE_MODEL('',(#1418));
#1418 = OPEN_SHELL('',(#1419));
#1419 = ADVANCED_FACE('',(#1420),#1433,.T.);
#1420 = FACE_BOUND('',#1421,.T.);
#1421 = EDGE_LOOP('',(#1422,#1444,#1459,#1474));
#1422 = ORIENTED_EDGE('',*,*,#1423,.F.);
#1423 = EDGE_CURVE('',#1424,#1426,#1428,.T.);
#1424 = VERTEX_POINT('',#1425);
#1425 = CARTESIAN_POINT('',(7.033795259997E-02,1.447868555655E-02,
    0.54682529712));
#1426 = VERTEX_POINT('',#1427);
#1427 = CARTESIAN_POINT('',(7.033795259997E-02,4.773205688151E-02,
    0.54682529712));
#1428 = SURFACE_CURVE('',#1429,(#1432),.PCURVE_S1.);
#1429 = B_SPLINE_CURVE_WITH_KNOTS('',1,(#1430,#1431),.UNSPECIFIED.,.F.,
  .F.,(2,2),(-1.6627E-02,1.6627E-02),.PIECEWISE_BEZIER_KNOTS.);
#1430 = CARTESIAN_POINT('',(7.033795259997E-02,1.447868555655E-02,
    0.54682529712));
#1431 = CARTESIAN_POINT('',(7.033795259997E-02,4.773205688151E-02,
    0.54682529712));
#1432 = PCURVE('',#1433,#1438);
#1433 = B_SPLINE_SURFACE_WITH_KNOTS('',1,1,(
    (#1434,#1435)
    ,(#1436,#1437
    )),.UNSPECIFIED.,.F.,.F.,.F.,(2,2),(2,2),(-3.886E-03,3.886E-03),(
    -1.6627E-02,1.6627E-02),.PIECEWISE_BEZIER_KNOTS.);
#1434 = CARTESIAN_POINT('',(7.033795259997E-02,1.447868555655E-02,
    0.54682529712));
#1435 = CARTESIAN_POINT('',(7.033795259997E-02,4.773205688151E-02,
    0.54682529712));
#1436 = CARTESIAN_POINT('',(6.256589287531E-02,1.447868555655E-02,
    0.54682529712));
#1437 = CARTESIAN_POINT('',(6.256589287531E-02,4.773205688151E-02,
    0.54682529712));
#1438 = DEFINITIONAL_REPRESENTATION('',(#1439),#1443);
#1439 = LINE('',#1440,#1441);
#1440 = CARTESIAN_POINT('',(-3.886E-03,0.));
#1441 = VECTOR('',#1442,1.);
#1442 = DIRECTION('',(0.,1.));
#1443 = ( GEOMETRIC_REPRESENTATION_CONTEXT(2) 
PARAMETRIC_REPRESENTATION_CONTEXT() REPRESENTATION_CONTEXT('2D SPACE',''
  ) );
#1444 = ORIENTED_EDGE('',*,*,#1445,.T.);
#1445 = EDGE_CURVE('',#1424,#1446,#1448,.T.);
#1446 = VERTEX_POINT('',#1447);
#1447 = CARTESIAN_POINT('',(6.256589287531E-02,1.447868555655E-02,
    0.54682529712));
#1448 = SURFACE_CURVE('',#1449,(#1452),.PCURVE_S1.);
#1449 = B_SPLINE_CURVE_WITH_KNOTS('',1,(#1450,#1451),.UNSPECIFIED.,.F.,
  .F.,(2,2),(-3.886E-03,3.886E-03),.PIECEWISE_BEZIER_KNOTS.);
#1450 = CARTESIAN_POINT('',(7.033795259997E-02,1.447868555655E-02,
    0.54682529712));
#1451 = CARTESIAN_POINT('',(6.256589287531E-02,1.447868555655E-02,
    0.54682529712));
#1452 = PCURVE('',#1433,#1453);
#1453 = DEFINITIONAL_REPRESENTATION('',(#1454),#1458);
#1454 = LINE('',#1455,#1456);
#1455 = CARTESIAN_POINT('',(0.,-1.6627E-02));
#1456 = VECTOR('',#1457,1.);
#1457 = DIRECTION('',(1.,0.));
#1458 = ( GEOMETRIC_REPRESENTATION_CONTEXT(2) 
PARAMETRIC_REPRESENTATION_CONTEXT() REPRESENTATION_CONTEXT('2D SPACE',''
  ) );
#1459 = ORIENTED_EDGE('',*,*,#1460,.T.);
#1460 = EDGE_CURVE('',#1446,#1461,#1463,.T.);
#1461 = VERTEX_POINT('',#1462);
#1462 = CARTESIAN_POINT('',(6.256589287531E-02,4.773205688151E-02,
    0.54682529712));
#1463 = SURFACE_CURVE('',#1464,(#1467),.PCURVE_S1.);
#1464 = B_SPLINE_CURVE_WITH_KNOTS('',1,(#1465,#1466),.UNSPECIFIED.,.F.,
  .F.,(2,2),(-1.6627E-02,1.6627E-02),.PIECEWISE_BEZIER_KNOTS.);
#1465 = CARTESIAN_POINT('',(6.256589287531E-02,1.447868555655E-02,
    0.54682529712));
#1466 = CARTESIAN_POINT('',(6.256589287531E-02,4.773205688151E-02,
    0.54682529712));
#1467 = PCURVE('',#1433,#1468);
#1468 = DEFINITIONAL_REPRESENTATION('',(#1469),#1473);
#1469 = LINE('',#1470,#1471);
#1470 = CARTESIAN_POINT('',(3.886E-03,0.));
#1471 = VECTOR('',#1472,1.);
#1472 = DIRECTION('',(0.,1.));
#1473 = ( GEOMETRIC_REPRESENTATION_CONTEXT(2) 
PARAMETRIC_REPRESENTATION_CONTEXT() REPRESENTATION_CONTEXT('2D SPACE',''
  ) );
#1474 = ORIENTED_EDGE('',*,*,#1475,.F.);
#1475 = EDGE_CURVE('',#1426,#1461,#1476,.T.);
#1476 = SURFACE_CURVE('',#1477,(#1480),.PCURVE_S1.);
#1477 = B_SPLINE_CURVE_WITH_KNOTS('',1,(#1478,#1479),.UNSPECIFIED.,.F.,
  .F.,(2,2),(-3.886E-03,3.886E-03),.PIECEWISE_BEZIER_KNOTS.);
#1478 = CARTESIAN_POINT('',(7.033795259997E-02,4.773205688151E-02,
    0.54682529712));
#1479 = CARTESIAN_POINT('',(6.256589287531E-02,4.773205688151E-02,
    0.54682529712));
#1480 = PCURVE('',#1433,#1481);
#1481 = DEFINITIONAL_REPRESENTATION('',(#1482),#1486);
#1482 = LINE('',#1483,#1484);
#1483 = CARTESIAN_POINT('',(0.,1.6627E-02));
#1484 = VECTOR('',#1485,1.);
#1485 = DIRECTION('',(1.,0.));
#1486 = ( GEOMETRIC_REPRESENTATION_CONTEXT(2) 
PARAMETRIC_REPRESENTATION_CONTEXT() REPRESENTATION_CONTEXT('2D SPACE',''
  ) );
#1487 = ( GEOMETRIC_REPRESENTATION_CONTEXT(3) 
GLOBAL_UNCERTAINTY_ASSIGNED_CONTEXT((#1491)) 
GLOBAL_UNIT_ASSIGNED_CONTEXT((#1488,#1489,#1490)) REPRESENTATION_CONTEXT
('Context #1','3D Context with UNIT and UNCERTAINTY') );
#1488 = ( LENGTH_UNIT() NAMED_UNIT(*) SI_UNIT(.MILLI.,.METRE.) );
#1489 = ( NAMED_UNIT(*) PLANE_ANGLE_UNIT() SI_UNIT($,.RADIAN.) );
#1490 = ( NAMED_UNIT(*) SI_UNIT($,.STERADIAN.) SOLID_ANGLE_UNIT() );
#1491 = UNCERTAINTY_MEASURE_WITH_UNIT(LENGTH_MEASURE(1.E-07),#1488,
  'distance_accuracy_value','confusion accuracy');
#1492 = CONTEXT_DEPENDENT_SHAPE_REPRESENTATION(#1493,#1495);
#1493 = ( REPRESENTATION_RELATIONSHIP('','',#1416,#10) 
REPRESENTATION_RELATIONSHIP_WITH_TRANSFORMATION(#1494) 
SHAPE_REPRESENTATION_RELATIONSHIP() );
#1494 = ITEM_DEFINED_TRANSFORMATION('','',#11,#71);
#1495 = PRODUCT_DEFINITION_SHAPE('Placement','Placement of an item',
  #1496);
#1496 = NEXT_ASSEMBLY_USAGE_OCCURRENCE('15','','',#5,#1411,$);
#1497 = PRODUCT_RELATED_PRODUCT_CATEGORY('part',$,(#1413));
#1498 = SHAPE_DEFINITION_REPRESENTATION(#1499,#1505);
#1499 = PRODUCT_DEFINITION_SHAPE('','',#1500);
#1500 = PRODUCT_DEFINITION('design','',#1501,#1504);
#1501 = PRODUCT_DEFINITION_FORMATION('','',#1502);
#1502 = PRODUCT('Open CASCADE STEP translator 7.9 1.16',
  'Open CASCADE STEP translator 7.9 1.16','',(#1503));
#1503 = PRODUCT_CONTEXT('',#2,'mechanical');
#1504 = PRODUCT_DEFINITION_CONTEXT('part definition',#2,'design');
#1505 = MANIFOLD_SURFACE_SHAPE_REPRESENTATION('',(#11,#1506),#1576);
#1506 = SHELL_BASED_SURFACE_MODEL('',(#1507));
#1507 = OPEN_SHELL('',(#1508));
#1508 = ADVANCED_FACE('',(#1509),#1522,.T.);
#1509 = FACE_BOUND('',#1510,.T.);
#1510 = EDGE_LOOP('',(#1511,#1533,#1548,#1563));
#1511 = ORIENTED_EDGE('',*,*,#1512,.F.);
#1512 = EDGE_CURVE('',#1513,#1515,#1517,.T.);
#1513 = VERTEX_POINT('',#1514);
#1514 = CARTESIAN_POINT('',(7.033795259997E-02,1.447868555655E-02,
    0.54682529712));
#1515 = VERTEX_POINT('',#1516);
#1516 = CARTESIAN_POINT('',(7.033795259997E-02,1.447868555655E-02,
    0.547670940926));
#1517 = SURFACE_CURVE('',#1518,(#1521),.PCURVE_S1.);
#1518 = B_SPLINE_CURVE_WITH_KNOTS('',1,(#1519,#1520),.UNSPECIFIED.,.F.,
  .F.,(2,2),(4.7823E-02,4.8669E-02),.PIECEWISE_BEZIER_KNOTS.);
#1519 = CARTESIAN_POINT('',(7.033795259997E-02,1.447868555655E-02,
    0.54682529712));
#1520 = CARTESIAN_POINT('',(7.033795259997E-02,1.447868555655E-02,
    0.547670940926));
#1521 = PCURVE('',#1522,#1527);
#1522 = B_SPLINE_SURFACE_WITH_KNOTS('',1,1,(
    (#1523,#1524)
    ,(#1525,#1526
    )),.UNSPECIFIED.,.F.,.F.,.F.,(2,2),(2,2),(-3.886E-03,3.886E-03),(
    4.7823E-02,4.8669E-02),.PIECEWISE_BEZIER_KNOTS.);
#1523 = CARTESIAN_POINT('',(7.033795259997E-02,1.447868555655E-02,
    0.54682529712));
#1524 = CARTESIAN_POINT('',(7.033795259997E-02,1.447868555655E-02,
    0.547670940926));
#1525 = CARTESIAN_POINT('',(6.256589287531E-02,1.447868555655E-02,
    0.54682529712));
#1526 = CARTESIAN_POINT('',(6.256589287531E-02,1.447868555655E-02,
    0.547670940926));
#1527 = DEFINITIONAL_REPRESENTATION('',(#1528),#1532);
#1528 = LINE('',#1529,#1530);
#1529 = CARTESIAN_POINT('',(-3.886E-03,0.));
#1530 = VECTOR('',#1531,1.);
#1531 = DIRECTION('',(0.,1.));
#1532 = ( GEOMETRIC_REPRESENTATION_CONTEXT(2) 
PARAMETRIC_REPRESENTATION_CONTEXT() REPRESENTATION_CONTEXT('2D SPACE',''
  ) );
#1533 = ORIENTED_EDGE('',*,*,#1534,.T.);
#1534 = EDGE_CURVE('',#1513,#1535,#1537,.T.);
#1535 = VERTEX_POINT('',#1536);
#1536 = CARTESIAN_POINT('',(6.256589287531E-02,1.447868555655E-02,
    0.54682529712));
#1537 = SURFACE_CURVE('',#1538,(#1541),.PCURVE_S1.);
#1538 = B_SPLINE_CURVE_WITH_KNOTS('',1,(#1539,#1540),.UNSPECIFIED.,.F.,
  .F.,(2,2),(-3.886E-03,3.886E-03),.PIECEWISE_BEZIER_KNOTS.);
#1539 = CARTESIAN_POINT('',(7.033795259997E-02,1.447868555655E-02,
    0.54682529712));
#1540 = CARTESIAN_POINT('',(6.256589287531E-02,1.447868555655E-02,
    0.54682529712));
#1541 = PCURVE('',#1522,#1542);
#1542 = DEFINITIONAL_REPRESENTATION('',(#1543),#1547);
#1543 = LINE('',#1544,#1545);
#1544 = CARTESIAN_POINT('',(0.,4.7823E-02));
#1545 = VECTOR('',#1546,1.);
#1546 = DIRECTION('',(1.,0.));
#1547 = ( GEOMETRIC_REPRESENTATION_CONTEXT(2) 
PARAMETRIC_REPRESENTATION_CONTEXT() REPRESENTATION_CONTEXT('2D SPACE',''
  ) );
#1548 = ORIENTED_EDGE('',*,*,#1549,.T.);
#1549 = EDGE_CURVE('',#1535,#1550,#1552,.T.);
#1550 = VERTEX_POINT('',#1551);
#1551 = CARTESIAN_POINT('',(6.256589287531E-02,1.447868555655E-02,
    0.547670940926));
#1552 = SURFACE_CURVE('',#1553,(#1556),.PCURVE_S1.);
#1553 = B_SPLINE_CURVE_WITH_KNOTS('',1,(#1554,#1555),.UNSPECIFIED.,.F.,
  .F.,(2,2),(4.7823E-02,4.8669E-02),.PIECEWISE_BEZIER_KNOTS.);
#1554 = CARTESIAN_POINT('',(6.256589287531E-02,1.447868555655E-02,
    0.54682529712));
#1555 = CARTESIAN_POINT('',(6.256589287531E-02,1.447868555655E-02,
    0.547670940926));
#1556 = PCURVE('',#1522,#1557);
#1557 = DEFINITIONAL_REPRESENTATION('',(#1558),#1562);
#1558 = LINE('',#1559,#1560);
#1559 = CARTESIAN_POINT('',(3.886E-03,0.));
#1560 = VECTOR('',#1561,1.);
#1561 = DIRECTION('',(0.,1.));
#1562 = ( GEOMETRIC_REPRESENTATION_CONTEXT(2) 
PARAMETRIC_REPRESENTATION_CONTEXT() REPRESENTATION_CONTEXT('2D SPACE',''
  ) );
#1563 = ORIENTED_EDGE('',*,*,#1564,.F.);
#1564 = EDGE_CURVE('',#1515,#1550,#1565,.T.);
#1565 = SURFACE_CURVE('',#1566,(#1569),.PCURVE_S1.);
#1566 = B_SPLINE_CURVE_WITH_KNOTS('',1,(#1567,#1568),.UNSPECIFIED.,.F.,
  .F.,(2,2),(-3.886E-03,3.886E-03),.PIECEWISE_BEZIER_KNOTS.);
#1567 = CARTESIAN_POINT('',(7.033795259997E-02,1.447868555655E-02,
    0.547670940926));
#1568 = CARTESIAN_POINT('',(6.256589287531E-02,1.447868555655E-02,
    0.547670940926));
#1569 = PCURVE('',#1522,#1570);
#1570 = DEFINITIONAL_REPRESENTATION('',(#1571),#1575);
#1571 = LINE('',#1572,#1573);
#1572 = CARTESIAN_POINT('',(0.,4.8669E-02));
#1573 = VECTOR('',#1574,1.);
#1574 = DIRECTION('',(1.,0.));
#1575 = ( GEOMETRIC_REPRESENTATION_CONTEXT(2) 
PARAMETRIC_REPRESENTATION_CONTEXT() REPRESENTATION_CONTEXT('2D SPACE',''
  ) );
#1576 = ( GEOMETRIC_REPRESENTATION_CONTEXT(3) 
GLOBAL_UNCERTAINTY_ASSIGNED_CONTEXT((#1580)) 
GLOBAL_UNIT_ASSIGNED_CONTEXT((#1577,#1578,#1579)) REPRESENTATION_CONTEXT
('Context #1','3D Context with UNIT and UNCERTAINTY') );
#1577 = ( LENGTH_UNIT() NAMED_UNIT(*) SI_UNIT(.MILLI.,.METRE.) );
#1578 = ( NAMED_UNIT(*) PLANE_ANGLE_UNIT() SI_UNIT($,.RADIAN.) );
#1579 = ( NAMED_UNIT(*) SI_UNIT($,.STERADIAN.) SOLID_ANGLE_UNIT() );
#1580 = UNCERTAINTY_MEASURE_WITH_UNIT(LENGTH_MEASURE(1.E-07),#1577,
  'distance_accuracy_value','confusion accuracy');
#1581 = CONTEXT_DEPENDENT_SHAPE_REPRESENTATION(#1582,#1584);
#1582 = ( REPRESENTATION_RELATIONSHIP('','',#1505,#10) 
REPRESENTATION_RELATIONSHIP_WITH_TRANSFORMATION(#1583) 
SHAPE_REPRESENTATION_RELATIONSHIP() );
#1583 = ITEM_DEFINED_TRANSFORMATION('','',#11,#75);
#1584 = PRODUCT_DEFINITION_SHAPE('Placement','Placement of an item',
  #1585);
#1585 = NEXT_ASSEMBLY_USAGE_OCCURRENCE('16','','',#5,#1500,$);
#1586 = PRODUCT_RELATED_PRODUCT_CATEGORY('part',$,(#1502));
#1587 = SHAPE_DEFINITION_REPRESENTATION(#1588,#1594);
#1588 = PRODUCT_DEFINITION_SHAPE('','',#1589);
#1589 = PRODUCT_DEFINITION('design','',#1590,#1593);
#1590 = PRODUCT_DEFINITION_FORMATION('','',#1591);
#1591 = PRODUCT('Open CASCADE STEP translator 7.9 1.17',
  'Open CASCADE STEP translator 7.9 1.17','',(#1592));
#1592 = PRODUCT_CONTEXT('',#2,'mechanical');
#1593 = PRODUCT_DEFINITION_CONTEXT('part definition',#2,'design');
#1594 = MANIFOLD_SURFACE_SHAPE_REPRESENTATION('',(#11,#1595),#1665);
#1595 = SHELL_BASED_SURFACE_MODEL('',(#1596));
#1596 = OPEN_SHELL('',(#1597));
#1597 = ADVANCED_FACE('',(#1598),#1611,.T.);
#1598 = FACE_BOUND('',#1599,.T.);
#1599 = EDGE_LOOP('',(#1600,#1622,#1637,#1652));
#1600 = ORIENTED_EDGE('',*,*,#1601,.F.);
#1601 = EDGE_CURVE('',#1602,#1604,#1606,.T.);
#1602 = VERTEX_POINT('',#1603);
#1603 = CARTESIAN_POINT('',(7.033795259997E-02,4.773205687919E-02,
    0.54682529712));
#1604 = VERTEX_POINT('',#1605);
#1605 = CARTESIAN_POINT('',(7.033795259997E-02,4.773205687919E-02,
    0.547670940926));
#1606 = SURFACE_CURVE('',#1607,(#1610),.PCURVE_S1.);
#1607 = B_SPLINE_CURVE_WITH_KNOTS('',1,(#1608,#1609),.UNSPECIFIED.,.F.,
  .F.,(2,2),(4.7823E-02,4.8669E-02),.PIECEWISE_BEZIER_KNOTS.);
#1608 = CARTESIAN_POINT('',(7.033795259997E-02,4.773205687919E-02,
    0.54682529712));
#1609 = CARTESIAN_POINT('',(7.033795259997E-02,4.773205687919E-02,
    0.547670940926));
#1610 = PCURVE('',#1611,#1616);
#1611 = B_SPLINE_SURFACE_WITH_KNOTS('',1,1,(
    (#1612,#1613)
    ,(#1614,#1615
    )),.UNSPECIFIED.,.F.,.F.,.F.,(2,2),(2,2),(-3.886E-03,3.886E-03),(
    4.7823E-02,4.8669E-02),.PIECEWISE_BEZIER_KNOTS.);
#1612 = CARTESIAN_POINT('',(7.033795259997E-02,4.773205687919E-02,
    0.54682529712));
#1613 = CARTESIAN_POINT('',(7.033795259997E-02,4.773205687919E-02,
    0.547670940926));
#1614 = CARTESIAN_POINT('',(6.256589287531E-02,4.773205687919E-02,
    0.54682529712));
#1615 = CARTESIAN_POINT('',(6.256589287531E-02,4.773205687919E-02,
    0.547670940926));
#1616 = DEFINITIONAL_REPRESENTATION('',(#1617),#1621);
#1617 = LINE('',#1618,#1619);
#1618 = CARTESIAN_POINT('',(-3.886E-03,0.));
#1619 = VECTOR('',#1620,1.);
#1620 = DIRECTION('',(0.,1.));
#1621 = ( GEOMETRIC_REPRESENTATION_CONTEXT(2) 
PARAMETRIC_REPRESENTATION_CONTEXT() REPRESENTATION_CONTEXT('2D SPACE',''
  ) );
#1622 = ORIENTED_EDGE('',*,*,#1623,.T.);
#1623 = EDGE_CURVE('',#1602,#1624,#1626,.T.);
#1624 = VERTEX_POINT('',#1625);
#1625 = CARTESIAN_POINT('',(6.256589287531E-02,4.773205687919E-02,
    0.54682529712));
#1626 = SURFACE_CURVE('',#1627,(#1630),.PCURVE_S1.);
#1627 = B_SPLINE_CURVE_WITH_KNOTS('',1,(#1628,#1629),.UNSPECIFIED.,.F.,
  .F.,(2,2),(-3.886E-03,3.886E-03),.PIECEWISE_BEZIER_KNOTS.);
#1628 = CARTESIAN_POINT('',(7.033795259997E-02,4.773205687919E-02,
    0.54682529712));
#1629 = CARTESIAN_POINT('',(6.256589287531E-02,4.773205687919E-02,
    0.54682529712));
#1630 = PCURVE('',#1611,#1631);
#1631 = DEFINITIONAL_REPRESENTATION('',(#1632),#1636);
#1632 = LINE('',#1633,#1634);
#1633 = CARTESIAN_POINT('',(0.,4.7823E-02));
#1634 = VECTOR('',#1635,1.);
#1635 = DIRECTION('',(1.,0.));
#1636 = ( GEOMETRIC_REPRESENTATION_CONTEXT(2) 
PARAMETRIC_REPRESENTATION_CONTEXT() REPRESENTATION_CONTEXT('2D SPACE',''
  ) );
#1637 = ORIENTED_EDGE('',*,*,#1638,.T.);
#1638 = EDGE_CURVE('',#1624,#1639,#1641,.T.);
#1639 = VERTEX_POINT('',#1640);
#1640 = CARTESIAN_POINT('',(6.256589287531E-02,4.773205687919E-02,
    0.547670940926));
#1641 = SURFACE_CURVE('',#1642,(#1645),.PCURVE_S1.);
#1642 = B_SPLINE_CURVE_WITH_KNOTS('',1,(#1643,#1644),.UNSPECIFIED.,.F.,
  .F.,(2,2),(4.7823E-02,4.8669E-02),.PIECEWISE_BEZIER_KNOTS.);
#1643 = CARTESIAN_POINT('',(6.256589287531E-02,4.773205687919E-02,
    0.54682529712));
#1644 = CARTESIAN_POINT('',(6.256589287531E-02,4.773205687919E-02,
    0.547670940926));
#1645 = PCURVE('',#1611,#1646);
#1646 = DEFINITIONAL_REPRESENTATION('',(#1647),#1651);
#1647 = LINE('',#1648,#1649);
#1648 = CARTESIAN_POINT('',(3.886E-03,0.));
#1649 = VECTOR('',#1650,1.);
#1650 = DIRECTION('',(0.,1.));
#1651 = ( GEOMETRIC_REPRESENTATION_CONTEXT(2) 
PARAMETRIC_REPRESENTATION_CONTEXT() REPRESENTATION_CONTEXT('2D SPACE',''
  ) );
#1652 = ORIENTED_EDGE('',*,*,#1653,.F.);
#1653 = EDGE_CURVE('',#1604,#1639,#1654,.T.);
#1654 = SURFACE_CURVE('',#1655,(#1658),.PCURVE_S1.);
#1655 = B_SPLINE_CURVE_WITH_KNOTS('',1,(#1656,#1657),.UNSPECIFIED.,.F.,
  .F.,(2,2),(-3.886E-03,3.886E-03),.PIECEWISE_BEZIER_KNOTS.);
#1656 = CARTESIAN_POINT('',(7.033795259997E-02,4.773205687919E-02,
    0.547670940926));
#1657 = CARTESIAN_POINT('',(6.256589287531E-02,4.773205687919E-02,
    0.547670940926));
#1658 = PCURVE('',#1611,#1659);
#1659 = DEFINITIONAL_REPRESENTATION('',(#1660),#1664);
#1660 = LINE('',#1661,#1662);
#1661 = CARTESIAN_POINT('',(0.,4.8669E-02));
#1662 = VECTOR('',#1663,1.);
#1663 = DIRECTION('',(1.,0.));
#1664 = ( GEOMETRIC_REPRESENTATION_CONTEXT(2) 
PARAMETRIC_REPRESENTATION_CONTEXT() REPRESENTATION_CONTEXT('2D SPACE',''
  ) );
#1665 = ( GEOMETRIC_REPRESENTATION_CONTEXT(3) 
GLOBAL_UNCERTAINTY_ASSIGNED_CONTEXT((#1669)) 
GLOBAL_UNIT_ASSIGNED_CONTEXT((#1666,#1667,#1668)) REPRESENTATION_CONTEXT
('Context #1','3D Context with UNIT and UNCERTAINTY') );
#1666 = ( LENGTH_UNIT() NAMED_UNIT(*) SI_UNIT(.MILLI.,.METRE.) );
#1667 = ( NAMED_UNIT(*) PLANE_ANGLE_UNIT() SI_UNIT($,.RADIAN.) );
#1668 = ( NAMED_UNIT(*) SI_UNIT($,.STERADIAN.) SOLID_ANGLE_UNIT() );
#1669 = UNCERTAINTY_MEASURE_WITH_UNIT(LENGTH_MEASURE(1.E-07),#1666,
  'distance_accuracy_value','confusion accuracy');
#1670 = CONTEXT_DEPENDENT_SHAPE_REPRESENTATION(#1671,#1673);
#1671 = ( REPRESENTATION_RELATIONSHIP('','',#1594,#10) 
REPRESENTATION_RELATIONSHIP_WITH_TRANSFORMATION(#1672) 
SHAPE_REPRESENTATION_RELATIONSHIP() );
#1672 = ITEM_DEFINED_TRANSFORMATION('','',#11,#79);
#1673 = PRODUCT_DEFINITION_SHAPE('Placement','Placement of an item',
  #1674);
#1674 = NEXT_ASSEMBLY_USAGE_OCCURRENCE('17','','',#5,#1589,$);
#1675 = PRODUCT_RELATED_PRODUCT_CATEGORY('part',$,(#1591));
#1676 = SHAPE_DEFINITION_REPRESENTATION(#1677,#1683);
#1677 = PRODUCT_DEFINITION_SHAPE('','',#1678);
#1678 = PRODUCT_DEFINITION('design','',#1679,#1682);
#1679 = PRODUCT_DEFINITION_FORMATION('','',#1680);
#1680 = PRODUCT('Open CASCADE STEP translator 7.9 1.18',
  'Open CASCADE STEP translator 7.9 1.18','',(#1681));
#1681 = PRODUCT_CONTEXT('',#2,'mechanical');
#1682 = PRODUCT_DEFINITION_CONTEXT('part definition',#2,'design');
#1683 = MANIFOLD_SURFACE_SHAPE_REPRESENTATION('',(#11,#1684),#1754);
#1684 = SHELL_BASED_SURFACE_MODEL('',(#1685));
#1685 = OPEN_SHELL('',(#1686));
#1686 = ADVANCED_FACE('',(#1687),#1700,.T.);
#1687 = FACE_BOUND('',#1688,.T.);
#1688 = EDGE_LOOP('',(#1689,#1711,#1726,#1741));
#1689 = ORIENTED_EDGE('',*,*,#1690,.F.);
#1690 = EDGE_CURVE('',#1691,#1693,#1695,.T.);
#1691 = VERTEX_POINT('',#1692);
#1692 = CARTESIAN_POINT('',(7.033795259997E-02,4.773205687919E-02,
    0.49915540708));
#1693 = VERTEX_POINT('',#1694);
#1694 = CARTESIAN_POINT('',(7.033795259997E-02,4.773205687919E-02,
    0.500001050886));
#1695 = SURFACE_CURVE('',#1696,(#1699),.PCURVE_S1.);
#1696 = B_SPLINE_CURVE_WITH_KNOTS('',1,(#1697,#1698),.UNSPECIFIED.,.F.,
  .F.,(2,2),(-4.8669E-02,-4.7823E-02),.PIECEWISE_BEZIER_KNOTS.);
#1697 = CARTESIAN_POINT('',(7.033795259997E-02,4.773205687919E-02,
    0.49915540708));
#1698 = CARTESIAN_POINT('',(7.033795259997E-02,4.773205687919E-02,
    0.500001050886));
#1699 = PCURVE('',#1700,#1705);
#1700 = B_SPLINE_SURFACE_WITH_KNOTS('',1,1,(
    (#1701,#1702)
    ,(#1703,#1704
    )),.UNSPECIFIED.,.F.,.F.,.F.,(2,2),(2,2),(-3.886E-03,3.886E-03),(
    -4.8669E-02,-4.7823E-02),.PIECEWISE_BEZIER_KNOTS.);
#1701 = CARTESIAN_POINT('',(7.033795259997E-02,4.773205687919E-02,
    0.49915540708));
#1702 = CARTESIAN_POINT('',(7.033795259997E-02,4.773205687919E-02,
    0.500001050886));
#1703 = CARTESIAN_POINT('',(6.256589287531E-02,4.773205687919E-02,
    0.49915540708));
#1704 = CARTESIAN_POINT('',(6.256589287531E-02,4.773205687919E-02,
    0.500001050886));
#1705 = DEFINITIONAL_REPRESENTATION('',(#1706),#1710);
#1706 = LINE('',#1707,#1708);
#1707 = CARTESIAN_POINT('',(-3.886E-03,0.));
#1708 = VECTOR('',#1709,1.);
#1709 = DIRECTION('',(0.,1.));
#1710 = ( GEOMETRIC_REPRESENTATION_CONTEXT(2) 
PARAMETRIC_REPRESENTATION_CONTEXT() REPRESENTATION_CONTEXT('2D SPACE',''
  ) );
#1711 = ORIENTED_EDGE('',*,*,#1712,.T.);
#1712 = EDGE_CURVE('',#1691,#1713,#1715,.T.);
#1713 = VERTEX_POINT('',#1714);
#1714 = CARTESIAN_POINT('',(6.256589287531E-02,4.773205687919E-02,
    0.49915540708));
#1715 = SURFACE_CURVE('',#1716,(#1719),.PCURVE_S1.);
#1716 = B_SPLINE_CURVE_WITH_KNOTS('',1,(#1717,#1718),.UNSPECIFIED.,.F.,
  .F.,(2,2),(-3.886E-03,3.886E-03),.PIECEWISE_BEZIER_KNOTS.);
#1717 = CARTESIAN_POINT('',(7.033795259997E-02,4.773205687919E-02,
    0.49915540708));
#1718 = CARTESIAN_POINT('',(6.256589287531E-02,4.773205687919E-02,
    0.49915540708));
#1719 = PCURVE('',#1700,#1720);
#1720 = DEFINITIONAL_REPRESENTATION('',(#1721),#1725);
#1721 = LINE('',#1722,#1723);
#1722 = CARTESIAN_POINT('',(0.,-4.8669E-02));
#1723 = VECTOR('',#1724,1.);
#1724 = DIRECTION('',(1.,0.));
#1725 = ( GEOMETRIC_REPRESENTATION_CONTEXT(2) 
PARAMETRIC_REPRESENTATION_CONTEXT() REPRESENTATION_CONTEXT('2D SPACE',''
  ) );
#1726 = ORIENTED_EDGE('',*,*,#1727,.T.);
#1727 = EDGE_CURVE('',#1713,#1728,#1730,.T.);
#1728 = VERTEX_POINT('',#1729);
#1729 = CARTESIAN_POINT('',(6.256589287531E-02,4.773205687919E-02,
    0.500001050886));
#1730 = SURFACE_CURVE('',#1731,(#1734),.PCURVE_S1.);
#1731 = B_SPLINE_CURVE_WITH_KNOTS('',1,(#1732,#1733),.UNSPECIFIED.,.F.,
  .F.,(2,2),(-4.8669E-02,-4.7823E-02),.PIECEWISE_BEZIER_KNOTS.);
#1732 = CARTESIAN_POINT('',(6.256589287531E-02,4.773205687919E-02,
    0.49915540708));
#1733 = CARTESIAN_POINT('',(6.256589287531E-02,4.773205687919E-02,
    0.500001050886));
#1734 = PCURVE('',#1700,#1735);
#1735 = DEFINITIONAL_REPRESENTATION('',(#1736),#1740);
#1736 = LINE('',#1737,#1738);
#1737 = CARTESIAN_POINT('',(3.886E-03,0.));
#1738 = VECTOR('',#1739,1.);
#1739 = DIRECTION('',(0.,1.));
#1740 = ( GEOMETRIC_REPRESENTATION_CONTEXT(2) 
PARAMETRIC_REPRESENTATION_CONTEXT() REPRESENTATION_CONTEXT('2D SPACE',''
  ) );
#1741 = ORIENTED_EDGE('',*,*,#1742,.F.);
#1742 = EDGE_CURVE('',#1693,#1728,#1743,.T.);
#1743 = SURFACE_CURVE('',#1744,(#1747),.PCURVE_S1.);
#1744 = B_SPLINE_CURVE_WITH_KNOTS('',1,(#1745,#1746),.UNSPECIFIED.,.F.,
  .F.,(2,2),(-3.886E-03,3.886E-03),.PIECEWISE_BEZIER_KNOTS.);
#1745 = CARTESIAN_POINT('',(7.033795259997E-02,4.773205687919E-02,
    0.500001050886));
#1746 = CARTESIAN_POINT('',(6.256589287531E-02,4.773205687919E-02,
    0.500001050886));
#1747 = PCURVE('',#1700,#1748);
#1748 = DEFINITIONAL_REPRESENTATION('',(#1749),#1753);
#1749 = LINE('',#1750,#1751);
#1750 = CARTESIAN_POINT('',(0.,-4.7823E-02));
#1751 = VECTOR('',#1752,1.);
#1752 = DIRECTION('',(1.,0.));
#1753 = ( GEOMETRIC_REPRESENTATION_CONTEXT(2) 
PARAMETRIC_REPRESENTATION_CONTEXT() REPRESENTATION_CONTEXT('2D SPACE',''
  ) );
#1754 = ( GEOMETRIC_REPRESENTATION_CONTEXT(3) 
GLOBAL_UNCERTAINTY_ASSIGNED_CONTEXT((#1758)) 
GLOBAL_UNIT_ASSIGNED_CONTEXT((#1755,#1756,#1757)) REPRESENTATION_CONTEXT
('Context #1','3D Context with UNIT and UNCERTAINTY') );
#1755 = ( LENGTH_UNIT() NAMED_UNIT(*) SI_UNIT(.MILLI.,.METRE.) );
#1756 = ( NAMED_UNIT(*) PLANE_ANGLE_UNIT() SI_UNIT($,.RADIAN.) );
#1757 = ( NAMED_UNIT(*) SI_UNIT($,.STERADIAN.) SOLID_ANGLE_UNIT() );
#1758 = UNCERTAINTY_MEASURE_WITH_UNIT(LENGTH_MEASURE(1.E-07),#1755,
  'distance_accuracy_value','confusion accuracy');
#1759 = CONTEXT_DEPENDENT_SHAPE_REPRESENTATION(#1760,#1762);
#1760 = ( REPRESENTATION_RELATIONSHIP('','',#1683,#10) 
REPRESENTATION_RELATIONSHIP_WITH_TRANSFORMATION(#1761) 
SHAPE_REPRESENTATION_RELATIONSHIP() );
#1761 = ITEM_DEFINED_TRANSFORMATION('','',#11,#83);
#1762 = PRODUCT_DEFINITION_SHAPE('Placement','Placement of an item',
  #1763);
#1763 = NEXT_ASSEMBLY_USAGE_OCCURRENCE('18','','',#5,#1678,$);
#1764 = PRODUCT_RELATED_PRODUCT_CATEGORY('part',$,(#1680));
#1765 = SHAPE_DEFINITION_REPRESENTATION(#1766,#1772);
#1766 = PRODUCT_DEFINITION_SHAPE('','',#1767);
#1767 = PRODUCT_DEFINITION('design','',#1768,#1771);
#1768 = PRODUCT_DEFINITION_FORMATION('','',#1769);
#1769 = PRODUCT('Open CASCADE STEP translator 7.9 1.19',
  'Open CASCADE STEP translator 7.9 1.19','',(#1770));
#1770 = PRODUCT_CONTEXT('',#2,'mechanical');
#1771 = PRODUCT_DEFINITION_CONTEXT('part definition',#2,'design');
#1772 = MANIFOLD_SURFACE_SHAPE_REPRESENTATION('',(#11,#1773),#1843);
#1773 = SHELL_BASED_SURFACE_MODEL('',(#1774));
#1774 = OPEN_SHELL('',(#1775));
#1775 = ADVANCED_FACE('',(#1776),#1789,.T.);
#1776 = FACE_BOUND('',#1777,.T.);
#1777 = EDGE_LOOP('',(#1778,#1800,#1815,#1830));
#1778 = ORIENTED_EDGE('',*,*,#1779,.F.);
#1779 = EDGE_CURVE('',#1780,#1782,#1784,.T.);
#1780 = VERTEX_POINT('',#1781);
#1781 = CARTESIAN_POINT('',(7.033795259997E-02,1.447868555655E-02,
    0.49915540708));
#1782 = VERTEX_POINT('',#1783);
#1783 = CARTESIAN_POINT('',(7.033795259997E-02,1.447868555655E-02,
    0.500001050886));
#1784 = SURFACE_CURVE('',#1785,(#1788),.PCURVE_S1.);
#1785 = B_SPLINE_CURVE_WITH_KNOTS('',1,(#1786,#1787),.UNSPECIFIED.,.F.,
  .F.,(2,2),(-4.8669E-02,-4.7823E-02),.PIECEWISE_BEZIER_KNOTS.);
#1786 = CARTESIAN_POINT('',(7.033795259997E-02,1.447868555655E-02,
    0.49915540708));
#1787 = CARTESIAN_POINT('',(7.033795259997E-02,1.447868555655E-02,
    0.500001050886));
#1788 = PCURVE('',#1789,#1794);
#1789 = B_SPLINE_SURFACE_WITH_KNOTS('',1,1,(
    (#1790,#1791)
    ,(#1792,#1793
    )),.UNSPECIFIED.,.F.,.F.,.F.,(2,2),(2,2),(-3.886E-03,3.886E-03),(
    -4.8669E-02,-4.7823E-02),.PIECEWISE_BEZIER_KNOTS.);
#1790 = CARTESIAN_POINT('',(7.033795259997E-02,1.447868555655E-02,
    0.49915540708));
#1791 = CARTESIAN_POINT('',(7.033795259997E-02,1.447868555655E-02,
    0.500001050886));
#1792 = CARTESIAN_POINT('',(6.256589287531E-02,1.447868555655E-02,
    0.49915540708));
#1793 = CARTESIAN_POINT('',(6.256589287531E-02,1.447868555655E-02,
    0.500001050886));
#1794 = DEFINITIONAL_REPRESENTATION('',(#1795),#1799);
#1795 = LINE('',#1796,#1797);
#1796 = CARTESIAN_POINT('',(-3.886E-03,0.));
#1797 = VECTOR('',#1798,1.);
#1798 = DIRECTION('',(0.,1.));
#1799 = ( GEOMETRIC_REPRESENTATION_CONTEXT(2) 
PARAMETRIC_REPRESENTATION_CONTEXT() REPRESENTATION_CONTEXT('2D SPACE',''
  ) );
#1800 = ORIENTED_EDGE('',*,*,#1801,.T.);
#1801 = EDGE_CURVE('',#1780,#1802,#1804,.T.);
#1802 = VERTEX_POINT('',#1803);
#1803 = CARTESIAN_POINT('',(6.256589287531E-02,1.447868555655E-02,
    0.49915540708));
#1804 = SURFACE_CURVE('',#1805,(#1808),.PCURVE_S1.);
#1805 = B_SPLINE_CURVE_WITH_KNOTS('',1,(#1806,#1807),.UNSPECIFIED.,.F.,
  .F.,(2,2),(-3.886E-03,3.886E-03),.PIECEWISE_BEZIER_KNOTS.);
#1806 = CARTESIAN_POINT('',(7.033795259997E-02,1.447868555655E-02,
    0.49915540708));
#1807 = CARTESIAN_POINT('',(6.256589287531E-02,1.447868555655E-02,
    0.49915540708));
#1808 = PCURVE('',#1789,#1809);
#1809 = DEFINITIONAL_REPRESENTATION('',(#1810),#1814);
#1810 = LINE('',#1811,#1812);
#1811 = CARTESIAN_POINT('',(0.,-4.8669E-02));
#1812 = VECTOR('',#1813,1.);
#1813 = DIRECTION('',(1.,0.));
#1814 = ( GEOMETRIC_REPRESENTATION_CONTEXT(2) 
PARAMETRIC_REPRESENTATION_CONTEXT() REPRESENTATION_CONTEXT('2D SPACE',''
  ) );
#1815 = ORIENTED_EDGE('',*,*,#1816,.T.);
#1816 = EDGE_CURVE('',#1802,#1817,#1819,.T.);
#1817 = VERTEX_POINT('',#1818);
#1818 = CARTESIAN_POINT('',(6.256589287531E-02,1.447868555655E-02,
    0.500001050886));
#1819 = SURFACE_CURVE('',#1820,(#1823),.PCURVE_S1.);
#1820 = B_SPLINE_CURVE_WITH_KNOTS('',1,(#1821,#1822),.UNSPECIFIED.,.F.,
  .F.,(2,2),(-4.8669E-02,-4.7823E-02),.PIECEWISE_BEZIER_KNOTS.);
#1821 = CARTESIAN_POINT('',(6.256589287531E-02,1.447868555655E-02,
    0.49915540708));
#1822 = CARTESIAN_POINT('',(6.256589287531E-02,1.447868555655E-02,
    0.500001050886));
#1823 = PCURVE('',#1789,#1824);
#1824 = DEFINITIONAL_REPRESENTATION('',(#1825),#1829);
#1825 = LINE('',#1826,#1827);
#1826 = CARTESIAN_POINT('',(3.886E-03,0.));
#1827 = VECTOR('',#1828,1.);
#1828 = DIRECTION('',(0.,1.));
#1829 = ( GEOMETRIC_REPRESENTATION_CONTEXT(2) 
PARAMETRIC_REPRESENTATION_CONTEXT() REPRESENTATION_CONTEXT('2D SPACE',''
  ) );
#1830 = ORIENTED_EDGE('',*,*,#1831,.F.);
#1831 = EDGE_CURVE('',#1782,#1817,#1832,.T.);
#1832 = SURFACE_CURVE('',#1833,(#1836),.PCURVE_S1.);
#1833 = B_SPLINE_CURVE_WITH_KNOTS('',1,(#1834,#1835),.UNSPECIFIED.,.F.,
  .F.,(2,2),(-3.886E-03,3.886E-03),.PIECEWISE_BEZIER_KNOTS.);
#1834 = CARTESIAN_POINT('',(7.033795259997E-02,1.447868555655E-02,
    0.500001050886));
#1835 = CARTESIAN_POINT('',(6.256589287531E-02,1.447868555655E-02,
    0.500001050886));
#1836 = PCURVE('',#1789,#1837);
#1837 = DEFINITIONAL_REPRESENTATION('',(#1838),#1842);
#1838 = LINE('',#1839,#1840);
#1839 = CARTESIAN_POINT('',(0.,-4.7823E-02));
#1840 = VECTOR('',#1841,1.);
#1841 = DIRECTION('',(1.,0.));
#1842 = ( GEOMETRIC_REPRESENTATION_CONTEXT(2) 
PARAMETRIC_REPRESENTATION_CONTEXT() REPRESENTATION_CONTEXT('2D SPACE',''
  ) );
#1843 = ( GEOMETRIC_REPRESENTATION_CONTEXT(3) 
GLOBAL_UNCERTAINTY_ASSIGNED_CONTEXT((#1847)) 
GLOBAL_UNIT_ASSIGNED_CONTEXT((#1844,#1845,#1846)) REPRESENTATION_CONTEXT
('Context #1','3D Context with UNIT and UNCERTAINTY') );
#1844 = ( LENGTH_UNIT() NAMED_UNIT(*) SI_UNIT(.MILLI.,.METRE.) );
#1845 = ( NAMED_UNIT(*) PLANE_ANGLE_UNIT() SI_UNIT($,.RADIAN.) );
#1846 = ( NAMED_UNIT(*) SI_UNIT($,.STERADIAN.) SOLID_ANGLE_UNIT() );
#1847 = UNCERTAINTY_MEASURE_WITH_UNIT(LENGTH_MEASURE(1.E-07),#1844,
  'distance_accuracy_value','confusion accuracy');
#1848 = CONTEXT_DEPENDENT_SHAPE_REPRESENTATION(#1849,#1851);
#1849 = ( REPRESENTATION_RELATIONSHIP('','',#1772,#10) 
REPRESENTATION_RELATIONSHIP_WITH_TRANSFORMATION(#1850) 
SHAPE_REPRESENTATION_RELATIONSHIP() );
#1850 = ITEM_DEFINED_TRANSFORMATION('','',#11,#87);
#1851 = PRODUCT_DEFINITION_SHAPE('Placement','Placement of an item',
  #1852);
#1852 = NEXT_ASSEMBLY_USAGE_OCCURRENCE('19','','',#5,#1767,$);
#1853 = PRODUCT_RELATED_PRODUCT_CATEGORY('part',$,(#1769));
#1854 = SHAPE_DEFINITION_REPRESENTATION(#1855,#1861);
#1855 = PRODUCT_DEFINITION_SHAPE('','',#1856);
#1856 = PRODUCT_DEFINITION('design','',#1857,#1860);
#1857 = PRODUCT_DEFINITION_FORMATION('','',#1858);
#1858 = PRODUCT('Open CASCADE STEP translator 7.9 1.20',
  'Open CASCADE STEP translator 7.9 1.20','',(#1859));
#1859 = PRODUCT_CONTEXT('',#2,'mechanical');
#1860 = PRODUCT_DEFINITION_CONTEXT('part definition',#2,'design');
#1861 = MANIFOLD_SURFACE_SHAPE_REPRESENTATION('',(#11,#1862),#1932);
#1862 = SHELL_BASED_SURFACE_MODEL('',(#1863));
#1863 = OPEN_SHELL('',(#1864));
#1864 = ADVANCED_FACE('',(#1865),#1878,.T.);
#1865 = FACE_BOUND('',#1866,.T.);
#1866 = EDGE_LOOP('',(#1867,#1889,#1904,#1919));
#1867 = ORIENTED_EDGE('',*,*,#1868,.F.);
#1868 = EDGE_CURVE('',#1869,#1871,#1873,.T.);
#1869 = VERTEX_POINT('',#1870);
#1870 = CARTESIAN_POINT('',(7.033795259997E-02,1.447868555655E-02,
    0.547670940926));
#1871 = VERTEX_POINT('',#1872);
#1872 = CARTESIAN_POINT('',(7.033795259997E-02,4.773205688151E-02,
    0.547670940926));
#1873 = SURFACE_CURVE('',#1874,(#1877),.PCURVE_S1.);
#1874 = B_SPLINE_CURVE_WITH_KNOTS('',1,(#1875,#1876),.UNSPECIFIED.,.F.,
  .F.,(2,2),(-1.6627E-02,1.6627E-02),.PIECEWISE_BEZIER_KNOTS.);
#1875 = CARTESIAN_POINT('',(7.033795259997E-02,1.447868555655E-02,
    0.547670940926));
#1876 = CARTESIAN_POINT('',(7.033795259997E-02,4.773205688151E-02,
    0.547670940926));
#1877 = PCURVE('',#1878,#1883);
#1878 = B_SPLINE_SURFACE_WITH_KNOTS('',1,1,(
    (#1879,#1880)
    ,(#1881,#1882
    )),.UNSPECIFIED.,.F.,.F.,.F.,(2,2),(2,2),(-3.886E-03,3.886E-03),(
    -1.6627E-02,1.6627E-02),.PIECEWISE_BEZIER_KNOTS.);
#1879 = CARTESIAN_POINT('',(7.033795259997E-02,1.447868555655E-02,
    0.547670940926));
#1880 = CARTESIAN_POINT('',(7.033795259997E-02,4.773205688151E-02,
    0.547670940926));
#1881 = CARTESIAN_POINT('',(6.256589287531E-02,1.447868555655E-02,
    0.547670940926));
#1882 = CARTESIAN_POINT('',(6.256589287531E-02,4.773205688151E-02,
    0.547670940926));
#1883 = DEFINITIONAL_REPRESENTATION('',(#1884),#1888);
#1884 = LINE('',#1885,#1886);
#1885 = CARTESIAN_POINT('',(-3.886E-03,0.));
#1886 = VECTOR('',#1887,1.);
#1887 = DIRECTION('',(0.,1.));
#1888 = ( GEOMETRIC_REPRESENTATION_CONTEXT(2) 
PARAMETRIC_REPRESENTATION_CONTEXT() REPRESENTATION_CONTEXT('2D SPACE',''
  ) );
#1889 = ORIENTED_EDGE('',*,*,#1890,.T.);
#1890 = EDGE_CURVE('',#1869,#1891,#1893,.T.);
#1891 = VERTEX_POINT('',#1892);
#1892 = CARTESIAN_POINT('',(6.256589287531E-02,1.447868555655E-02,
    0.547670940926));
#1893 = SURFACE_CURVE('',#1894,(#1897),.PCURVE_S1.);
#1894 = B_SPLINE_CURVE_WITH_KNOTS('',1,(#1895,#1896),.UNSPECIFIED.,.F.,
  .F.,(2,2),(-3.886E-03,3.886E-03),.PIECEWISE_BEZIER_KNOTS.);
#1895 = CARTESIAN_POINT('',(7.033795259997E-02,1.447868555655E-02,
    0.547670940926));
#1896 = CARTESIAN_POINT('',(6.256589287531E-02,1.447868555655E-02,
    0.547670940926));
#1897 = PCURVE('',#1878,#1898);
#1898 = DEFINITIONAL_REPRESENTATION('',(#1899),#1903);
#1899 = LINE('',#1900,#1901);
#1900 = CARTESIAN_POINT('',(0.,-1.6627E-02));
#1901 = VECTOR('',#1902,1.);
#1902 = DIRECTION('',(1.,0.));
#1903 = ( GEOMETRIC_REPRESENTATION_CONTEXT(2) 
PARAMETRIC_REPRESENTATION_CONTEXT() REPRESENTATION_CONTEXT('2D SPACE',''
  ) );
#1904 = ORIENTED_EDGE('',*,*,#1905,.T.);
#1905 = EDGE_CURVE('',#1891,#1906,#1908,.T.);
#1906 = VERTEX_POINT('',#1907);
#1907 = CARTESIAN_POINT('',(6.256589287531E-02,4.773205688151E-02,
    0.547670940926));
#1908 = SURFACE_CURVE('',#1909,(#1912),.PCURVE_S1.);
#1909 = B_SPLINE_CURVE_WITH_KNOTS('',1,(#1910,#1911),.UNSPECIFIED.,.F.,
  .F.,(2,2),(-1.6627E-02,1.6627E-02),.PIECEWISE_BEZIER_KNOTS.);
#1910 = CARTESIAN_POINT('',(6.256589287531E-02,1.447868555655E-02,
    0.547670940926));
#1911 = CARTESIAN_POINT('',(6.256589287531E-02,4.773205688151E-02,
    0.547670940926));
#1912 = PCURVE('',#1878,#1913);
#1913 = DEFINITIONAL_REPRESENTATION('',(#1914),#1918);
#1914 = LINE('',#1915,#1916);
#1915 = CARTESIAN_POINT('',(3.886E-03,0.));
#1916 = VECTOR('',#1917,1.);
#1917 = DIRECTION('',(0.,1.));
#1918 = ( GEOMETRIC_REPRESENTATION_CONTEXT(2) 
PARAMETRIC_REPRESENTATION_CONTEXT() REPRESENTATION_CONTEXT('2D SPACE',''
  ) );
#1919 = ORIENTED_EDGE('',*,*,#1920,.F.);
#1920 = EDGE_CURVE('',#1871,#1906,#1921,.T.);
#1921 = SURFACE_CURVE('',#1922,(#1925),.PCURVE_S1.);
#1922 = B_SPLINE_CURVE_WITH_KNOTS('',1,(#1923,#1924),.UNSPECIFIED.,.F.,
  .F.,(2,2),(-3.886E-03,3.886E-03),.PIECEWISE_BEZIER_KNOTS.);
#1923 = CARTESIAN_POINT('',(7.033795259997E-02,4.773205688151E-02,
    0.547670940926));
#1924 = CARTESIAN_POINT('',(6.256589287531E-02,4.773205688151E-02,
    0.547670940926));
#1925 = PCURVE('',#1878,#1926);
#1926 = DEFINITIONAL_REPRESENTATION('',(#1927),#1931);
#1927 = LINE('',#1928,#1929);
#1928 = CARTESIAN_POINT('',(0.,1.6627E-02));
#1929 = VECTOR('',#1930,1.);
#1930 = DIRECTION('',(1.,0.));
#1931 = ( GEOMETRIC_REPRESENTATION_CONTEXT(2) 
PARAMETRIC_REPRESENTATION_CONTEXT() REPRESENTATION_CONTEXT('2D SPACE',''
  ) );
#1932 = ( GEOMETRIC_REPRESENTATION_CONTEXT(3) 
GLOBAL_UNCERTAINTY_ASSIGNED_CONTEXT((#1936)) 
GLOBAL_UNIT_ASSIGNED_CONTEXT((#1933,#1934,#1935)) REPRESENTATION_CONTEXT
('Context #1','3D Context with UNIT and UNCERTAINTY') );
#1933 = ( LENGTH_UNIT() NAMED_UNIT(*) SI_UNIT(.MILLI.,.METRE.) );
#1934 = ( NAMED_UNIT(*) PLANE_ANGLE_UNIT() SI_UNIT($,.RADIAN.) );
#1935 = ( NAMED_UNIT(*) SI_UNIT($,.STERADIAN.) SOLID_ANGLE_UNIT() );
#1936 = UNCERTAINTY_MEASURE_WITH_UNIT(LENGTH_MEASURE(1.E-07),#1933,
  'distance_accuracy_value','confusion accuracy');
#1937 = CONTEXT_DEPENDENT_SHAPE_REPRESENTATION(#1938,#1940);
#1938 = ( REPRESENTATION_RELATIONSHIP('','',#1861,#10) 
REPRESENTATION_RELATIONSHIP_WITH_TRANSFORMATION(#1939) 
SHAPE_REPRESENTATION_RELATIONSHIP() );
#1939 = ITEM_DEFINED_TRANSFORMATION('','',#11,#91);
#1940 = PRODUCT_DEFINITION_SHAPE('Placement','Placement of an item',
  #1941);
#1941 = NEXT_ASSEMBLY_USAGE_OCCURRENCE('20','','',#5,#1856,$);
#1942 = PRODUCT_RELATED_PRODUCT_CATEGORY('part',$,(#1858));
#1943 = SHAPE_DEFINITION_REPRESENTATION(#1944,#1950);
#1944 = PRODUCT_DEFINITION_SHAPE('','',#1945);
#1945 = PRODUCT_DEFINITION('design','',#1946,#1949);
#1946 = PRODUCT_DEFINITION_FORMATION('','',#1947);
#1947 = PRODUCT('Open CASCADE STEP translator 7.9 1.21',
  'Open CASCADE STEP translator 7.9 1.21','',(#1948));
#1948 = PRODUCT_CONTEXT('',#2,'mechanical');
#1949 = PRODUCT_DEFINITION_CONTEXT('part definition',#2,'design');
#1950 = MANIFOLD_SURFACE_SHAPE_REPRESENTATION('',(#11,#1951),#2021);
#1951 = SHELL_BASED_SURFACE_MODEL('',(#1952));
#1952 = OPEN_SHELL('',(#1953));
#1953 = ADVANCED_FACE('',(#1954),#1967,.T.);
#1954 = FACE_BOUND('',#1955,.T.);
#1955 = EDGE_LOOP('',(#1956,#1978,#1993,#2008));
#1956 = ORIENTED_EDGE('',*,*,#1957,.F.);
#1957 = EDGE_CURVE('',#1958,#1960,#1962,.T.);
#1958 = VERTEX_POINT('',#1959);
#1959 = CARTESIAN_POINT('',(7.033795259997E-02,1.447868555655E-02,
    0.547670940926));
#1960 = VERTEX_POINT('',#1961);
#1961 = CARTESIAN_POINT('',(7.033795259997E-02,4.773205688151E-02,
    0.547670940926));
#1962 = SURFACE_CURVE('',#1963,(#1966),.PCURVE_S1.);
#1963 = B_SPLINE_CURVE_WITH_KNOTS('',1,(#1964,#1965),.UNSPECIFIED.,.F.,
  .F.,(2,2),(-1.6627E-02,1.6627E-02),.PIECEWISE_BEZIER_KNOTS.);
#1964 = CARTESIAN_POINT('',(7.033795259997E-02,1.447868555655E-02,
    0.547670940926));
#1965 = CARTESIAN_POINT('',(7.033795259997E-02,4.773205688151E-02,
    0.547670940926));
#1966 = PCURVE('',#1967,#1972);
#1967 = B_SPLINE_SURFACE_WITH_KNOTS('',1,1,(
    (#1968,#1969)
    ,(#1970,#1971
    )),.UNSPECIFIED.,.F.,.F.,.F.,(2,2),(2,2),(-3.886E-03,3.886E-03),(
    -1.6627E-02,1.6627E-02),.PIECEWISE_BEZIER_KNOTS.);
#1968 = CARTESIAN_POINT('',(7.033795259997E-02,1.447868555655E-02,
    0.547670940926));
#1969 = CARTESIAN_POINT('',(7.033795259997E-02,4.773205688151E-02,
    0.547670940926));
#1970 = CARTESIAN_POINT('',(6.256589287531E-02,1.447868555655E-02,
    0.547670940926));
#1971 = CARTESIAN_POINT('',(6.256589287531E-02,4.773205688151E-02,
    0.547670940926));
#1972 = DEFINITIONAL_REPRESENTATION('',(#1973),#1977);
#1973 = LINE('',#1974,#1975);
#1974 = CARTESIAN_POINT('',(-3.886E-03,0.));
#1975 = VECTOR('',#1976,1.);
#1976 = DIRECTION('',(0.,1.));
#1977 = ( GEOMETRIC_REPRESENTATION_CONTEXT(2) 
PARAMETRIC_REPRESENTATION_CONTEXT() REPRESENTATION_CONTEXT('2D SPACE',''
  ) );
#1978 = ORIENTED_EDGE('',*,*,#1979,.T.);
#1979 = EDGE_CURVE('',#1958,#1980,#1982,.T.);
#1980 = VERTEX_POINT('',#1981);
#1981 = CARTESIAN_POINT('',(6.256589287531E-02,1.447868555655E-02,
    0.547670940926));
#1982 = SURFACE_CURVE('',#1983,(#1986),.PCURVE_S1.);
#1983 = B_SPLINE_CURVE_WITH_KNOTS('',1,(#1984,#1985),.UNSPECIFIED.,.F.,
  .F.,(2,2),(-3.886E-03,3.886E-03),.PIECEWISE_BEZIER_KNOTS.);
#1984 = CARTESIAN_POINT('',(7.033795259997E-02,1.447868555655E-02,
    0.547670940926));
#1985 = CARTESIAN_POINT('',(6.256589287531E-02,1.447868555655E-02,
    0.547670940926));
#1986 = PCURVE('',#1967,#1987);
#1987 = DEFINITIONAL_REPRESENTATION('',(#1988),#1992);
#1988 = LINE('',#1989,#1990);
#1989 = CARTESIAN_POINT('',(0.,-1.6627E-02));
#1990 = VECTOR('',#1991,1.);
#1991 = DIRECTION('',(1.,0.));
#1992 = ( GEOMETRIC_REPRESENTATION_CONTEXT(2) 
PARAMETRIC_REPRESENTATION_CONTEXT() REPRESENTATION_CONTEXT('2D SPACE',''
  ) );
#1993 = ORIENTED_EDGE('',*,*,#1994,.T.);
#1994 = EDGE_CURVE('',#1980,#1995,#1997,.T.);
#1995 = VERTEX_POINT('',#1996);
#1996 = CARTESIAN_POINT('',(6.256589287531E-02,4.773205688151E-02,
    0.547670940926));
#1997 = SURFACE_CURVE('',#1998,(#2001),.PCURVE_S1.);
#1998 = B_SPLINE_CURVE_WITH_KNOTS('',1,(#1999,#2000),.UNSPECIFIED.,.F.,
  .F.,(2,2),(-1.6627E-02,1.6627E-02),.PIECEWISE_BEZIER_KNOTS.);
#1999 = CARTESIAN_POINT('',(6.256589287531E-02,1.447868555655E-02,
    0.547670940926));
#2000 = CARTESIAN_POINT('',(6.256589287531E-02,4.773205688151E-02,
    0.547670940926));
#2001 = PCURVE('',#1967,#2002);
#2002 = DEFINITIONAL_REPRESENTATION('',(#2003),#2007);
#2003 = LINE('',#2004,#2005);
#2004 = CARTESIAN_POINT('',(3.886E-03,0.));
#2005 = VECTOR('',#2006,1.);
#2006 = DIRECTION('',(0.,1.));
#2007 = ( GEOMETRIC_REPRESENTATION_CONTEXT(2) 
PARAMETRIC_REPRESENTATION_CONTEXT() REPRESENTATION_CONTEXT('2D SPACE',''
  ) );
#2008 = ORIENTED_EDGE('',*,*,#2009,.F.);
#2009 = EDGE_CURVE('',#1960,#1995,#2010,.T.);
#2010 = SURFACE_CURVE('',#2011,(#2014),.PCURVE_S1.);
#2011 = B_SPLINE_CURVE_WITH_KNOTS('',1,(#2012,#2013),.UNSPECIFIED.,.F.,
  .F.,(2,2),(-3.886E-03,3.886E-03),.PIECEWISE_BEZIER_KNOTS.);
#2012 = CARTESIAN_POINT('',(7.033795259997E-02,4.773205688151E-02,
    0.547670940926));
#2013 = CARTESIAN_POINT('',(6.256589287531E-02,4.773205688151E-02,
    0.547670940926));
#2014 = PCURVE('',#1967,#2015);
#2015 = DEFINITIONAL_REPRESENTATION('',(#2016),#2020);
#2016 = LINE('',#2017,#2018);
#2017 = CARTESIAN_POINT('',(0.,1.6627E-02));
#2018 = VECTOR('',#2019,1.);
#2019 = DIRECTION('',(1.,0.));
#2020 = ( GEOMETRIC_REPRESENTATION_CONTEXT(2) 
PARAMETRIC_REPRESENTATION_CONTEXT() REPRESENTATION_CONTEXT('2D SPACE',''
  ) );
#2021 = ( GEOMETRIC_REPRESENTATION_CONTEXT(3) 
GLOBAL_UNCERTAINTY_ASSIGNED_CONTEXT((#2025)) 
GLOBAL_UNIT_ASSIGNED_CONTEXT((#2022,#2023,#2024)) REPRESENTATION_CONTEXT
('Context #1','3D Context with UNIT and UNCERTAINTY') );
#2022 = ( LENGTH_UNIT() NAMED_UNIT(*) SI_UNIT(.MILLI.,.METRE.) );
#2023 = ( NAMED_UNIT(*) PLANE_ANGLE_UNIT() SI_UNIT($,.RADIAN.) );
#2024 = ( NAMED_UNIT(*) SI_UNIT($,.STERADIAN.) SOLID_ANGLE_UNIT() );
#2025 = UNCERTAINTY_MEASURE_WITH_UNIT(LENGTH_MEASURE(1.E-07),#2022,
  'distance_accuracy_value','confusion accuracy');
#2026 = CONTEXT_DEPENDENT_SHAPE_REPRESENTATION(#2027,#2029);
#2027 = ( REPRESENTATION_RELATIONSHIP('','',#1950,#10) 
REPRESENTATION_RELATIONSHIP_WITH_TRANSFORMATION(#2028) 
SHAPE_REPRESENTATION_RELATIONSHIP() );
#2028 = ITEM_DEFINED_TRANSFORMATION('','',#11,#95);
#2029 = PRODUCT_DEFINITION_SHAPE('Placement','Placement of an item',
  #2030);
#2030 = NEXT_ASSEMBLY_USAGE_OCCURRENCE('21','','',#5,#1945,$);
#2031 = PRODUCT_RELATED_PRODUCT_CATEGORY('part',$,(#1947));
#2032 = SHAPE_DEFINITION_REPRESENTATION(#2033,#2039);
#2033 = PRODUCT_DEFINITION_SHAPE('','',#2034);
#2034 = PRODUCT_DEFINITION('design','',#2035,#2038);
#2035 = PRODUCT_DEFINITION_FORMATION('','',#2036);
#2036 = PRODUCT('Open CASCADE STEP translator 7.9 1.22',
  'Open CASCADE STEP translator 7.9 1.22','',(#2037));
#2037 = PRODUCT_CONTEXT('',#2,'mechanical');
#2038 = PRODUCT_DEFINITION_CONTEXT('part definition',#2,'design');
#2039 = MANIFOLD_SURFACE_SHAPE_REPRESENTATION('',(#11,#2040),#2110);
#2040 = SHELL_BASED_SURFACE_MODEL('',(#2041));
#2041 = OPEN_SHELL('',(#2042));
#2042 = ADVANCED_FACE('',(#2043),#2056,.T.);
#2043 = FACE_BOUND('',#2044,.T.);
#2044 = EDGE_LOOP('',(#2045,#2067,#2082,#2097));
#2045 = ORIENTED_EDGE('',*,*,#2046,.F.);
#2046 = EDGE_CURVE('',#2047,#2049,#2051,.T.);
#2047 = VERTEX_POINT('',#2048);
#2048 = CARTESIAN_POINT('',(7.033795259997E-02,1.447868555655E-02,
    0.547670940926));
#2049 = VERTEX_POINT('',#2050);
#2050 = CARTESIAN_POINT('',(7.033795259997E-02,1.447868555655E-02,
    0.548516584732));
#2051 = SURFACE_CURVE('',#2052,(#2055),.PCURVE_S1.);
#2052 = B_SPLINE_CURVE_WITH_KNOTS('',1,(#2053,#2054),.UNSPECIFIED.,.F.,
  .F.,(2,2),(4.8669E-02,4.9515E-02),.PIECEWISE_BEZIER_KNOTS.);
#2053 = CARTESIAN_POINT('',(7.033795259997E-02,1.447868555655E-02,
    0.547670940926));
#2054 = CARTESIAN_POINT('',(7.033795259997E-02,1.447868555655E-02,
    0.548516584732));
#2055 = PCURVE('',#2056,#2061);
#2056 = B_SPLINE_SURFACE_WITH_KNOTS('',1,1,(
    (#2057,#2058)
    ,(#2059,#2060
    )),.UNSPECIFIED.,.F.,.F.,.F.,(2,2),(2,2),(-3.886E-03,3.886E-03),(
    4.8669E-02,4.9515E-02),.PIECEWISE_BEZIER_KNOTS.);
#2057 = CARTESIAN_POINT('',(7.033795259997E-02,1.447868555655E-02,
    0.547670940926));
#2058 = CARTESIAN_POINT('',(7.033795259997E-02,1.447868555655E-02,
    0.548516584732));
#2059 = CARTESIAN_POINT('',(6.256589287531E-02,1.447868555655E-02,
    0.547670940926));
#2060 = CARTESIAN_POINT('',(6.256589287531E-02,1.447868555655E-02,
    0.548516584732));
#2061 = DEFINITIONAL_REPRESENTATION('',(#2062),#2066);
#2062 = LINE('',#2063,#2064);
#2063 = CARTESIAN_POINT('',(-3.886E-03,0.));
#2064 = VECTOR('',#2065,1.);
#2065 = DIRECTION('',(0.,1.));
#2066 = ( GEOMETRIC_REPRESENTATION_CONTEXT(2) 
PARAMETRIC_REPRESENTATION_CONTEXT() REPRESENTATION_CONTEXT('2D SPACE',''
  ) );
#2067 = ORIENTED_EDGE('',*,*,#2068,.T.);
#2068 = EDGE_CURVE('',#2047,#2069,#2071,.T.);
#2069 = VERTEX_POINT('',#2070);
#2070 = CARTESIAN_POINT('',(6.256589287531E-02,1.447868555655E-02,
    0.547670940926));
#2071 = SURFACE_CURVE('',#2072,(#2075),.PCURVE_S1.);
#2072 = B_SPLINE_CURVE_WITH_KNOTS('',1,(#2073,#2074),.UNSPECIFIED.,.F.,
  .F.,(2,2),(-3.886E-03,3.886E-03),.PIECEWISE_BEZIER_KNOTS.);
#2073 = CARTESIAN_POINT('',(7.033795259997E-02,1.447868555655E-02,
    0.547670940926));
#2074 = CARTESIAN_POINT('',(6.256589287531E-02,1.447868555655E-02,
    0.547670940926));
#2075 = PCURVE('',#2056,#2076);
#2076 = DEFINITIONAL_REPRESENTATION('',(#2077),#2081);
#2077 = LINE('',#2078,#2079);
#2078 = CARTESIAN_POINT('',(0.,4.8669E-02));
#2079 = VECTOR('',#2080,1.);
#2080 = DIRECTION('',(1.,0.));
#2081 = ( GEOMETRIC_REPRESENTATION_CONTEXT(2) 
PARAMETRIC_REPRESENTATION_CONTEXT() REPRESENTATION_CONTEXT('2D SPACE',''
  ) );
#2082 = ORIENTED_EDGE('',*,*,#2083,.T.);
#2083 = EDGE_CURVE('',#2069,#2084,#2086,.T.);
#2084 = VERTEX_POINT('',#2085);
#2085 = CARTESIAN_POINT('',(6.256589287531E-02,1.447868555655E-02,
    0.548516584732));
#2086 = SURFACE_CURVE('',#2087,(#2090),.PCURVE_S1.);
#2087 = B_SPLINE_CURVE_WITH_KNOTS('',1,(#2088,#2089),.UNSPECIFIED.,.F.,
  .F.,(2,2),(4.8669E-02,4.9515E-02),.PIECEWISE_BEZIER_KNOTS.);
#2088 = CARTESIAN_POINT('',(6.256589287531E-02,1.447868555655E-02,
    0.547670940926));
#2089 = CARTESIAN_POINT('',(6.256589287531E-02,1.447868555655E-02,
    0.548516584732));
#2090 = PCURVE('',#2056,#2091);
#2091 = DEFINITIONAL_REPRESENTATION('',(#2092),#2096);
#2092 = LINE('',#2093,#2094);
#2093 = CARTESIAN_POINT('',(3.886E-03,0.));
#2094 = VECTOR('',#2095,1.);
#2095 = DIRECTION('',(0.,1.));
#2096 = ( GEOMETRIC_REPRESENTATION_CONTEXT(2) 
PARAMETRIC_REPRESENTATION_CONTEXT() REPRESENTATION_CONTEXT('2D SPACE',''
  ) );
#2097 = ORIENTED_EDGE('',*,*,#2098,.F.);
#2098 = EDGE_CURVE('',#2049,#2084,#2099,.T.);
#2099 = SURFACE_CURVE('',#2100,(#2103),.PCURVE_S1.);
#2100 = B_SPLINE_CURVE_WITH_KNOTS('',1,(#2101,#2102),.UNSPECIFIED.,.F.,
  .F.,(2,2),(-3.886E-03,3.886E-03),.PIECEWISE_BEZIER_KNOTS.);
#2101 = CARTESIAN_POINT('',(7.033795259997E-02,1.447868555655E-02,
    0.548516584732));
#2102 = CARTESIAN_POINT('',(6.256589287531E-02,1.447868555655E-02,
    0.548516584732));
#2103 = PCURVE('',#2056,#2104);
#2104 = DEFINITIONAL_REPRESENTATION('',(#2105),#2109);
#2105 = LINE('',#2106,#2107);
#2106 = CARTESIAN_POINT('',(0.,4.9515E-02));
#2107 = VECTOR('',#2108,1.);
#2108 = DIRECTION('',(1.,0.));
#2109 = ( GEOMETRIC_REPRESENTATION_CONTEXT(2) 
PARAMETRIC_REPRESENTATION_CONTEXT() REPRESENTATION_CONTEXT('2D SPACE',''
  ) );
#2110 = ( GEOMETRIC_REPRESENTATION_CONTEXT(3) 
GLOBAL_UNCERTAINTY_ASSIGNED_CONTEXT((#2114)) 
GLOBAL_UNIT_ASSIGNED_CONTEXT((#2111,#2112,#2113)) REPRESENTATION_CONTEXT
('Context #1','3D Context with UNIT and UNCERTAINTY') );
#2111 = ( LENGTH_UNIT() NAMED_UNIT(*) SI_UNIT(.MILLI.,.METRE.) );
#2112 = ( NAMED_UNIT(*) PLANE_ANGLE_UNIT() SI_UNIT($,.RADIAN.) );
#2113 = ( NAMED_UNIT(*) SI_UNIT($,.STERADIAN.) SOLID_ANGLE_UNIT() );
#2114 = UNCERTAINTY_MEASURE_WITH_UNIT(LENGTH_MEASURE(1.E-07),#2111,
  'distance_accuracy_value','confusion accuracy');
#2115 = CONTEXT_DEPENDENT_SHAPE_REPRESENTATION(#2116,#2118);
#2116 = ( REPRESENTATION_RELATIONSHIP('','',#2039,#10) 
REPRESENTATION_RELATIONSHIP_WITH_TRANSFORMATION(#2117) 
SHAPE_REPRESENTATION_RELATIONSHIP() );
#2117 = ITEM_DEFINED_TRANSFORMATION('','',#11,#99);
#2118 = PRODUCT_DEFINITION_SHAPE('Placement','Placement of an item',
  #2119);
#2119 = NEXT_ASSEMBLY_USAGE_OCCURRENCE('22','','',#5,#2034,$);
#2120 = PRODUCT_RELATED_PRODUCT_CATEGORY('part',$,(#2036));
#2121 = SHAPE_DEFINITION_REPRESENTATION(#2122,#2128);
#2122 = PRODUCT_DEFINITION_SHAPE('','',#2123);
#2123 = PRODUCT_DEFINITION('design','',#2124,#2127);
#2124 = PRODUCT_DEFINITION_FORMATION('','',#2125);
#2125 = PRODUCT('Open CASCADE STEP translator 7.9 1.23',
  'Open CASCADE STEP translator 7.9 1.23','',(#2126));
#2126 = PRODUCT_CONTEXT('',#2,'mechanical');
#2127 = PRODUCT_DEFINITION_CONTEXT('part definition',#2,'design');
#2128 = MANIFOLD_SURFACE_SHAPE_REPRESENTATION('',(#11,#2129),#2199);
#2129 = SHELL_BASED_SURFACE_MODEL('',(#2130));
#2130 = OPEN_SHELL('',(#2131));
#2131 = ADVANCED_FACE('',(#2132),#2145,.T.);
#2132 = FACE_BOUND('',#2133,.T.);
#2133 = EDGE_LOOP('',(#2134,#2156,#2171,#2186));
#2134 = ORIENTED_EDGE('',*,*,#2135,.F.);
#2135 = EDGE_CURVE('',#2136,#2138,#2140,.T.);
#2136 = VERTEX_POINT('',#2137);
#2137 = CARTESIAN_POINT('',(7.033795259997E-02,4.773205687919E-02,
    0.547670940926));
#2138 = VERTEX_POINT('',#2139);
#2139 = CARTESIAN_POINT('',(7.033795259997E-02,4.773205687919E-02,
    0.548516584732));
#2140 = SURFACE_CURVE('',#2141,(#2144),.PCURVE_S1.);
#2141 = B_SPLINE_CURVE_WITH_KNOTS('',1,(#2142,#2143),.UNSPECIFIED.,.F.,
  .F.,(2,2),(4.8669E-02,4.9515E-02),.PIECEWISE_BEZIER_KNOTS.);
#2142 = CARTESIAN_POINT('',(7.033795259997E-02,4.773205687919E-02,
    0.547670940926));
#2143 = CARTESIAN_POINT('',(7.033795259997E-02,4.773205687919E-02,
    0.548516584732));
#2144 = PCURVE('',#2145,#2150);
#2145 = B_SPLINE_SURFACE_WITH_KNOTS('',1,1,(
    (#2146,#2147)
    ,(#2148,#2149
    )),.UNSPECIFIED.,.F.,.F.,.F.,(2,2),(2,2),(-3.886E-03,3.886E-03),(
    4.8669E-02,4.9515E-02),.PIECEWISE_BEZIER_KNOTS.);
#2146 = CARTESIAN_POINT('',(7.033795259997E-02,4.773205687919E-02,
    0.547670940926));
#2147 = CARTESIAN_POINT('',(7.033795259997E-02,4.773205687919E-02,
    0.548516584732));
#2148 = CARTESIAN_POINT('',(6.256589287531E-02,4.773205687919E-02,
    0.547670940926));
#2149 = CARTESIAN_POINT('',(6.256589287531E-02,4.773205687919E-02,
    0.548516584732));
#2150 = DEFINITIONAL_REPRESENTATION('',(#2151),#2155);
#2151 = LINE('',#2152,#2153);
#2152 = CARTESIAN_POINT('',(-3.886E-03,0.));
#2153 = VECTOR('',#2154,1.);
#2154 = DIRECTION('',(0.,1.));
#2155 = ( GEOMETRIC_REPRESENTATION_CONTEXT(2) 
PARAMETRIC_REPRESENTATION_CONTEXT() REPRESENTATION_CONTEXT('2D SPACE',''
  ) );
#2156 = ORIENTED_EDGE('',*,*,#2157,.T.);
#2157 = EDGE_CURVE('',#2136,#2158,#2160,.T.);
#2158 = VERTEX_POINT('',#2159);
#2159 = CARTESIAN_POINT('',(6.256589287531E-02,4.773205687919E-02,
    0.547670940926));
#2160 = SURFACE_CURVE('',#2161,(#2164),.PCURVE_S1.);
#2161 = B_SPLINE_CURVE_WITH_KNOTS('',1,(#2162,#2163),.UNSPECIFIED.,.F.,
  .F.,(2,2),(-3.886E-03,3.886E-03),.PIECEWISE_BEZIER_KNOTS.);
#2162 = CARTESIAN_POINT('',(7.033795259997E-02,4.773205687919E-02,
    0.547670940926));
#2163 = CARTESIAN_POINT('',(6.256589287531E-02,4.773205687919E-02,
    0.547670940926));
#2164 = PCURVE('',#2145,#2165);
#2165 = DEFINITIONAL_REPRESENTATION('',(#2166),#2170);
#2166 = LINE('',#2167,#2168);
#2167 = CARTESIAN_POINT('',(0.,4.8669E-02));
#2168 = VECTOR('',#2169,1.);
#2169 = DIRECTION('',(1.,0.));
#2170 = ( GEOMETRIC_REPRESENTATION_CONTEXT(2) 
PARAMETRIC_REPRESENTATION_CONTEXT() REPRESENTATION_CONTEXT('2D SPACE',''
  ) );
#2171 = ORIENTED_EDGE('',*,*,#2172,.T.);
#2172 = EDGE_CURVE('',#2158,#2173,#2175,.T.);
#2173 = VERTEX_POINT('',#2174);
#2174 = CARTESIAN_POINT('',(6.256589287531E-02,4.773205687919E-02,
    0.548516584732));
#2175 = SURFACE_CURVE('',#2176,(#2179),.PCURVE_S1.);
#2176 = B_SPLINE_CURVE_WITH_KNOTS('',1,(#2177,#2178),.UNSPECIFIED.,.F.,
  .F.,(2,2),(4.8669E-02,4.9515E-02),.PIECEWISE_BEZIER_KNOTS.);
#2177 = CARTESIAN_POINT('',(6.256589287531E-02,4.773205687919E-02,
    0.547670940926));
#2178 = CARTESIAN_POINT('',(6.256589287531E-02,4.773205687919E-02,
    0.548516584732));
#2179 = PCURVE('',#2145,#2180);
#2180 = DEFINITIONAL_REPRESENTATION('',(#2181),#2185);
#2181 = LINE('',#2182,#2183);
#2182 = CARTESIAN_POINT('',(3.886E-03,0.));
#2183 = VECTOR('',#2184,1.);
#2184 = DIRECTION('',(0.,1.));
#2185 = ( GEOMETRIC_REPRESENTATION_CONTEXT(2) 
PARAMETRIC_REPRESENTATION_CONTEXT() REPRESENTATION_CONTEXT('2D SPACE',''
  ) );
#2186 = ORIENTED_EDGE('',*,*,#2187,.F.);
#2187 = EDGE_CURVE('',#2138,#2173,#2188,.T.);
#2188 = SURFACE_CURVE('',#2189,(#2192),.PCURVE_S1.);
#2189 = B_SPLINE_CURVE_WITH_KNOTS('',1,(#2190,#2191),.UNSPECIFIED.,.F.,
  .F.,(2,2),(-3.886E-03,3.886E-03),.PIECEWISE_BEZIER_KNOTS.);
#2190 = CARTESIAN_POINT('',(7.033795259997E-02,4.773205687919E-02,
    0.548516584732));
#2191 = CARTESIAN_POINT('',(6.256589287531E-02,4.773205687919E-02,
    0.548516584732));
#2192 = PCURVE('',#2145,#2193);
#2193 = DEFINITIONAL_REPRESENTATION('',(#2194),#2198);
#2194 = LINE('',#2195,#2196);
#2195 = CARTESIAN_POINT('',(0.,4.9515E-02));
#2196 = VECTOR('',#2197,1.);
#2197 = DIRECTION('',(1.,0.));
#2198 = ( GEOMETRIC_REPRESENTATION_CONTEXT(2) 
PARAMETRIC_REPRESENTATION_CONTEXT() REPRESENTATION_CONTEXT('2D SPACE',''
  ) );
#2199 = ( GEOMETRIC_REPRESENTATION_CONTEXT(3) 
GLOBAL_UNCERTAINTY_ASSIGNED_CONTEXT((#2203)) 
GLOBAL_UNIT_ASSIGNED_CONTEXT((#2200,#2201,#2202)) REPRESENTATION_CONTEXT
('Context #1','3D Context with UNIT and UNCERTAINTY') );
#2200 = ( LENGTH_UNIT() NAMED_UNIT(*) SI_UNIT(.MILLI.,.METRE.) );
#2201 = ( NAMED_UNIT(*) PLANE_ANGLE_UNIT() SI_UNIT($,.RADIAN.) );
#2202 = ( NAMED_UNIT(*) SI_UNIT($,.STERADIAN.) SOLID_ANGLE_UNIT() );
#2203 = UNCERTAINTY_MEASURE_WITH_UNIT(LENGTH_MEASURE(1.E-07),#2200,
  'distance_accuracy_value','confusion accuracy');
#2204 = CONTEXT_DEPENDENT_SHAPE_REPRESENTATION(#2205,#2207);
#2205 = ( REPRESENTATION_RELATIONSHIP('','',#2128,#10) 
REPRESENTATION_RELATIONSHIP_WITH_TRANSFORMATION(#2206) 
SHAPE_REPRESENTATION_RELATIONSHIP() );
#2206 = ITEM_DEFINED_TRANSFORMATION('','',#11,#103);
#2207 = PRODUCT_DEFINITION_SHAPE('Placement','Placement of an item',
  #2208);
#2208 = NEXT_ASSEMBLY_USAGE_OCCURRENCE('23','','',#5,#2123,$);
#2209 = PRODUCT_RELATED_PRODUCT_CATEGORY('part',$,(#2125));
#2210 = SHAPE_DEFINITION_REPRESENTATION(#2211,#2217);
#2211 = PRODUCT_DEFINITION_SHAPE('','',#2212);
#2212 = PRODUCT_DEFINITION('design','',#2213,#2216);
#2213 = PRODUCT_DEFINITION_FORMATION('','',#2214);
#2214 = PRODUCT('Open CASCADE STEP translator 7.9 1.24',
  'Open CASCADE STEP translator 7.9 1.24','',(#2215));
#2215 = PRODUCT_CONTEXT('',#2,'mechanical');
#2216 = PRODUCT_DEFINITION_CONTEXT('part definition',#2,'design');
#2217 = MANIFOLD_SURFACE_SHAPE_REPRESENTATION('',(#11,#2218),#2288);
#2218 = SHELL_BASED_SURFACE_MODEL('',(#2219));
#2219 = OPEN_SHELL('',(#2220));
#2220 = ADVANCED_FACE('',(#2221),#2234,.T.);
#2221 = FACE_BOUND('',#2222,.T.);
#2222 = EDGE_LOOP('',(#2223,#2245,#2260,#2275));
#2223 = ORIENTED_EDGE('',*,*,#2224,.F.);
#2224 = EDGE_CURVE('',#2225,#2227,#2229,.T.);
#2225 = VERTEX_POINT('',#2226);
#2226 = CARTESIAN_POINT('',(7.033795259997E-02,4.773205687919E-02,
    0.49915540708));
#2227 = VERTEX_POINT('',#2228);
#2228 = CARTESIAN_POINT('',(7.033795259997E-02,4.773205687919E-02,
    0.500001050886));
#2229 = SURFACE_CURVE('',#2230,(#2233),.PCURVE_S1.);
#2230 = B_SPLINE_CURVE_WITH_KNOTS('',1,(#2231,#2232),.UNSPECIFIED.,.F.,
  .F.,(2,2),(-4.9515E-02,-4.8669E-02),.PIECEWISE_BEZIER_KNOTS.);
#2231 = CARTESIAN_POINT('',(7.033795259997E-02,4.773205687919E-02,
    0.49915540708));
#2232 = CARTESIAN_POINT('',(7.033795259997E-02,4.773205687919E-02,
    0.500001050886));
#2233 = PCURVE('',#2234,#2239);
#2234 = B_SPLINE_SURFACE_WITH_KNOTS('',1,1,(
    (#2235,#2236)
    ,(#2237,#2238
    )),.UNSPECIFIED.,.F.,.F.,.F.,(2,2),(2,2),(-3.886E-03,3.886E-03),(
    -4.9515E-02,-4.8669E-02),.PIECEWISE_BEZIER_KNOTS.);
#2235 = CARTESIAN_POINT('',(7.033795259997E-02,4.773205687919E-02,
    0.49915540708));
#2236 = CARTESIAN_POINT('',(7.033795259997E-02,4.773205687919E-02,
    0.500001050886));
#2237 = CARTESIAN_POINT('',(6.256589287531E-02,4.773205687919E-02,
    0.49915540708));
#2238 = CARTESIAN_POINT('',(6.256589287531E-02,4.773205687919E-02,
    0.500001050886));
#2239 = DEFINITIONAL_REPRESENTATION('',(#2240),#2244);
#2240 = LINE('',#2241,#2242);
#2241 = CARTESIAN_POINT('',(-3.886E-03,0.));
#2242 = VECTOR('',#2243,1.);
#2243 = DIRECTION('',(0.,1.));
#2244 = ( GEOMETRIC_REPRESENTATION_CONTEXT(2) 
PARAMETRIC_REPRESENTATION_CONTEXT() REPRESENTATION_CONTEXT('2D SPACE',''
  ) );
#2245 = ORIENTED_EDGE('',*,*,#2246,.T.);
#2246 = EDGE_CURVE('',#2225,#2247,#2249,.T.);
#2247 = VERTEX_POINT('',#2248);
#2248 = CARTESIAN_POINT('',(6.256589287531E-02,4.773205687919E-02,
    0.49915540708));
#2249 = SURFACE_CURVE('',#2250,(#2253),.PCURVE_S1.);
#2250 = B_SPLINE_CURVE_WITH_KNOTS('',1,(#2251,#2252),.UNSPECIFIED.,.F.,
  .F.,(2,2),(-3.886E-03,3.886E-03),.PIECEWISE_BEZIER_KNOTS.);
#2251 = CARTESIAN_POINT('',(7.033795259997E-02,4.773205687919E-02,
    0.49915540708));
#2252 = CARTESIAN_POINT('',(6.256589287531E-02,4.773205687919E-02,
    0.49915540708));
#2253 = PCURVE('',#2234,#2254);
#2254 = DEFINITIONAL_REPRESENTATION('',(#2255),#2259);
#2255 = LINE('',#2256,#2257);
#2256 = CARTESIAN_POINT('',(0.,-4.9515E-02));
#2257 = VECTOR('',#2258,1.);
#2258 = DIRECTION('',(1.,0.));
#2259 = ( GEOMETRIC_REPRESENTATION_CONTEXT(2) 
PARAMETRIC_REPRESENTATION_CONTEXT() REPRESENTATION_CONTEXT('2D SPACE',''
  ) );
#2260 = ORIENTED_EDGE('',*,*,#2261,.T.);
#2261 = EDGE_CURVE('',#2247,#2262,#2264,.T.);
#2262 = VERTEX_POINT('',#2263);
#2263 = CARTESIAN_POINT('',(6.256589287531E-02,4.773205687919E-02,
    0.500001050886));
#2264 = SURFACE_CURVE('',#2265,(#2268),.PCURVE_S1.);
#2265 = B_SPLINE_CURVE_WITH_KNOTS('',1,(#2266,#2267),.UNSPECIFIED.,.F.,
  .F.,(2,2),(-4.9515E-02,-4.8669E-02),.PIECEWISE_BEZIER_KNOTS.);
#2266 = CARTESIAN_POINT('',(6.256589287531E-02,4.773205687919E-02,
    0.49915540708));
#2267 = CARTESIAN_POINT('',(6.256589287531E-02,4.773205687919E-02,
    0.500001050886));
#2268 = PCURVE('',#2234,#2269);
#2269 = DEFINITIONAL_REPRESENTATION('',(#2270),#2274);
#2270 = LINE('',#2271,#2272);
#2271 = CARTESIAN_POINT('',(3.886E-03,0.));
#2272 = VECTOR('',#2273,1.);
#2273 = DIRECTION('',(0.,1.));
#2274 = ( GEOMETRIC_REPRESENTATION_CONTEXT(2) 
PARAMETRIC_REPRESENTATION_CONTEXT() REPRESENTATION_CONTEXT('2D SPACE',''
  ) );
#2275 = ORIENTED_EDGE('',*,*,#2276,.F.);
#2276 = EDGE_CURVE('',#2227,#2262,#2277,.T.);
#2277 = SURFACE_CURVE('',#2278,(#2281),.PCURVE_S1.);
#2278 = B_SPLINE_CURVE_WITH_KNOTS('',1,(#2279,#2280),.UNSPECIFIED.,.F.,
  .F.,(2,2),(-3.886E-03,3.886E-03),.PIECEWISE_BEZIER_KNOTS.);
#2279 = CARTESIAN_POINT('',(7.033795259997E-02,4.773205687919E-02,
    0.500001050886));
#2280 = CARTESIAN_POINT('',(6.256589287531E-02,4.773205687919E-02,
    0.500001050886));
#2281 = PCURVE('',#2234,#2282);
#2282 = DEFINITIONAL_REPRESENTATION('',(#2283),#2287);
#2283 = LINE('',#2284,#2285);
#2284 = CARTESIAN_POINT('',(0.,-4.8669E-02));
#2285 = VECTOR('',#2286,1.);
#2286 = DIRECTION('',(1.,0.));
#2287 = ( GEOMETRIC_REPRESENTATION_CONTEXT(2) 
PARAMETRIC_REPRESENTATION_CONTEXT() REPRESENTATION_CONTEXT('2D SPACE',''
  ) );
#2288 = ( GEOMETRIC_REPRESENTATION_CONTEXT(3) 
GLOBAL_UNCERTAINTY_ASSIGNED_CONTEXT((#2292)) 
GLOBAL_UNIT_ASSIGNED_CONTEXT((#2289,#2290,#2291)) REPRESENTATION_CONTEXT
('Context #1','3D Context with UNIT and UNCERTAINTY') );
#2289 = ( LENGTH_UNIT() NAMED_UNIT(*) SI_UNIT(.MILLI.,.METRE.) );
#2290 = ( NAMED_UNIT(*) PLANE_ANGLE_UNIT() SI_UNIT($,.RADIAN.) );
#2291 = ( NAMED_UNIT(*) SI_UNIT($,.STERADIAN.) SOLID_ANGLE_UNIT() );
#2292 = UNCERTAINTY_MEASURE_WITH_UNIT(LENGTH_MEASURE(1.E-07),#2289,
  'distance_accuracy_value','confusion accuracy');
#2293 = CONTEXT_DEPENDENT_SHAPE_REPRESENTATION(#2294,#2296);
#2294 = ( REPRESENTATION_RELATIONSHIP('','',#2217,#10) 
REPRESENTATION_RELATIONSHIP_WITH_TRANSFORMATION(#2295) 
SHAPE_REPRESENTATION_RELATIONSHIP() );
#2295 = ITEM_DEFINED_TRANSFORMATION('','',#11,#107);
#2296 = PRODUCT_DEFINITION_SHAPE('Placement','Placement of an item',
  #2297);
#2297 = NEXT_ASSEMBLY_USAGE_OCCURRENCE('24','','',#5,#2212,$);
#2298 = PRODUCT_RELATED_PRODUCT_CATEGORY('part',$,(#2214));
#2299 = SHAPE_DEFINITION_REPRESENTATION(#2300,#2306);
#2300 = PRODUCT_DEFINITION_SHAPE('','',#2301);
#2301 = PRODUCT_DEFINITION('design','',#2302,#2305);
#2302 = PRODUCT_DEFINITION_FORMATION('','',#2303);
#2303 = PRODUCT('Open CASCADE STEP translator 7.9 1.25',
  'Open CASCADE STEP translator 7.9 1.25','',(#2304));
#2304 = PRODUCT_CONTEXT('',#2,'mechanical');
#2305 = PRODUCT_DEFINITION_CONTEXT('part definition',#2,'design');
#2306 = MANIFOLD_SURFACE_SHAPE_REPRESENTATION('',(#11,#2307),#2377);
#2307 = SHELL_BASED_SURFACE_MODEL('',(#2308));
#2308 = OPEN_SHELL('',(#2309));
#2309 = ADVANCED_FACE('',(#2310),#2323,.T.);
#2310 = FACE_BOUND('',#2311,.T.);
#2311 = EDGE_LOOP('',(#2312,#2334,#2349,#2364));
#2312 = ORIENTED_EDGE('',*,*,#2313,.F.);
#2313 = EDGE_CURVE('',#2314,#2316,#2318,.T.);
#2314 = VERTEX_POINT('',#2315);
#2315 = CARTESIAN_POINT('',(7.033795259997E-02,1.447868555655E-02,
    0.49915540708));
#2316 = VERTEX_POINT('',#2317);
#2317 = CARTESIAN_POINT('',(7.033795259997E-02,1.447868555655E-02,
    0.500001050886));
#2318 = SURFACE_CURVE('',#2319,(#2322),.PCURVE_S1.);
#2319 = B_SPLINE_CURVE_WITH_KNOTS('',1,(#2320,#2321),.UNSPECIFIED.,.F.,
  .F.,(2,2),(-4.9515E-02,-4.8669E-02),.PIECEWISE_BEZIER_KNOTS.);
#2320 = CARTESIAN_POINT('',(7.033795259997E-02,1.447868555655E-02,
    0.49915540708));
#2321 = CARTESIAN_POINT('',(7.033795259997E-02,1.447868555655E-02,
    0.500001050886));
#2322 = PCURVE('',#2323,#2328);
#2323 = B_SPLINE_SURFACE_WITH_KNOTS('',1,1,(
    (#2324,#2325)
    ,(#2326,#2327
    )),.UNSPECIFIED.,.F.,.F.,.F.,(2,2),(2,2),(-3.886E-03,3.886E-03),(
    -4.9515E-02,-4.8669E-02),.PIECEWISE_BEZIER_KNOTS.);
#2324 = CARTESIAN_POINT('',(7.033795259997E-02,1.447868555655E-02,
    0.49915540708));
#2325 = CARTESIAN_POINT('',(7.033795259997E-02,1.447868555655E-02,
    0.500001050886));
#2326 = CARTESIAN_POINT('',(6.256589287531E-02,1.447868555655E-02,
    0.49915540708));
#2327 = CARTESIAN_POINT('',(6.256589287531E-02,1.447868555655E-02,
    0.500001050886));
#2328 = DEFINITIONAL_REPRESENTATION('',(#2329),#2333);
#2329 = LINE('',#2330,#2331);
#2330 = CARTESIAN_POINT('',(-3.886E-03,0.));
#2331 = VECTOR('',#2332,1.);
#2332 = DIRECTION('',(0.,1.));
#2333 = ( GEOMETRIC_REPRESENTATION_CONTEXT(2) 
PARAMETRIC_REPRESENTATION_CONTEXT() REPRESENTATION_CONTEXT('2D SPACE',''
  ) );
#2334 = ORIENTED_EDGE('',*,*,#2335,.T.);
#2335 = EDGE_CURVE('',#2314,#2336,#2338,.T.);
#2336 = VERTEX_POINT('',#2337);
#2337 = CARTESIAN_POINT('',(6.256589287531E-02,1.447868555655E-02,
    0.49915540708));
#2338 = SURFACE_CURVE('',#2339,(#2342),.PCURVE_S1.);
#2339 = B_SPLINE_CURVE_WITH_KNOTS('',1,(#2340,#2341),.UNSPECIFIED.,.F.,
  .F.,(2,2),(-3.886E-03,3.886E-03),.PIECEWISE_BEZIER_KNOTS.);
#2340 = CARTESIAN_POINT('',(7.033795259997E-02,1.447868555655E-02,
    0.49915540708));
#2341 = CARTESIAN_POINT('',(6.256589287531E-02,1.447868555655E-02,
    0.49915540708));
#2342 = PCURVE('',#2323,#2343);
#2343 = DEFINITIONAL_REPRESENTATION('',(#2344),#2348);
#2344 = LINE('',#2345,#2346);
#2345 = CARTESIAN_POINT('',(0.,-4.9515E-02));
#2346 = VECTOR('',#2347,1.);
#2347 = DIRECTION('',(1.,0.));
#2348 = ( GEOMETRIC_REPRESENTATION_CONTEXT(2) 
PARAMETRIC_REPRESENTATION_CONTEXT() REPRESENTATION_CONTEXT('2D SPACE',''
  ) );
#2349 = ORIENTED_EDGE('',*,*,#2350,.T.);
#2350 = EDGE_CURVE('',#2336,#2351,#2353,.T.);
#2351 = VERTEX_POINT('',#2352);
#2352 = CARTESIAN_POINT('',(6.256589287531E-02,1.447868555655E-02,
    0.500001050886));
#2353 = SURFACE_CURVE('',#2354,(#2357),.PCURVE_S1.);
#2354 = B_SPLINE_CURVE_WITH_KNOTS('',1,(#2355,#2356),.UNSPECIFIED.,.F.,
  .F.,(2,2),(-4.9515E-02,-4.8669E-02),.PIECEWISE_BEZIER_KNOTS.);
#2355 = CARTESIAN_POINT('',(6.256589287531E-02,1.447868555655E-02,
    0.49915540708));
#2356 = CARTESIAN_POINT('',(6.256589287531E-02,1.447868555655E-02,
    0.500001050886));
#2357 = PCURVE('',#2323,#2358);
#2358 = DEFINITIONAL_REPRESENTATION('',(#2359),#2363);
#2359 = LINE('',#2360,#2361);
#2360 = CARTESIAN_POINT('',(3.886E-03,0.));
#2361 = VECTOR('',#2362,1.);
#2362 = DIRECTION('',(0.,1.));
#2363 = ( GEOMETRIC_REPRESENTATION_CONTEXT(2) 
PARAMETRIC_REPRESENTATION_CONTEXT() REPRESENTATION_CONTEXT('2D SPACE',''
  ) );
#2364 = ORIENTED_EDGE('',*,*,#2365,.F.);
#2365 = EDGE_CURVE('',#2316,#2351,#2366,.T.);
#2366 = SURFACE_CURVE('',#2367,(#2370),.PCURVE_S1.);
#2367 = B_SPLINE_CURVE_WITH_KNOTS('',1,(#2368,#2369),.UNSPECIFIED.,.F.,
  .F.,(2,2),(-3.886E-03,3.886E-03),.PIECEWISE_BEZIER_KNOTS.);
#2368 = CARTESIAN_POINT('',(7.033795259997E-02,1.447868555655E-02,
    0.500001050886));
#2369 = CARTESIAN_POINT('',(6.256589287531E-02,1.447868555655E-02,
    0.500001050886));
#2370 = PCURVE('',#2323,#2371);
#2371 = DEFINITIONAL_REPRESENTATION('',(#2372),#2376);
#2372 = LINE('',#2373,#2374);
#2373 = CARTESIAN_POINT('',(0.,-4.8669E-02));
#2374 = VECTOR('',#2375,1.);
#2375 = DIRECTION('',(1.,0.));
#2376 = ( GEOMETRIC_REPRESENTATION_CONTEXT(2) 
PARAMETRIC_REPRESENTATION_CONTEXT() REPRESENTATION_CONTEXT('2D SPACE',''
  ) );
#2377 = ( GEOMETRIC_REPRESENTATION_CONTEXT(3) 
GLOBAL_UNCERTAINTY_ASSIGNED_CONTEXT((#2381)) 
GLOBAL_UNIT_ASSIGNED_CONTEXT((#2378,#2379,#2380)) REPRESENTATION_CONTEXT
('Context #1','3D Context with UNIT and UNCERTAINTY') );
#2378 = ( LENGTH_UNIT() NAMED_UNIT(*) SI_UNIT(.MILLI.,.METRE.) );
#2379 = ( NAMED_UNIT(*) PLANE_ANGLE_UNIT() SI_UNIT($,.RADIAN.) );
#2380 = ( NAMED_UNIT(*) SI_UNIT($,.STERADIAN.) SOLID_ANGLE_UNIT() );
#2381 = UNCERTAINTY_MEASURE_WITH_UNIT(LENGTH_MEASURE(1.E-07),#2378,
  'distance_accuracy_value','confusion accuracy');
#2382 = CONTEXT_DEPENDENT_SHAPE_REPRESENTATION(#2383,#2385);
#2383 = ( REPRESENTATION_RELATIONSHIP('','',#2306,#10) 
REPRESENTATION_RELATIONSHIP_WITH_TRANSFORMATION(#2384) 
SHAPE_REPRESENTATION_RELATIONSHIP() );
#2384 = ITEM_DEFINED_TRANSFORMATION('','',#11,#111);
#2385 = PRODUCT_DEFINITION_SHAPE('Placement','Placement of an item',
  #2386);
#2386 = NEXT_ASSEMBLY_USAGE_OCCURRENCE('25','','',#5,#2301,$);
#2387 = PRODUCT_RELATED_PRODUCT_CATEGORY('part',$,(#2303));
#2388 = SHAPE_DEFINITION_REPRESENTATION(#2389,#2395);
#2389 = PRODUCT_DEFINITION_SHAPE('','',#2390);
#2390 = PRODUCT_DEFINITION('design','',#2391,#2394);
#2391 = PRODUCT_DEFINITION_FORMATION('','',#2392);
#2392 = PRODUCT('Open CASCADE STEP translator 7.9 1.26',
  'Open CASCADE STEP translator 7.9 1.26','',(#2393));
#2393 = PRODUCT_CONTEXT('',#2,'mechanical');
#2394 = PRODUCT_DEFINITION_CONTEXT('part definition',#2,'design');
#2395 = MANIFOLD_SURFACE_SHAPE_REPRESENTATION('',(#11,#2396),#2466);
#2396 = SHELL_BASED_SURFACE_MODEL('',(#2397));
#2397 = OPEN_SHELL('',(#2398));
#2398 = ADVANCED_FACE('',(#2399),#2412,.T.);
#2399 = FACE_BOUND('',#2400,.T.);
#2400 = EDGE_LOOP('',(#2401,#2423,#2438,#2453));
#2401 = ORIENTED_EDGE('',*,*,#2402,.F.);
#2402 = EDGE_CURVE('',#2403,#2405,#2407,.T.);
#2403 = VERTEX_POINT('',#2404);
#2404 = CARTESIAN_POINT('',(7.033795259997E-02,1.447868555655E-02,
    0.547670940926));
#2405 = VERTEX_POINT('',#2406);
#2406 = CARTESIAN_POINT('',(7.033795259997E-02,4.773205688151E-02,
    0.547670940926));
#2407 = SURFACE_CURVE('',#2408,(#2411),.PCURVE_S1.);
#2408 = B_SPLINE_CURVE_WITH_KNOTS('',1,(#2409,#2410),.UNSPECIFIED.,.F.,
  .F.,(2,2),(-1.6627E-02,1.6627E-02),.PIECEWISE_BEZIER_KNOTS.);
#2409 = CARTESIAN_POINT('',(7.033795259997E-02,1.447868555655E-02,
    0.547670940926));
#2410 = CARTESIAN_POINT('',(7.033795259997E-02,4.773205688151E-02,
    0.547670940926));
#2411 = PCURVE('',#2412,#2417);
#2412 = B_SPLINE_SURFACE_WITH_KNOTS('',1,1,(
    (#2413,#2414)
    ,(#2415,#2416
    )),.UNSPECIFIED.,.F.,.F.,.F.,(2,2),(2,2),(0.,4.8516E-02),(
    -1.6627E-02,1.6627E-02),.PIECEWISE_BEZIER_KNOTS.);
#2413 = CARTESIAN_POINT('',(7.033795259997E-02,1.447868555655E-02,
    0.547670940926));
#2414 = CARTESIAN_POINT('',(7.033795259997E-02,4.773205688151E-02,
    0.547670940926));
#2415 = CARTESIAN_POINT('',(7.033795259997E-02,1.447868555655E-02,
    0.49915540708));
#2416 = CARTESIAN_POINT('',(7.033795259997E-02,4.773205688151E-02,
    0.49915540708));
#2417 = DEFINITIONAL_REPRESENTATION('',(#2418),#2422);
#2418 = LINE('',#2419,#2420);
#2419 = CARTESIAN_POINT('',(0.,0.));
#2420 = VECTOR('',#2421,1.);
#2421 = DIRECTION('',(0.,1.));
#2422 = ( GEOMETRIC_REPRESENTATION_CONTEXT(2) 
PARAMETRIC_REPRESENTATION_CONTEXT() REPRESENTATION_CONTEXT('2D SPACE',''
  ) );
#2423 = ORIENTED_EDGE('',*,*,#2424,.T.);
#2424 = EDGE_CURVE('',#2403,#2425,#2427,.T.);
#2425 = VERTEX_POINT('',#2426);
#2426 = CARTESIAN_POINT('',(7.033795259997E-02,1.447868555655E-02,
    0.49915540708));
#2427 = SURFACE_CURVE('',#2428,(#2431),.PCURVE_S1.);
#2428 = B_SPLINE_CURVE_WITH_KNOTS('',1,(#2429,#2430),.UNSPECIFIED.,.F.,
  .F.,(2,2),(0.,4.8516E-02),.PIECEWISE_BEZIER_KNOTS.);
#2429 = CARTESIAN_POINT('',(7.033795259997E-02,1.447868555655E-02,
    0.547670940926));
#2430 = CARTESIAN_POINT('',(7.033795259997E-02,1.447868555655E-02,
    0.49915540708));
#2431 = PCURVE('',#2412,#2432);
#2432 = DEFINITIONAL_REPRESENTATION('',(#2433),#2437);
#2433 = LINE('',#2434,#2435);
#2434 = CARTESIAN_POINT('',(0.,-1.6627E-02));
#2435 = VECTOR('',#2436,1.);
#2436 = DIRECTION('',(1.,0.));
#2437 = ( GEOMETRIC_REPRESENTATION_CONTEXT(2) 
PARAMETRIC_REPRESENTATION_CONTEXT() REPRESENTATION_CONTEXT('2D SPACE',''
  ) );
#2438 = ORIENTED_EDGE('',*,*,#2439,.T.);
#2439 = EDGE_CURVE('',#2425,#2440,#2442,.T.);
#2440 = VERTEX_POINT('',#2441);
#2441 = CARTESIAN_POINT('',(7.033795259997E-02,4.773205688151E-02,
    0.49915540708));
#2442 = SURFACE_CURVE('',#2443,(#2446),.PCURVE_S1.);
#2443 = B_SPLINE_CURVE_WITH_KNOTS('',1,(#2444,#2445),.UNSPECIFIED.,.F.,
  .F.,(2,2),(-1.6627E-02,1.6627E-02),.PIECEWISE_BEZIER_KNOTS.);
#2444 = CARTESIAN_POINT('',(7.033795259997E-02,1.447868555655E-02,
    0.49915540708));
#2445 = CARTESIAN_POINT('',(7.033795259997E-02,4.773205688151E-02,
    0.49915540708));
#2446 = PCURVE('',#2412,#2447);
#2447 = DEFINITIONAL_REPRESENTATION('',(#2448),#2452);
#2448 = LINE('',#2449,#2450);
#2449 = CARTESIAN_POINT('',(4.8516E-02,0.));
#2450 = VECTOR('',#2451,1.);
#2451 = DIRECTION('',(0.,1.));
#2452 = ( GEOMETRIC_REPRESENTATION_CONTEXT(2) 
PARAMETRIC_REPRESENTATION_CONTEXT() REPRESENTATION_CONTEXT('2D SPACE',''
  ) );
#2453 = ORIENTED_EDGE('',*,*,#2454,.F.);
#2454 = EDGE_CURVE('',#2405,#2440,#2455,.T.);
#2455 = SURFACE_CURVE('',#2456,(#2459),.PCURVE_S1.);
#2456 = B_SPLINE_CURVE_WITH_KNOTS('',1,(#2457,#2458),.UNSPECIFIED.,.F.,
  .F.,(2,2),(0.,4.8516E-02),.PIECEWISE_BEZIER_KNOTS.);
#2457 = CARTESIAN_POINT('',(7.033795259997E-02,4.773205688151E-02,
    0.547670940926));
#2458 = CARTESIAN_POINT('',(7.033795259997E-02,4.773205688151E-02,
    0.49915540708));
#2459 = PCURVE('',#2412,#2460);
#2460 = DEFINITIONAL_REPRESENTATION('',(#2461),#2465);
#2461 = LINE('',#2462,#2463);
#2462 = CARTESIAN_POINT('',(0.,1.6627E-02));
#2463 = VECTOR('',#2464,1.);
#2464 = DIRECTION('',(1.,0.));
#2465 = ( GEOMETRIC_REPRESENTATION_CONTEXT(2) 
PARAMETRIC_REPRESENTATION_CONTEXT() REPRESENTATION_CONTEXT('2D SPACE',''
  ) );
#2466 = ( GEOMETRIC_REPRESENTATION_CONTEXT(3) 
GLOBAL_UNCERTAINTY_ASSIGNED_CONTEXT((#2470)) 
GLOBAL_UNIT_ASSIGNED_CONTEXT((#2467,#2468,#2469)) REPRESENTATION_CONTEXT
('Context #1','3D Context with UNIT and UNCERTAINTY') );
#2467 = ( LENGTH_UNIT() NAMED_UNIT(*) SI_UNIT(.MILLI.,.METRE.) );
#2468 = ( NAMED_UNIT(*) PLANE_ANGLE_UNIT() SI_UNIT($,.RADIAN.) );
#2469 = ( NAMED_UNIT(*) SI_UNIT($,.STERADIAN.) SOLID_ANGLE_UNIT() );
#2470 = UNCERTAINTY_MEASURE_WITH_UNIT(LENGTH_MEASURE(1.E-07),#2467,
  'distance_accuracy_value','confusion accuracy');
#2471 = CONTEXT_DEPENDENT_SHAPE_REPRESENTATION(#2472,#2474);
#2472 = ( REPRESENTATION_RELATIONSHIP('','',#2395,#10) 
REPRESENTATION_RELATIONSHIP_WITH_TRANSFORMATION(#2473) 
SHAPE_REPRESENTATION_RELATIONSHIP() );
#2473 = ITEM_DEFINED_TRANSFORMATION('','',#11,#115);
#2474 = PRODUCT_DEFINITION_SHAPE('Placement','Placement of an item',
  #2475);
#2475 = NEXT_ASSEMBLY_USAGE_OCCURRENCE('26','','',#5,#2390,$);
#2476 = PRODUCT_RELATED_PRODUCT_CATEGORY('part',$,(#2392));
ENDSEC;
END-ISO-10303-21;
