solid 
 facet normal -8.540890e-01 -5.198123e-01 -1.808656e-02
   outer loop
     vertex  5.925833e-02  2.341027e-02  4.997896e-01
     vertex  5.809519e-02  2.534347e-02  4.991554e-01
     vertex  6.141849e-02  1.988305e-02  4.991554e-01
   endloop
 endfacet
 facet normal -7.820224e-02  9.887179e-01 -1.277552e-01
   outer loop
     vertex  6.697332e-02  4.257645e-02  4.996038e-01
     vertex  7.033795e-02  4.278463e-02  4.991554e-01
     vertex  6.401641e-02  4.228463e-02  4.991554e-01
   endloop
 endfacet
 facet normal -2.802215e-01  9.481865e-01  1.497274e-01
   outer loop
     vertex  6.197521e-02  4.158123e-02  4.997896e-01
     vertex  6.401641e-02  4.228463e-02  4.991554e-01
     vertex  6.016558e-02  4.114658e-02  4.991554e-01
   endloop
 endfacet
 facet normal -7.747103e-02  2.549423e-01  9.638478e-01
   outer loop
     vertex  6.197521e-02  4.158123e-02  4.997896e-01
     vertex  6.039224e-02  4.030094e-02  5.000011e-01
     vertex  6.413734e-02  4.143899e-02  5.000011e-01
   endloop
 endfacet
 facet normal -2.199848e-01  9.230147e-01  3.156748e-01
   outer loop
     vertex  6.197521e-02  4.158123e-02  4.997896e-01
     vertex  6.401529e-02  4.206745e-02  4.997896e-01
     vertex  6.401641e-02  4.228463e-02  4.991554e-01
   endloop
 endfacet
 facet normal -7.275547e-02  3.052682e-01  9.494830e-01
   outer loop
     vertex  6.197521e-02  4.158123e-02  4.997896e-01
     vertex  6.413734e-02  4.143899e-02  5.000011e-01
     vertex  6.401529e-02  4.206745e-02  4.997896e-01
   endloop
 endfacet
 facet normal -3.280166e-01  8.855112e-01  3.290517e-01
   outer loop
     vertex  6.018010e-02  4.091628e-02  4.997896e-01
     vertex  6.197521e-02  4.158123e-02  4.997896e-01
     vertex  6.016558e-02  4.114658e-02  4.991554e-01
   endloop
 endfacet
 facet normal -1.073314e-01  2.897511e-01  9.510648e-01
   outer loop
     vertex  6.018010e-02  4.091628e-02  4.997896e-01
     vertex  6.039224e-02  4.030094e-02  5.000011e-01
     vertex  6.197521e-02  4.158123e-02  4.997896e-01
   endloop
 endfacet
 facet normal -4.893825e-01  8.407437e-01  2.316352e-01
   outer loop
     vertex  5.915636e-02  4.038439e-02  4.997896e-01
     vertex  6.016558e-02  4.114658e-02  4.991554e-01
     vertex  5.820867e-02  4.000749e-02  4.991554e-01
   endloop
 endfacet
 facet normal -1.438308e-01  2.768337e-01  9.500925e-01
   outer loop
     vertex  5.915636e-02  4.038439e-02  4.997896e-01
     vertex  6.039224e-02  4.030094e-02  5.000011e-01
     vertex  6.018010e-02  4.091628e-02  4.997896e-01
   endloop
 endfacet
 facet normal -4.374573e-01  8.419818e-01  3.157494e-01
   outer loop
     vertex  5.915636e-02  4.038439e-02  4.997896e-01
     vertex  6.018010e-02  4.091628e-02  4.997896e-01
     vertex  6.016558e-02  4.114658e-02  4.991554e-01
   endloop
 endfacet
 facet normal -1.475194e-01  2.436834e-01  9.585700e-01
   outer loop
     vertex  5.915636e-02  4.038439e-02  4.997896e-01
     vertex  5.851061e-02  3.916185e-02  5.000011e-01
     vertex  6.039224e-02  4.030094e-02  5.000011e-01
   endloop
 endfacet
 facet normal -5.304046e-01  7.817172e-01  3.280079e-01
   outer loop
     vertex  5.824210e-02  3.976405e-02  4.997896e-01
     vertex  5.915636e-02  4.038439e-02  4.997896e-01
     vertex  5.820867e-02  4.000749e-02  4.991554e-01
   endloop
 endfacet
 facet normal -1.738833e-01  2.562714e-01  9.508362e-01
   outer loop
     vertex  5.824210e-02  3.976405e-02  4.997896e-01
     vertex  5.851061e-02  3.916185e-02  5.000011e-01
     vertex  5.915636e-02  4.038439e-02  4.997896e-01
   endloop
 endfacet
 facet normal -2.088409e-01  2.397281e-01  9.481118e-01
   outer loop
     vertex  5.759619e-02  3.920136e-02  4.997896e-01
     vertex  5.851061e-02  3.916185e-02  5.000011e-01
     vertex  5.824210e-02  3.976405e-02  4.997896e-01
   endloop
 endfacet
 facet normal -6.688335e-01  7.015858e-01  2.458437e-01
   outer loop
     vertex  5.759619e-02  3.920136e-02  4.997896e-01
     vertex  5.820867e-02  4.000749e-02  4.991554e-01
     vertex  5.697341e-02  3.882990e-02  4.991554e-01
   endloop
 endfacet
 facet normal -2.115869e-01  2.102409e-01  9.544788e-01
   outer loop
     vertex  5.759619e-02  3.920136e-02  4.997896e-01
     vertex  5.734051e-02  3.798426e-02  5.000011e-01
     vertex  5.851061e-02  3.916185e-02  5.000011e-01
   endloop
 endfacet
 facet normal -6.248743e-01  7.172924e-01  3.082592e-01
   outer loop
     vertex  5.759619e-02  3.920136e-02  4.997896e-01
     vertex  5.824210e-02  3.976405e-02  4.997896e-01
     vertex  5.820867e-02  4.000749e-02  4.991554e-01
   endloop
 endfacet
 facet normal -7.031602e-01  6.359664e-01  3.179818e-01
   outer loop
     vertex  5.702777e-02  3.857288e-02  4.997896e-01
     vertex  5.759619e-02  3.920136e-02  4.997896e-01
     vertex  5.697341e-02  3.882990e-02  4.991554e-01
   endloop
 endfacet
 facet normal -2.370342e-01  2.143833e-01  9.475519e-01
   outer loop
     vertex  5.702777e-02  3.857288e-02  4.997896e-01
     vertex  5.734051e-02  3.798426e-02  5.000011e-01
     vertex  5.759619e-02  3.920136e-02  4.997896e-01
   endloop
 endfacet
 facet normal -8.165514e-01  5.269956e-01  2.356258e-01
   outer loop
     vertex  5.659339e-02  3.795749e-02  4.997896e-01
     vertex  5.697341e-02  3.882990e-02  4.991554e-01
     vertex  5.615024e-02  3.755444e-02  4.991554e-01
   endloop
 endfacet
 facet normal -7.817170e-01  5.517877e-01  2.906007e-01
   outer loop
     vertex  5.659339e-02  3.795749e-02  4.997896e-01
     vertex  5.702777e-02  3.857288e-02  4.997896e-01
     vertex  5.697341e-02  3.882990e-02  4.991554e-01
   endloop
 endfacet
 facet normal -2.735482e-01  1.930885e-01  9.422782e-01
   outer loop
     vertex  5.659339e-02  3.795749e-02  4.997896e-01
     vertex  5.734051e-02  3.798426e-02  5.000011e-01
     vertex  5.702777e-02  3.857288e-02  4.997896e-01
   endloop
 endfacet
 facet normal -2.740289e-01  1.634731e-01  9.477261e-01
   outer loop
     vertex  5.659339e-02  3.795749e-02  4.997896e-01
     vertex  5.657963e-02  3.670880e-02  5.000011e-01
     vertex  5.734051e-02  3.798426e-02  5.000011e-01
   endloop
 endfacet
 facet normal -8.395328e-01  4.544192e-01  2.978050e-01
   outer loop
     vertex  5.622814e-02  3.728271e-02  4.997896e-01
     vertex  5.659339e-02  3.795749e-02  4.997896e-01
     vertex  5.615024e-02  3.755444e-02  4.991554e-01
   endloop
 endfacet
 facet normal -3.001184e-01  1.624470e-01  9.399680e-01
   outer loop
     vertex  5.622814e-02  3.728271e-02  4.997896e-01
     vertex  5.657963e-02  3.670880e-02  5.000011e-01
     vertex  5.659339e-02  3.795749e-02  4.997896e-01
   endloop
 endfacet
 facet normal -9.217994e-01  3.265702e-01  2.088963e-01
   outer loop
     vertex  5.594815e-02  3.657831e-02  4.997896e-01
     vertex  5.615024e-02  3.755444e-02  4.991554e-01
     vertex  5.563533e-02  3.610100e-02  4.991554e-01
   endloop
 endfacet
 facet normal -3.349872e-01  1.038866e-01  9.364781e-01
   outer loop
     vertex  5.594815e-02  3.657831e-02  4.997896e-01
     vertex  5.612889e-02  3.525536e-02  5.000011e-01
     vertex  5.657963e-02  3.670880e-02  5.000011e-01
   endloop
 endfacet
 facet normal -8.966126e-01  3.563897e-01  2.628160e-01
   outer loop
     vertex  5.594815e-02  3.657831e-02  4.997896e-01
     vertex  5.622814e-02  3.728271e-02  4.997896e-01
     vertex  5.615024e-02  3.755444e-02  4.991554e-01
   endloop
 endfacet
 facet normal -3.395279e-01  1.349571e-01  9.308638e-01
   outer loop
     vertex  5.594815e-02  3.657831e-02  4.997896e-01
     vertex  5.657963e-02  3.670880e-02  5.000011e-01
     vertex  5.622814e-02  3.728271e-02  4.997896e-01
   endloop
 endfacet
 facet normal -9.296371e-01  2.517302e-01  2.690851e-01
   outer loop
     vertex  5.574079e-02  3.581251e-02  4.997896e-01
     vertex  5.594815e-02  3.657831e-02  4.997896e-01
     vertex  5.563533e-02  3.610100e-02  4.991554e-01
   endloop
 endfacet
 facet normal -3.633900e-01  9.839995e-02  9.264260e-01
   outer loop
     vertex  5.574079e-02  3.581251e-02  4.997896e-01
     vertex  5.612889e-02  3.525536e-02  5.000011e-01
     vertex  5.594815e-02  3.657831e-02  4.997896e-01
   endloop
 endfacet
 facet normal -9.614329e-01  1.521915e-01  2.290950e-01
   outer loop
     vertex  5.561519e-02  3.501910e-02  4.997896e-01
     vertex  5.574079e-02  3.581251e-02  4.997896e-01
     vertex  5.563533e-02  3.610100e-02  4.991554e-01
   endloop
 endfacet
 facet normal -4.048599e-01  6.408791e-02  9.121300e-01
   outer loop
     vertex  5.561519e-02  3.501910e-02  4.997896e-01
     vertex  5.612889e-02  3.525536e-02  5.000011e-01
     vertex  5.574079e-02  3.581251e-02  4.997896e-01
   endloop
 endfacet
 facet normal -9.758861e-01  1.236214e-01  1.799001e-01
   outer loop
     vertex  5.561519e-02  3.501910e-02  4.997896e-01
     vertex  5.563533e-02  3.610100e-02  4.991554e-01
     vertex  5.542866e-02  3.446959e-02  4.991554e-01
   endloop
 endfacet
 facet normal -3.936631e-01  3.392758e-02  9.186285e-01
   outer loop
     vertex  5.561519e-02  3.501910e-02  4.997896e-01
     vertex  5.598829e-02  3.362394e-02  5.000011e-01
     vertex  5.612889e-02  3.525536e-02  5.000011e-01
   endloop
 endfacet
 facet normal -9.699600e-01  5.602401e-02  2.367253e-01
   outer loop
     vertex  5.556570e-02  3.416228e-02  4.997896e-01
     vertex  5.561519e-02  3.501910e-02  4.997896e-01
     vertex  5.542866e-02  3.446959e-02  4.991554e-01
   endloop
 endfacet
 facet normal -4.222584e-01  2.438926e-02  9.061473e-01
   outer loop
     vertex  5.556570e-02  3.416228e-02  4.997896e-01
     vertex  5.598829e-02  3.362394e-02  5.000011e-01
     vertex  5.561519e-02  3.501910e-02  4.997896e-01
   endloop
 endfacet
 facet normal -9.865097e-01 -5.539026e-02  1.540473e-01
   outer loop
     vertex  5.559450e-02  3.327986e-02  4.997896e-01
     vertex  5.542866e-02  3.446959e-02  4.991554e-01
     vertex  5.553026e-02  3.266019e-02  4.991554e-01
   endloop
 endfacet
 facet normal -9.800306e-01 -3.198520e-02  1.962576e-01
   outer loop
     vertex  5.559450e-02  3.327986e-02  4.997896e-01
     vertex  5.556570e-02  3.416228e-02  4.997896e-01
     vertex  5.542866e-02  3.446959e-02  4.991554e-01
   endloop
 endfacet
 facet normal -9.706649e-01 -2.219563e-01  9.243912e-02
   outer loop
     vertex  5.596411e-02  3.102699e-02  4.997896e-01
     vertex  5.553026e-02  3.266019e-02  4.991554e-01
     vertex  5.614522e-02  2.997081e-02  4.991554e-01
   endloop
 endfacet
 facet normal -9.674155e-01 -1.936434e-01  1.631243e-01
   outer loop
     vertex  5.596411e-02  3.102699e-02  4.997896e-01
     vertex  5.570289e-02  3.233202e-02  4.997896e-01
     vertex  5.553026e-02  3.266019e-02  4.991554e-01
   endloop
 endfacet
 facet normal -9.214600e-01 -3.883044e-01 -1.145464e-02
   outer loop
     vertex  5.722600e-02  2.738738e-02  4.997896e-01
     vertex  5.614522e-02  2.997081e-02  4.991554e-01
     vertex  5.809519e-02  2.534347e-02  4.991554e-01
   endloop
 endfacet
 facet normal -8.677330e-01 -4.809680e-01  1.253366e-01
   outer loop
     vertex  5.841547e-02  2.493091e-02  4.997896e-01
     vertex  5.809519e-02  2.534347e-02  4.991554e-01
     vertex  5.925833e-02  2.341027e-02  4.997896e-01
   endloop
 endfacet
 facet normal -7.237193e-01 -4.011439e-01  5.615283e-01
   outer loop
     vertex  5.907161e-02  2.396910e-02  4.999482e-01
     vertex  5.841547e-02  2.493091e-02  4.997896e-01
     vertex  5.925833e-02  2.341027e-02  4.997896e-01
   endloop
 endfacet
 facet normal -2.382019e-01 -1.449988e-01  9.603308e-01
   outer loop
     vertex  6.077136e-02  2.117678e-02  4.999482e-01
     vertex  5.896284e-02  2.449783e-02  5.000011e-01
     vertex  5.907161e-02  2.396910e-02  4.999482e-01
   endloop
 endfacet
 facet normal -6.583628e-01 -4.007601e-01  6.371419e-01
   outer loop
     vertex  6.077136e-02  2.117678e-02  4.999482e-01
     vertex  5.907161e-02  2.396910e-02  4.999482e-01
     vertex  5.925833e-02  2.341027e-02  4.997896e-01
   endloop
 endfacet
 facet normal -1.581798e-01 -1.017691e-01  9.821518e-01
   outer loop
     vertex  6.077136e-02  2.117678e-02  4.999482e-01
     vertex  6.229057e-02  1.932554e-02  5.000011e-01
     vertex  5.896284e-02  2.449783e-02  5.000011e-01
   endloop
 endfacet
 facet normal -8.160923e-01 -5.378261e-01  2.115098e-01
   outer loop
     vertex  6.077136e-02  2.117678e-02  4.999482e-01
     vertex  5.925833e-02  2.341027e-02  4.997896e-01
     vertex  6.141849e-02  1.988305e-02  4.991554e-01
   endloop
 endfacet
 facet normal -8.270043e-01 -5.294802e-01  1.889833e-01
   outer loop
     vertex  6.177812e-02  1.954771e-02  4.997896e-01
     vertex  6.077136e-02  2.117678e-02  4.999482e-01
     vertex  6.141849e-02  1.988305e-02  4.991554e-01
   endloop
 endfacet
 facet normal -7.423945e-01 -6.645668e-01 -8.486120e-02
   outer loop
     vertex  6.346763e-02  1.751294e-02  4.997896e-01
     vertex  6.141849e-02  1.988305e-02  4.991554e-01
     vertex  6.482976e-02  1.607229e-02  4.991554e-01
   endloop
 endfacet
 facet normal -5.828151e-01 -8.084359e-01  8.220664e-02
   outer loop
     vertex  6.586727e-02  1.538882e-02  4.997896e-01
     vertex  6.482976e-02  1.607229e-02  4.991554e-01
     vertex  6.653539e-02  1.484267e-02  4.991554e-01
   endloop
 endfacet
 facet normal -6.014237e-01 -7.873846e-01  1.353331e-01
   outer loop
     vertex  6.586727e-02  1.538882e-02  4.997896e-01
     vertex  6.502251e-02  1.603407e-02  4.997896e-01
     vertex  6.482976e-02  1.607229e-02  4.991554e-01
   endloop
 endfacet
 facet normal -4.050226e-01 -9.113107e-01  7.395574e-02
   outer loop
     vertex  6.781116e-02  1.432713e-02  4.997896e-01
     vertex  6.653539e-02  1.484267e-02  4.991554e-01
     vertex  6.840050e-02  1.401374e-02  4.991554e-01
   endloop
 endfacet
 facet normal -4.200787e-01 -9.004123e-01  1.130999e-01
   outer loop
     vertex  6.781116e-02  1.432713e-02  4.997896e-01
     vertex  6.688742e-02  1.475810e-02  4.997896e-01
     vertex  6.653539e-02  1.484267e-02  4.991554e-01
   endloop
 endfacet
 facet normal -1.759736e-01 -9.793543e-01  9.949048e-02
   outer loop
     vertex  6.943108e-02  1.389299e-02  4.997896e-01
     vertex  6.840050e-02  1.401374e-02  4.991554e-01
     vertex  6.995476e-02  1.373446e-02  4.991554e-01
   endloop
 endfacet
 facet normal -1.959046e-01 -9.715111e-01  1.333699e-01
   outer loop
     vertex  6.943108e-02  1.389299e-02  4.997896e-01
     vertex  6.866129e-02  1.404822e-02  4.997896e-01
     vertex  6.840050e-02  1.401374e-02  4.991554e-01
   endloop
 endfacet
 facet normal  5.169796e-02 -9.924745e-01  1.110027e-01
   outer loop
     vertex  7.093100e-02  1.385625e-02  4.997896e-01
     vertex  6.995476e-02  1.373446e-02  4.991554e-01
     vertex  7.139389e-02  1.380943e-02  4.991554e-01
   endloop
 endfacet
 facet normal  3.658667e-02 -9.903260e-01  1.338500e-01
   outer loop
     vertex  7.093100e-02  1.385625e-02  4.997896e-01
     vertex  7.021823e-02  1.382992e-02  4.997896e-01
     vertex  6.995476e-02  1.373446e-02  4.991554e-01
   endloop
 endfacet
 facet normal  2.633517e-01 -9.578208e-01  1.150009e-01
   outer loop
     vertex  7.243092e-02  1.417071e-02  4.997896e-01
     vertex  7.139389e-02  1.380943e-02  4.991554e-01
     vertex  7.283302e-02  1.420511e-02  4.991554e-01
   endloop
 endfacet
 facet normal  2.597185e-01 -9.580636e-01  1.210798e-01
   outer loop
     vertex  7.243092e-02  1.417071e-02  4.997896e-01
     vertex  7.171815e-02  1.397748e-02  4.997896e-01
     vertex  7.139389e-02  1.380943e-02  4.991554e-01
   endloop
 endfacet
 facet normal  4.428669e-01 -8.896343e-01  1.114442e-01
   outer loop
     vertex  7.321808e-02  1.447625e-02  4.997896e-01
     vertex  7.283302e-02  1.420511e-02  4.991554e-01
     vertex  7.427215e-02  1.492152e-02  4.991554e-01
   endloop
 endfacet
 facet normal  4.475808e-01 -8.858955e-01  1.219035e-01
   outer loop
     vertex  7.393084e-02  1.483636e-02  4.997896e-01
     vertex  7.321808e-02  1.447625e-02  4.997896e-01
     vertex  7.427215e-02  1.492152e-02  4.991554e-01
   endloop
 endfacet
 facet normal  5.813640e-01 -8.067030e-01  1.060483e-01
   outer loop
     vertex  7.471800e-02  1.532620e-02  4.997896e-01
     vertex  7.427215e-02  1.492152e-02  4.991554e-01
     vertex  7.571128e-02  1.595866e-02  4.991554e-01
   endloop
 endfacet
 facet normal  5.896118e-01 -7.974487e-01  1.281937e-01
   outer loop
     vertex  7.543076e-02  1.585320e-02  4.997896e-01
     vertex  7.471800e-02  1.532620e-02  4.997896e-01
     vertex  7.571128e-02  1.595866e-02  4.991554e-01
   endloop
 endfacet
 facet normal  6.978923e-01 -7.116494e-01  8.063160e-02
   outer loop
     vertex  7.621792e-02  1.652736e-02  4.997896e-01
     vertex  7.571128e-02  1.595866e-02  4.991554e-01
     vertex  7.763012e-02  1.784040e-02  4.991554e-01
   endloop
 endfacet
 facet normal  7.008948e-01 -7.065046e-01  9.796811e-02
   outer loop
     vertex  7.716827e-02  1.747017e-02  4.997896e-01
     vertex  7.621792e-02  1.652736e-02  4.997896e-01
     vertex  7.763012e-02  1.784040e-02  4.991554e-01
   endloop
 endfacet
 facet normal  8.037815e-01 -5.944688e-01  2.328372e-02
   outer loop
     vertex  7.964334e-02  2.058732e-02  4.997896e-01
     vertex  7.763012e-02  1.784040e-02  4.991554e-01
     vertex  8.050838e-02  2.173210e-02  4.991554e-01
   endloop
 endfacet
 facet normal  8.009503e-01 -5.971276e-01  4.378599e-02
   outer loop
     vertex  7.964334e-02  2.058732e-02  4.997896e-01
     vertex  7.821781e-02  1.867520e-02  4.997896e-01
     vertex  7.763012e-02  1.784040e-02  4.991554e-01
   endloop
 endfacet
 facet normal  8.108346e-01 -5.317226e-01  2.445777e-01
   outer loop
     vertex  8.002902e-02  2.136578e-02  4.999482e-01
     vertex  8.050838e-02  2.173210e-02  4.991554e-01
     vertex  8.141757e-02  2.341027e-02  4.997896e-01
   endloop
 endfacet
 facet normal  1.707892e-01 -1.087926e-01  9.792830e-01
   outer loop
     vertex  8.002902e-02  2.136578e-02  4.999482e-01
     vertex  8.166449e-02  2.440898e-02  5.000011e-01
     vertex  7.863009e-02  1.964539e-02  5.000011e-01
   endloop
 endfacet
 facet normal  8.340326e-01 -4.715519e-01  2.864061e-01
   outer loop
     vertex  8.002902e-02  2.136578e-02  4.999482e-01
     vertex  7.964334e-02  2.058732e-02  4.997896e-01
     vertex  8.050838e-02  2.173210e-02  4.991554e-01
   endloop
 endfacet
 facet normal  6.651405e-01 -4.029866e-01  6.286413e-01
   outer loop
     vertex  8.157843e-02  2.392312e-02  4.999482e-01
     vertex  8.002902e-02  2.136578e-02  4.999482e-01
     vertex  8.141757e-02  2.341027e-02  4.997896e-01
   endloop
 endfacet
 facet normal  2.432457e-01 -1.473745e-01  9.587034e-01
   outer loop
     vertex  8.157843e-02  2.392312e-02  4.999482e-01
     vertex  8.166449e-02  2.440898e-02  5.000011e-01
     vertex  8.002902e-02  2.136578e-02  4.999482e-01
   endloop
 endfacet
 facet normal  8.846330e-01 -4.646888e-01 -3.858587e-02
   outer loop
     vertex  8.310161e-02  2.661619e-02  4.997896e-01
     vertex  8.141757e-02  2.341027e-02  4.997896e-01
     vertex  8.050838e-02  2.173210e-02  4.991554e-01
   endloop
 endfacet
 facet normal  8.834691e-01 -4.541398e-01 -1.150624e-01
   outer loop
     vertex  8.310161e-02  2.661619e-02  4.997896e-01
     vertex  8.050838e-02  2.173210e-02  4.991554e-01
     vertex  8.409447e-02  2.870836e-02  4.991554e-01
   endloop
 endfacet
 facet normal  9.597434e-01 -2.737352e-01  6.294149e-02
   outer loop
     vertex  8.469641e-02  3.096466e-02  4.997896e-01
     vertex  8.409447e-02  2.870836e-02  4.991554e-01
     vertex  8.505200e-02  3.206556e-02  4.991554e-01
   endloop
 endfacet
 facet normal  9.524338e-01 -2.846699e-01  1.087793e-01
   outer loop
     vertex  8.469641e-02  3.096466e-02  4.997896e-01
     vertex  8.419559e-02  2.928906e-02  4.997896e-01
     vertex  8.409447e-02  2.870836e-02  4.991554e-01
   endloop
 endfacet
 facet normal  9.867638e-01 -8.857270e-02  1.358386e-01
   outer loop
     vertex  8.501604e-02  3.263767e-02  4.997896e-01
     vertex  8.505200e-02  3.206556e-02  4.991554e-01
     vertex  8.525110e-02  3.428377e-02  4.991554e-01
   endloop
 endfacet
 facet normal  9.845168e-01 -8.061790e-02  1.556519e-01
   outer loop
     vertex  8.510543e-02  3.372936e-02  4.997896e-01
     vertex  8.501604e-02  3.263767e-02  4.997896e-01
     vertex  8.525110e-02  3.428377e-02  4.991554e-01
   endloop
 endfacet
 facet normal  9.696851e-01  2.346451e-02  2.432286e-01
   outer loop
     vertex  8.507879e-02  3.483055e-02  4.997896e-01
     vertex  8.510543e-02  3.372936e-02  4.997896e-01
     vertex  8.525110e-02  3.428377e-02  4.991554e-01
   endloop
 endfacet
 facet normal  4.142023e-01  1.002290e-02  9.101297e-01
   outer loop
     vertex  8.507879e-02  3.483055e-02  4.997896e-01
     vertex  8.465962e-02  3.295585e-02  5.000011e-01
     vertex  8.510543e-02  3.372936e-02  4.997896e-01
   endloop
 endfacet
 facet normal  9.793782e-01  1.208421e-01  1.619123e-01
   outer loop
     vertex  8.507879e-02  3.483055e-02  4.997896e-01
     vertex  8.525110e-02  3.428377e-02  4.991554e-01
     vertex  8.501269e-02  3.621604e-02  4.991554e-01
   endloop
 endfacet
 facet normal  3.963636e-01  1.489598e-02  9.179728e-01
   outer loop
     vertex  8.507879e-02  3.483055e-02  4.997896e-01
     vertex  8.458018e-02  3.506946e-02  5.000011e-01
     vertex  8.465962e-02  3.295585e-02  5.000011e-01
   endloop
 endfacet
 facet normal  9.690927e-01  1.394042e-01  2.035334e-01
   outer loop
     vertex  8.494281e-02  3.577582e-02  4.997896e-01
     vertex  8.507879e-02  3.483055e-02  4.997896e-01
     vertex  8.501269e-02  3.621604e-02  4.991554e-01
   endloop
 endfacet
 facet normal  4.137090e-01  5.951213e-02  9.084620e-01
   outer loop
     vertex  8.494281e-02  3.577582e-02  4.997896e-01
     vertex  8.458018e-02  3.506946e-02  5.000011e-01
     vertex  8.507879e-02  3.483055e-02  4.997896e-01
   endloop
 endfacet
 facet normal  9.285561e-01  2.490936e-01  2.752018e-01
   outer loop
     vertex  8.472664e-02  3.658165e-02  4.997896e-01
     vertex  8.494281e-02  3.577582e-02  4.997896e-01
     vertex  8.501269e-02  3.621604e-02  4.991554e-01
   endloop
 endfacet
 facet normal  3.559584e-01  9.548908e-02  9.296104e-01
   outer loop
     vertex  8.472664e-02  3.658165e-02  4.997896e-01
     vertex  8.458018e-02  3.506946e-02  5.000011e-01
     vertex  8.494281e-02  3.577582e-02  4.997896e-01
   endloop
 endfacet
 facet normal  9.124140e-01  3.521792e-01  2.084959e-01
   outer loop
     vertex  8.472664e-02  3.658165e-02  4.997896e-01
     vertex  8.501269e-02  3.621604e-02  4.991554e-01
     vertex  8.440773e-02  3.778335e-02  4.991554e-01
   endloop
 endfacet
 facet normal  3.408165e-01  9.771436e-02  9.350380e-01
   outer loop
     vertex  8.472664e-02  3.658165e-02  4.997896e-01
     vertex  8.413719e-02  3.661457e-02  5.000011e-01
     vertex  8.458018e-02  3.506946e-02  5.000011e-01
   endloop
 endfacet
 facet normal  9.005825e-01  3.642220e-01  2.372626e-01
   outer loop
     vertex  8.441578e-02  3.735028e-02  4.997896e-01
     vertex  8.472664e-02  3.658165e-02  4.997896e-01
     vertex  8.440773e-02  3.778335e-02  4.991554e-01
   endloop
 endfacet
 facet normal  3.411905e-01  1.379875e-01  9.298110e-01
   outer loop
     vertex  8.441578e-02  3.735028e-02  4.997896e-01
     vertex  8.413719e-02  3.661457e-02  5.000011e-01
     vertex  8.472664e-02  3.658165e-02  4.997896e-01
   endloop
 endfacet
 facet normal  2.905018e-01  1.610367e-01  9.432263e-01
   outer loop
     vertex  8.405387e-02  3.800316e-02  4.997896e-01
     vertex  8.413719e-02  3.661457e-02  5.000011e-01
     vertex  8.441578e-02  3.735028e-02  4.997896e-01
   endloop
 endfacet
 facet normal  7.915948e-01  5.583980e-01  2.481317e-01
   outer loop
     vertex  8.405387e-02  3.800316e-02  4.997896e-01
     vertex  8.440773e-02  3.778335e-02  4.991554e-01
     vertex  8.351819e-02  3.904437e-02  4.991554e-01
   endloop
 endfacet
 facet normal  2.823136e-01  1.609263e-01  9.457282e-01
   outer loop
     vertex  8.405387e-02  3.800316e-02  4.997896e-01
     vertex  8.342159e-02  3.786995e-02  5.000011e-01
     vertex  8.413719e-02  3.661457e-02  5.000011e-01
   endloop
 endfacet
 facet normal  8.330111e-01  4.617712e-01  3.047291e-01
   outer loop
     vertex  8.405387e-02  3.800316e-02  4.997896e-01
     vertex  8.441578e-02  3.735028e-02  4.997896e-01
     vertex  8.440773e-02  3.778335e-02  4.991554e-01
   endloop
 endfacet
 facet normal  2.733780e-01  1.967419e-01  9.415716e-01
   outer loop
     vertex  8.360747e-02  3.862344e-02  4.997896e-01
     vertex  8.342159e-02  3.786995e-02  5.000011e-01
     vertex  8.405387e-02  3.800316e-02  4.997896e-01
   endloop
 endfacet
 facet normal  7.829229e-01  5.634459e-01  2.637432e-01
   outer loop
     vertex  8.360747e-02  3.862344e-02  4.997896e-01
     vertex  8.405387e-02  3.800316e-02  4.997896e-01
     vertex  8.351819e-02  3.904437e-02  4.991554e-01
   endloop
 endfacet
 facet normal  2.303461e-01  2.097862e-01  9.502265e-01
   outer loop
     vertex  8.309298e-02  3.918835e-02  4.997896e-01
     vertex  8.342159e-02  3.786995e-02  5.000011e-01
     vertex  8.360747e-02  3.862344e-02  4.997896e-01
   endloop
 endfacet
 facet normal  6.993766e-01  6.369525e-01  3.242899e-01
   outer loop
     vertex  8.309298e-02  3.918835e-02  4.997896e-01
     vertex  8.360747e-02  3.862344e-02  4.997896e-01
     vertex  8.351819e-02  3.904437e-02  4.991554e-01
   endloop
 endfacet
 facet normal  6.421372e-01  7.184345e-01  2.674166e-01
   outer loop
     vertex  8.309298e-02  3.918835e-02  4.997896e-01
     vertex  8.351819e-02  3.904437e-02  4.991554e-01
     vertex  8.231193e-02  4.012253e-02  4.991554e-01
   endloop
 endfacet
 facet normal  2.246640e-01  2.086287e-01  9.518404e-01
   outer loop
     vertex  8.309298e-02  3.918835e-02  4.997896e-01
     vertex  8.241231e-02  3.895680e-02  5.000011e-01
     vertex  8.342159e-02  3.786995e-02  5.000011e-01
   endloop
 endfacet
 facet normal  6.351544e-01  7.203166e-01  2.787881e-01
   outer loop
     vertex  8.249116e-02  3.971902e-02  4.997896e-01
     vertex  8.309298e-02  3.918835e-02  4.997896e-01
     vertex  8.231193e-02  4.012253e-02  4.991554e-01
   endloop
 endfacet
 facet normal  2.122697e-01  2.407310e-01  9.470957e-01
   outer loop
     vertex  8.249116e-02  3.971902e-02  4.997896e-01
     vertex  8.241231e-02  3.895680e-02  5.000011e-01
     vertex  8.309298e-02  3.918835e-02  4.997896e-01
   endloop
 endfacet
 facet normal  5.484225e-01  7.670284e-01  3.330167e-01
   outer loop
     vertex  8.182409e-02  4.019598e-02  4.997896e-01
     vertex  8.249116e-02  3.971902e-02  4.997896e-01
     vertex  8.231193e-02  4.012253e-02  4.991554e-01
   endloop
 endfacet
 facet normal  1.759987e-01  2.461533e-01  9.531175e-01
   outer loop
     vertex  8.182409e-02  4.019598e-02  4.997896e-01
     vertex  8.241231e-02  3.895680e-02  5.000011e-01
     vertex  8.249116e-02  3.971902e-02  4.997896e-01
   endloop
 endfacet
 facet normal  4.867243e-01  8.279710e-01  2.785022e-01
   outer loop
     vertex  8.182409e-02  4.019598e-02  4.997896e-01
     vertex  8.231193e-02  4.012253e-02  4.991554e-01
     vertex  8.078894e-02  4.101782e-02  4.991554e-01
   endloop
 endfacet
 facet normal  1.724156e-01  2.446309e-01  9.541638e-01
   outer loop
     vertex  8.182409e-02  4.019598e-02  4.997896e-01
     vertex  8.110935e-02  3.987513e-02  5.000011e-01
     vertex  8.241231e-02  3.895680e-02  5.000011e-01
   endloop
 endfacet
 facet normal  4.823054e-01  8.280598e-01  2.858296e-01
   outer loop
     vertex  8.106684e-02  4.063704e-02  4.997896e-01
     vertex  8.182409e-02  4.019598e-02  4.997896e-01
     vertex  8.078894e-02  4.101782e-02  4.991554e-01
   endloop
 endfacet
 facet normal  1.585411e-01  2.721957e-01  9.490913e-01
   outer loop
     vertex  8.106684e-02  4.063704e-02  4.997896e-01
     vertex  8.110935e-02  3.987513e-02  5.000011e-01
     vertex  8.182409e-02  4.019598e-02  4.997896e-01
   endloop
 endfacet
 facet normal  4.041017e-01  8.514909e-01  3.341632e-01
   outer loop
     vertex  8.024719e-02  4.102603e-02  4.997896e-01
     vertex  8.106684e-02  4.063704e-02  4.997896e-01
     vertex  8.078894e-02  4.101782e-02  4.991554e-01
   endloop
 endfacet
 facet normal  1.289989e-01  2.718161e-01  9.536641e-01
   outer loop
     vertex  8.024719e-02  4.102603e-02  4.997896e-01
     vertex  8.110935e-02  3.987513e-02  5.000011e-01
     vertex  8.106684e-02  4.063704e-02  4.997896e-01
   endloop
 endfacet
 facet normal  3.462279e-01  8.940746e-01  2.841774e-01
   outer loop
     vertex  8.024719e-02  4.102603e-02  4.997896e-01
     vertex  8.078894e-02  4.101782e-02  4.991554e-01
     vertex  7.894923e-02  4.173024e-02  4.991554e-01
   endloop
 endfacet
 facet normal  1.270008e-01  2.704404e-01  9.543232e-01
   outer loop
     vertex  8.024719e-02  4.102603e-02  4.997896e-01
     vertex  7.951272e-02  4.062492e-02  5.000011e-01
     vertex  8.110935e-02  3.987513e-02  5.000011e-01
   endloop
 endfacet
 facet normal  3.441307e-01  8.936587e-01  2.880074e-01
   outer loop
     vertex  7.933452e-02  4.137748e-02  4.997896e-01
     vertex  8.024719e-02  4.102603e-02  4.997896e-01
     vertex  7.894923e-02  4.173024e-02  4.991554e-01
   endloop
 endfacet
 facet normal  1.129941e-01  2.934296e-01  9.492794e-01
   outer loop
     vertex  7.933452e-02  4.137748e-02  4.997896e-01
     vertex  7.951272e-02  4.062492e-02  5.000011e-01
     vertex  8.024719e-02  4.102603e-02  4.997896e-01
   endloop
 endfacet
 facet normal  2.690031e-01  9.018148e-01  3.381825e-01
   outer loop
     vertex  7.802142e-02  4.176916e-02  4.997896e-01
     vertex  7.933452e-02  4.137748e-02  4.997896e-01
     vertex  7.894923e-02  4.173024e-02  4.991554e-01
   endloop
 endfacet
 facet normal  2.131328e-01  9.434574e-01  2.538949e-01
   outer loop
     vertex  7.802142e-02  4.176916e-02  4.997896e-01
     vertex  7.894923e-02  4.173024e-02  4.991554e-01
     vertex  7.600360e-02  4.239568e-02  4.991554e-01
   endloop
 endfacet
 facet normal  8.598863e-02  2.882711e-01  9.536801e-01
   outer loop
     vertex  7.802142e-02  4.176916e-02  4.997896e-01
     vertex  7.951272e-02  4.062492e-02  5.000011e-01
     vertex  7.933452e-02  4.137748e-02  4.997896e-01
   endloop
 endfacet
 facet normal  8.022230e-02  2.812361e-01  9.562796e-01
   outer loop
     vertex  7.802142e-02  4.176916e-02  4.997896e-01
     vertex  7.692705e-02  4.136248e-02  5.000011e-01
     vertex  7.951272e-02  4.062492e-02  5.000011e-01
   endloop
 endfacet
 facet normal  2.029879e-01  9.380471e-01  2.808264e-01
   outer loop
     vertex  7.654564e-02  4.208851e-02  4.997896e-01
     vertex  7.802142e-02  4.176916e-02  4.997896e-01
     vertex  7.600360e-02  4.239568e-02  4.991554e-01
   endloop
 endfacet
 facet normal  6.738726e-02  3.114098e-01  9.478834e-01
   outer loop
     vertex  7.654564e-02  4.208851e-02  4.997896e-01
     vertex  7.692705e-02  4.136248e-02  5.000011e-01
     vertex  7.802142e-02  4.176916e-02  4.997896e-01
   endloop
 endfacet
 facet normal  1.390678e-01  9.326690e-01  3.328495e-01
   outer loop
     vertex  7.499287e-02  4.232004e-02  4.997896e-01
     vertex  7.654564e-02  4.208851e-02  4.997896e-01
     vertex  7.600360e-02  4.239568e-02  4.991554e-01
   endloop
 endfacet
 facet normal  1.044718e-01  9.542146e-01  2.802857e-01
   outer loop
     vertex  7.499287e-02  4.232004e-02  4.997896e-01
     vertex  7.600360e-02  4.239568e-02  4.991554e-01
     vertex  7.333919e-02  4.268739e-02  4.991554e-01
   endloop
 endfacet
 facet normal  4.487406e-02  3.009514e-01  9.525831e-01
   outer loop
     vertex  7.499287e-02  4.232004e-02  4.997896e-01
     vertex  7.692705e-02  4.136248e-02  5.000011e-01
     vertex  7.654564e-02  4.208851e-02  4.997896e-01
   endloop
 endfacet
 facet normal  4.198511e-02  2.955202e-01  9.544135e-01
   outer loop
     vertex  7.499287e-02  4.232004e-02  4.997896e-01
     vertex  7.388365e-02  4.179486e-02  5.000011e-01
     vertex  7.692705e-02  4.136248e-02  5.000011e-01
   endloop
 endfacet
 facet normal  9.328028e-02  9.475734e-01  3.056197e-01
   outer loop
     vertex  7.365198e-02  4.245204e-02  4.997896e-01
     vertex  7.499287e-02  4.232004e-02  4.997896e-01
     vertex  7.333919e-02  4.268739e-02  4.991554e-01
   endloop
 endfacet
 facet normal  3.110838e-02  3.160097e-01  9.482458e-01
   outer loop
     vertex  7.365198e-02  4.245204e-02  4.997896e-01
     vertex  7.388365e-02  4.179486e-02  5.000011e-01
     vertex  7.499287e-02  4.232004e-02  4.997896e-01
   endloop
 endfacet
 facet normal  3.211371e-02  9.911915e-01  1.284842e-01
   outer loop
     vertex  7.187490e-02  4.267670e-02  4.996038e-01
     vertex  7.333919e-02  4.268739e-02  4.991554e-01
     vertex  7.033795e-02  4.278463e-02  4.991554e-01
   endloop
 endfacet
 facet normal  4.347494e-02  9.949516e-01  9.045015e-02
   outer loop
     vertex  7.187490e-02  4.267670e-02  4.996038e-01
     vertex  7.033795e-02  4.278463e-02  4.991554e-01
     vertex  7.033795e-02  4.276114e-02  4.994138e-01
   endloop
 endfacet
 facet normal  1.479643e-02  9.526839e-01  3.036026e-01
   outer loop
     vertex  7.187490e-02  4.267670e-02  4.996038e-01
     vertex  7.033795e-02  4.276114e-02  4.994138e-01
     vertex  7.033795e-02  4.269983e-02  4.996062e-01
   endloop
 endfacet
 facet normal  1.394508e-02  8.785120e-01  4.775167e-01
   outer loop
     vertex  7.187182e-02  4.263205e-02  4.996861e-01
     vertex  7.187490e-02  4.267670e-02  4.996038e-01
     vertex  7.033795e-02  4.269983e-02  4.996062e-01
   endloop
 endfacet
 facet normal  1.395994e-01  8.680074e-01  4.765240e-01
   outer loop
     vertex  7.187182e-02  4.263205e-02  4.996861e-01
     vertex  7.333919e-02  4.268739e-02  4.991554e-01
     vertex  7.187490e-02  4.267670e-02  4.996038e-01
   endloop
 endfacet
 facet normal  8.710598e-03  8.388263e-01  5.443294e-01
   outer loop
     vertex  7.187182e-02  4.263205e-02  4.996861e-01
     vertex  7.033795e-02  4.269983e-02  4.996062e-01
     vertex  7.033795e-02  4.259750e-02  4.997639e-01
   endloop
 endfacet
 facet normal  6.607776e-02  9.456741e-01  3.183304e-01
   outer loop
     vertex  7.186913e-02  4.259318e-02  4.997404e-01
     vertex  7.365198e-02  4.245204e-02  4.997896e-01
     vertex  7.333919e-02  4.268739e-02  4.991554e-01
   endloop
 endfacet
 facet normal  1.120464e-02  8.130654e-01  5.820645e-01
   outer loop
     vertex  7.186913e-02  4.259318e-02  4.997404e-01
     vertex  7.187182e-02  4.263205e-02  4.996861e-01
     vertex  7.033795e-02  4.259750e-02  4.997639e-01
   endloop
 endfacet
 facet normal  1.363255e-02  6.334024e-01  7.737025e-01
   outer loop
     vertex  7.186913e-02  4.259318e-02  4.997404e-01
     vertex  7.033795e-02  4.259750e-02  4.997639e-01
     vertex  7.033795e-02  4.244975e-02  4.998848e-01
   endloop
 endfacet
 facet normal  5.063929e-02  3.865230e-01  9.208885e-01
   outer loop
     vertex  7.186913e-02  4.259318e-02  4.997404e-01
     vertex  7.033795e-02  4.244975e-02  4.998848e-01
     vertex  7.033795e-02  4.227089e-02  4.999599e-01
   endloop
 endfacet
 facet normal  9.918232e-02  1.934781e-01  9.760784e-01
   outer loop
     vertex  7.186913e-02  4.259318e-02  4.997404e-01
     vertex  7.033795e-02  4.227089e-02  4.999599e-01
     vertex  7.033795e-02  4.211522e-02  4.999908e-01
   endloop
 endfacet
 facet normal  1.435214e-01  5.765875e-02  9.879661e-01
   outer loop
     vertex  7.186913e-02  4.259318e-02  4.997404e-01
     vertex  7.033795e-02  4.211522e-02  4.999908e-01
     vertex  7.033795e-02  4.193899e-02  5.000011e-01
   endloop
 endfacet
 facet normal -2.087806e-03  3.055689e-01  9.521677e-01
   outer loop
     vertex  7.186913e-02  4.259318e-02  4.997404e-01
     vertex  7.388365e-02  4.179486e-02  5.000011e-01
     vertex  7.365198e-02  4.245204e-02  4.997896e-01
   endloop
 endfacet
 facet normal  1.790742e-01  7.960248e-01  5.781670e-01
   outer loop
     vertex  7.186913e-02  4.259318e-02  4.997404e-01
     vertex  7.333919e-02  4.268739e-02  4.991554e-01
     vertex  7.187182e-02  4.263205e-02  4.996861e-01
   endloop
 endfacet
 facet normal  1.389432e-02  3.418170e-01  9.396638e-01
   outer loop
     vertex  7.186913e-02  4.259318e-02  4.997404e-01
     vertex  7.033795e-02  4.193899e-02  5.000011e-01
     vertex  7.388365e-02  4.179486e-02  5.000011e-01
   endloop
 endfacet
 facet normal -1.560595e-01  9.836912e-01  8.942647e-02
   outer loop
     vertex  6.861908e-02  4.244723e-02  4.998672e-01
     vertex  7.033795e-02  4.276114e-02  4.994138e-01
     vertex  7.033795e-02  4.278463e-02  4.991554e-01
   endloop
 endfacet
 facet normal -9.349813e-02  9.486144e-01  3.023057e-01
   outer loop
     vertex  6.861908e-02  4.244723e-02  4.998672e-01
     vertex  7.033795e-02  4.269983e-02  4.996062e-01
     vertex  7.033795e-02  4.276114e-02  4.994138e-01
   endloop
 endfacet
 facet normal -4.057685e-02  8.381673e-01  5.439018e-01
   outer loop
     vertex  6.861908e-02  4.244723e-02  4.998672e-01
     vertex  7.033795e-02  4.259750e-02  4.997639e-01
     vertex  7.033795e-02  4.269983e-02  4.996062e-01
   endloop
 endfacet
 facet normal -8.860833e-03  6.334364e-01  7.737440e-01
   outer loop
     vertex  6.861908e-02  4.244723e-02  4.998672e-01
     vertex  7.033795e-02  4.244975e-02  4.998848e-01
     vertex  7.033795e-02  4.259750e-02  4.997639e-01
   endloop
 endfacet
 facet normal  1.732026e-03  9.019985e-01  4.317357e-01
   outer loop
     vertex  6.861908e-02  4.244723e-02  4.998672e-01
     vertex  7.033795e-02  4.278463e-02  4.991554e-01
     vertex  6.697332e-02  4.257645e-02  4.996038e-01
   endloop
 endfacet
 facet normal -4.711611e-03  3.870152e-01  9.220613e-01
   outer loop
     vertex  6.862366e-02  4.238859e-02  4.999017e-01
     vertex  7.033795e-02  4.227089e-02  4.999599e-01
     vertex  7.033795e-02  4.244975e-02  4.998848e-01
   endloop
 endfacet
 facet normal -1.992586e-02  1.943982e-01  9.807203e-01
   outer loop
     vertex  6.862366e-02  4.238859e-02  4.999017e-01
     vertex  7.033795e-02  4.211522e-02  4.999908e-01
     vertex  7.033795e-02  4.227089e-02  4.999599e-01
   endloop
 endfacet
 facet normal -4.250878e-02  5.820926e-02  9.973990e-01
   outer loop
     vertex  6.862366e-02  4.238859e-02  4.999017e-01
     vertex  7.033795e-02  4.193899e-02  5.000011e-01
     vertex  7.033795e-02  4.211522e-02  4.999908e-01
   endloop
 endfacet
 facet normal -9.579611e-03  5.068530e-01  8.619793e-01
   outer loop
     vertex  6.862366e-02  4.238859e-02  4.999017e-01
     vertex  7.033795e-02  4.244975e-02  4.998848e-01
     vertex  6.861908e-02  4.244723e-02  4.998672e-01
   endloop
 endfacet
 facet normal -9.856293e-02  4.992389e-01  8.608402e-01
   outer loop
     vertex  6.862366e-02  4.238859e-02  4.999017e-01
     vertex  6.861908e-02  4.244723e-02  4.998672e-01
     vertex  6.697332e-02  4.257645e-02  4.996038e-01
   endloop
 endfacet
 facet normal -1.333607e-02  1.668988e-01  9.858838e-01
   outer loop
     vertex  6.544927e-02  4.213494e-02  4.999017e-01
     vertex  7.033795e-02  4.193899e-02  5.000011e-01
     vertex  6.862366e-02  4.238859e-02  4.999017e-01
   endloop
 endfacet
 facet normal -1.337889e-02  1.659145e-01  9.860494e-01
   outer loop
     vertex  6.544927e-02  4.213494e-02  4.999017e-01
     vertex  6.413734e-02  4.143899e-02  5.000011e-01
     vertex  7.033795e-02  4.193899e-02  5.000011e-01
   endloop
 endfacet
 facet normal -5.439025e-02  6.806856e-01  7.305538e-01
   outer loop
     vertex  6.544927e-02  4.213494e-02  4.999017e-01
     vertex  6.862366e-02  4.238859e-02  4.999017e-01
     vertex  6.697332e-02  4.257645e-02  4.996038e-01
   endloop
 endfacet
 facet normal -2.910177e-01  1.430472e-01  9.459631e-01
   outer loop
     vertex  5.575022e-02  3.348913e-02  4.999482e-01
     vertex  5.598829e-02  3.362394e-02  5.000011e-01
     vertex  5.556570e-02  3.416228e-02  4.997896e-01
   endloop
 endfacet
 facet normal -6.980780e-01 -2.278313e-02  7.156591e-01
   outer loop
     vertex  5.575022e-02  3.348913e-02  4.999482e-01
     vertex  5.556570e-02  3.416228e-02  4.997896e-01
     vertex  5.559450e-02  3.327986e-02  4.997896e-01
   endloop
 endfacet
 facet normal -1.993830e-01 -1.868179e-02  9.797435e-01
   outer loop
     vertex  5.582717e-02  3.257171e-02  4.999482e-01
     vertex  5.615783e-02  3.181455e-02  5.000011e-01
     vertex  5.598829e-02  3.362394e-02  5.000011e-01
   endloop
 endfacet
 facet normal -2.073080e-01 -1.738680e-02  9.781212e-01
   outer loop
     vertex  5.582717e-02  3.257171e-02  4.999482e-01
     vertex  5.598829e-02  3.362394e-02  5.000011e-01
     vertex  5.575022e-02  3.348913e-02  4.999482e-01
   endloop
 endfacet
 facet normal -6.740072e-01 -5.652857e-02  7.365587e-01
   outer loop
     vertex  5.582717e-02  3.257171e-02  4.999482e-01
     vertex  5.575022e-02  3.348913e-02  4.999482e-01
     vertex  5.559450e-02  3.327986e-02  4.997896e-01
   endloop
 endfacet
 facet normal -7.035077e-01 -1.006279e-01  7.035275e-01
   outer loop
     vertex  5.589522e-02  3.209598e-02  4.999482e-01
     vertex  5.582717e-02  3.257171e-02  4.999482e-01
     vertex  5.570289e-02  3.233202e-02  4.997896e-01
   endloop
 endfacet
 facet normal -2.311271e-01 -3.305982e-02  9.723617e-01
   outer loop
     vertex  5.589522e-02  3.209598e-02  4.999482e-01
     vertex  5.615783e-02  3.181455e-02  5.000011e-01
     vertex  5.582717e-02  3.257171e-02  4.999482e-01
   endloop
 endfacet
 facet normal -7.507770e-01 -1.502798e-01  6.432339e-01
   outer loop
     vertex  5.601356e-02  3.145863e-02  4.999482e-01
     vertex  5.570289e-02  3.233202e-02  4.997896e-01
     vertex  5.596411e-02  3.102699e-02  4.997896e-01
   endloop
 endfacet
 facet normal -2.434345e-01 -4.520083e-02  9.688635e-01
   outer loop
     vertex  5.601356e-02  3.145863e-02  4.999482e-01
     vertex  5.615783e-02  3.181455e-02  5.000011e-01
     vertex  5.589522e-02  3.209598e-02  4.999482e-01
   endloop
 endfacet
 facet normal -7.232710e-01 -1.342967e-01  6.773798e-01
   outer loop
     vertex  5.601356e-02  3.145863e-02  4.999482e-01
     vertex  5.589522e-02  3.209598e-02  4.999482e-01
     vertex  5.570289e-02  3.233202e-02  4.997896e-01
   endloop
 endfacet
 facet normal -8.965441e-01 -3.307005e-01  2.946961e-01
   outer loop
     vertex  5.635997e-02  3.009510e-02  4.999482e-01
     vertex  5.596411e-02  3.102699e-02  4.997896e-01
     vertex  5.614522e-02  2.997081e-02  4.991554e-01
   endloop
 endfacet
 facet normal -6.948017e-01 -1.765170e-01  6.972033e-01
   outer loop
     vertex  5.635997e-02  3.009510e-02  4.999482e-01
     vertex  5.601356e-02  3.145863e-02  4.999482e-01
     vertex  5.596411e-02  3.102699e-02  4.997896e-01
   endloop
 endfacet
 facet normal -2.058843e-01 -5.423792e-02  9.770721e-01
   outer loop
     vertex  5.635997e-02  3.009510e-02  4.999482e-01
     vertex  5.686631e-02  2.912517e-02  5.000011e-01
     vertex  5.615783e-02  3.181455e-02  5.000011e-01
   endloop
 endfacet
 facet normal -2.193605e-01 -5.572936e-02  9.740509e-01
   outer loop
     vertex  5.635997e-02  3.009510e-02  4.999482e-01
     vertex  5.615783e-02  3.181455e-02  5.000011e-01
     vertex  5.601356e-02  3.145863e-02  4.999482e-01
   endloop
 endfacet
 facet normal -9.543463e-01 -1.134976e-01  2.762994e-01
   outer loop
     vertex  5.635997e-02  3.009510e-02  4.999482e-01
     vertex  5.614522e-02  2.997081e-02  4.991554e-01
     vertex  5.637156e-02  2.961162e-02  4.997896e-01
   endloop
 endfacet
 facet normal -2.561154e-01 -8.121479e-02  9.632285e-01
   outer loop
     vertex  5.658575e-02  2.938308e-02  4.999482e-01
     vertex  5.686631e-02  2.912517e-02  5.000011e-01
     vertex  5.635997e-02  3.009510e-02  4.999482e-01
   endloop
 endfacet
 facet normal -7.255815e-01 -2.300836e-01  6.485314e-01
   outer loop
     vertex  5.658575e-02  2.938308e-02  4.999482e-01
     vertex  5.635997e-02  3.009510e-02  4.999482e-01
     vertex  5.637156e-02  2.961162e-02  4.997896e-01
   endloop
 endfacet
 facet normal -8.990344e-01 -2.971537e-01  3.216159e-01
   outer loop
     vertex  5.698037e-02  2.830213e-02  4.999482e-01
     vertex  5.614522e-02  2.997081e-02  4.991554e-01
     vertex  5.722600e-02  2.738738e-02  4.997896e-01
   endloop
 endfacet
 facet normal -2.714436e-01 -9.909540e-02  9.573393e-01
   outer loop
     vertex  5.698037e-02  2.830213e-02  4.999482e-01
     vertex  5.686631e-02  2.912517e-02  5.000011e-01
     vertex  5.658575e-02  2.938308e-02  4.999482e-01
   endloop
 endfacet
 facet normal -7.426042e-01 -2.711011e-01  6.124077e-01
   outer loop
     vertex  5.698037e-02  2.830213e-02  4.999482e-01
     vertex  5.658575e-02  2.938308e-02  4.999482e-01
     vertex  5.637156e-02  2.961162e-02  4.997896e-01
   endloop
 endfacet
 facet normal -9.071877e-01 -4.107382e-01  9.112993e-02
   outer loop
     vertex  5.698037e-02  2.830213e-02  4.999482e-01
     vertex  5.637156e-02  2.961162e-02  4.997896e-01
     vertex  5.614522e-02  2.997081e-02  4.991554e-01
   endloop
 endfacet
 facet normal -9.017494e-01 -3.781578e-01  2.093913e-01
   outer loop
     vertex  5.802229e-02  2.595628e-02  4.999482e-01
     vertex  5.809519e-02  2.534347e-02  4.991554e-01
     vertex  5.841547e-02  2.493091e-02  4.997896e-01
   endloop
 endfacet
 facet normal -1.849832e-01 -8.381124e-02  9.791613e-01
   outer loop
     vertex  5.802229e-02  2.595628e-02  4.999482e-01
     vertex  5.896284e-02  2.449783e-02  5.000011e-01
     vertex  5.686631e-02  2.912517e-02  5.000011e-01
   endloop
 endfacet
 facet normal -8.545426e-01 -4.459948e-01  2.661685e-01
   outer loop
     vertex  5.802229e-02  2.595628e-02  4.999482e-01
     vertex  5.722600e-02  2.738738e-02  4.997896e-01
     vertex  5.809519e-02  2.534347e-02  4.991554e-01
   endloop
 endfacet
 facet normal -6.705513e-01 -2.978282e-01  6.794552e-01
   outer loop
     vertex  5.802229e-02  2.595628e-02  4.999482e-01
     vertex  5.698037e-02  2.830213e-02  4.999482e-01
     vertex  5.722600e-02  2.738738e-02  4.997896e-01
   endloop
 endfacet
 facet normal -2.048097e-01 -9.096710e-02  9.745655e-01
   outer loop
     vertex  5.802229e-02  2.595628e-02  4.999482e-01
     vertex  5.686631e-02  2.912517e-02  5.000011e-01
     vertex  5.698037e-02  2.830213e-02  4.999482e-01
   endloop
 endfacet
 facet normal -2.759470e-01 -1.516444e-01  9.491350e-01
   outer loop
     vertex  5.866155e-02  2.471529e-02  4.999482e-01
     vertex  5.907161e-02  2.396910e-02  4.999482e-01
     vertex  5.896284e-02  2.449783e-02  5.000011e-01
   endloop
 endfacet
 facet normal -7.088240e-01 -3.651279e-01  6.035315e-01
   outer loop
     vertex  5.866155e-02  2.471529e-02  4.999482e-01
     vertex  5.802229e-02  2.595628e-02  4.999482e-01
     vertex  5.841547e-02  2.493091e-02  4.997896e-01
   endloop
 endfacet
 facet normal -7.162172e-01 -3.935913e-01  5.762974e-01
   outer loop
     vertex  5.866155e-02  2.471529e-02  4.999482e-01
     vertex  5.841547e-02  2.493091e-02  4.997896e-01
     vertex  5.907161e-02  2.396910e-02  4.999482e-01
   endloop
 endfacet
 facet normal -2.664039e-01 -1.372294e-01  9.540425e-01
   outer loop
     vertex  5.866155e-02  2.471529e-02  4.999482e-01
     vertex  5.896284e-02  2.449783e-02  5.000011e-01
     vertex  5.802229e-02  2.595628e-02  4.999482e-01
   endloop
 endfacet
 facet normal -2.440500e-01 -1.730360e-01  9.542002e-01
   outer loop
     vertex  6.201623e-02  1.942102e-02  4.999482e-01
     vertex  6.229057e-02  1.932554e-02  5.000011e-01
     vertex  6.077136e-02  2.117678e-02  4.999482e-01
   endloop
 endfacet
 facet normal -6.485763e-01 -4.598528e-01  6.065346e-01
   outer loop
     vertex  6.201623e-02  1.942102e-02  4.999482e-01
     vertex  6.077136e-02  2.117678e-02  4.999482e-01
     vertex  6.177812e-02  1.954771e-02  4.997896e-01
   endloop
 endfacet
 facet normal -2.528490e-01 -2.028572e-01  9.460002e-01
   outer loop
     vertex  6.285091e-02  1.838064e-02  4.999482e-01
     vertex  6.229057e-02  1.932554e-02  5.000011e-01
     vertex  6.201623e-02  1.942102e-02  4.999482e-01
   endloop
 endfacet
 facet normal -7.637219e-01 -5.904924e-01  2.608595e-01
   outer loop
     vertex  6.285091e-02  1.838064e-02  4.999482e-01
     vertex  6.141849e-02  1.988305e-02  4.991554e-01
     vertex  6.346763e-02  1.751294e-02  4.997896e-01
   endloop
 endfacet
 facet normal -7.390369e-01 -6.705696e-01  6.450450e-02
   outer loop
     vertex  6.285091e-02  1.838064e-02  4.999482e-01
     vertex  6.177812e-02  1.954771e-02  4.997896e-01
     vertex  6.141849e-02  1.988305e-02  4.991554e-01
   endloop
 endfacet
 facet normal -6.476068e-01 -5.195659e-01  5.573658e-01
   outer loop
     vertex  6.285091e-02  1.838064e-02  4.999482e-01
     vertex  6.201623e-02  1.942102e-02  4.999482e-01
     vertex  6.177812e-02  1.954771e-02  4.997896e-01
   endloop
 endfacet
 facet normal -6.412963e-01 -7.214044e-01  2.613707e-01
   outer loop
     vertex  6.438724e-02  1.675290e-02  4.999482e-01
     vertex  6.346763e-02  1.751294e-02  4.997896e-01
     vertex  6.482976e-02  1.607229e-02  4.991554e-01
   endloop
 endfacet
 facet normal -1.557362e-01 -1.469908e-01  9.768009e-01
   outer loop
     vertex  6.438724e-02  1.675290e-02  4.999482e-01
     vertex  6.229057e-02  1.932554e-02  5.000011e-01
     vertex  6.285091e-02  1.838064e-02  4.999482e-01
   endloop
 endfacet
 facet normal -7.176568e-01 -6.733891e-01  1.775272e-01
   outer loop
     vertex  6.438724e-02  1.675290e-02  4.999482e-01
     vertex  6.482976e-02  1.607229e-02  4.991554e-01
     vertex  6.502251e-02  1.603407e-02  4.997896e-01
   endloop
 endfacet
 facet normal -1.425103e-01 -1.362851e-01  9.803658e-01
   outer loop
     vertex  6.438724e-02  1.675290e-02  4.999482e-01
     vertex  6.531132e-02  1.616681e-02  5.000011e-01
     vertex  6.229057e-02  1.932554e-02  5.000011e-01
   endloop
 endfacet
 facet normal -5.331678e-01 -5.032277e-01  6.800691e-01
   outer loop
     vertex  6.438724e-02  1.675290e-02  4.999482e-01
     vertex  6.285091e-02  1.838064e-02  4.999482e-01
     vertex  6.346763e-02  1.751294e-02  4.997896e-01
   endloop
 endfacet
 facet normal -5.242066e-01 -5.971833e-01  6.071076e-01
   outer loop
     vertex  6.515541e-02  1.607860e-02  4.999482e-01
     vertex  6.438724e-02  1.675290e-02  4.999482e-01
     vertex  6.502251e-02  1.603407e-02  4.997896e-01
   endloop
 endfacet
 facet normal -1.967561e-01 -2.241473e-01  9.544868e-01
   outer loop
     vertex  6.515541e-02  1.607860e-02  4.999482e-01
     vertex  6.531132e-02  1.616681e-02  5.000011e-01
     vertex  6.438724e-02  1.675290e-02  4.999482e-01
   endloop
 endfacet
 facet normal -4.964967e-01 -6.330222e-01  5.939477e-01
   outer loop
     vertex  6.557275e-02  1.575127e-02  4.999482e-01
     vertex  6.515541e-02  1.607860e-02  4.999482e-01
     vertex  6.502251e-02  1.603407e-02  4.997896e-01
   endloop
 endfacet
 facet normal -1.876183e-01 -2.392092e-01  9.526691e-01
   outer loop
     vertex  6.557275e-02  1.575127e-02  4.999482e-01
     vertex  6.531132e-02  1.616681e-02  5.000011e-01
     vertex  6.515541e-02  1.607860e-02  4.999482e-01
   endloop
 endfacet
 facet normal -4.998268e-01 -6.543738e-01  5.674224e-01
   outer loop
     vertex  6.557275e-02  1.575127e-02  4.999482e-01
     vertex  6.502251e-02  1.603407e-02  4.997896e-01
     vertex  6.586727e-02  1.538882e-02  4.997896e-01
   endloop
 endfacet
 facet normal -1.431000e-01 -2.129630e-01  9.665243e-01
   outer loop
     vertex  6.658074e-02  1.507395e-02  4.999482e-01
     vertex  6.531132e-02  1.616681e-02  5.000011e-01
     vertex  6.557275e-02  1.575127e-02  4.999482e-01
   endloop
 endfacet
 facet normal -4.225749e-01 -6.288807e-01  6.526404e-01
   outer loop
     vertex  6.658074e-02  1.507395e-02  4.999482e-01
     vertex  6.557275e-02  1.575127e-02  4.999482e-01
     vertex  6.586727e-02  1.538882e-02  4.997896e-01
   endloop
 endfacet
 facet normal -4.386571e-01 -8.556358e-01  2.747131e-01
   outer loop
     vertex  6.658074e-02  1.507395e-02  4.999482e-01
     vertex  6.586727e-02  1.538882e-02  4.997896e-01
     vertex  6.653539e-02  1.484267e-02  4.991554e-01
   endloop
 endfacet
 facet normal -1.216321e-01 -1.884138e-01  9.745285e-01
   outer loop
     vertex  6.658074e-02  1.507395e-02  4.999482e-01
     vertex  6.729323e-02  1.488737e-02  5.000011e-01
     vertex  6.531132e-02  1.616681e-02  5.000011e-01
   endloop
 endfacet
 facet normal -6.285989e-01 -7.362035e-01  2.507346e-01
   outer loop
     vertex  6.658074e-02  1.507395e-02  4.999482e-01
     vertex  6.653539e-02  1.484267e-02  4.991554e-01
     vertex  6.688742e-02  1.475810e-02  4.997896e-01
   endloop
 endfacet
 facet normal -3.763167e-01 -6.808257e-01  6.283806e-01
   outer loop
     vertex  6.708473e-02  1.479538e-02  4.999482e-01
     vertex  6.658074e-02  1.507395e-02  4.999482e-01
     vertex  6.688742e-02  1.475810e-02  4.997896e-01
   endloop
 endfacet
 facet normal -1.353399e-01 -2.448547e-01  9.600673e-01
   outer loop
     vertex  6.708473e-02  1.479538e-02  4.999482e-01
     vertex  6.729323e-02  1.488737e-02  5.000011e-01
     vertex  6.658074e-02  1.507395e-02  4.999482e-01
   endloop
 endfacet
 facet normal -3.447639e-01 -7.227503e-01  5.989740e-01
   outer loop
     vertex  6.754110e-02  1.457769e-02  4.999482e-01
     vertex  6.708473e-02  1.479538e-02  4.999482e-01
     vertex  6.688742e-02  1.475810e-02  4.997896e-01
   endloop
 endfacet
 facet normal -1.259308e-01 -2.639967e-01  9.562673e-01
   outer loop
     vertex  6.754110e-02  1.457769e-02  4.999482e-01
     vertex  6.729323e-02  1.488737e-02  5.000011e-01
     vertex  6.708473e-02  1.479538e-02  4.999482e-01
   endloop
 endfacet
 facet normal -3.444295e-01 -7.382631e-01  5.799447e-01
   outer loop
     vertex  6.754110e-02  1.457769e-02  4.999482e-01
     vertex  6.688742e-02  1.475810e-02  4.997896e-01
     vertex  6.781116e-02  1.432713e-02  4.997896e-01
   endloop
 endfacet
 facet normal -8.843172e-02 -2.359400e-01  9.677356e-01
   outer loop
     vertex  6.838109e-02  1.426285e-02  4.999482e-01
     vertex  6.729323e-02  1.488737e-02  5.000011e-01
     vertex  6.754110e-02  1.457769e-02  4.999482e-01
   endloop
 endfacet
 facet normal -2.632263e-01 -7.023003e-01  6.614274e-01
   outer loop
     vertex  6.838109e-02  1.426285e-02  4.999482e-01
     vertex  6.754110e-02  1.457769e-02  4.999482e-01
     vertex  6.781116e-02  1.432713e-02  4.997896e-01
   endloop
 endfacet
 facet normal -1.866329e-01 -9.385457e-01  2.903447e-01
   outer loop
     vertex  6.838109e-02  1.426285e-02  4.999482e-01
     vertex  6.781116e-02  1.432713e-02  4.997896e-01
     vertex  6.840050e-02  1.401374e-02  4.991554e-01
   endloop
 endfacet
 facet normal -4.960910e-01 -8.317397e-01  2.492043e-01
   outer loop
     vertex  6.838109e-02  1.426285e-02  4.999482e-01
     vertex  6.840050e-02  1.401374e-02  4.991554e-01
     vertex  6.866129e-02  1.404822e-02  4.997896e-01
   endloop
 endfacet
 facet normal -7.660368e-02 -2.158180e-01  9.734241e-01
   outer loop
     vertex  6.838109e-02  1.426285e-02  4.999482e-01
     vertex  6.894482e-02  1.430114e-02  5.000011e-01
     vertex  6.729323e-02  1.488737e-02  5.000011e-01
   endloop
 endfacet
 facet normal -2.037759e-01 -7.397584e-01  6.412745e-01
   outer loop
     vertex  6.880108e-02  1.414716e-02  4.999482e-01
     vertex  6.838109e-02  1.426285e-02  4.999482e-01
     vertex  6.866129e-02  1.404822e-02  4.997896e-01
   endloop
 endfacet
 facet normal -7.236340e-02 -2.626976e-01  9.621609e-01
   outer loop
     vertex  6.880108e-02  1.414716e-02  4.999482e-01
     vertex  6.894482e-02  1.430114e-02  5.000011e-01
     vertex  6.838109e-02  1.426285e-02  4.999482e-01
   endloop
 endfacet
 facet normal -1.627219e-01 -7.662422e-01  6.216064e-01
   outer loop
     vertex  6.918138e-02  1.406640e-02  4.999482e-01
     vertex  6.880108e-02  1.414716e-02  4.999482e-01
     vertex  6.866129e-02  1.404822e-02  4.997896e-01
   endloop
 endfacet
 facet normal -5.837982e-02 -2.749051e-01  9.596973e-01
   outer loop
     vertex  6.918138e-02  1.406640e-02  4.999482e-01
     vertex  6.894482e-02  1.430114e-02  5.000011e-01
     vertex  6.880108e-02  1.414716e-02  4.999482e-01
   endloop
 endfacet
 facet normal -1.573185e-01 -7.801583e-01  6.054782e-01
   outer loop
     vertex  6.918138e-02  1.406640e-02  4.999482e-01
     vertex  6.866129e-02  1.404822e-02  4.997896e-01
     vertex  6.943108e-02  1.389299e-02  4.997896e-01
   endloop
 endfacet
 facet normal -3.005584e-02 -2.482812e-01  9.682216e-01
   outer loop
     vertex  6.995915e-02  1.397224e-02  4.999482e-01
     vertex  6.894482e-02  1.430114e-02  5.000011e-01
     vertex  6.918138e-02  1.406640e-02  4.999482e-01
   endloop
 endfacet
 facet normal -8.948476e-02 -7.392035e-01  6.675108e-01
   outer loop
     vertex  6.995915e-02  1.397224e-02  4.999482e-01
     vertex  6.918138e-02  1.406640e-02  4.999482e-01
     vertex  6.943108e-02  1.389299e-02  4.997896e-01
   endloop
 endfacet
 facet normal  5.749998e-02 -9.563477e-01  2.865186e-01
   outer loop
     vertex  6.995915e-02  1.397224e-02  4.999482e-01
     vertex  6.943108e-02  1.389299e-02  4.997896e-01
     vertex  6.995476e-02  1.373446e-02  4.991554e-01
   endloop
 endfacet
 facet normal -3.295056e-01 -9.038490e-01  2.729158e-01
   outer loop
     vertex  6.995915e-02  1.397224e-02  4.999482e-01
     vertex  6.995476e-02  1.373446e-02  4.991554e-01
     vertex  7.021823e-02  1.382992e-02  4.997896e-01
   endloop
 endfacet
 facet normal -2.279999e-02 -2.267810e-01  9.736789e-01
   outer loop
     vertex  6.995915e-02  1.397224e-02  4.999482e-01
     vertex  7.047407e-02  1.414740e-02  5.000011e-01
     vertex  6.894482e-02  1.430114e-02  5.000011e-01
   endloop
 endfacet
 facet normal -2.214366e-02 -7.617045e-01  6.475461e-01
   outer loop
     vertex  7.034804e-02  1.396094e-02  4.999482e-01
     vertex  6.995915e-02  1.397224e-02  4.999482e-01
     vertex  7.021823e-02  1.382992e-02  4.997896e-01
   endloop
 endfacet
 facet normal -7.786089e-03 -2.678283e-01  9.634352e-01
   outer loop
     vertex  7.034804e-02  1.396094e-02  4.999482e-01
     vertex  7.047407e-02  1.414740e-02  5.000011e-01
     vertex  6.995915e-02  1.397224e-02  4.999482e-01
   endloop
 endfacet
 facet normal  2.288998e-02 -7.797893e-01  6.256234e-01
   outer loop
     vertex  7.070017e-02  1.397128e-02  4.999482e-01
     vertex  7.034804e-02  1.396094e-02  4.999482e-01
     vertex  7.021823e-02  1.382992e-02  4.997896e-01
   endloop
 endfacet
 facet normal  8.154578e-03 -2.778008e-01  9.606041e-01
   outer loop
     vertex  7.070017e-02  1.397128e-02  4.999482e-01
     vertex  7.047407e-02  1.414740e-02  5.000011e-01
     vertex  7.034804e-02  1.396094e-02  4.999482e-01
   endloop
 endfacet
 facet normal  2.912902e-02 -7.884627e-01  6.143924e-01
   outer loop
     vertex  7.070017e-02  1.397128e-02  4.999482e-01
     vertex  7.021823e-02  1.382992e-02  4.997896e-01
     vertex  7.093100e-02  1.385625e-02  4.997896e-01
   endloop
 endfacet
 facet normal  8.778931e-02 -7.412084e-01  6.655097e-01
   outer loop
     vertex  7.147794e-02  1.406340e-02  4.999482e-01
     vertex  7.070017e-02  1.397128e-02  4.999482e-01
     vertex  7.093100e-02  1.385625e-02  4.997896e-01
   endloop
 endfacet
 facet normal  2.984251e-02 -2.519614e-01  9.672770e-01
   outer loop
     vertex  7.147794e-02  1.406340e-02  4.999482e-01
     vertex  7.047407e-02  1.414740e-02  5.000011e-01
     vertex  7.070017e-02  1.397128e-02  4.999482e-01
   endloop
 endfacet
 facet normal  2.725984e-01 -9.242827e-01  2.671921e-01
   outer loop
     vertex  7.147794e-02  1.406340e-02  4.999482e-01
     vertex  7.093100e-02  1.385625e-02  4.997896e-01
     vertex  7.139389e-02  1.380943e-02  4.991554e-01
   endloop
 endfacet
 facet normal -1.284848e-01 -9.403967e-01  3.148741e-01
   outer loop
     vertex  7.147794e-02  1.406340e-02  4.999482e-01
     vertex  7.139389e-02  1.380943e-02  4.991554e-01
     vertex  7.171815e-02  1.397748e-02  4.997896e-01
   endloop
 endfacet
 facet normal  3.243357e-02 -2.250988e-01  9.737960e-01
   outer loop
     vertex  7.147794e-02  1.406340e-02  4.999482e-01
     vertex  7.200333e-02  1.436774e-02  5.000011e-01
     vertex  7.047407e-02  1.414740e-02  5.000011e-01
   endloop
 endfacet
 facet normal  1.575018e-01 -7.484930e-01  6.441672e-01
   outer loop
     vertex  7.186682e-02  1.414523e-02  4.999482e-01
     vertex  7.147794e-02  1.406340e-02  4.999482e-01
     vertex  7.171815e-02  1.397748e-02  4.997896e-01
   endloop
 endfacet
 facet normal  5.528237e-02 -2.627174e-01  9.632878e-01
   outer loop
     vertex  7.186682e-02  1.414523e-02  4.999482e-01
     vertex  7.200333e-02  1.436774e-02  5.000011e-01
     vertex  7.147794e-02  1.406340e-02  4.999482e-01
   endloop
 endfacet
 facet normal  2.048980e-01 -7.621262e-01  6.141502e-01
   outer loop
     vertex  7.221895e-02  1.423990e-02  4.999482e-01
     vertex  7.186682e-02  1.414523e-02  4.999482e-01
     vertex  7.171815e-02  1.397748e-02  4.997896e-01
   endloop
 endfacet
 facet normal  7.335497e-02 -2.728467e-01  9.592569e-01
   outer loop
     vertex  7.221895e-02  1.423990e-02  4.999482e-01
     vertex  7.200333e-02  1.436774e-02  5.000011e-01
     vertex  7.186682e-02  1.414523e-02  4.999482e-01
   endloop
 endfacet
 facet normal  2.072128e-01 -7.643776e-01  6.105651e-01
   outer loop
     vertex  7.221895e-02  1.423990e-02  4.999482e-01
     vertex  7.171815e-02  1.397748e-02  4.997896e-01
     vertex  7.243092e-02  1.417071e-02  4.997896e-01
   endloop
 endfacet
 facet normal  2.392771e-01 -7.311178e-01  6.389156e-01
   outer loop
     vertex  7.260784e-02  1.436717e-02  4.999482e-01
     vertex  7.221895e-02  1.423990e-02  4.999482e-01
     vertex  7.243092e-02  1.417071e-02  4.997896e-01
   endloop
 endfacet
 facet normal  2.346055e-01 -9.371714e-01  2.582052e-01
   outer loop
     vertex  7.260784e-02  1.436717e-02  4.999482e-01
     vertex  7.283302e-02  1.420511e-02  4.991554e-01
     vertex  7.321808e-02  1.447625e-02  4.997896e-01
   endloop
 endfacet
 facet normal  8.394343e-02 -2.564915e-01  9.628944e-01
   outer loop
     vertex  7.260784e-02  1.436717e-02  4.999482e-01
     vertex  7.200333e-02  1.436774e-02  5.000011e-01
     vertex  7.221895e-02  1.423990e-02  4.999482e-01
   endloop
 endfacet
 facet normal  5.639051e-01 -7.629396e-01  3.161237e-01
   outer loop
     vertex  7.260784e-02  1.436717e-02  4.999482e-01
     vertex  7.243092e-02  1.417071e-02  4.997896e-01
     vertex  7.283302e-02  1.420511e-02  4.991554e-01
   endloop
 endfacet
 facet normal  8.479551e-02 -2.181463e-01  9.722252e-01
   outer loop
     vertex  7.260784e-02  1.436717e-02  4.999482e-01
     vertex  7.353258e-02  1.496218e-02  5.000011e-01
     vertex  7.200333e-02  1.436774e-02  5.000011e-01
   endloop
 endfacet
 facet normal  2.940734e-01 -7.014103e-01  6.492645e-01
   outer loop
     vertex  7.338561e-02  1.469326e-02  4.999482e-01
     vertex  7.260784e-02  1.436717e-02  4.999482e-01
     vertex  7.321808e-02  1.447625e-02  4.997896e-01
   endloop
 endfacet
 facet normal  1.030287e-01 -2.457393e-01  9.638450e-01
   outer loop
     vertex  7.338561e-02  1.469326e-02  4.999482e-01
     vertex  7.353258e-02  1.496218e-02  5.000011e-01
     vertex  7.260784e-02  1.436717e-02  4.999482e-01
   endloop
 endfacet
 facet normal  3.616003e-01 -7.157145e-01  5.974930e-01
   outer loop
     vertex  7.338561e-02  1.469326e-02  4.999482e-01
     vertex  7.321808e-02  1.447625e-02  4.997896e-01
     vertex  7.393084e-02  1.483636e-02  4.997896e-01
   endloop
 endfacet
 facet normal  1.323159e-01 -2.602866e-01  9.564222e-01
   outer loop
     vertex  7.373774e-02  1.487226e-02  4.999482e-01
     vertex  7.353258e-02  1.496218e-02  5.000011e-01
     vertex  7.338561e-02  1.469326e-02  4.999482e-01
   endloop
 endfacet
 facet normal  3.618744e-01 -7.118650e-01  6.019096e-01
   outer loop
     vertex  7.373774e-02  1.487226e-02  4.999482e-01
     vertex  7.338561e-02  1.469326e-02  4.999482e-01
     vertex  7.393084e-02  1.483636e-02  4.997896e-01
   endloop
 endfacet
 facet normal  3.855009e-01 -6.801690e-01  6.235056e-01
   outer loop
     vertex  7.412662e-02  1.509267e-02  4.999482e-01
     vertex  7.373774e-02  1.487226e-02  4.999482e-01
     vertex  7.393084e-02  1.483636e-02  4.997896e-01
   endloop
 endfacet
 facet normal  1.393554e-01 -2.458756e-01  9.592316e-01
   outer loop
     vertex  7.412662e-02  1.509267e-02  4.999482e-01
     vertex  7.353258e-02  1.496218e-02  5.000011e-01
     vertex  7.373774e-02  1.487226e-02  4.999482e-01
   endloop
 endfacet
 facet normal  1.320071e-01 -2.084325e-01  9.690872e-01
   outer loop
     vertex  7.412662e-02  1.509267e-02  4.999482e-01
     vertex  7.506183e-02  1.593070e-02  5.000011e-01
     vertex  7.353258e-02  1.496218e-02  5.000011e-01
   endloop
 endfacet
 facet normal  6.761760e-01 -6.847163e-01  2.719366e-01
   outer loop
     vertex  7.412662e-02  1.509267e-02  4.999482e-01
     vertex  7.393084e-02  1.483636e-02  4.997896e-01
     vertex  7.427215e-02  1.492152e-02  4.991554e-01
   endloop
 endfacet
 facet normal  4.146902e-01 -8.707923e-01  2.641076e-01
   outer loop
     vertex  7.412662e-02  1.509267e-02  4.999482e-01
     vertex  7.427215e-02  1.492152e-02  4.991554e-01
     vertex  7.471800e-02  1.532620e-02  4.997896e-01
   endloop
 endfacet
 facet normal  1.508510e-01 -2.289936e-01  9.616683e-01
   outer loop
     vertex  7.490439e-02  1.560503e-02  4.999482e-01
     vertex  7.506183e-02  1.593070e-02  5.000011e-01
     vertex  7.412662e-02  1.509267e-02  4.999482e-01
   endloop
 endfacet
 facet normal  4.250132e-01 -6.451749e-01  6.349120e-01
   outer loop
     vertex  7.490439e-02  1.560503e-02  4.999482e-01
     vertex  7.412662e-02  1.509267e-02  4.999482e-01
     vertex  7.471800e-02  1.532620e-02  4.997896e-01
   endloop
 endfacet
 facet normal  4.835946e-01 -6.540606e-01  5.816709e-01
   outer loop
     vertex  7.490439e-02  1.560503e-02  4.999482e-01
     vertex  7.471800e-02  1.532620e-02  4.997896e-01
     vertex  7.543076e-02  1.585320e-02  4.997896e-01
   endloop
 endfacet
 facet normal  4.826332e-01 -6.453667e-01  5.920870e-01
   outer loop
     vertex  7.525652e-02  1.586837e-02  4.999482e-01
     vertex  7.490439e-02  1.560503e-02  4.999482e-01
     vertex  7.543076e-02  1.585320e-02  4.997896e-01
   endloop
 endfacet
 facet normal  1.811818e-01 -2.422724e-01  9.531407e-01
   outer loop
     vertex  7.525652e-02  1.586837e-02  4.999482e-01
     vertex  7.506183e-02  1.593070e-02  5.000011e-01
     vertex  7.490439e-02  1.560503e-02  4.999482e-01
   endloop
 endfacet
 facet normal  4.987148e-01 -6.185467e-01  6.071931e-01
   outer loop
     vertex  7.564541e-02  1.618192e-02  4.999482e-01
     vertex  7.525652e-02  1.586837e-02  4.999482e-01
     vertex  7.543076e-02  1.585320e-02  4.997896e-01
   endloop
 endfacet
 facet normal  1.856190e-01 -2.302198e-01  9.552719e-01
   outer loop
     vertex  7.564541e-02  1.618192e-02  4.999482e-01
     vertex  7.506183e-02  1.593070e-02  5.000011e-01
     vertex  7.525652e-02  1.586837e-02  4.999482e-01
   endloop
 endfacet
 facet normal  1.715765e-01 -1.954271e-01  9.655930e-01
   outer loop
     vertex  7.564541e-02  1.618192e-02  4.999482e-01
     vertex  7.659108e-02  1.727332e-02  5.000011e-01
     vertex  7.506183e-02  1.593070e-02  5.000011e-01
   endloop
 endfacet
 facet normal  7.583837e-01 -6.082413e-01  2.343003e-01
   outer loop
     vertex  7.564541e-02  1.618192e-02  4.999482e-01
     vertex  7.543076e-02  1.585320e-02  4.997896e-01
     vertex  7.571128e-02  1.595866e-02  4.991554e-01
   endloop
 endfacet
 facet normal  5.510715e-01 -7.901480e-01  2.683025e-01
   outer loop
     vertex  7.564541e-02  1.618192e-02  4.999482e-01
     vertex  7.571128e-02  1.595866e-02  4.991554e-01
     vertex  7.621792e-02  1.652736e-02  4.997896e-01
   endloop
 endfacet
 facet normal  1.882718e-01 -2.095977e-01  9.594908e-01
   outer loop
     vertex  7.642318e-02  1.688055e-02  4.999482e-01
     vertex  7.659108e-02  1.727332e-02  5.000011e-01
     vertex  7.564541e-02  1.618192e-02  4.999482e-01
   endloop
 endfacet
 facet normal  5.238362e-01 -5.831722e-01  6.208911e-01
   outer loop
     vertex  7.642318e-02  1.688055e-02  4.999482e-01
     vertex  7.564541e-02  1.618192e-02  4.999482e-01
     vertex  7.621792e-02  1.652736e-02  4.997896e-01
   endloop
 endfacet
 facet normal  5.851982e-01 -5.898820e-01  5.564011e-01
   outer loop
     vertex  7.642318e-02  1.688055e-02  4.999482e-01
     vertex  7.621792e-02  1.652736e-02  4.997896e-01
     vertex  7.716827e-02  1.747017e-02  4.997896e-01
   endloop
 endfacet
 facet normal  5.828578e-01 -5.848495e-01  5.641169e-01
   outer loop
     vertex  7.689269e-02  1.734846e-02  4.999482e-01
     vertex  7.642318e-02  1.688055e-02  4.999482e-01
     vertex  7.716827e-02  1.747017e-02  4.997896e-01
   endloop
 endfacet
 facet normal  2.218137e-01 -2.225717e-01  9.493474e-01
   outer loop
     vertex  7.689269e-02  1.734846e-02  4.999482e-01
     vertex  7.659108e-02  1.727332e-02  5.000011e-01
     vertex  7.642318e-02  1.688055e-02  4.999482e-01
   endloop
 endfacet
 facet normal  1.852778e-01 -1.592623e-01  9.696946e-01
   outer loop
     vertex  7.741120e-02  1.790560e-02  4.999482e-01
     vertex  7.863009e-02  1.964539e-02  5.000011e-01
     vertex  7.659108e-02  1.727332e-02  5.000011e-01
   endloop
 endfacet
 facet normal  5.858000e-01 -5.451865e-01  5.996750e-01
   outer loop
     vertex  7.741120e-02  1.790560e-02  4.999482e-01
     vertex  7.689269e-02  1.734846e-02  4.999482e-01
     vertex  7.716827e-02  1.747017e-02  4.997896e-01
   endloop
 endfacet
 facet normal  2.178037e-01 -2.027033e-01  9.547109e-01
   outer loop
     vertex  7.741120e-02  1.790560e-02  4.999482e-01
     vertex  7.659108e-02  1.727332e-02  5.000011e-01
     vertex  7.689269e-02  1.734846e-02  4.999482e-01
   endloop
 endfacet
 facet normal  6.938846e-01 -6.763162e-01  2.472257e-01
   outer loop
     vertex  7.741120e-02  1.790560e-02  4.999482e-01
     vertex  7.763012e-02  1.784040e-02  4.991554e-01
     vertex  7.821781e-02  1.867520e-02  4.997896e-01
   endloop
 endfacet
 facet normal  7.978465e-01 -5.415666e-01  2.648520e-01
   outer loop
     vertex  7.741120e-02  1.790560e-02  4.999482e-01
     vertex  7.716827e-02  1.747017e-02  4.997896e-01
     vertex  7.763012e-02  1.784040e-02  4.991554e-01
   endloop
 endfacet
 facet normal  6.014683e-01 -5.024207e-01  6.211355e-01
   outer loop
     vertex  7.844822e-02  1.914706e-02  4.999482e-01
     vertex  7.741120e-02  1.790560e-02  4.999482e-01
     vertex  7.821781e-02  1.867520e-02  4.997896e-01
   endloop
 endfacet
 facet normal  2.163330e-01 -1.807081e-01  9.594502e-01
   outer loop
     vertex  7.844822e-02  1.914706e-02  4.999482e-01
     vertex  7.863009e-02  1.964539e-02  5.000011e-01
     vertex  7.741120e-02  1.790560e-02  4.999482e-01
   endloop
 endfacet
 facet normal  6.795944e-01 -5.092761e-01  5.280050e-01
   outer loop
     vertex  7.915249e-02  2.008686e-02  4.999482e-01
     vertex  7.844822e-02  1.914706e-02  4.999482e-01
     vertex  7.821781e-02  1.867520e-02  4.997896e-01
   endloop
 endfacet
 facet normal  2.608169e-01 -1.954516e-01  9.453958e-01
   outer loop
     vertex  7.915249e-02  2.008686e-02  4.999482e-01
     vertex  7.863009e-02  1.964539e-02  5.000011e-01
     vertex  7.844822e-02  1.914706e-02  4.999482e-01
   endloop
 endfacet
 facet normal  6.888784e-01 -5.135754e-01  5.115534e-01
   outer loop
     vertex  7.915249e-02  2.008686e-02  4.999482e-01
     vertex  7.821781e-02  1.867520e-02  4.997896e-01
     vertex  7.964334e-02  2.058732e-02  4.997896e-01
   endloop
 endfacet
 facet normal  2.308130e-01 -1.581918e-01  9.600525e-01
   outer loop
     vertex  7.915249e-02  2.008686e-02  4.999482e-01
     vertex  8.002902e-02  2.136578e-02  4.999482e-01
     vertex  7.863009e-02  1.964539e-02  5.000011e-01
   endloop
 endfacet
 facet normal  6.538306e-01 -4.481146e-01  6.096711e-01
   outer loop
     vertex  7.915249e-02  2.008686e-02  4.999482e-01
     vertex  7.964334e-02  2.058732e-02  4.997896e-01
     vertex  8.002902e-02  2.136578e-02  4.999482e-01
   endloop
 endfacet
 facet normal  7.437344e-01 -3.990822e-01  5.362766e-01
   outer loop
     vertex  8.243399e-02  2.551754e-02  4.999482e-01
     vertex  8.157843e-02  2.392312e-02  4.999482e-01
     vertex  8.141757e-02  2.341027e-02  4.997896e-01
   endloop
 endfacet
 facet normal  7.901261e-01 -4.150453e-01  4.510412e-01
   outer loop
     vertex  8.243399e-02  2.551754e-02  4.999482e-01
     vertex  8.141757e-02  2.341027e-02  4.997896e-01
     vertex  8.310161e-02  2.661619e-02  4.997896e-01
   endloop
 endfacet
 facet normal  2.862108e-01 -1.535786e-01  9.457785e-01
   outer loop
     vertex  8.243399e-02  2.551754e-02  4.999482e-01
     vertex  8.166449e-02  2.440898e-02  5.000011e-01
     vertex  8.157843e-02  2.392312e-02  4.999482e-01
   endloop
 endfacet
 facet normal  1.646402e-01 -7.265480e-02  9.836742e-01
   outer loop
     vertex  8.367282e-02  2.824441e-02  4.999482e-01
     vertex  8.399823e-02  2.969738e-02  5.000011e-01
     vertex  8.166449e-02  2.440898e-02  5.000011e-01
   endloop
 endfacet
 facet normal  8.835504e-01 -4.069788e-01  2.317477e-01
   outer loop
     vertex  8.367282e-02  2.824441e-02  4.999482e-01
     vertex  8.409447e-02  2.870836e-02  4.991554e-01
     vertex  8.419559e-02  2.928906e-02  4.997896e-01
   endloop
 endfacet
 facet normal  1.942163e-01 -8.823381e-02  9.769825e-01
   outer loop
     vertex  8.367282e-02  2.824441e-02  4.999482e-01
     vertex  8.166449e-02  2.440898e-02  5.000011e-01
     vertex  8.243399e-02  2.551754e-02  4.999482e-01
   endloop
 endfacet
 facet normal  6.543226e-01 -2.972634e-01  6.953391e-01
   outer loop
     vertex  8.367282e-02  2.824441e-02  4.999482e-01
     vertex  8.243399e-02  2.551754e-02  4.999482e-01
     vertex  8.310161e-02  2.661619e-02  4.997896e-01
   endloop
 endfacet
 facet normal  8.978336e-01 -3.419904e-01  2.773759e-01
   outer loop
     vertex  8.367282e-02  2.824441e-02  4.999482e-01
     vertex  8.310161e-02  2.661619e-02  4.997896e-01
     vertex  8.409447e-02  2.870836e-02  4.991554e-01
   endloop
 endfacet
 facet normal  2.520330e-01 -9.148926e-02  9.633842e-01
   outer loop
     vertex  8.413489e-02  2.951730e-02  4.999482e-01
     vertex  8.399823e-02  2.969738e-02  5.000011e-01
     vertex  8.367282e-02  2.824441e-02  4.999482e-01
   endloop
 endfacet
 facet normal  7.158349e-01 -2.598517e-01  6.481184e-01
   outer loop
     vertex  8.413489e-02  2.951730e-02  4.999482e-01
     vertex  8.367282e-02  2.824441e-02  4.999482e-01
     vertex  8.419559e-02  2.928906e-02  4.997896e-01
   endloop
 endfacet
 facet normal  7.513221e-01 -2.299030e-01  6.185950e-01
   outer loop
     vertex  8.438887e-02  3.034732e-02  4.999482e-01
     vertex  8.413489e-02  2.951730e-02  4.999482e-01
     vertex  8.419559e-02  2.928906e-02  4.997896e-01
   endloop
 endfacet
 facet normal  2.648357e-01 -8.103920e-02  9.608822e-01
   outer loop
     vertex  8.438887e-02  3.034732e-02  4.999482e-01
     vertex  8.399823e-02  2.969738e-02  5.000011e-01
     vertex  8.413489e-02  2.951730e-02  4.999482e-01
   endloop
 endfacet
 facet normal  7.689299e-01 -2.298230e-01  5.965972e-01
   outer loop
     vertex  8.438887e-02  3.034732e-02  4.999482e-01
     vertex  8.419559e-02  2.928906e-02  4.997896e-01
     vertex  8.469641e-02  3.096466e-02  4.997896e-01
   endloop
 endfacet
 facet normal  1.745454e-01 -3.542839e-02  9.840116e-01
   outer loop
     vertex  8.477072e-02  3.203526e-02  4.999482e-01
     vertex  8.465962e-02  3.295585e-02  5.000011e-01
     vertex  8.399823e-02  2.969738e-02  5.000011e-01
   endloop
 endfacet
 facet normal  6.784971e-01 -1.534914e-01  7.183885e-01
   outer loop
     vertex  8.477072e-02  3.203526e-02  4.999482e-01
     vertex  8.438887e-02  3.034732e-02  4.999482e-01
     vertex  8.469641e-02  3.096466e-02  4.997896e-01
   endloop
 endfacet
 facet normal  2.117794e-01 -4.790931e-02  9.761425e-01
   outer loop
     vertex  8.477072e-02  3.203526e-02  4.999482e-01
     vertex  8.399823e-02  2.969738e-02  5.000011e-01
     vertex  8.438887e-02  3.034732e-02  4.999482e-01
   endloop
 endfacet
 facet normal  2.855891e-01  9.601167e-02  9.535306e-01
   outer loop
     vertex  8.487802e-02  3.283110e-02  4.999482e-01
     vertex  8.510543e-02  3.372936e-02  4.997896e-01
     vertex  8.465962e-02  3.295585e-02  5.000011e-01
   endloop
 endfacet
 facet normal  7.164262e-01 -5.866510e-02  6.951920e-01
   outer loop
     vertex  8.487802e-02  3.283110e-02  4.999482e-01
     vertex  8.501604e-02  3.263767e-02  4.997896e-01
     vertex  8.510543e-02  3.372936e-02  4.997896e-01
   endloop
 endfacet
 facet normal  6.918322e-01 -9.327685e-02  7.160082e-01
   outer loop
     vertex  8.487802e-02  3.283110e-02  4.999482e-01
     vertex  8.477072e-02  3.203526e-02  4.999482e-01
     vertex  8.501604e-02  3.263767e-02  4.997896e-01
   endloop
 endfacet
 facet normal  2.191305e-01 -2.954445e-02  9.752482e-01
   outer loop
     vertex  8.487802e-02  3.283110e-02  4.999482e-01
     vertex  8.465962e-02  3.295585e-02  5.000011e-01
     vertex  8.477072e-02  3.203526e-02  4.999482e-01
   endloop
 endfacet
 facet normal -1.159499e-01  9.855868e-01  1.231842e-01
   outer loop
     vertex  6.470302e-02  4.230735e-02  4.996199e-01
     vertex  6.697332e-02  4.257645e-02  4.996038e-01
     vertex  6.401641e-02  4.228463e-02  4.991554e-01
   endloop
 endfacet
 facet normal -2.427278e-01  9.179098e-01  3.138866e-01
   outer loop
     vertex  6.470302e-02  4.230735e-02  4.996199e-01
     vertex  6.401641e-02  4.228463e-02  4.991554e-01
     vertex  6.401529e-02  4.206745e-02  4.997896e-01
   endloop
 endfacet
 facet normal -8.268115e-02  7.375948e-01  6.701625e-01
   outer loop
     vertex  6.470302e-02  4.230735e-02  4.996199e-01
     vertex  6.544927e-02  4.213494e-02  4.999017e-01
     vertex  6.697332e-02  4.257645e-02  4.996038e-01
   endloop
 endfacet
 facet normal -7.893117e-01 -1.247221e-01  6.011917e-01
   outer loop
     vertex  5.559964e-02  3.267416e-02  4.996707e-01
     vertex  5.582717e-02  3.257171e-02  4.999482e-01
     vertex  5.559450e-02  3.327986e-02  4.997896e-01
   endloop
 endfacet
 facet normal -9.903350e-01 -3.475325e-02  1.342717e-01
   outer loop
     vertex  5.559964e-02  3.267416e-02  4.996707e-01
     vertex  5.559450e-02  3.327986e-02  4.997896e-01
     vertex  5.553026e-02  3.266019e-02  4.991554e-01
   endloop
 endfacet
 facet normal -9.605483e-01 -2.426497e-01  1.358974e-01
   outer loop
     vertex  5.559964e-02  3.267416e-02  4.996707e-01
     vertex  5.553026e-02  3.266019e-02  4.991554e-01
     vertex  5.570289e-02  3.233202e-02  4.997896e-01
   endloop
 endfacet
 facet normal -7.758762e-01 -1.493764e-02  6.307083e-01
   outer loop
     vertex  5.559964e-02  3.267416e-02  4.996707e-01
     vertex  5.570289e-02  3.233202e-02  4.997896e-01
     vertex  5.582717e-02  3.257171e-02  4.999482e-01
   endloop
 endfacet
 facet normal  9.893087e-01 -7.588550e-02  1.245383e-01
   outer loop
     vertex  8.499019e-02  3.210545e-02  4.996707e-01
     vertex  8.505200e-02  3.206556e-02  4.991554e-01
     vertex  8.501604e-02  3.263767e-02  4.997896e-01
   endloop
 endfacet
 facet normal  7.933955e-01 -1.691919e-01  5.847202e-01
   outer loop
     vertex  8.499019e-02  3.210545e-02  4.996707e-01
     vertex  8.501604e-02  3.263767e-02  4.997896e-01
     vertex  8.477072e-02  3.203526e-02  4.999482e-01
   endloop
 endfacet
 facet normal  9.629945e-01 -2.340616e-01  1.336293e-01
   outer loop
     vertex  8.499019e-02  3.210545e-02  4.996707e-01
     vertex  8.469641e-02  3.096466e-02  4.997896e-01
     vertex  8.505200e-02  3.206556e-02  4.991554e-01
   endloop
 endfacet
 facet normal  7.935460e-01 -1.426912e-01  5.915437e-01
   outer loop
     vertex  8.499019e-02  3.210545e-02  4.996707e-01
     vertex  8.477072e-02  3.203526e-02  4.999482e-01
     vertex  8.469641e-02  3.096466e-02  4.997896e-01
   endloop
 endfacet
 facet normal -1.068813e-01  6.967822e-01  7.092749e-01
   outer loop
     vertex  6.438349e-02  4.196736e-02  4.999058e-01
     vertex  6.544927e-02  4.213494e-02  4.999017e-01
     vertex  6.470302e-02  4.230735e-02  4.996199e-01
   endloop
 endfacet
 facet normal -5.120501e-02  6.704471e-01  7.401883e-01
   outer loop
     vertex  6.438349e-02  4.196736e-02  4.999058e-01
     vertex  6.470302e-02  4.230735e-02  4.996199e-01
     vertex  6.401529e-02  4.206745e-02  4.997896e-01
   endloop
 endfacet
 facet normal -2.603657e-02  1.891409e-01  9.816047e-01
   outer loop
     vertex  6.438349e-02  4.196736e-02  4.999058e-01
     vertex  6.413734e-02  4.143899e-02  5.000011e-01
     vertex  6.544927e-02  4.213494e-02  4.999017e-01
   endloop
 endfacet
 facet normal -2.214142e-01  2.720200e-01  9.364726e-01
   outer loop
     vertex  6.438349e-02  4.196736e-02  4.999058e-01
     vertex  6.401529e-02  4.206745e-02  4.997896e-01
     vertex  6.413734e-02  4.143899e-02  5.000011e-01
   endloop
 endfacet
 facet normal -3.224914e-02  9.953752e-01  9.048865e-02
   outer loop
     vertex  7.033795e-02  4.280812e-02  5.465669e-01
     vertex  6.733672e-02  4.268739e-02  5.468253e-01
     vertex  7.033795e-02  4.278463e-02  5.468253e-01
   endloop
 endfacet
 facet normal -1.218421e-02  9.527174e-01  3.036133e-01
   outer loop
     vertex  7.033795e-02  4.286943e-02  5.463745e-01
     vertex  6.733672e-02  4.268739e-02  5.468253e-01
     vertex  7.033795e-02  4.280812e-02  5.465669e-01
   endloop
 endfacet
 facet normal  1.055520e-03  1.944367e-01  9.809145e-01
   outer loop
     vertex  7.033795e-02  4.345403e-02  5.459899e-01
     vertex  6.736165e-02  4.352208e-02  5.459797e-01
     vertex  7.033795e-02  4.329837e-02  5.460208e-01
   endloop
 endfacet
 facet normal -2.117898e-03  5.826179e-02  9.982991e-01
   outer loop
     vertex  7.033795e-02  4.363027e-02  5.459797e-01
     vertex  6.736165e-02  4.352208e-02  5.459797e-01
     vertex  7.033795e-02  4.345403e-02  5.459899e-01
   endloop
 endfacet
 facet normal  8.540890e-01 -5.198123e-01  1.808665e-02
   outer loop
     vertex  8.141757e-02  2.341027e-02  5.461911e-01
     vertex  8.258072e-02  2.534347e-02  5.468253e-01
     vertex  7.925742e-02  1.988305e-02  5.468253e-01
   endloop
 endfacet
 facet normal  2.408951e-02  2.876898e-01  9.574206e-01
   outer loop
     vertex  7.359409e-02  4.302910e-02  5.460784e-01
     vertex  7.630922e-02  4.313027e-02  5.459797e-01
     vertex  7.033795e-02  4.363027e-02  5.459797e-01
   endloop
 endfacet
 facet normal  2.578865e-01  8.726116e-01  4.147813e-01
   outer loop
     vertex  7.855729e-02  4.202524e-02  5.461911e-01
     vertex  7.665950e-02  4.228463e-02  5.468253e-01
     vertex  8.051032e-02  4.114658e-02  5.468253e-01
   endloop
 endfacet
 facet normal  1.415957e-01  4.561450e-01  8.785684e-01
   outer loop
     vertex  7.855729e-02  4.202524e-02  5.461911e-01
     vertex  7.997540e-02  4.199222e-02  5.459797e-01
     vertex  7.630922e-02  4.313027e-02  5.459797e-01
   endloop
 endfacet
 facet normal  2.208217e-01  9.347136e-01  2.784749e-01
   outer loop
     vertex  7.855729e-02  4.202524e-02  5.461911e-01
     vertex  7.654255e-02  4.250121e-02  5.461911e-01
     vertex  7.665950e-02  4.228463e-02  5.468253e-01
   endloop
 endfacet
 facet normal  8.138679e-02  3.445011e-01  9.352514e-01
   outer loop
     vertex  7.855729e-02  4.202524e-02  5.461911e-01
     vertex  7.630922e-02  4.313027e-02  5.459797e-01
     vertex  7.654255e-02  4.250121e-02  5.461911e-01
   endloop
 endfacet
 facet normal  3.333768e-01  9.124030e-01  2.374460e-01
   outer loop
     vertex  8.033709e-02  4.137493e-02  5.461911e-01
     vertex  7.855729e-02  4.202524e-02  5.461911e-01
     vertex  8.051032e-02  4.114658e-02  5.468253e-01
   endloop
 endfacet
 facet normal  1.444363e-01  3.953008e-01  9.071248e-01
   outer loop
     vertex  8.033709e-02  4.137493e-02  5.461911e-01
     vertex  7.997540e-02  4.199222e-02  5.459797e-01
     vertex  7.855729e-02  4.202524e-02  5.461911e-01
   endloop
 endfacet
 facet normal  4.851088e-01  8.334016e-01  2.647852e-01
   outer loop
     vertex  8.135868e-02  4.085427e-02  5.461911e-01
     vertex  8.051032e-02  4.114658e-02  5.468253e-01
     vertex  8.246723e-02  4.000749e-02  5.468253e-01
   endloop
 endfacet
 facet normal  6.826623e-01  7.160918e-01  1.455494e-01
   outer loop
     vertex  8.292835e-02  3.969682e-02  5.461911e-01
     vertex  8.246723e-02  4.000749e-02  5.468253e-01
     vertex  8.370249e-02  3.882990e-02  5.468253e-01
   endloop
 endfacet
 facet normal  7.270841e-01  6.848266e-01  4.859301e-02
   outer loop
     vertex  8.350724e-02  3.908221e-02  5.461911e-01
     vertex  8.292835e-02  3.969682e-02  5.461911e-01
     vertex  8.370249e-02  3.882990e-02  5.468253e-01
   endloop
 endfacet
 facet normal  8.396884e-01  5.419281e-01  3.517556e-02
   outer loop
     vertex  8.395500e-02  3.847983e-02  5.461911e-01
     vertex  8.370249e-02  3.882990e-02  5.468253e-01
     vertex  8.452566e-02  3.755444e-02  5.468253e-01
   endloop
 endfacet
 facet normal  8.645167e-01  5.003189e-01 -4.787452e-02
   outer loop
     vertex  8.433689e-02  3.781994e-02  5.461911e-01
     vertex  8.395500e-02  3.847983e-02  5.461911e-01
     vertex  8.452566e-02  3.755444e-02  5.468253e-01
   endloop
 endfacet
 facet normal  9.410081e-01  3.333754e-01 -5.800512e-02
   outer loop
     vertex  8.463679e-02  3.713043e-02  5.461911e-01
     vertex  8.452566e-02  3.755444e-02  5.468253e-01
     vertex  8.504058e-02  3.610100e-02  5.468253e-01
   endloop
 endfacet
 facet normal  9.476202e-01  2.920917e-01 -1.292223e-01
   outer loop
     vertex  8.486762e-02  3.638153e-02  5.461911e-01
     vertex  8.463679e-02  3.713043e-02  5.461911e-01
     vertex  8.504058e-02  3.610100e-02  5.468253e-01
   endloop
 endfacet
 facet normal  9.836626e-01  1.246066e-01 -1.299270e-01
   outer loop
     vertex  8.501965e-02  3.560489e-02  5.461911e-01
     vertex  8.504058e-02  3.610100e-02  5.468253e-01
     vertex  8.524724e-02  3.446959e-02  5.468253e-01
   endloop
 endfacet
 facet normal  9.784374e-01  9.316156e-02 -1.843397e-01
   outer loop
     vertex  8.509943e-02  3.476698e-02  5.461911e-01
     vertex  8.501965e-02  3.560489e-02  5.461911e-01
     vertex  8.524724e-02  3.446959e-02  5.468253e-01
   endloop
 endfacet
 facet normal  9.833027e-01 -5.521020e-02 -1.733999e-01
   outer loop
     vertex  8.510360e-02  3.390321e-02  5.461911e-01
     vertex  8.524724e-02  3.446959e-02  5.468253e-01
     vertex  8.514565e-02  3.266019e-02  5.468253e-01
   endloop
 endfacet
 facet normal  4.157512e-01 -7.652808e-03 -9.094462e-01
   outer loop
     vertex  8.510360e-02  3.390321e-02  5.461911e-01
     vertex  8.463382e-02  3.350584e-02  5.459797e-01
     vertex  8.466713e-02  3.531523e-02  5.459797e-01
   endloop
 endfacet
 facet normal  9.743764e-01  4.695699e-03 -2.248747e-01
   outer loop
     vertex  8.510360e-02  3.390321e-02  5.461911e-01
     vertex  8.509943e-02  3.476698e-02  5.461911e-01
     vertex  8.524724e-02  3.446959e-02  5.468253e-01
   endloop
 endfacet
 facet normal  4.334701e-01 -3.333204e-02 -9.005513e-01
   outer loop
     vertex  8.503232e-02  3.297629e-02  5.461911e-01
     vertex  8.463382e-02  3.350584e-02  5.459797e-01
     vertex  8.510360e-02  3.390321e-02  5.461911e-01
   endloop
 endfacet
 facet normal  9.745063e-01 -7.493547e-02 -2.114759e-01
   outer loop
     vertex  8.503232e-02  3.297629e-02  5.461911e-01
     vertex  8.510360e-02  3.390321e-02  5.461911e-01
     vertex  8.514565e-02  3.266019e-02  5.468253e-01
   endloop
 endfacet
 facet normal  9.632192e-01 -2.202538e-01 -1.539384e-01
   outer loop
     vertex  8.482446e-02  3.169886e-02  5.461911e-01
     vertex  8.514565e-02  3.266019e-02  5.468253e-01
     vertex  8.453068e-02  2.997081e-02  5.468253e-01
   endloop
 endfacet
 facet normal  3.772950e-01 -6.825043e-02 -9.235748e-01
   outer loop
     vertex  8.482446e-02  3.169886e-02  5.461911e-01
     vertex  8.414733e-02  3.081645e-02  5.459797e-01
     vertex  8.463382e-02  3.350584e-02  5.459797e-01
   endloop
 endfacet
 facet normal  3.989791e-01 -6.491962e-02 -9.146590e-01
   outer loop
     vertex  8.482446e-02  3.169886e-02  5.461911e-01
     vertex  8.463382e-02  3.350584e-02  5.459797e-01
     vertex  8.503232e-02  3.297629e-02  5.461911e-01
   endloop
 endfacet
 facet normal  9.560904e-01 -1.555696e-01 -2.483731e-01
   outer loop
     vertex  8.482446e-02  3.169886e-02  5.461911e-01
     vertex  8.503232e-02  3.297629e-02  5.461911e-01
     vertex  8.514565e-02  3.266019e-02  5.468253e-01
   endloop
 endfacet
 facet normal  9.488523e-01 -2.376135e-01 -2.078921e-01
   outer loop
     vertex  8.447784e-02  3.031472e-02  5.461911e-01
     vertex  8.482446e-02  3.169886e-02  5.461911e-01
     vertex  8.453068e-02  2.997081e-02  5.468253e-01
   endloop
 endfacet
 facet normal  4.181827e-01 -1.047222e-01 -9.023062e-01
   outer loop
     vertex  8.447784e-02  3.031472e-02  5.461911e-01
     vertex  8.414733e-02  3.081645e-02  5.459797e-01
     vertex  8.482446e-02  3.169886e-02  5.461911e-01
   endloop
 endfacet
 facet normal  3.830857e-01 -1.328174e-01 -9.141143e-01
   outer loop
     vertex  8.372299e-02  2.813749e-02  5.461911e-01
     vertex  8.414733e-02  3.081645e-02  5.459797e-01
     vertex  8.447784e-02  3.031472e-02  5.461911e-01
   endloop
 endfacet
 facet normal  9.203225e-01 -3.878250e-01 -5.097355e-02
   outer loop
     vertex  8.372299e-02  2.813749e-02  5.461911e-01
     vertex  8.453068e-02  2.997081e-02  5.468253e-01
     vertex  8.258072e-02  2.534347e-02  5.468253e-01
   endloop
 endfacet
 facet normal  3.576975e-01 -1.296388e-01 -9.247953e-01
   outer loop
     vertex  8.372299e-02  2.813749e-02  5.461911e-01
     vertex  8.247026e-02  2.618912e-02  5.459797e-01
     vertex  8.414733e-02  3.081645e-02  5.459797e-01
   endloop
 endfacet
 facet normal  9.152341e-01 -3.173154e-01 -2.483093e-01
   outer loop
     vertex  8.372299e-02  2.813749e-02  5.461911e-01
     vertex  8.447784e-02  3.031472e-02  5.461911e-01
     vertex  8.453068e-02  2.997081e-02  5.468253e-01
   endloop
 endfacet
 facet normal  9.025683e-01 -4.032446e-01 -1.508782e-01
   outer loop
     vertex  8.264972e-02  2.573523e-02  5.461911e-01
     vertex  8.372299e-02  2.813749e-02  5.461911e-01
     vertex  8.258072e-02  2.534347e-02  5.468253e-01
   endloop
 endfacet
 facet normal  8.267433e-01 -5.144008e-01 -2.277877e-01
   outer loop
     vertex  8.202380e-02  2.479947e-02  5.460325e-01
     vertex  8.264972e-02  2.573523e-02  5.461911e-01
     vertex  8.258072e-02  2.534347e-02  5.468253e-01
   endloop
 endfacet
 facet normal  8.546134e-01 -4.094024e-01 -3.194146e-01
   outer loop
     vertex  8.202380e-02  2.479947e-02  5.460325e-01
     vertex  8.258072e-02  2.534347e-02  5.468253e-01
     vertex  8.141757e-02  2.341027e-02  5.461911e-01
   endloop
 endfacet
 facet normal  6.143614e-01 -3.488767e-01 -7.077041e-01
   outer loop
     vertex  7.988671e-02  2.103611e-02  5.460325e-01
     vertex  8.202380e-02  2.479947e-02  5.460325e-01
     vertex  8.141757e-02  2.341027e-02  5.461911e-01
   endloop
 endfacet
 facet normal  1.518650e-01 -8.623939e-02 -9.846318e-01
   outer loop
     vertex  7.988671e-02  2.103611e-02  5.460325e-01
     vertex  8.247026e-02  2.618912e-02  5.459797e-01
     vertex  8.202380e-02  2.479947e-02  5.460325e-01
   endloop
 endfacet
 facet normal  1.572992e-01 -8.895271e-02 -9.835367e-01
   outer loop
     vertex  7.988671e-02  2.103611e-02  5.460325e-01
     vertex  7.835026e-02  1.890352e-02  5.459797e-01
     vertex  8.247026e-02  2.618912e-02  5.459797e-01
   endloop
 endfacet
 facet normal  8.386573e-01 -5.334130e-01 -1.101116e-01
   outer loop
     vertex  7.988671e-02  2.103611e-02  5.460325e-01
     vertex  8.141757e-02  2.341027e-02  5.461911e-01
     vertex  7.925742e-02  1.988305e-02  5.468253e-01
   endloop
 endfacet
 facet normal  8.346108e-01 -5.377065e-01 -1.195682e-01
   outer loop
     vertex  7.887973e-02  1.943785e-02  5.461911e-01
     vertex  7.988671e-02  2.103611e-02  5.460325e-01
     vertex  7.925742e-02  1.988305e-02  5.468253e-01
   endloop
 endfacet
 facet normal  7.274379e-01 -6.511783e-01  2.163351e-01
   outer loop
     vertex  7.719022e-02  1.736305e-02  5.461911e-01
     vertex  7.925742e-02  1.988305e-02  5.468253e-01
     vertex  7.584614e-02  1.607229e-02  5.468253e-01
   endloop
 endfacet
 facet normal  5.790341e-01 -8.031918e-01  1.400085e-01
   outer loop
     vertex  7.501959e-02  1.536585e-02  5.461911e-01
     vertex  7.584614e-02  1.607229e-02  5.468253e-01
     vertex  7.414051e-02  1.484266e-02  5.468253e-01
   endloop
 endfacet
 facet normal  5.594460e-01 -8.232525e-01  9.630995e-02
   outer loop
     vertex  7.417483e-02  1.479179e-02  5.461911e-01
     vertex  7.501959e-02  1.536585e-02  5.461911e-01
     vertex  7.414051e-02  1.484266e-02  5.468253e-01
   endloop
 endfacet
 facet normal  3.976292e-01 -8.946765e-01  2.035807e-01
   outer loop
     vertex  7.347713e-02  1.440352e-02  5.461911e-01
     vertex  7.414051e-02  1.484266e-02  5.468253e-01
     vertex  7.227540e-02  1.401374e-02  5.468253e-01
   endloop
 endfacet
 facet normal  4.840345e-01 -8.697714e-01  9.596024e-02
   outer loop
     vertex  7.347713e-02  1.440352e-02  5.461911e-01
     vertex  7.417483e-02  1.479179e-02  5.461911e-01
     vertex  7.414051e-02  1.484266e-02  5.468253e-01
   endloop
 endfacet
 facet normal  3.866659e-01 -9.052042e-01  1.763375e-01
   outer loop
     vertex  7.255339e-02  1.400893e-02  5.461911e-01
     vertex  7.347713e-02  1.440352e-02  5.461911e-01
     vertex  7.227540e-02  1.401374e-02  5.468253e-01
   endloop
 endfacet
 facet normal  1.727680e-01 -9.615181e-01  2.136214e-01
   outer loop
     vertex  7.179045e-02  1.378569e-02  5.461911e-01
     vertex  7.227540e-02  1.401374e-02  5.468253e-01
     vertex  7.072114e-02  1.373446e-02  5.468253e-01
   endloop
 endfacet
 facet normal  1.645441e-01 -9.660060e-01  1.993933e-01
   outer loop
     vertex  7.102067e-02  1.365457e-02  5.461911e-01
     vertex  7.179045e-02  1.378569e-02  5.461911e-01
     vertex  7.072114e-02  1.373446e-02  5.468253e-01
   endloop
 endfacet
 facet normal -5.083031e-02 -9.758019e-01  2.126665e-01
   outer loop
     vertex  7.031424e-02  1.361743e-02  5.461911e-01
     vertex  7.072114e-02  1.373446e-02  5.468253e-01
     vertex  6.928201e-02  1.380943e-02  5.468253e-01
   endloop
 endfacet
 facet normal -5.931402e-02 -9.780905e-01  1.995517e-01
   outer loop
     vertex  6.960148e-02  1.366066e-02  5.461911e-01
     vertex  7.031424e-02  1.361743e-02  5.461911e-01
     vertex  6.928201e-02  1.380943e-02  5.468253e-01
   endloop
 endfacet
 facet normal -1.641088e-01 -9.755525e-01  1.461697e-01
   outer loop
     vertex  6.896570e-02  1.376761e-02  5.461911e-01
     vertex  6.960148e-02  1.366066e-02  5.461911e-01
     vertex  6.928201e-02  1.380943e-02  5.468253e-01
   endloop
 endfacet
 facet normal -2.602166e-01 -9.464148e-01  1.912754e-01
   outer loop
     vertex  6.825293e-02  1.396419e-02  5.461911e-01
     vertex  6.928201e-02  1.380943e-02  5.468253e-01
     vertex  6.784288e-02  1.420512e-02  5.468253e-01
   endloop
 endfacet
 facet normal -2.609013e-01 -9.459795e-01  1.924926e-01
   outer loop
     vertex  6.825293e-02  1.396419e-02  5.461911e-01
     vertex  6.896570e-02  1.376761e-02  5.461911e-01
     vertex  6.928201e-02  1.380943e-02  5.468253e-01
   endloop
 endfacet
 facet normal -3.552846e-01 -9.267193e-01  1.223283e-01
   outer loop
     vertex  6.761715e-02  1.420793e-02  5.461911e-01
     vertex  6.825293e-02  1.396419e-02  5.461911e-01
     vertex  6.784288e-02  1.420512e-02  5.468253e-01
   endloop
 endfacet
 facet normal -4.399419e-01 -8.837567e-01  1.594531e-01
   outer loop
     vertex  6.690439e-02  1.455787e-02  5.461911e-01
     vertex  6.784288e-02  1.420512e-02  5.468253e-01
     vertex  6.640375e-02  1.492153e-02  5.468253e-01
   endloop
 endfacet
 facet normal -4.356480e-01 -8.873434e-01  1.511044e-01
   outer loop
     vertex  6.690439e-02  1.455787e-02  5.461911e-01
     vertex  6.761715e-02  1.420793e-02  5.461911e-01
     vertex  6.784288e-02  1.420512e-02  5.468253e-01
   endloop
 endfacet
 facet normal -5.116574e-01 -8.548477e-01  8.626739e-02
   outer loop
     vertex  6.626861e-02  1.493841e-02  5.461911e-01
     vertex  6.690439e-02  1.455787e-02  5.461911e-01
     vertex  6.640375e-02  1.492153e-02  5.468253e-01
   endloop
 endfacet
 facet normal -5.807505e-01 -8.058504e-01  1.154728e-01
   outer loop
     vertex  6.555585e-02  1.544170e-02  5.461911e-01
     vertex  6.640375e-02  1.492153e-02  5.468253e-01
     vertex  6.496462e-02  1.595866e-02  5.468253e-01
   endloop
 endfacet
 facet normal -5.738812e-01 -8.127304e-01  1.006465e-01
   outer loop
     vertex  6.555585e-02  1.544170e-02  5.461911e-01
     vertex  6.626861e-02  1.493841e-02  5.461911e-01
     vertex  6.640375e-02  1.492153e-02  5.468253e-01
   endloop
 endfacet
 facet normal -6.979668e-01 -7.117244e-01  7.931413e-02
   outer loop
     vertex  6.375779e-02  1.707149e-02  5.461911e-01
     vertex  6.496462e-02  1.595866e-02  5.468253e-01
     vertex  6.304578e-02  1.784041e-02  5.468253e-01
   endloop
 endfacet
 facet normal -6.960052e-01 -7.145563e-01  7.061273e-02
   outer loop
     vertex  6.375779e-02  1.707149e-02  5.461911e-01
     vertex  6.470814e-02  1.614581e-02  5.461911e-01
     vertex  6.496462e-02  1.595866e-02  5.468253e-01
   endloop
 endfacet
 facet normal -8.034031e-01 -5.941884e-01  3.851682e-02
   outer loop
     vertex  6.106070e-02  2.048333e-02  5.461911e-01
     vertex  6.304578e-02  1.784041e-02  5.468253e-01
     vertex  6.016752e-02  2.173211e-02  5.468253e-01
   endloop
 endfacet
 facet normal -8.052961e-01 -5.893360e-01  6.466210e-02
   outer loop
     vertex  6.106070e-02  2.048333e-02  5.461911e-01
     vertex  6.248623e-02  1.853542e-02  5.461911e-01
     vertex  6.304578e-02  1.784041e-02  5.468253e-01
   endloop
 endfacet
 facet normal -8.304938e-01 -5.227000e-01 -1.925219e-01
   outer loop
     vertex  6.067468e-02  2.121831e-02  5.460325e-01
     vertex  6.016752e-02  2.173211e-02  5.468253e-01
     vertex  5.925833e-02  2.341027e-02  5.461911e-01
   endloop
 endfacet
 facet normal -1.778487e-01 -1.011520e-01 -9.788453e-01
   outer loop
     vertex  6.067468e-02  2.121831e-02  5.460325e-01
     vertex  5.849209e-02  2.556726e-02  5.459797e-01
     vertex  6.210048e-02  1.922288e-02  5.459797e-01
   endloop
 endfacet
 facet normal -8.428901e-01 -4.904469e-01 -2.213551e-01
   outer loop
     vertex  6.067468e-02  2.121831e-02  5.460325e-01
     vertex  6.106070e-02  2.048333e-02  5.461911e-01
     vertex  6.016752e-02  2.173211e-02  5.468253e-01
   endloop
 endfacet
 facet normal -6.393591e-01 -3.641366e-01 -6.772181e-01
   outer loop
     vertex  5.881478e-02  2.448396e-02  5.460325e-01
     vertex  6.067468e-02  2.121831e-02  5.460325e-01
     vertex  5.925833e-02  2.341027e-02  5.461911e-01
   endloop
 endfacet
 facet normal -1.758791e-01 -1.001691e-01 -9.793022e-01
   outer loop
     vertex  5.881478e-02  2.448396e-02  5.460325e-01
     vertex  5.849209e-02  2.556726e-02  5.459797e-01
     vertex  6.067468e-02  2.121831e-02  5.460325e-01
   endloop
 endfacet
 facet normal -8.892209e-01 -4.493911e-01  8.563756e-02
   outer loop
     vertex  5.735571e-02  2.717505e-02  5.461911e-01
     vertex  5.925833e-02  2.341027e-02  5.461911e-01
     vertex  6.016752e-02  2.173211e-02  5.468253e-01
   endloop
 endfacet
 facet normal -7.795064e-01 -3.939440e-01 -4.870091e-01
   outer loop
     vertex  5.735571e-02  2.717505e-02  5.461911e-01
     vertex  5.881478e-02  2.448396e-02  5.460325e-01
     vertex  5.925833e-02  2.341027e-02  5.461911e-01
   endloop
 endfacet
 facet normal -8.892070e-01 -4.570888e-01  1.951445e-02
   outer loop
     vertex  5.735571e-02  2.717505e-02  5.461911e-01
     vertex  6.016752e-02  2.173211e-02  5.468253e-01
     vertex  5.658143e-02  2.870837e-02  5.468253e-01
   endloop
 endfacet
 facet normal -9.550962e-01 -2.724089e-01 -1.165533e-01
   outer loop
     vertex  5.626348e-02  3.009451e-02  5.461911e-01
     vertex  5.658143e-02  2.870837e-02  5.468253e-01
     vertex  5.562391e-02  3.206557e-02  5.468253e-01
   endloop
 endfacet
 facet normal -4.134040e-01 -1.053610e-01 -9.044314e-01
   outer loop
     vertex  5.583838e-02  3.176247e-02  5.461911e-01
     vertex  5.633846e-02  3.161511e-02  5.459797e-01
     vertex  5.626348e-02  3.009451e-02  5.461911e-01
   endloop
 endfacet
 facet normal -9.484023e-01 -2.417117e-01 -2.052037e-01
   outer loop
     vertex  5.583838e-02  3.176247e-02  5.461911e-01
     vertex  5.626348e-02  3.009451e-02  5.461911e-01
     vertex  5.562391e-02  3.206557e-02  5.468253e-01
   endloop
 endfacet
 facet normal -9.563784e-01 -1.382641e-01 -2.573392e-01
   outer loop
     vertex  5.560241e-02  3.339471e-02  5.461911e-01
     vertex  5.583838e-02  3.176247e-02  5.461911e-01
     vertex  5.562391e-02  3.206557e-02  5.468253e-01
   endloop
 endfacet
 facet normal -9.844513e-01 -8.836404e-02 -1.518137e-01
   outer loop
     vertex  5.560241e-02  3.339471e-02  5.461911e-01
     vertex  5.562391e-02  3.206557e-02  5.468253e-01
     vertex  5.542480e-02  3.428379e-02  5.468253e-01
   endloop
 endfacet
 facet normal -3.591839e-01 -3.778109e-02 -9.325018e-01
   outer loop
     vertex  5.560241e-02  3.339471e-02  5.461911e-01
     vertex  5.599129e-02  3.491563e-02  5.459797e-01
     vertex  5.633846e-02  3.161511e-02  5.459797e-01
   endloop
 endfacet
 facet normal -4.032556e-01 -5.829887e-02 -9.132284e-01
   outer loop
     vertex  5.560241e-02  3.339471e-02  5.461911e-01
     vertex  5.633846e-02  3.161511e-02  5.459797e-01
     vertex  5.583838e-02  3.176247e-02  5.461911e-01
   endloop
 endfacet
 facet normal -9.731865e-01 -3.191277e-02 -2.277931e-01
   outer loop
     vertex  5.556686e-02  3.447876e-02  5.461911e-01
     vertex  5.560241e-02  3.339471e-02  5.461911e-01
     vertex  5.542480e-02  3.428379e-02  5.468253e-01
   endloop
 endfacet
 facet normal -4.340374e-01 -1.423297e-02 -9.007824e-01
   outer loop
     vertex  5.556686e-02  3.447876e-02  5.461911e-01
     vertex  5.599129e-02  3.491563e-02  5.459797e-01
     vertex  5.560241e-02  3.339471e-02  5.461911e-01
   endloop
 endfacet
 facet normal -9.871007e-01  1.217963e-01 -1.039130e-01
   outer loop
     vertex  5.563944e-02  3.548225e-02  5.461911e-01
     vertex  5.542480e-02  3.428379e-02  5.468253e-01
     vertex  5.566322e-02  3.621605e-02  5.468253e-01
   endloop
 endfacet
 facet normal -9.422516e-01  3.115815e-01 -1.227962e-01
   outer loop
     vertex  5.610348e-02  3.729747e-02  5.461911e-01
     vertex  5.583537e-02  3.648670e-02  5.461911e-01
     vertex  5.566322e-02  3.621605e-02  5.468253e-01
   endloop
 endfacet
 facet normal -9.323898e-01  3.598913e-01 -3.357821e-02
   outer loop
     vertex  5.610348e-02  3.729747e-02  5.461911e-01
     vertex  5.566322e-02  3.621605e-02  5.468253e-01
     vertex  5.626818e-02  3.778336e-02  5.468253e-01
   endloop
 endfacet
 facet normal -8.461178e-01  5.318129e-01 -3.549206e-02
   outer loop
     vertex  5.685969e-02  3.868212e-02  5.461911e-01
     vertex  5.644827e-02  3.802755e-02  5.461911e-01
     vertex  5.626818e-02  3.778336e-02  5.468253e-01
   endloop
 endfacet
 facet normal -8.159274e-01  5.755644e-01  5.466465e-02
   outer loop
     vertex  5.685969e-02  3.868212e-02  5.461911e-01
     vertex  5.626818e-02  3.778336e-02  5.468253e-01
     vertex  5.715772e-02  3.904438e-02  5.468253e-01
   endloop
 endfacet
 facet normal -7.049029e-01  7.068755e-01  5.864194e-02
   outer loop
     vertex  5.789561e-02  3.983283e-02  5.461911e-01
     vertex  5.733020e-02  3.926900e-02  5.461911e-01
     vertex  5.715772e-02  3.904438e-02  5.468253e-01
   endloop
 endfacet
 facet normal -6.588818e-01  7.371708e-01  1.498461e-01
   outer loop
     vertex  5.789561e-02  3.983283e-02  5.461911e-01
     vertex  5.715772e-02  3.904438e-02  5.468253e-01
     vertex  5.836399e-02  4.012254e-02  5.468253e-01
   endloop
 endfacet
 facet normal -6.243881e-01  7.736527e-01  1.077083e-01
   outer loop
     vertex  5.851447e-02  4.033229e-02  5.461911e-01
     vertex  5.789561e-02  3.983283e-02  5.461911e-01
     vertex  5.836399e-02  4.012254e-02  5.468253e-01
   endloop
 endfacet
 facet normal -5.436974e-01  8.267627e-01  1.444180e-01
   outer loop
     vertex  5.923387e-02  4.080538e-02  5.461911e-01
     vertex  5.851447e-02  4.033229e-02  5.461911e-01
     vertex  5.836399e-02  4.012254e-02  5.468253e-01
   endloop
 endfacet
 facet normal -4.935441e-01  8.395745e-01  2.269997e-01
   outer loop
     vertex  5.923387e-02  4.080538e-02  5.461911e-01
     vertex  5.836399e-02  4.012254e-02  5.468253e-01
     vertex  5.988697e-02  4.101783e-02  5.468253e-01
   endloop
 endfacet
 facet normal -4.646543e-01  8.651566e-01  1.886810e-01
   outer loop
     vertex  6.000108e-02  4.121743e-02  5.461911e-01
     vertex  5.923387e-02  4.080538e-02  5.461911e-01
     vertex  5.988697e-02  4.101783e-02  5.468253e-01
   endloop
 endfacet
 facet normal -3.465081e-01  8.948009e-01  2.815377e-01
   outer loop
     vertex  6.087447e-02  4.159978e-02  5.461911e-01
     vertex  5.988697e-02  4.101783e-02  5.468253e-01
     vertex  6.172669e-02  4.173025e-02  5.468253e-01
   endloop
 endfacet
 facet normal -3.919840e-01  8.953850e-01  2.112682e-01
   outer loop
     vertex  6.087447e-02  4.159978e-02  5.461911e-01
     vertex  6.000108e-02  4.121743e-02  5.461911e-01
     vertex  5.988697e-02  4.101783e-02  5.468253e-01
   endloop
 endfacet
 facet normal -1.795150e-01  4.274044e-01  8.860586e-01
   outer loop
     vertex  6.087447e-02  4.159978e-02  5.461911e-01
     vertex  6.201717e-02  4.251801e-02  5.459797e-01
     vertex  6.031186e-02  4.180176e-02  5.459797e-01
   endloop
 endfacet
 facet normal -3.238155e-01  9.132414e-01  2.472524e-01
   outer loop
     vertex  6.179002e-02  4.192442e-02  5.461911e-01
     vertex  6.087447e-02  4.159978e-02  5.461911e-01
     vertex  6.172669e-02  4.173025e-02  5.468253e-01
   endloop
 endfacet
 facet normal -1.338741e-01  3.775586e-01  9.162572e-01
   outer loop
     vertex  6.179002e-02  4.192442e-02  5.461911e-01
     vertex  6.201717e-02  4.251801e-02  5.459797e-01
     vertex  6.087447e-02  4.159978e-02  5.461911e-01
   endloop
 endfacet
 facet normal -2.062378e-01  9.129395e-01  3.521470e-01
   outer loop
     vertex  6.312399e-02  4.229055e-02  5.461911e-01
     vertex  6.172669e-02  4.173025e-02  5.468253e-01
     vertex  6.467232e-02  4.239568e-02  5.468253e-01
   endloop
 endfacet
 facet normal -2.556050e-01  9.312793e-01  2.595862e-01
   outer loop
     vertex  6.312399e-02  4.229055e-02  5.461911e-01
     vertex  6.179002e-02  4.192442e-02  5.461911e-01
     vertex  6.172669e-02  4.173025e-02  5.468253e-01
   endloop
 endfacet
 facet normal -1.009652e-01  3.678595e-01  9.243838e-01
   outer loop
     vertex  6.312399e-02  4.229055e-02  5.461911e-01
     vertex  6.201717e-02  4.251801e-02  5.459797e-01
     vertex  6.179002e-02  4.192442e-02  5.461911e-01
   endloop
 endfacet
 facet normal -9.630699e-02  3.846250e-01  9.180352e-01
   outer loop
     vertex  6.312399e-02  4.229055e-02  5.461911e-01
     vertex  6.473087e-02  4.319750e-02  5.459797e-01
     vertex  6.201717e-02  4.251801e-02  5.459797e-01
   endloop
 endfacet
 facet normal -6.615252e-02  3.361947e-01  9.394663e-01
   outer loop
     vertex  6.464558e-02  4.258995e-02  5.461911e-01
     vertex  6.473087e-02  4.319750e-02  5.459797e-01
     vertex  6.312399e-02  4.229055e-02  5.461911e-01
   endloop
 endfacet
 facet normal -1.844776e-01  9.375362e-01  2.949472e-01
   outer loop
     vertex  6.464558e-02  4.258995e-02  5.461911e-01
     vertex  6.312399e-02  4.229055e-02  5.461911e-01
     vertex  6.467232e-02  4.239568e-02  5.468253e-01
   endloop
 endfacet
 facet normal -4.573580e-02  3.340207e-01  9.414555e-01
   outer loop
     vertex  6.596087e-02  4.277005e-02  5.461911e-01
     vertex  6.473087e-02  4.319750e-02  5.459797e-01
     vertex  6.464558e-02  4.258995e-02  5.461911e-01
   endloop
 endfacet
 facet normal -1.022154e-01  9.336083e-01  3.434059e-01
   outer loop
     vertex  6.596087e-02  4.277005e-02  5.461911e-01
     vertex  6.467232e-02  4.239568e-02  5.468253e-01
     vertex  6.733672e-02  4.268739e-02  5.468253e-01
   endloop
 endfacet
 facet normal -1.296055e-01  9.465438e-01  2.953934e-01
   outer loop
     vertex  6.596087e-02  4.277005e-02  5.461911e-01
     vertex  6.464558e-02  4.258995e-02  5.461911e-01
     vertex  6.467232e-02  4.239568e-02  5.468253e-01
   endloop
 endfacet
 facet normal -4.226502e-02  3.425670e-01  9.385422e-01
   outer loop
     vertex  6.596087e-02  4.277005e-02  5.461911e-01
     vertex  6.736165e-02  4.352208e-02  5.459797e-01
     vertex  6.473087e-02  4.319750e-02  5.459797e-01
   endloop
 endfacet
 facet normal -1.098331e-02  9.504472e-01  3.106920e-01
   outer loop
     vertex  6.731948e-02  4.289452e-02  5.461911e-01
     vertex  6.733672e-02  4.268739e-02  5.468253e-01
     vertex  7.033795e-02  4.286943e-02  5.463745e-01
   endloop
 endfacet
 facet normal  1.084366e-02  3.185747e-01  9.478357e-01
   outer loop
     vertex  6.731948e-02  4.289452e-02  5.461911e-01
     vertex  7.033795e-02  4.329837e-02  5.460208e-01
     vertex  6.736165e-02  4.352208e-02  5.459797e-01
   endloop
 endfacet
 facet normal -2.610325e-02  8.385723e-01  5.441646e-01
   outer loop
     vertex  6.731948e-02  4.289452e-02  5.461911e-01
     vertex  7.033795e-02  4.286943e-02  5.463745e-01
     vertex  7.033795e-02  4.297176e-02  5.462168e-01
   endloop
 endfacet
 facet normal -2.280763e-02  6.332965e-01  7.735731e-01
   outer loop
     vertex  6.731948e-02  4.289452e-02  5.461911e-01
     vertex  7.033795e-02  4.297176e-02  5.462168e-01
     vertex  7.033795e-02  4.311951e-02  5.460959e-01
   endloop
 endfacet
 facet normal  2.329589e-04  3.870195e-01  9.220715e-01
   outer loop
     vertex  6.731948e-02  4.289452e-02  5.461911e-01
     vertex  7.033795e-02  4.311951e-02  5.460959e-01
     vertex  7.033795e-02  4.329837e-02  5.460208e-01
   endloop
 endfacet
 facet normal -8.669880e-02  9.463151e-01  3.114016e-01
   outer loop
     vertex  6.731948e-02  4.289452e-02  5.461911e-01
     vertex  6.596087e-02  4.277005e-02  5.461911e-01
     vertex  6.733672e-02  4.268739e-02  5.468253e-01
   endloop
 endfacet
 facet normal -2.939849e-02  3.208838e-01  9.466622e-01
   outer loop
     vertex  6.731948e-02  4.289452e-02  5.461911e-01
     vertex  6.736165e-02  4.352208e-02  5.459797e-01
     vertex  6.596087e-02  4.277005e-02  5.461911e-01
   endloop
 endfacet
 facet normal -1.128214e-02  9.958298e-01  9.052998e-02
   outer loop
     vertex  7.203801e-02  4.284617e-02  5.463602e-01
     vertex  7.033795e-02  4.280812e-02  5.465669e-01
     vertex  7.033795e-02  4.278463e-02  5.468253e-01
   endloop
 endfacet
 facet normal  7.264845e-02  9.185008e-01  3.886882e-01
   outer loop
     vertex  7.519039e-02  4.259764e-02  5.463602e-01
     vertex  7.033795e-02  4.278463e-02  5.468253e-01
     vertex  7.665950e-02  4.228463e-02  5.468253e-01
   endloop
 endfacet
 facet normal  7.248319e-02  9.193924e-01  3.866055e-01
   outer loop
     vertex  7.519039e-02  4.259764e-02  5.463602e-01
     vertex  7.203801e-02  4.284617e-02  5.463602e-01
     vertex  7.033795e-02  4.278463e-02  5.468253e-01
   endloop
 endfacet
 facet normal  5.337170e-02  6.769781e-01  7.340654e-01
   outer loop
     vertex  7.519039e-02  4.259764e-02  5.463602e-01
     vertex  7.359409e-02  4.302910e-02  5.460784e-01
     vertex  7.203801e-02  4.284617e-02  5.463602e-01
   endloop
 endfacet
 facet normal  3.431780e-01  4.779893e-01  8.085512e-01
   outer loop
     vertex  8.070157e-02  4.138146e-02  5.460325e-01
     vertex  7.997540e-02  4.199222e-02  5.459797e-01
     vertex  8.033709e-02  4.137493e-02  5.461911e-01
   endloop
 endfacet
 facet normal  1.755889e-01  2.901726e-01  9.407276e-01
   outer loop
     vertex  8.070157e-02  4.138146e-02  5.460325e-01
     vertex  8.185782e-02  4.085314e-02  5.459797e-01
     vertex  7.997540e-02  4.199222e-02  5.459797e-01
   endloop
 endfacet
 facet normal  3.478694e-01  8.095709e-01  4.728445e-01
   outer loop
     vertex  8.165462e-02  4.081972e-02  5.460325e-01
     vertex  8.135868e-02  4.085427e-02  5.461911e-01
     vertex  8.246723e-02  4.000749e-02  5.468253e-01
   endloop
 endfacet
 facet normal  6.642457e-01  7.431647e-01  8.052269e-02
   outer loop
     vertex  8.165462e-02  4.081972e-02  5.460325e-01
     vertex  8.246723e-02  4.000749e-02  5.468253e-01
     vertex  8.227546e-02  4.024762e-02  5.461911e-01
   endloop
 endfacet
 facet normal  4.042755e-01  6.858886e-01  6.050769e-01
   outer loop
     vertex  8.165462e-02  4.081972e-02  5.460325e-01
     vertex  8.070157e-02  4.138146e-02  5.460325e-01
     vertex  8.135868e-02  4.085427e-02  5.461911e-01
   endloop
 endfacet
 facet normal  1.887784e-01  3.202789e-01  9.283233e-01
   outer loop
     vertex  8.165462e-02  4.081972e-02  5.460325e-01
     vertex  8.185782e-02  4.085314e-02  5.459797e-01
     vertex  8.070157e-02  4.138146e-02  5.460325e-01
   endloop
 endfacet
 facet normal  4.878020e-01  6.808055e-01  5.464001e-01
   outer loop
     vertex  8.209459e-02  4.050447e-02  5.460325e-01
     vertex  8.165462e-02  4.081972e-02  5.460325e-01
     vertex  8.227546e-02  4.024762e-02  5.461911e-01
   endloop
 endfacet
 facet normal  1.988318e-01  2.775015e-01  9.399249e-01
   outer loop
     vertex  8.209459e-02  4.050447e-02  5.460325e-01
     vertex  8.185782e-02  4.085314e-02  5.459797e-01
     vertex  8.165462e-02  4.081972e-02  5.460325e-01
   endloop
 endfacet
 facet normal  6.392414e-01  6.926816e-01  3.340099e-01
   outer loop
     vertex  8.243003e-02  4.023314e-02  5.460325e-01
     vertex  8.292835e-02  3.969682e-02  5.461911e-01
     vertex  8.306186e-02  3.967555e-02  5.459797e-01
   endloop
 endfacet
 facet normal  6.975623e-01  6.971055e-01  1.656829e-01
   outer loop
     vertex  8.243003e-02  4.023314e-02  5.460325e-01
     vertex  8.246723e-02  4.000749e-02  5.468253e-01
     vertex  8.292835e-02  3.969682e-02  5.461911e-01
   endloop
 endfacet
 facet normal  3.349099e-01  9.102771e-01  2.433741e-01
   outer loop
     vertex  8.243003e-02  4.023314e-02  5.460325e-01
     vertex  8.227546e-02  4.024762e-02  5.461911e-01
     vertex  8.246723e-02  4.000749e-02  5.468253e-01
   endloop
 endfacet
 facet normal  5.416483e-01  5.538146e-01  6.323816e-01
   outer loop
     vertex  8.243003e-02  4.023314e-02  5.460325e-01
     vertex  8.306186e-02  3.967555e-02  5.459797e-01
     vertex  8.185782e-02  4.085314e-02  5.459797e-01
   endloop
 endfacet
 facet normal  2.496809e-01  3.086798e-01  9.178106e-01
   outer loop
     vertex  8.243003e-02  4.023314e-02  5.460325e-01
     vertex  8.185782e-02  4.085314e-02  5.459797e-01
     vertex  8.209459e-02  4.050447e-02  5.460325e-01
   endloop
 endfacet
 facet normal  5.528802e-01  6.835244e-01  4.765687e-01
   outer loop
     vertex  8.243003e-02  4.023314e-02  5.460325e-01
     vertex  8.209459e-02  4.050447e-02  5.460325e-01
     vertex  8.227546e-02  4.024762e-02  5.461911e-01
   endloop
 endfacet
 facet normal  7.113766e-01  6.700320e-01  2.121332e-01
   outer loop
     vertex  8.331556e-02  3.933591e-02  5.460325e-01
     vertex  8.292835e-02  3.969682e-02  5.461911e-01
     vertex  8.350724e-02  3.908221e-02  5.461911e-01
   endloop
 endfacet
 facet normal  7.669669e-01  6.414041e-01  1.904098e-02
   outer loop
     vertex  8.354840e-02  3.903769e-02  5.460325e-01
     vertex  8.350724e-02  3.908221e-02  5.461911e-01
     vertex  8.370249e-02  3.882990e-02  5.468253e-01
   endloop
 endfacet
 facet normal  8.085241e-01  5.884559e-01 -2.913723e-03
   outer loop
     vertex  8.354840e-02  3.903769e-02  5.460325e-01
     vertex  8.370249e-02  3.882990e-02  5.468253e-01
     vertex  8.395500e-02  3.847983e-02  5.461911e-01
   endloop
 endfacet
 facet normal  8.351398e-01  4.833177e-01 -2.625748e-01
   outer loop
     vertex  8.414218e-02  3.807024e-02  5.460325e-01
     vertex  8.395500e-02  3.847983e-02  5.461911e-01
     vertex  8.433689e-02  3.781994e-02  5.461911e-01
   endloop
 endfacet
 facet normal  2.892565e-01  1.064911e-01 -9.513098e-01
   outer loop
     vertex  8.430237e-02  3.772810e-02  5.460325e-01
     vertex  8.441624e-02  3.694665e-02  5.459797e-01
     vertex  8.388115e-02  3.840009e-02  5.459797e-01
   endloop
 endfacet
 facet normal  9.639615e-01  7.717742e-02 -2.546014e-01
   outer loop
     vertex  8.430237e-02  3.772810e-02  5.460325e-01
     vertex  8.433689e-02  3.781994e-02  5.461911e-01
     vertex  8.452566e-02  3.755444e-02  5.468253e-01
   endloop
 endfacet
 facet normal  8.281071e-01  3.877038e-01 -4.048759e-01
   outer loop
     vertex  8.430237e-02  3.772810e-02  5.460325e-01
     vertex  8.414218e-02  3.807024e-02  5.460325e-01
     vertex  8.433689e-02  3.781994e-02  5.461911e-01
   endloop
 endfacet
 facet normal  4.348791e-01  2.036020e-01 -8.771695e-01
   outer loop
     vertex  8.430237e-02  3.772810e-02  5.460325e-01
     vertex  8.388115e-02  3.840009e-02  5.459797e-01
     vertex  8.414218e-02  3.807024e-02  5.460325e-01
   endloop
 endfacet
 facet normal  8.792685e-01  4.525809e-01 -1.485174e-01
   outer loop
     vertex  8.430237e-02  3.772810e-02  5.460325e-01
     vertex  8.452566e-02  3.755444e-02  5.468253e-01
     vertex  8.463679e-02  3.713043e-02  5.461911e-01
   endloop
 endfacet
 facet normal  8.074102e-01  2.488737e-01 -5.349306e-01
   outer loop
     vertex  8.456853e-02  3.701106e-02  5.460325e-01
     vertex  8.463679e-02  3.713043e-02  5.461911e-01
     vertex  8.486762e-02  3.638153e-02  5.461911e-01
   endloop
 endfacet
 facet normal  7.804456e-01  2.896992e-01 -5.540569e-01
   outer loop
     vertex  8.456853e-02  3.701106e-02  5.460325e-01
     vertex  8.430237e-02  3.772810e-02  5.460325e-01
     vertex  8.463679e-02  3.713043e-02  5.461911e-01
   endloop
 endfacet
 facet normal  2.856910e-01  1.060477e-01 -9.524361e-01
   outer loop
     vertex  8.456853e-02  3.701106e-02  5.460325e-01
     vertex  8.441624e-02  3.694665e-02  5.459797e-01
     vertex  8.430237e-02  3.772810e-02  5.460325e-01
   endloop
 endfacet
 facet normal  2.951226e-01  8.324807e-02 -9.518258e-01
   outer loop
     vertex  8.467660e-02  3.662795e-02  5.460325e-01
     vertex  8.441624e-02  3.694665e-02  5.459797e-01
     vertex  8.456853e-02  3.701106e-02  5.460325e-01
   endloop
 endfacet
 facet normal  7.745404e-01  2.184821e-01 -5.935931e-01
   outer loop
     vertex  8.467660e-02  3.662795e-02  5.460325e-01
     vertex  8.456853e-02  3.701106e-02  5.460325e-01
     vertex  8.486762e-02  3.638153e-02  5.461911e-01
   endloop
 endfacet
 facet normal  7.499440e-01  1.700187e-01 -6.392790e-01
   outer loop
     vertex  8.476412e-02  3.624189e-02  5.460325e-01
     vertex  8.467660e-02  3.662795e-02  5.460325e-01
     vertex  8.486762e-02  3.638153e-02  5.461911e-01
   endloop
 endfacet
 facet normal  2.153780e-01  3.312251e-02 -9.759689e-01
   outer loop
     vertex  8.476412e-02  3.624189e-02  5.460325e-01
     vertex  8.466713e-02  3.531523e-02  5.459797e-01
     vertex  8.441624e-02  3.694665e-02  5.459797e-01
   endloop
 endfacet
 facet normal  2.699902e-01  6.120907e-02 -9.609156e-01
   outer loop
     vertex  8.476412e-02  3.624189e-02  5.460325e-01
     vertex  8.441624e-02  3.694665e-02  5.459797e-01
     vertex  8.467660e-02  3.662795e-02  5.460325e-01
   endloop
 endfacet
 facet normal  7.231770e-01  6.885703e-02 -6.872217e-01
   outer loop
     vertex  8.488496e-02  3.543702e-02  5.460325e-01
     vertex  8.501965e-02  3.560489e-02  5.461911e-01
     vertex  8.509943e-02  3.476698e-02  5.461911e-01
   endloop
 endfacet
 facet normal  7.002314e-01  1.051307e-01 -7.061328e-01
   outer loop
     vertex  8.488496e-02  3.543702e-02  5.460325e-01
     vertex  8.476412e-02  3.624189e-02  5.460325e-01
     vertex  8.501965e-02  3.560489e-02  5.461911e-01
   endloop
 endfacet
 facet normal  2.183202e-01  3.277794e-02 -9.753266e-01
   outer loop
     vertex  8.488496e-02  3.543702e-02  5.460325e-01
     vertex  8.466713e-02  3.531523e-02  5.459797e-01
     vertex  8.476412e-02  3.624189e-02  5.460325e-01
   endloop
 endfacet
 facet normal  6.620985e-01  3.190775e-03 -7.494101e-01
   outer loop
     vertex  8.491880e-02  3.500904e-02  5.460325e-01
     vertex  8.509943e-02  3.476698e-02  5.461911e-01
     vertex  8.510360e-02  3.390321e-02  5.461911e-01
   endloop
 endfacet
 facet normal  4.419124e-02 -1.345535e-01 -9.899205e-01
   outer loop
     vertex  8.491880e-02  3.500904e-02  5.460325e-01
     vertex  8.510360e-02  3.390321e-02  5.461911e-01
     vertex  8.466713e-02  3.531523e-02  5.459797e-01
   endloop
 endfacet
 facet normal  6.995177e-01  5.530887e-02 -7.124717e-01
   outer loop
     vertex  8.491880e-02  3.500904e-02  5.460325e-01
     vertex  8.488496e-02  3.543702e-02  5.460325e-01
     vertex  8.509943e-02  3.476698e-02  5.461911e-01
   endloop
 endfacet
 facet normal  2.262953e-01  1.789252e-02 -9.738944e-01
   outer loop
     vertex  8.491880e-02  3.500904e-02  5.460325e-01
     vertex  8.466713e-02  3.531523e-02  5.459797e-01
     vertex  8.488496e-02  3.543702e-02  5.460325e-01
   endloop
 endfacet
 facet normal  2.753033e-01 -7.299658e-02 -9.585821e-01
   outer loop
     vertex  8.259167e-02  2.595293e-02  5.460325e-01
     vertex  8.247026e-02  2.618912e-02  5.459797e-01
     vertex  8.372299e-02  2.813749e-02  5.461911e-01
   endloop
 endfacet
 facet normal  6.805499e-01 -3.040524e-01 -6.666363e-01
   outer loop
     vertex  8.259167e-02  2.595293e-02  5.460325e-01
     vertex  8.372299e-02  2.813749e-02  5.461911e-01
     vertex  8.264972e-02  2.573523e-02  5.461911e-01
   endloop
 endfacet
 facet normal  6.553599e-01 -3.226426e-01 -6.829386e-01
   outer loop
     vertex  8.259167e-02  2.595293e-02  5.460325e-01
     vertex  8.264972e-02  2.573523e-02  5.461911e-01
     vertex  8.202380e-02  2.479947e-02  5.460325e-01
   endloop
 endfacet
 facet normal  2.158377e-01 -1.062598e-01 -9.706302e-01
   outer loop
     vertex  8.259167e-02  2.595293e-02  5.460325e-01
     vertex  8.202380e-02  2.479947e-02  5.460325e-01
     vertex  8.247026e-02  2.618912e-02  5.459797e-01
   endloop
 endfacet
 facet normal  7.716705e-01 -5.222087e-01 -3.630740e-01
   outer loop
     vertex  7.863292e-02  1.918338e-02  5.460325e-01
     vertex  7.988671e-02  2.103611e-02  5.460325e-01
     vertex  7.887973e-02  1.943785e-02  5.461911e-01
   endloop
 endfacet
 facet normal  7.802081e-01 -6.249833e-01 -2.590817e-02
   outer loop
     vertex  7.779824e-02  1.809432e-02  5.460325e-01
     vertex  7.887973e-02  1.943785e-02  5.461911e-01
     vertex  7.925742e-02  1.988305e-02  5.468253e-01
   endloop
 endfacet
 facet normal  7.707504e-01 -6.368736e-01  1.832685e-02
   outer loop
     vertex  7.779824e-02  1.809432e-02  5.460325e-01
     vertex  7.925742e-02  1.988305e-02  5.468253e-01
     vertex  7.719022e-02  1.736305e-02  5.461911e-01
   endloop
 endfacet
 facet normal  7.135214e-01 -6.932973e-01  1.011241e-01
   outer loop
     vertex  7.657267e-02  1.670437e-02  5.460325e-01
     vertex  7.719022e-02  1.736305e-02  5.461911e-01
     vertex  7.584614e-02  1.607229e-02  5.468253e-01
   endloop
 endfacet
 facet normal  6.836622e-01 -7.283597e-01  4.580576e-02
   outer loop
     vertex  7.657267e-02  1.670437e-02  5.460325e-01
     vertex  7.584614e-02  1.607229e-02  5.468253e-01
     vertex  7.594986e-02  1.612975e-02  5.461911e-01
   endloop
 endfacet
 facet normal  5.856742e-01 -8.003463e-01  1.281855e-01
   outer loop
     vertex  7.550030e-02  1.569223e-02  5.460325e-01
     vertex  7.584614e-02  1.607229e-02  5.468253e-01
     vertex  7.501959e-02  1.536585e-02  5.461911e-01
   endloop
 endfacet
 facet normal  6.881288e-01 -7.240696e-01  4.692486e-02
   outer loop
     vertex  7.550030e-02  1.569223e-02  5.460325e-01
     vertex  7.594986e-02  1.612975e-02  5.461911e-01
     vertex  7.584614e-02  1.607229e-02  5.468253e-01
   endloop
 endfacet
 facet normal  5.071262e-01 -7.462614e-01  4.311808e-01
   outer loop
     vertex  7.458113e-02  1.497628e-02  5.460325e-01
     vertex  7.501959e-02  1.536585e-02  5.461911e-01
     vertex  7.417483e-02  1.479179e-02  5.461911e-01
   endloop
 endfacet
 facet normal  5.054693e-01 -7.564362e-01  4.150965e-01
   outer loop
     vertex  7.416379e-02  1.469740e-02  5.460325e-01
     vertex  7.458113e-02  1.497628e-02  5.460325e-01
     vertex  7.417483e-02  1.479179e-02  5.461911e-01
   endloop
 endfacet
 facet normal  2.609421e-01 -3.905005e-01  8.828469e-01
   outer loop
     vertex  7.416379e-02  1.469740e-02  5.460325e-01
     vertex  7.413326e-02  1.455751e-02  5.459797e-01
     vertex  7.458113e-02  1.497628e-02  5.460325e-01
   endloop
 endfacet
 facet normal  4.679543e-01 -7.733274e-01  4.277657e-01
   outer loop
     vertex  7.381910e-02  1.448882e-02  5.460325e-01
     vertex  7.416379e-02  1.469740e-02  5.460325e-01
     vertex  7.417483e-02  1.479179e-02  5.461911e-01
   endloop
 endfacet
 facet normal  2.347687e-01 -3.879718e-01  8.912696e-01
   outer loop
     vertex  7.381910e-02  1.448882e-02  5.460325e-01
     vertex  7.413326e-02  1.455751e-02  5.459797e-01
     vertex  7.416379e-02  1.469740e-02  5.460325e-01
   endloop
 endfacet
 facet normal  4.208940e-01 -7.563129e-01  5.008383e-01
   outer loop
     vertex  7.381910e-02  1.448882e-02  5.460325e-01
     vertex  7.417483e-02  1.479179e-02  5.461911e-01
     vertex  7.347713e-02  1.440352e-02  5.461911e-01
   endloop
 endfacet
 facet normal  2.423811e-01 -4.453759e-01  8.619117e-01
   outer loop
     vertex  7.381910e-02  1.448882e-02  5.460325e-01
     vertex  7.277780e-02  1.381985e-02  5.459797e-01
     vertex  7.413326e-02  1.455751e-02  5.459797e-01
   endloop
 endfacet
 facet normal  4.095365e-01 -7.883544e-01  4.591048e-01
   outer loop
     vertex  7.312971e-02  1.413070e-02  5.460325e-01
     vertex  7.381910e-02  1.448882e-02  5.460325e-01
     vertex  7.347713e-02  1.440352e-02  5.461911e-01
   endloop
 endfacet
 facet normal  1.944301e-01 -3.742763e-01  9.067051e-01
   outer loop
     vertex  7.312971e-02  1.413070e-02  5.460325e-01
     vertex  7.277780e-02  1.381985e-02  5.459797e-01
     vertex  7.381910e-02  1.448882e-02  5.460325e-01
   endloop
 endfacet
 facet normal  3.185500e-01 -7.457416e-01  5.851456e-01
   outer loop
     vertex  7.312971e-02  1.413070e-02  5.460325e-01
     vertex  7.347713e-02  1.440352e-02  5.461911e-01
     vertex  7.255339e-02  1.400893e-02  5.461911e-01
   endloop
 endfacet
 facet normal  1.309768e-01 -3.084715e-01  9.421732e-01
   outer loop
     vertex  7.267335e-02  1.393693e-02  5.460325e-01
     vertex  7.277780e-02  1.381985e-02  5.459797e-01
     vertex  7.312971e-02  1.413070e-02  5.460325e-01
   endloop
 endfacet
 facet normal  3.181214e-01 -7.492272e-01  5.809108e-01
   outer loop
     vertex  7.267335e-02  1.393693e-02  5.460325e-01
     vertex  7.312971e-02  1.413070e-02  5.460325e-01
     vertex  7.255339e-02  1.400893e-02  5.461911e-01
   endloop
 endfacet
 facet normal  2.768808e-01 -7.786470e-01  5.630683e-01
   outer loop
     vertex  7.229643e-02  1.380290e-02  5.460325e-01
     vertex  7.267335e-02  1.393693e-02  5.460325e-01
     vertex  7.255339e-02  1.400893e-02  5.461911e-01
   endloop
 endfacet
 facet normal  5.168814e-01 -8.237960e-01  2.327957e-01
   outer loop
     vertex  7.229643e-02  1.380290e-02  5.460325e-01
     vertex  7.255339e-02  1.400893e-02  5.461911e-01
     vertex  7.227540e-02  1.401374e-02  5.468253e-01
   endloop
 endfacet
 facet normal  1.135287e-01 -9.594089e-01  2.581584e-01
   outer loop
     vertex  7.229643e-02  1.380290e-02  5.460325e-01
     vertex  7.227540e-02  1.401374e-02  5.468253e-01
     vertex  7.179045e-02  1.378569e-02  5.461911e-01
   endloop
 endfacet
 facet normal  1.145231e-01 -3.220630e-01  9.397659e-01
   outer loop
     vertex  7.229643e-02  1.380290e-02  5.460325e-01
     vertex  7.277780e-02  1.381985e-02  5.459797e-01
     vertex  7.267335e-02  1.393693e-02  5.460325e-01
   endloop
 endfacet
 facet normal  1.141134e-01 -3.848162e-01  9.159119e-01
   outer loop
     vertex  7.229643e-02  1.380290e-02  5.460325e-01
     vertex  7.129560e-02  1.338032e-02  5.459797e-01
     vertex  7.277780e-02  1.381985e-02  5.459797e-01
   endloop
 endfacet
 facet normal  2.072382e-01 -7.911366e-01  5.754609e-01
   outer loop
     vertex  7.154260e-02  1.360543e-02  5.460325e-01
     vertex  7.229643e-02  1.380290e-02  5.460325e-01
     vertex  7.179045e-02  1.378569e-02  5.461911e-01
   endloop
 endfacet
 facet normal  8.169735e-02 -3.118814e-01  9.466021e-01
   outer loop
     vertex  7.154260e-02  1.360543e-02  5.460325e-01
     vertex  7.129560e-02  1.338032e-02  5.459797e-01
     vertex  7.229643e-02  1.380290e-02  5.460325e-01
   endloop
 endfacet
 facet normal  1.274224e-01 -7.480717e-01  6.512697e-01
   outer loop
     vertex  7.154260e-02  1.360543e-02  5.460325e-01
     vertex  7.179045e-02  1.378569e-02  5.461911e-01
     vertex  7.102067e-02  1.365457e-02  5.461911e-01
   endloop
 endfacet
 facet normal  4.642901e-02 -2.763177e-01  9.599442e-01
   outer loop
     vertex  7.116229e-02  1.354153e-02  5.460325e-01
     vertex  7.129560e-02  1.338032e-02  5.459797e-01
     vertex  7.154260e-02  1.360543e-02  5.460325e-01
   endloop
 endfacet
 facet normal  1.261900e-01 -7.510077e-01  6.481231e-01
   outer loop
     vertex  7.116229e-02  1.354153e-02  5.460325e-01
     vertex  7.154260e-02  1.360543e-02  5.460325e-01
     vertex  7.102067e-02  1.365457e-02  5.461911e-01
   endloop
 endfacet
 facet normal  8.338362e-02 -7.747145e-01  6.267891e-01
   outer loop
     vertex  7.081329e-02  1.350397e-02  5.460325e-01
     vertex  7.116229e-02  1.354153e-02  5.460325e-01
     vertex  7.102067e-02  1.365457e-02  5.461911e-01
   endloop
 endfacet
 facet normal  4.008684e-01 -8.661677e-01  2.984260e-01
   outer loop
     vertex  7.081329e-02  1.350397e-02  5.460325e-01
     vertex  7.102067e-02  1.365457e-02  5.461911e-01
     vertex  7.072114e-02  1.373446e-02  5.468253e-01
   endloop
 endfacet
 facet normal  3.101185e-02 -2.881301e-01  9.570890e-01
   outer loop
     vertex  7.081329e-02  1.350397e-02  5.460325e-01
     vertex  7.129560e-02  1.338032e-02  5.459797e-01
     vertex  7.116229e-02  1.354153e-02  5.460325e-01
   endloop
 endfacet
 facet normal -1.339495e-01 -9.556517e-01  2.622735e-01
   outer loop
     vertex  7.081329e-02  1.350397e-02  5.460325e-01
     vertex  7.072114e-02  1.373446e-02  5.468253e-01
     vertex  7.031424e-02  1.361743e-02  5.461911e-01
   endloop
 endfacet
 facet normal  1.607784e-02 -3.393067e-01  9.405384e-01
   outer loop
     vertex  7.081329e-02  1.350397e-02  5.460325e-01
     vertex  6.992319e-02  1.331529e-02  5.459797e-01
     vertex  7.129560e-02  1.338032e-02  5.459797e-01
   endloop
 endfacet
 facet normal  1.648600e-02 -7.878344e-01  6.156664e-01
   outer loop
     vertex  7.011530e-02  1.348936e-02  5.460325e-01
     vertex  7.081329e-02  1.350397e-02  5.460325e-01
     vertex  7.031424e-02  1.361743e-02  5.461911e-01
   endloop
 endfacet
 facet normal  6.210486e-03 -2.967872e-01  9.549235e-01
   outer loop
     vertex  7.011530e-02  1.348936e-02  5.460325e-01
     vertex  6.992319e-02  1.331529e-02  5.459797e-01
     vertex  7.081329e-02  1.350397e-02  5.460325e-01
   endloop
 endfacet
 facet normal -4.539240e-02 -7.485224e-01  6.615541e-01
   outer loop
     vertex  7.011530e-02  1.348936e-02  5.460325e-01
     vertex  7.031424e-02  1.361743e-02  5.461911e-01
     vertex  6.960148e-02  1.366066e-02  5.461911e-01
   endloop
 endfacet
 facet normal -1.797975e-02 -2.722576e-01  9.620564e-01
   outer loop
     vertex  6.976316e-02  1.351262e-02  5.460325e-01
     vertex  6.992319e-02  1.331529e-02  5.459797e-01
     vertex  7.011530e-02  1.348936e-02  5.460325e-01
   endloop
 endfacet
 facet normal -4.985169e-02 -7.548772e-01  6.539688e-01
   outer loop
     vertex  6.976316e-02  1.351262e-02  5.460325e-01
     vertex  7.011530e-02  1.348936e-02  5.460325e-01
     vertex  6.960148e-02  1.366066e-02  5.461911e-01
   endloop
 endfacet
 facet normal -9.377195e-02 -7.736157e-01  6.266782e-01
   outer loop
     vertex  6.944906e-02  1.355069e-02  5.460325e-01
     vertex  6.976316e-02  1.351262e-02  5.460325e-01
     vertex  6.960148e-02  1.366066e-02  5.461911e-01
   endloop
 endfacet
 facet normal -3.449378e-02 -2.845726e-01  9.580337e-01
   outer loop
     vertex  6.944906e-02  1.355069e-02  5.460325e-01
     vertex  6.992319e-02  1.331529e-02  5.459797e-01
     vertex  6.976316e-02  1.351262e-02  5.460325e-01
   endloop
 endfacet
 facet normal -1.268105e-01 -7.538312e-01  6.447152e-01
   outer loop
     vertex  6.944906e-02  1.355069e-02  5.460325e-01
     vertex  6.960148e-02  1.366066e-02  5.461911e-01
     vertex  6.896570e-02  1.376761e-02  5.461911e-01
   endloop
 endfacet
 facet normal -5.979527e-02 -3.318093e-01  9.414495e-01
   outer loop
     vertex  6.944906e-02  1.355069e-02  5.460325e-01
     vertex  6.868803e-02  1.353788e-02  5.459797e-01
     vertex  6.992319e-02  1.331529e-02  5.459797e-01
   endloop
 endfacet
 facet normal -1.566253e-01 -7.860831e-01  5.979480e-01
   outer loop
     vertex  6.882087e-02  1.367586e-02  5.460325e-01
     vertex  6.944906e-02  1.355069e-02  5.460325e-01
     vertex  6.896570e-02  1.376761e-02  5.461911e-01
   endloop
 endfacet
 facet normal -6.085259e-02 -3.054118e-01  9.502740e-01
   outer loop
     vertex  6.882087e-02  1.367586e-02  5.460325e-01
     vertex  6.868803e-02  1.353788e-02  5.459797e-01
     vertex  6.944906e-02  1.355069e-02  5.460325e-01
   endloop
 endfacet
 facet normal -2.104548e-01 -7.504651e-01  6.265069e-01
   outer loop
     vertex  6.846873e-02  1.377461e-02  5.460325e-01
     vertex  6.882087e-02  1.367586e-02  5.460325e-01
     vertex  6.896570e-02  1.376761e-02  5.461911e-01
   endloop
 endfacet
 facet normal -8.071485e-02 -2.878227e-01  9.542763e-01
   outer loop
     vertex  6.846873e-02  1.377461e-02  5.460325e-01
     vertex  6.868803e-02  1.353788e-02  5.459797e-01
     vertex  6.882087e-02  1.367586e-02  5.460325e-01
   endloop
 endfacet
 facet normal -2.085469e-01 -7.561521e-01  6.202759e-01
   outer loop
     vertex  6.846873e-02  1.377461e-02  5.460325e-01
     vertex  6.896570e-02  1.376761e-02  5.461911e-01
     vertex  6.825293e-02  1.396419e-02  5.461911e-01
   endloop
 endfacet
 facet normal -2.836158e-01 -7.842981e-01  5.517595e-01
   outer loop
     vertex  6.784054e-02  1.400177e-02  5.460325e-01
     vertex  6.846873e-02  1.377461e-02  5.460325e-01
     vertex  6.825293e-02  1.396419e-02  5.461911e-01
   endloop
 endfacet
 facet normal -1.489475e-01 -3.762960e-01  9.144484e-01
   outer loop
     vertex  6.784054e-02  1.400177e-02  5.460325e-01
     vertex  6.745286e-02  1.402679e-02  5.459797e-01
     vertex  6.868803e-02  1.353788e-02  5.459797e-01
   endloop
 endfacet
 facet normal -1.143355e-01 -3.161781e-01  9.417849e-01
   outer loop
     vertex  6.784054e-02  1.400177e-02  5.460325e-01
     vertex  6.868803e-02  1.353788e-02  5.459797e-01
     vertex  6.846873e-02  1.377461e-02  5.460325e-01
   endloop
 endfacet
 facet normal -2.919214e-01 -7.614437e-01  5.787791e-01
   outer loop
     vertex  6.784054e-02  1.400177e-02  5.460325e-01
     vertex  6.825293e-02  1.396419e-02  5.461911e-01
     vertex  6.761715e-02  1.420793e-02  5.461911e-01
   endloop
 endfacet
 facet normal -1.485057e-01 -3.377798e-01  9.294358e-01
   outer loop
     vertex  6.752644e-02  1.413987e-02  5.460325e-01
     vertex  6.745286e-02  1.402679e-02  5.459797e-01
     vertex  6.784054e-02  1.400177e-02  5.460325e-01
   endloop
 endfacet
 facet normal -3.415637e-01 -7.768949e-01  5.289315e-01
   outer loop
     vertex  6.752644e-02  1.413987e-02  5.460325e-01
     vertex  6.784054e-02  1.400177e-02  5.460325e-01
     vertex  6.761715e-02  1.420793e-02  5.461911e-01
   endloop
 endfacet
 facet normal -3.738012e-01 -7.554202e-01  5.381569e-01
   outer loop
     vertex  6.717431e-02  1.431411e-02  5.460325e-01
     vertex  6.752644e-02  1.413987e-02  5.460325e-01
     vertex  6.761715e-02  1.420793e-02  5.461911e-01
   endloop
 endfacet
 facet normal -1.627439e-01 -3.288914e-01  9.302392e-01
   outer loop
     vertex  6.717431e-02  1.431411e-02  5.460325e-01
     vertex  6.745286e-02  1.402679e-02  5.459797e-01
     vertex  6.752644e-02  1.413987e-02  5.460325e-01
   endloop
 endfacet
 facet normal -3.729159e-01 -7.595685e-01  5.329065e-01
   outer loop
     vertex  6.717431e-02  1.431411e-02  5.460325e-01
     vertex  6.761715e-02  1.420793e-02  5.461911e-01
     vertex  6.690439e-02  1.455787e-02  5.461911e-01
   endloop
 endfacet
 facet normal -2.854723e-01 -4.668847e-01  8.369733e-01
   outer loop
     vertex  6.654611e-02  1.467596e-02  5.460325e-01
     vertex  6.621770e-02  1.478202e-02  5.459797e-01
     vertex  6.745286e-02  1.402679e-02  5.459797e-01
   endloop
 endfacet
 facet normal -2.162592e-01 -3.754432e-01  9.012626e-01
   outer loop
     vertex  6.654611e-02  1.467596e-02  5.460325e-01
     vertex  6.745286e-02  1.402679e-02  5.459797e-01
     vertex  6.717431e-02  1.431411e-02  5.460325e-01
   endloop
 endfacet
 facet normal -4.495392e-01 -7.804360e-01  4.345505e-01
   outer loop
     vertex  6.654611e-02  1.467596e-02  5.460325e-01
     vertex  6.717431e-02  1.431411e-02  5.460325e-01
     vertex  6.690439e-02  1.455787e-02  5.461911e-01
   endloop
 endfacet
 facet normal -4.553812e-01 -7.608246e-01  4.623570e-01
   outer loop
     vertex  6.654611e-02  1.467596e-02  5.460325e-01
     vertex  6.690439e-02  1.455787e-02  5.461911e-01
     vertex  6.626861e-02  1.493841e-02  5.461911e-01
   endloop
 endfacet
 facet normal -2.748986e-01 -4.203050e-01  8.647396e-01
   outer loop
     vertex  6.623201e-02  1.488139e-02  5.460325e-01
     vertex  6.621770e-02  1.478202e-02  5.459797e-01
     vertex  6.654611e-02  1.467596e-02  5.460325e-01
   endloop
 endfacet
 facet normal -5.033437e-01 -7.695852e-01  3.929170e-01
   outer loop
     vertex  6.623201e-02  1.488139e-02  5.460325e-01
     vertex  6.654611e-02  1.467596e-02  5.460325e-01
     vertex  6.626861e-02  1.493841e-02  5.461911e-01
   endloop
 endfacet
 facet normal -5.320563e-01 -7.502007e-01  3.925747e-01
   outer loop
     vertex  6.587988e-02  1.513113e-02  5.460325e-01
     vertex  6.623201e-02  1.488139e-02  5.460325e-01
     vertex  6.626861e-02  1.493841e-02  5.461911e-01
   endloop
 endfacet
 facet normal -2.945472e-01 -4.153123e-01  8.606728e-01
   outer loop
     vertex  6.587988e-02  1.513113e-02  5.460325e-01
     vertex  6.621770e-02  1.478202e-02  5.459797e-01
     vertex  6.623201e-02  1.488139e-02  5.460325e-01
   endloop
 endfacet
 facet normal -5.315708e-01 -7.528105e-01  3.882124e-01
   outer loop
     vertex  6.587988e-02  1.513113e-02  5.460325e-01
     vertex  6.626861e-02  1.493841e-02  5.461911e-01
     vertex  6.555585e-02  1.544170e-02  5.461911e-01
   endloop
 endfacet
 facet normal -5.967699e-01 -7.969696e-01  9.330089e-02
   outer loop
     vertex  6.504228e-02  1.580770e-02  5.460325e-01
     vertex  6.555585e-02  1.544170e-02  5.461911e-01
     vertex  6.496462e-02  1.595866e-02  5.468253e-01
   endloop
 endfacet
 facet normal -6.932979e-01 -7.173703e-01  6.868757e-02
   outer loop
     vertex  6.504228e-02  1.580770e-02  5.460325e-01
     vertex  6.496462e-02  1.595866e-02  5.468253e-01
     vertex  6.470814e-02  1.614581e-02  5.461911e-01
   endloop
 endfacet
 facet normal -6.899365e-01 -7.083258e-01  1.492053e-01
   outer loop
     vertex  6.415397e-02  1.665219e-02  5.460325e-01
     vertex  6.470814e-02  1.614581e-02  5.461911e-01
     vertex  6.375779e-02  1.707149e-02  5.461911e-01
   endloop
 endfacet
 facet normal -7.565526e-01 -6.522232e-01 -4.725546e-02
   outer loop
     vertex  6.289758e-02  1.806976e-02  5.460325e-01
     vertex  6.304578e-02  1.784041e-02  5.468253e-01
     vertex  6.248623e-02  1.853542e-02  5.461911e-01
   endloop
 endfacet
 facet normal -8.045803e-01 -5.768839e-01 -1.409095e-01
   outer loop
     vertex  6.156511e-02  1.985883e-02  5.460325e-01
     vertex  6.226938e-02  1.887659e-02  5.460325e-01
     vertex  6.248623e-02  1.853542e-02  5.461911e-01
   endloop
 endfacet
 facet normal -7.844901e-01 -5.741096e-01 -2.344643e-01
   outer loop
     vertex  6.156511e-02  1.985883e-02  5.460325e-01
     vertex  6.248623e-02  1.853542e-02  5.461911e-01
     vertex  6.106070e-02  2.048333e-02  5.461911e-01
   endloop
 endfacet
 facet normal -3.927136e-01 -2.572196e-01 -8.829576e-01
   outer loop
     vertex  6.156511e-02  1.985883e-02  5.460325e-01
     vertex  6.067468e-02  2.121831e-02  5.460325e-01
     vertex  6.210048e-02  1.922288e-02  5.459797e-01
   endloop
 endfacet
 facet normal -7.472580e-01 -4.894392e-01 -4.495050e-01
   outer loop
     vertex  6.156511e-02  1.985883e-02  5.460325e-01
     vertex  6.106070e-02  2.048333e-02  5.461911e-01
     vertex  6.067468e-02  2.121831e-02  5.460325e-01
   endloop
 endfacet
 facet normal -7.033514e-01 -3.447199e-01 -6.216631e-01
   outer loop
     vertex  5.788183e-02  2.638750e-02  5.460325e-01
     vertex  5.881478e-02  2.448396e-02  5.460325e-01
     vertex  5.735571e-02  2.717505e-02  5.461911e-01
   endloop
 endfacet
 facet normal -2.442307e-01 -1.197001e-01 -9.623010e-01
   outer loop
     vertex  5.788183e-02  2.638750e-02  5.460325e-01
     vertex  5.849209e-02  2.556726e-02  5.459797e-01
     vertex  5.881478e-02  2.448396e-02  5.460325e-01
   endloop
 endfacet
 facet normal -4.944366e-01 -9.573413e-02 -8.639256e-01
   outer loop
     vertex  5.666985e-02  2.942661e-02  5.460325e-01
     vertex  5.626348e-02  3.009451e-02  5.461911e-01
     vertex  5.633846e-02  3.161511e-02  5.459797e-01
   endloop
 endfacet
 facet normal -1.170787e-01 -4.169159e-02 -9.922471e-01
   outer loop
     vertex  5.666985e-02  2.942661e-02  5.460325e-01
     vertex  5.633846e-02  3.161511e-02  5.459797e-01
     vertex  5.849209e-02  2.556726e-02  5.459797e-01
   endloop
 endfacet
 facet normal -5.824490e-01 -2.322784e-01 -7.789736e-01
   outer loop
     vertex  5.666985e-02  2.942661e-02  5.460325e-01
     vertex  5.788183e-02  2.638750e-02  5.460325e-01
     vertex  5.735571e-02  2.717505e-02  5.461911e-01
   endloop
 endfacet
 facet normal -1.830036e-01 -7.298113e-02 -9.803996e-01
   outer loop
     vertex  5.666985e-02  2.942661e-02  5.460325e-01
     vertex  5.849209e-02  2.556726e-02  5.459797e-01
     vertex  5.788183e-02  2.638750e-02  5.460325e-01
   endloop
 endfacet
 facet normal -3.509305e-01 -1.091227e-01 -9.300215e-01
   outer loop
     vertex  5.576841e-02  3.518196e-02  5.460325e-01
     vertex  5.599129e-02  3.491563e-02  5.459797e-01
     vertex  5.556686e-02  3.447876e-02  5.461911e-01
   endloop
 endfacet
 facet normal -1.967759e-01  2.716628e-02 -9.800721e-01
   outer loop
     vertex  5.590972e-02  3.623156e-02  5.460325e-01
     vertex  5.628512e-02  3.704395e-02  5.459797e-01
     vertex  5.599129e-02  3.491563e-02  5.459797e-01
   endloop
 endfacet
 facet normal -2.000631e-01  2.693604e-02 -9.794127e-01
   outer loop
     vertex  5.590972e-02  3.623156e-02  5.460325e-01
     vertex  5.599129e-02  3.491563e-02  5.459797e-01
     vertex  5.576841e-02  3.518196e-02  5.460325e-01
   endloop
 endfacet
 facet normal -6.804991e-01  9.162086e-02 -7.269983e-01
   outer loop
     vertex  5.590972e-02  3.623156e-02  5.460325e-01
     vertex  5.576841e-02  3.518196e-02  5.460325e-01
     vertex  5.563944e-02  3.548225e-02  5.461911e-01
   endloop
 endfacet
 facet normal -2.727613e-01  6.358559e-02 -9.599782e-01
   outer loop
     vertex  5.602568e-02  3.672898e-02  5.460325e-01
     vertex  5.628512e-02  3.704395e-02  5.459797e-01
     vertex  5.590972e-02  3.623156e-02  5.460325e-01
   endloop
 endfacet
 facet normal -7.523404e-01  1.753841e-01 -6.349994e-01
   outer loop
     vertex  5.602568e-02  3.672898e-02  5.460325e-01
     vertex  5.590972e-02  3.623156e-02  5.460325e-01
     vertex  5.583537e-02  3.648670e-02  5.461911e-01
   endloop
 endfacet
 facet normal -8.200504e-01  2.711724e-01 -5.039671e-01
   outer loop
     vertex  5.615035e-02  3.714454e-02  5.460325e-01
     vertex  5.583537e-02  3.648670e-02  5.461911e-01
     vertex  5.610348e-02  3.729747e-02  5.461911e-01
   endloop
 endfacet
 facet normal -3.038679e-01  9.116026e-02 -9.483428e-01
   outer loop
     vertex  5.615035e-02  3.714454e-02  5.460325e-01
     vertex  5.628512e-02  3.704395e-02  5.459797e-01
     vertex  5.602568e-02  3.672898e-02  5.460325e-01
   endloop
 endfacet
 facet normal -7.807925e-01  2.342375e-01 -5.792200e-01
   outer loop
     vertex  5.615035e-02  3.714454e-02  5.460325e-01
     vertex  5.602568e-02  3.672898e-02  5.460325e-01
     vertex  5.583537e-02  3.648670e-02  5.461911e-01
   endloop
 endfacet
 facet normal -7.852617e-01  3.131270e-01 -5.341494e-01
   outer loop
     vertex  5.645426e-02  3.790670e-02  5.460325e-01
     vertex  5.615035e-02  3.714454e-02  5.460325e-01
     vertex  5.610348e-02  3.729747e-02  5.461911e-01
   endloop
 endfacet
 facet normal -2.873901e-01  1.145982e-01 -9.509333e-01
   outer loop
     vertex  5.645426e-02  3.790670e-02  5.460325e-01
     vertex  5.628512e-02  3.704395e-02  5.459797e-01
     vertex  5.615035e-02  3.714454e-02  5.460325e-01
   endloop
 endfacet
 facet normal -8.734942e-01  4.685625e-01 -1.321253e-01
   outer loop
     vertex  5.645426e-02  3.790670e-02  5.460325e-01
     vertex  5.610348e-02  3.729747e-02  5.461911e-01
     vertex  5.626818e-02  3.778336e-02  5.468253e-01
   endloop
 endfacet
 facet normal -9.593336e-01  2.058495e-01 -1.931452e-01
   outer loop
     vertex  5.645426e-02  3.790670e-02  5.460325e-01
     vertex  5.626818e-02  3.778336e-02  5.468253e-01
     vertex  5.644827e-02  3.802755e-02  5.461911e-01
   endloop
 endfacet
 facet normal -2.949978e-01  1.159369e-01 -9.484381e-01
   outer loop
     vertex  5.645426e-02  3.790670e-02  5.460325e-01
     vertex  5.689285e-02  3.859030e-02  5.459797e-01
     vertex  5.628512e-02  3.704395e-02  5.459797e-01
   endloop
 endfacet
 facet normal -8.343994e-01  4.226906e-01 -3.537094e-01
   outer loop
     vertex  5.663768e-02  3.826876e-02  5.460325e-01
     vertex  5.645426e-02  3.790670e-02  5.460325e-01
     vertex  5.644827e-02  3.802755e-02  5.461911e-01
   endloop
 endfacet
 facet normal -7.013239e-01  7.102444e-01  6.080836e-02
   outer loop
     vertex  5.726610e-02  3.921927e-02  5.460325e-01
     vertex  5.715772e-02  3.904438e-02  5.468253e-01
     vertex  5.733020e-02  3.926900e-02  5.461911e-01
   endloop
 endfacet
 facet normal -7.935472e-01  6.079684e-01  2.563958e-02
   outer loop
     vertex  5.726610e-02  3.921927e-02  5.460325e-01
     vertex  5.685969e-02  3.868212e-02  5.461911e-01
     vertex  5.715772e-02  3.904438e-02  5.468253e-01
   endloop
 endfacet
 facet normal -6.800005e-01  6.819034e-01  2.694569e-01
   outer loop
     vertex  5.750925e-02  3.951020e-02  5.460325e-01
     vertex  5.733020e-02  3.926900e-02  5.461911e-01
     vertex  5.789561e-02  3.983283e-02  5.461911e-01
   endloop
 endfacet
 facet normal -5.898058e-01  6.875324e-01  4.235899e-01
   outer loop
     vertex  5.835824e-02  4.032739e-02  5.460325e-01
     vertex  5.774970e-02  3.983790e-02  5.459797e-01
     vertex  5.789561e-02  3.983283e-02  5.461911e-01
   endloop
 endfacet
 facet normal -5.397835e-01  6.688227e-01  5.111849e-01
   outer loop
     vertex  5.835824e-02  4.032739e-02  5.460325e-01
     vertex  5.789561e-02  3.983283e-02  5.461911e-01
     vertex  5.851447e-02  4.033229e-02  5.461911e-01
   endloop
 endfacet
 facet normal -4.531552e-01  4.824417e-01  7.496002e-01
   outer loop
     vertex  5.835824e-02  4.032739e-02  5.460325e-01
     vertex  5.888937e-02  4.090839e-02  5.459797e-01
     vertex  5.774970e-02  3.983790e-02  5.459797e-01
   endloop
 endfacet
 facet normal -5.323826e-01  6.804579e-01  5.035334e-01
   outer loop
     vertex  5.867400e-02  4.057443e-02  5.460325e-01
     vertex  5.835824e-02  4.032739e-02  5.460325e-01
     vertex  5.851447e-02  4.033229e-02  5.461911e-01
   endloop
 endfacet
 facet normal -2.315980e-01  2.960140e-01  9.266812e-01
   outer loop
     vertex  5.867400e-02  4.057443e-02  5.460325e-01
     vertex  5.888937e-02  4.090839e-02  5.459797e-01
     vertex  5.835824e-02  4.032739e-02  5.460325e-01
   endloop
 endfacet
 facet normal -4.799758e-01  6.795331e-01  5.548495e-01
   outer loop
     vertex  5.902079e-02  4.081938e-02  5.460325e-01
     vertex  5.867400e-02  4.057443e-02  5.460325e-01
     vertex  5.851447e-02  4.033229e-02  5.461911e-01
   endloop
 endfacet
 facet normal -1.934206e-01  2.738381e-01  9.421259e-01
   outer loop
     vertex  5.902079e-02  4.081938e-02  5.460325e-01
     vertex  5.888937e-02  4.090839e-02  5.459797e-01
     vertex  5.867400e-02  4.057443e-02  5.460325e-01
   endloop
 endfacet
 facet normal -4.265092e-01  6.485627e-01  6.304414e-01
   outer loop
     vertex  5.902079e-02  4.081938e-02  5.460325e-01
     vertex  5.851447e-02  4.033229e-02  5.461911e-01
     vertex  5.923387e-02  4.080538e-02  5.461911e-01
   endloop
 endfacet
 facet normal -3.353137e-01  6.243328e-01  7.055305e-01
   outer loop
     vertex  5.974358e-02  4.125831e-02  5.460325e-01
     vertex  5.923387e-02  4.080538e-02  5.461911e-01
     vertex  6.000108e-02  4.121743e-02  5.461911e-01
   endloop
 endfacet
 facet normal -4.106650e-01  6.762449e-01  6.115939e-01
   outer loop
     vertex  5.974358e-02  4.125831e-02  5.460325e-01
     vertex  5.902079e-02  4.081938e-02  5.460325e-01
     vertex  5.923387e-02  4.080538e-02  5.461911e-01
   endloop
 endfacet
 facet normal -1.785230e-01  2.939751e-01  9.389932e-01
   outer loop
     vertex  5.974358e-02  4.125831e-02  5.460325e-01
     vertex  5.888937e-02  4.090839e-02  5.459797e-01
     vertex  5.902079e-02  4.081938e-02  5.460325e-01
   endloop
 endfacet
 facet normal -1.687385e-01  2.686784e-01  9.483350e-01
   outer loop
     vertex  5.974358e-02  4.125831e-02  5.460325e-01
     vertex  6.031186e-02  4.180176e-02  5.459797e-01
     vertex  5.888937e-02  4.090839e-02  5.459797e-01
   endloop
 endfacet
 facet normal -3.308542e-01  6.324556e-01  7.003824e-01
   outer loop
     vertex  6.013194e-02  4.146147e-02  5.460325e-01
     vertex  5.974358e-02  4.125831e-02  5.460325e-01
     vertex  6.000108e-02  4.121743e-02  5.461911e-01
   endloop
 endfacet
 facet normal -1.091582e-01  2.086651e-01  9.718762e-01
   outer loop
     vertex  6.013194e-02  4.146147e-02  5.460325e-01
     vertex  6.031186e-02  4.180176e-02  5.459797e-01
     vertex  5.974358e-02  4.125831e-02  5.460325e-01
   endloop
 endfacet
 facet normal -2.726068e-01  6.226989e-01  7.334382e-01
   outer loop
     vertex  6.013194e-02  4.146147e-02  5.460325e-01
     vertex  6.000108e-02  4.121743e-02  5.461911e-01
     vertex  6.087447e-02  4.159978e-02  5.461911e-01
   endloop
 endfacet
 facet normal -2.496286e-01  2.761422e-01  9.281331e-01
   outer loop
     vertex  6.013194e-02  4.146147e-02  5.460325e-01
     vertex  6.087447e-02  4.159978e-02  5.461911e-01
     vertex  6.031186e-02  4.180176e-02  5.459797e-01
   endloop
 endfacet
 facet normal -2.031656e-01  9.329172e-01  2.973033e-01
   outer loop
     vertex  7.118997e-02  4.315050e-02  5.460748e-01
     vertex  7.033795e-02  4.286943e-02  5.463745e-01
     vertex  7.033795e-02  4.280812e-02  5.465669e-01
   endloop
 endfacet
 facet normal -8.492146e-02  8.358279e-01  5.423837e-01
   outer loop
     vertex  7.118997e-02  4.315050e-02  5.460748e-01
     vertex  7.033795e-02  4.297176e-02  5.462168e-01
     vertex  7.033795e-02  4.286943e-02  5.463745e-01
   endloop
 endfacet
 facet normal -3.898011e-03  6.334565e-01  7.737685e-01
   outer loop
     vertex  7.118997e-02  4.315050e-02  5.460748e-01
     vertex  7.033795e-02  4.311951e-02  5.460959e-01
     vertex  7.033795e-02  4.297176e-02  5.462168e-01
   endloop
 endfacet
 facet normal  8.731658e-03  3.870048e-01  9.220364e-01
   outer loop
     vertex  7.118997e-02  4.315050e-02  5.460748e-01
     vertex  7.033795e-02  4.329837e-02  5.460208e-01
     vertex  7.033795e-02  4.311951e-02  5.460959e-01
   endloop
 endfacet
 facet normal -2.840879e-02  1.943583e-01  9.805191e-01
   outer loop
     vertex  7.118997e-02  4.315050e-02  5.460748e-01
     vertex  7.033795e-02  4.345403e-02  5.459899e-01
     vertex  7.033795e-02  4.329837e-02  5.460208e-01
   endloop
 endfacet
 facet normal -7.842265e-02  5.808249e-02  9.952268e-01
   outer loop
     vertex  7.118997e-02  4.315050e-02  5.460748e-01
     vertex  7.033795e-02  4.363027e-02  5.459797e-01
     vertex  7.033795e-02  4.345403e-02  5.459899e-01
   endloop
 endfacet
 facet normal  6.045450e-02  7.672655e-01  6.384739e-01
   outer loop
     vertex  7.118997e-02  4.315050e-02  5.460748e-01
     vertex  7.033795e-02  4.280812e-02  5.465669e-01
     vertex  7.203801e-02  4.284617e-02  5.463602e-01
   endloop
 endfacet
 facet normal  3.612524e-02  7.353465e-01  6.767278e-01
   outer loop
     vertex  7.118997e-02  4.315050e-02  5.460748e-01
     vertex  7.203801e-02  4.284617e-02  5.463602e-01
     vertex  7.359409e-02  4.302910e-02  5.460784e-01
   endloop
 endfacet
 facet normal  9.155155e-03  2.101203e-01  9.776327e-01
   outer loop
     vertex  7.118997e-02  4.315050e-02  5.460748e-01
     vertex  7.359409e-02  4.302910e-02  5.460784e-01
     vertex  7.033795e-02  4.363027e-02  5.459797e-01
   endloop
 endfacet
 facet normal  2.704039e-02  2.247243e-01  9.740471e-01
   outer loop
     vertex  7.579627e-02  4.277963e-02  5.460748e-01
     vertex  7.630922e-02  4.313027e-02  5.459797e-01
     vertex  7.359409e-02  4.302910e-02  5.460784e-01
   endloop
 endfacet
 facet normal  8.575339e-02  7.475322e-01  6.586668e-01
   outer loop
     vertex  7.579627e-02  4.277963e-02  5.460748e-01
     vertex  7.359409e-02  4.302910e-02  5.460784e-01
     vertex  7.519039e-02  4.259764e-02  5.463602e-01
   endloop
 endfacet
 facet normal -3.358181e-02  3.071698e-01  9.510620e-01
   outer loop
     vertex  7.579627e-02  4.277963e-02  5.460748e-01
     vertex  7.654255e-02  4.250121e-02  5.461911e-01
     vertex  7.630922e-02  4.313027e-02  5.459797e-01
   endloop
 endfacet
 facet normal  4.987231e-01  8.499656e-01  1.698052e-01
   outer loop
     vertex  8.066572e-02  4.115835e-02  5.463100e-01
     vertex  8.033709e-02  4.137493e-02  5.461911e-01
     vertex  8.051032e-02  4.114658e-02  5.468253e-01
   endloop
 endfacet
 facet normal  4.184761e-01  8.963076e-01  1.466641e-01
   outer loop
     vertex  8.066572e-02  4.115835e-02  5.463100e-01
     vertex  8.051032e-02  4.114658e-02  5.468253e-01
     vertex  8.135868e-02  4.085427e-02  5.461911e-01
   endloop
 endfacet
 facet normal  2.588596e-01  7.361467e-01  6.253636e-01
   outer loop
     vertex  8.066572e-02  4.115835e-02  5.463100e-01
     vertex  8.070157e-02  4.138146e-02  5.460325e-01
     vertex  8.033709e-02  4.137493e-02  5.461911e-01
   endloop
 endfacet
 facet normal  4.048544e-01  6.863397e-01  6.041778e-01
   outer loop
     vertex  8.066572e-02  4.115835e-02  5.463100e-01
     vertex  8.135868e-02  4.085427e-02  5.461911e-01
     vertex  8.070157e-02  4.138146e-02  5.460325e-01
   endloop
 endfacet
 facet normal  7.121813e-01  6.169556e-01  3.349082e-01
   outer loop
     vertex  8.319643e-02  3.949495e-02  5.459929e-01
     vertex  8.292835e-02  3.969682e-02  5.461911e-01
     vertex  8.331556e-02  3.933591e-02  5.460325e-01
   endloop
 endfacet
 facet normal  7.946183e-01  6.060321e-01  3.615049e-02
   outer loop
     vertex  8.331482e-02  3.934632e-02  5.459929e-01
     vertex  8.350724e-02  3.908221e-02  5.461911e-01
     vertex  8.354840e-02  3.903769e-02  5.460325e-01
   endloop
 endfacet
 facet normal  7.375620e-01  6.563816e-01  1.586361e-01
   outer loop
     vertex  8.331482e-02  3.934632e-02  5.459929e-01
     vertex  8.331556e-02  3.933591e-02  5.460325e-01
     vertex  8.350724e-02  3.908221e-02  5.461911e-01
   endloop
 endfacet
 facet normal  4.670874e-01  2.329688e-01 -8.529683e-01
   outer loop
     vertex  8.374359e-02  3.872427e-02  5.459929e-01
     vertex  8.414218e-02  3.807024e-02  5.460325e-01
     vertex  8.388115e-02  3.840009e-02  5.459797e-01
   endloop
 endfacet
 facet normal  8.268655e-01  4.868691e-01 -2.815173e-01
   outer loop
     vertex  8.374359e-02  3.872427e-02  5.459929e-01
     vertex  8.395500e-02  3.847983e-02  5.461911e-01
     vertex  8.414218e-02  3.807024e-02  5.460325e-01
   endloop
 endfacet
 facet normal  9.386610e-01  3.262610e-01 -1.116661e-01
   outer loop
     vertex  8.498124e-02  3.609535e-02  5.463100e-01
     vertex  8.486762e-02  3.638153e-02  5.461911e-01
     vertex  8.504058e-02  3.610100e-02  5.468253e-01
   endloop
 endfacet
 facet normal  9.877897e-01  1.052164e-01 -1.148956e-01
   outer loop
     vertex  8.498124e-02  3.609535e-02  5.463100e-01
     vertex  8.504058e-02  3.610100e-02  5.468253e-01
     vertex  8.501965e-02  3.560489e-02  5.461911e-01
   endloop
 endfacet
 facet normal  8.039891e-01  7.402057e-02 -5.900191e-01
   outer loop
     vertex  8.498124e-02  3.609535e-02  5.463100e-01
     vertex  8.476412e-02  3.624189e-02  5.460325e-01
     vertex  8.486762e-02  3.638153e-02  5.461911e-01
   endloop
 endfacet
 facet normal  8.197540e-01  1.947841e-01 -5.385746e-01
   outer loop
     vertex  8.498124e-02  3.609535e-02  5.463100e-01
     vertex  8.501965e-02  3.560489e-02  5.461911e-01
     vertex  8.476412e-02  3.624189e-02  5.460325e-01
   endloop
 endfacet
 facet normal  6.061526e-01 -4.101986e-01 -6.814075e-01
   outer loop
     vertex  7.849594e-02  1.904681e-02  5.459929e-01
     vertex  7.988671e-02  2.103611e-02  5.460325e-01
     vertex  7.863292e-02  1.918338e-02  5.460325e-01
   endloop
 endfacet
 facet normal  2.199386e-01 -1.345118e-01 -9.661954e-01
   outer loop
     vertex  7.849594e-02  1.904681e-02  5.459929e-01
     vertex  7.835026e-02  1.890352e-02  5.459797e-01
     vertex  7.988671e-02  2.103611e-02  5.460325e-01
   endloop
 endfacet
 facet normal  7.673548e-01 -5.944436e-01 -2.404235e-01
   outer loop
     vertex  7.808187e-02  1.848807e-02  5.459929e-01
     vertex  7.863292e-02  1.918338e-02  5.460325e-01
     vertex  7.887973e-02  1.943785e-02  5.461911e-01
   endloop
 endfacet
 facet normal  7.611071e-01 -5.779078e-01 -2.945141e-01
   outer loop
     vertex  7.808187e-02  1.848807e-02  5.459929e-01
     vertex  7.887973e-02  1.943785e-02  5.461911e-01
     vertex  7.779824e-02  1.809432e-02  5.460325e-01
   endloop
 endfacet
 facet normal  6.504514e-01 -4.820367e-01 -5.869868e-01
   outer loop
     vertex  7.808187e-02  1.848807e-02  5.459929e-01
     vertex  7.849594e-02  1.904681e-02  5.459929e-01
     vertex  7.863292e-02  1.918338e-02  5.460325e-01
   endloop
 endfacet
 facet normal  3.088742e-01 -2.289006e-01 -9.231475e-01
   outer loop
     vertex  7.808187e-02  1.848807e-02  5.459929e-01
     vertex  7.835026e-02  1.890352e-02  5.459797e-01
     vertex  7.849594e-02  1.904681e-02  5.459929e-01
   endloop
 endfacet
 facet normal  7.282862e-01 -6.852003e-01  9.982100e-03
   outer loop
     vertex  7.686592e-02  1.701548e-02  5.459929e-01
     vertex  7.719022e-02  1.736305e-02  5.461911e-01
     vertex  7.657267e-02  1.670437e-02  5.460325e-01
   endloop
 endfacet
 facet normal  6.908243e-01 -6.845474e-01  2.327157e-01
   outer loop
     vertex  7.625795e-02  1.637328e-02  5.459929e-01
     vertex  7.657267e-02  1.670437e-02  5.460325e-01
     vertex  7.594986e-02  1.612975e-02  5.461911e-01
   endloop
 endfacet
 facet normal  6.209216e-01 -7.309803e-01  2.830623e-01
   outer loop
     vertex  7.572597e-02  1.586282e-02  5.459929e-01
     vertex  7.594055e-02  1.603997e-02  5.459797e-01
     vertex  7.594986e-02  1.612975e-02  5.461911e-01
   endloop
 endfacet
 facet normal  6.080607e-01 -7.342231e-01  3.019578e-01
   outer loop
     vertex  7.572597e-02  1.586282e-02  5.459929e-01
     vertex  7.594986e-02  1.612975e-02  5.461911e-01
     vertex  7.550030e-02  1.569223e-02  5.460325e-01
   endloop
 endfacet
 facet normal  6.024527e-01 -7.204923e-01  3.434261e-01
   outer loop
     vertex  7.481400e-02  1.509948e-02  5.459929e-01
     vertex  7.550030e-02  1.569223e-02  5.460325e-01
     vertex  7.501959e-02  1.536585e-02  5.461911e-01
   endloop
 endfacet
 facet normal  4.065882e-01 -5.288667e-01  7.449739e-01
   outer loop
     vertex  7.481400e-02  1.509948e-02  5.459929e-01
     vertex  7.458113e-02  1.497628e-02  5.460325e-01
     vertex  7.413326e-02  1.455751e-02  5.459797e-01
   endloop
 endfacet
 facet normal  6.354413e-01 -7.591609e-01  1.410290e-01
   outer loop
     vertex  7.481400e-02  1.509948e-02  5.459929e-01
     vertex  7.594055e-02  1.603997e-02  5.459797e-01
     vertex  7.572597e-02  1.586282e-02  5.459929e-01
   endloop
 endfacet
 facet normal  4.707801e-01 -7.309432e-01  4.940528e-01
   outer loop
     vertex  7.481400e-02  1.509948e-02  5.459929e-01
     vertex  7.501959e-02  1.536585e-02  5.461911e-01
     vertex  7.458113e-02  1.497628e-02  5.460325e-01
   endloop
 endfacet
 facet normal  4.571895e-01 -5.573660e-01 -6.930519e-01
   outer loop
     vertex  7.481400e-02  1.509948e-02  5.459929e-01
     vertex  7.413326e-02  1.455751e-02  5.459797e-01
     vertex  7.594055e-02  1.603997e-02  5.459797e-01
   endloop
 endfacet
 facet normal  6.050527e-01 -7.228557e-01  3.337528e-01
   outer loop
     vertex  7.481400e-02  1.509948e-02  5.459929e-01
     vertex  7.572597e-02  1.586282e-02  5.459929e-01
     vertex  7.550030e-02  1.569223e-02  5.460325e-01
   endloop
 endfacet
 facet normal -5.823469e-01 -6.747998e-01 -4.533402e-01
   outer loop
     vertex  6.563179e-02  1.527877e-02  5.459929e-01
     vertex  6.457081e-02  1.620327e-02  5.459797e-01
     vertex  6.621770e-02  1.478202e-02  5.459797e-01
   endloop
 endfacet
 facet normal -5.128102e-01 -7.491241e-01  4.193312e-01
   outer loop
     vertex  6.563179e-02  1.527877e-02  5.459929e-01
     vertex  6.587988e-02  1.513113e-02  5.460325e-01
     vertex  6.555585e-02  1.544170e-02  5.461911e-01
   endloop
 endfacet
 facet normal -4.310890e-01 -5.279186e-01  7.317542e-01
   outer loop
     vertex  6.563179e-02  1.527877e-02  5.459929e-01
     vertex  6.621770e-02  1.478202e-02  5.459797e-01
     vertex  6.587988e-02  1.513113e-02  5.460325e-01
   endloop
 endfacet
 facet normal -6.129568e-01 -7.092605e-01  3.481861e-01
   outer loop
     vertex  6.563179e-02  1.527877e-02  5.459929e-01
     vertex  6.555585e-02  1.544170e-02  5.461911e-01
     vertex  6.504228e-02  1.580770e-02  5.460325e-01
   endloop
 endfacet
 facet normal -6.505639e-01 -7.484494e-01 -1.288030e-01
   outer loop
     vertex  6.480077e-02  1.600111e-02  5.459929e-01
     vertex  6.457081e-02  1.620327e-02  5.459797e-01
     vertex  6.563179e-02  1.527877e-02  5.459929e-01
   endloop
 endfacet
 facet normal -6.258206e-01 -7.199831e-01  2.999549e-01
   outer loop
     vertex  6.480077e-02  1.600111e-02  5.459929e-01
     vertex  6.563179e-02  1.527877e-02  5.459929e-01
     vertex  6.504228e-02  1.580770e-02  5.460325e-01
   endloop
 endfacet
 facet normal -6.303091e-01 -7.371405e-01  2.435862e-01
   outer loop
     vertex  6.480077e-02  1.600111e-02  5.459929e-01
     vertex  6.504228e-02  1.580770e-02  5.460325e-01
     vertex  6.470814e-02  1.614581e-02  5.461911e-01
   endloop
 endfacet
 facet normal -6.915735e-01 -6.867598e-01  2.238012e-01
   outer loop
     vertex  6.436010e-02  1.643170e-02  5.459929e-01
     vertex  6.470814e-02  1.614581e-02  5.461911e-01
     vertex  6.415397e-02  1.665219e-02  5.460325e-01
   endloop
 endfacet
 facet normal -7.409546e-01 -6.057224e-01 -2.899772e-01
   outer loop
     vertex  6.249029e-02  1.862534e-02  5.459929e-01
     vertex  6.248623e-02  1.853542e-02  5.461911e-01
     vertex  6.226938e-02  1.887659e-02  5.460325e-01
   endloop
 endfacet
 facet normal -2.505845e-01 -1.844844e-01 -9.503541e-01
   outer loop
     vertex  6.217865e-02  1.904863e-02  5.459929e-01
     vertex  6.210048e-02  1.922288e-02  5.459797e-01
     vertex  6.249029e-02  1.862534e-02  5.459929e-01
   endloop
 endfacet
 facet normal -6.754938e-01 -4.843289e-01 -5.559979e-01
   outer loop
     vertex  6.217865e-02  1.904863e-02  5.459929e-01
     vertex  6.226938e-02  1.887659e-02  5.460325e-01
     vertex  6.156511e-02  1.985883e-02  5.460325e-01
   endloop
 endfacet
 facet normal -3.645351e-01 -2.319283e-01 -9.018444e-01
   outer loop
     vertex  6.217865e-02  1.904863e-02  5.459929e-01
     vertex  6.156511e-02  1.985883e-02  5.460325e-01
     vertex  6.210048e-02  1.922288e-02  5.459797e-01
   endloop
 endfacet
 facet normal -6.504270e-01 -4.788550e-01 -5.896122e-01
   outer loop
     vertex  6.217865e-02  1.904863e-02  5.459929e-01
     vertex  6.249029e-02  1.862534e-02  5.459929e-01
     vertex  6.226938e-02  1.887659e-02  5.460325e-01
   endloop
 endfacet
 facet normal -9.574182e-01 -2.683426e-01 -1.065022e-01
   outer loop
     vertex  5.654828e-02  2.903119e-02  5.463100e-01
     vertex  5.658143e-02  2.870837e-02  5.468253e-01
     vertex  5.626348e-02  3.009451e-02  5.461911e-01
   endloop
 endfacet
 facet normal -9.059923e-01 -3.824933e-01 -1.813195e-01
   outer loop
     vertex  5.654828e-02  2.903119e-02  5.463100e-01
     vertex  5.735571e-02  2.717505e-02  5.461911e-01
     vertex  5.658143e-02  2.870837e-02  5.468253e-01
   endloop
 endfacet
 facet normal -6.935393e-01 -2.586129e-01 -6.724006e-01
   outer loop
     vertex  5.654828e-02  2.903119e-02  5.463100e-01
     vertex  5.666985e-02  2.942661e-02  5.460325e-01
     vertex  5.735571e-02  2.717505e-02  5.461911e-01
   endloop
 endfacet
 facet normal -6.911921e-01 -2.605141e-01 -6.740815e-01
   outer loop
     vertex  5.654828e-02  2.903119e-02  5.463100e-01
     vertex  5.626348e-02  3.009451e-02  5.461911e-01
     vertex  5.666985e-02  2.942661e-02  5.460325e-01
   endloop
 endfacet
 facet normal -9.602363e-01 -1.201424e-01 -2.520160e-01
   outer loop
     vertex  5.551255e-02  3.466337e-02  5.463100e-01
     vertex  5.556686e-02  3.447876e-02  5.461911e-01
     vertex  5.542480e-02  3.428379e-02  5.468253e-01
   endloop
 endfacet
 facet normal -8.263258e-01  1.123986e-01 -5.518625e-01
   outer loop
     vertex  5.551255e-02  3.466337e-02  5.463100e-01
     vertex  5.576841e-02  3.518196e-02  5.460325e-01
     vertex  5.556686e-02  3.447876e-02  5.461911e-01
   endloop
 endfacet
 facet normal -9.876246e-01  1.440215e-01 -6.209314e-02
   outer loop
     vertex  5.551255e-02  3.466337e-02  5.463100e-01
     vertex  5.542480e-02  3.428379e-02  5.468253e-01
     vertex  5.563944e-02  3.548225e-02  5.461911e-01
   endloop
 endfacet
 facet normal -7.549861e-01  2.181457e-02 -6.553778e-01
   outer loop
     vertex  5.551255e-02  3.466337e-02  5.463100e-01
     vertex  5.563944e-02  3.548225e-02  5.461911e-01
     vertex  5.576841e-02  3.518196e-02  5.460325e-01
   endloop
 endfacet
 facet normal -8.185314e-01  1.797942e-01 -5.456010e-01
   outer loop
     vertex  5.570656e-02  3.614869e-02  5.463100e-01
     vertex  5.590972e-02  3.623156e-02  5.460325e-01
     vertex  5.563944e-02  3.548225e-02  5.461911e-01
   endloop
 endfacet
 facet normal -9.882314e-01  1.170923e-01 -9.842806e-02
   outer loop
     vertex  5.570656e-02  3.614869e-02  5.463100e-01
     vertex  5.563944e-02  3.548225e-02  5.461911e-01
     vertex  5.566322e-02  3.621605e-02  5.468253e-01
   endloop
 endfacet
 facet normal -8.174632e-01  1.127983e-01 -5.648278e-01
   outer loop
     vertex  5.570656e-02  3.614869e-02  5.463100e-01
     vertex  5.583537e-02  3.648670e-02  5.461911e-01
     vertex  5.590972e-02  3.623156e-02  5.460325e-01
   endloop
 endfacet
 facet normal -9.410085e-01  3.162061e-01 -1.204854e-01
   outer loop
     vertex  5.570656e-02  3.614869e-02  5.463100e-01
     vertex  5.566322e-02  3.621605e-02  5.468253e-01
     vertex  5.583537e-02  3.648670e-02  5.461911e-01
   endloop
 endfacet
 facet normal -1.368924e-04 -7.699752e-02 -9.970313e-01
   outer loop
     vertex  5.675706e-02  3.841944e-02  5.459929e-01
     vertex  5.689285e-02  3.859030e-02  5.459797e-01
     vertex  5.645426e-02  3.790670e-02  5.460325e-01
   endloop
 endfacet
 facet normal -6.406681e-01  3.245501e-01 -6.958532e-01
   outer loop
     vertex  5.675706e-02  3.841944e-02  5.459929e-01
     vertex  5.645426e-02  3.790670e-02  5.460325e-01
     vertex  5.663768e-02  3.826876e-02  5.460325e-01
   endloop
 endfacet
 facet normal -7.759455e-01  6.193823e-01  1.194745e-01
   outer loop
     vertex  5.749854e-02  3.951812e-02  5.459929e-01
     vertex  5.726610e-02  3.921927e-02  5.460325e-01
     vertex  5.733020e-02  3.926900e-02  5.461911e-01
   endloop
 endfacet
 facet normal -6.518489e-01  6.902875e-01  3.140001e-01
   outer loop
     vertex  5.749854e-02  3.951812e-02  5.459929e-01
     vertex  5.733020e-02  3.926900e-02  5.461911e-01
     vertex  5.750925e-02  3.951020e-02  5.460325e-01
   endloop
 endfacet
 facet normal -6.772990e-01  6.062595e-01  4.167920e-01
   outer loop
     vertex  5.762182e-02  3.966321e-02  5.459929e-01
     vertex  5.750925e-02  3.951020e-02  5.460325e-01
     vertex  5.789561e-02  3.983283e-02  5.461911e-01
   endloop
 endfacet
 facet normal -6.868032e-01  5.395811e-01  4.869842e-01
   outer loop
     vertex  5.762182e-02  3.966321e-02  5.459929e-01
     vertex  5.789561e-02  3.983283e-02  5.461911e-01
     vertex  5.774970e-02  3.983790e-02  5.459797e-01
   endloop
 endfacet
 facet normal  1.071777e-01  7.194405e-01  6.862349e-01
   outer loop
     vertex  7.625356e-02  4.244263e-02  5.463567e-01
     vertex  7.579627e-02  4.277963e-02  5.460748e-01
     vertex  7.519039e-02  4.259764e-02  5.463602e-01
   endloop
 endfacet
 facet normal  1.924966e-01  7.700189e-01  6.082893e-01
   outer loop
     vertex  7.625356e-02  4.244263e-02  5.463567e-01
     vertex  7.654255e-02  4.250121e-02  5.461911e-01
     vertex  7.579627e-02  4.277963e-02  5.460748e-01
   endloop
 endfacet
 facet normal  1.419140e-01  9.686978e-01  2.036785e-01
   outer loop
     vertex  7.625356e-02  4.244263e-02  5.463567e-01
     vertex  7.519039e-02  4.259764e-02  5.463602e-01
     vertex  7.665950e-02  4.228463e-02  5.468253e-01
   endloop
 endfacet
 facet normal -5.999204e-03  9.459877e-01  3.241469e-01
   outer loop
     vertex  7.625356e-02  4.244263e-02  5.463567e-01
     vertex  7.665950e-02  4.228463e-02  5.468253e-01
     vertex  7.654255e-02  4.250121e-02  5.461911e-01
   endloop
 endfacet
 facet normal  7.271623e-01  5.554763e-01  4.033374e-01
   outer loop
     vertex  8.313107e-02  3.958255e-02  5.459830e-01
     vertex  8.306186e-02  3.967555e-02  5.459797e-01
     vertex  8.292835e-02  3.969682e-02  5.461911e-01
   endloop
 endfacet
 facet normal  7.193640e-01  5.799743e-01  3.822895e-01
   outer loop
     vertex  8.313107e-02  3.958255e-02  5.459830e-01
     vertex  8.292835e-02  3.969682e-02  5.461911e-01
     vertex  8.319643e-02  3.949495e-02  5.459929e-01
   endloop
 endfacet
 facet normal  6.647184e-01  6.066186e-01  4.360772e-01
   outer loop
     vertex  8.319073e-02  3.950832e-02  5.459830e-01
     vertex  8.319643e-02  3.949495e-02  5.459929e-01
     vertex  8.331556e-02  3.933591e-02  5.460325e-01
   endloop
 endfacet
 facet normal  7.811701e-01  6.072626e-01  1.449326e-01
   outer loop
     vertex  8.319073e-02  3.950832e-02  5.459830e-01
     vertex  8.331556e-02  3.933591e-02  5.460325e-01
     vertex  8.331482e-02  3.934632e-02  5.459929e-01
   endloop
 endfacet
 facet normal  6.868899e-01 -5.433824e-01 -4.826155e-01
   outer loop
     vertex  7.761275e-02  1.790387e-02  5.459830e-01
     vertex  7.808187e-02  1.848807e-02  5.459929e-01
     vertex  7.779824e-02  1.809432e-02  5.460325e-01
   endloop
 endfacet
 facet normal  6.872152e-01 -6.829130e-01  2.477198e-01
   outer loop
     vertex  7.640217e-02  1.651482e-02  5.459830e-01
     vertex  7.657267e-02  1.670437e-02  5.460325e-01
     vertex  7.625795e-02  1.637328e-02  5.459929e-01
   endloop
 endfacet
 facet normal  6.980641e-01 -6.696192e-01  2.536073e-01
   outer loop
     vertex  7.609952e-02  1.620695e-02  5.459830e-01
     vertex  7.594986e-02  1.612975e-02  5.461911e-01
     vertex  7.594055e-02  1.603997e-02  5.459797e-01
   endloop
 endfacet
 facet normal  6.939820e-01 -6.757925e-01  2.483816e-01
   outer loop
     vertex  7.609952e-02  1.620695e-02  5.459830e-01
     vertex  7.625795e-02  1.637328e-02  5.459929e-01
     vertex  7.594986e-02  1.612975e-02  5.461911e-01
   endloop
 endfacet
 facet normal -3.681393e-01 -3.628133e-01  8.560607e-01
   outer loop
     vertex  6.446491e-02  1.631851e-02  5.459830e-01
     vertex  6.457081e-02  1.620327e-02  5.459797e-01
     vertex  6.480077e-02  1.600111e-02  5.459929e-01
   endloop
 endfacet
 facet normal -6.758852e-01 -7.088822e-01  2.016562e-01
   outer loop
     vertex  6.446491e-02  1.631851e-02  5.459830e-01
     vertex  6.480077e-02  1.600111e-02  5.459929e-01
     vertex  6.470814e-02  1.614581e-02  5.461911e-01
   endloop
 endfacet
 facet normal -6.970137e-01 -6.682253e-01  2.600899e-01
   outer loop
     vertex  6.446491e-02  1.631851e-02  5.459830e-01
     vertex  6.470814e-02  1.614581e-02  5.461911e-01
     vertex  6.436010e-02  1.643170e-02  5.459929e-01
   endloop
 endfacet
 facet normal -2.689549e-01 -1.963044e-01 -9.429358e-01
   outer loop
     vertex  6.291361e-02  1.809294e-02  5.459830e-01
     vertex  6.249029e-02  1.862534e-02  5.459929e-01
     vertex  6.210048e-02  1.922288e-02  5.459797e-01
   endloop
 endfacet
 facet normal -7.354378e-01 -4.904731e-01 -4.675120e-01
   outer loop
     vertex  6.291361e-02  1.809294e-02  5.459830e-01
     vertex  6.289758e-02  1.806976e-02  5.460325e-01
     vertex  6.248623e-02  1.853542e-02  5.461911e-01
   endloop
 endfacet
 facet normal -7.529222e-01 -5.933786e-01 -2.846225e-01
   outer loop
     vertex  6.291361e-02  1.809294e-02  5.459830e-01
     vertex  6.248623e-02  1.853542e-02  5.461911e-01
     vertex  6.249029e-02  1.862534e-02  5.459929e-01
   endloop
 endfacet
 facet normal -7.274321e-01  4.372278e-01 -5.288425e-01
   outer loop
     vertex  5.696407e-02  3.875187e-02  5.459830e-01
     vertex  5.675706e-02  3.841944e-02  5.459929e-01
     vertex  5.663768e-02  3.826876e-02  5.460325e-01
   endloop
 endfacet
 facet normal -2.638445e-01  1.358356e-01 -9.549528e-01
   outer loop
     vertex  5.696407e-02  3.875187e-02  5.459830e-01
     vertex  5.689285e-02  3.859030e-02  5.459797e-01
     vertex  5.675706e-02  3.841944e-02  5.459929e-01
   endloop
 endfacet
 facet normal -6.167033e-01  4.975717e-01  6.099995e-01
   outer loop
     vertex  5.762182e-02  3.967536e-02  5.459830e-01
     vertex  5.762182e-02  3.966321e-02  5.459929e-01
     vertex  5.774970e-02  3.983790e-02  5.459797e-01
   endloop
 endfacet
 facet normal -7.362283e-01  5.972584e-01  3.181985e-01
   outer loop
     vertex  5.762182e-02  3.967536e-02  5.459830e-01
     vertex  5.749854e-02  3.951812e-02  5.459929e-01
     vertex  5.750925e-02  3.951020e-02  5.460325e-01
   endloop
 endfacet
 facet normal -5.057691e-01  5.452704e-01  6.684892e-01
   outer loop
     vertex  5.762182e-02  3.967536e-02  5.459830e-01
     vertex  5.750925e-02  3.951020e-02  5.460325e-01
     vertex  5.762182e-02  3.966321e-02  5.459929e-01
   endloop
 endfacet
 facet normal  4.827477e-01  4.454816e-01  7.539899e-01
   outer loop
     vertex  8.312688e-02  3.959128e-02  5.459805e-01
     vertex  8.313107e-02  3.958255e-02  5.459830e-01
     vertex  8.319643e-02  3.949495e-02  5.459929e-01
   endloop
 endfacet
 facet normal  7.357222e-01  5.768075e-01  3.549730e-01
   outer loop
     vertex  8.312688e-02  3.959128e-02  5.459805e-01
     vertex  8.319643e-02  3.949495e-02  5.459929e-01
     vertex  8.319073e-02  3.950832e-02  5.459830e-01
   endloop
 endfacet
 facet normal  6.032812e-01  4.717976e-01  6.430077e-01
   outer loop
     vertex  8.312688e-02  3.959128e-02  5.459805e-01
     vertex  8.306186e-02  3.967555e-02  5.459797e-01
     vertex  8.313107e-02  3.958255e-02  5.459830e-01
   endloop
 endfacet
 facet normal  7.723628e-01  6.037261e-01  1.974095e-01
   outer loop
     vertex  8.324385e-02  3.944117e-02  5.459805e-01
     vertex  8.319073e-02  3.950832e-02  5.459830e-01
     vertex  8.331482e-02  3.934632e-02  5.459929e-01
   endloop
 endfacet
 facet normal  3.744522e-01  1.958350e-01 -9.063301e-01
   outer loop
     vertex  8.366720e-02  3.881300e-02  5.459805e-01
     vertex  8.374359e-02  3.872427e-02  5.459929e-01
     vertex  8.388115e-02  3.840009e-02  5.459797e-01
   endloop
 endfacet
 facet normal  7.495607e-01 -6.579383e-01 -7.263618e-02
   outer loop
     vertex  7.700746e-02  1.717783e-02  5.459830e-01
     vertex  7.719022e-02  1.736305e-02  5.461911e-01
     vertex  7.686592e-02  1.701548e-02  5.459929e-01
   endloop
 endfacet
 facet normal  4.110755e-01 -4.075025e-01  8.154500e-01
   outer loop
     vertex  7.617107e-02  1.627416e-02  5.459805e-01
     vertex  7.609952e-02  1.620695e-02  5.459830e-01
     vertex  7.594055e-02  1.603997e-02  5.459797e-01
   endloop
 endfacet
 facet normal  5.430028e-01 -5.547500e-01  6.303970e-01
   outer loop
     vertex  7.617107e-02  1.627416e-02  5.459805e-01
     vertex  7.625795e-02  1.637328e-02  5.459929e-01
     vertex  7.609952e-02  1.620695e-02  5.459830e-01
   endloop
 endfacet
 facet normal -6.243183e-01 -6.197677e-01  4.755153e-01
   outer loop
     vertex  6.436296e-02  1.641931e-02  5.459805e-01
     vertex  6.446491e-02  1.631851e-02  5.459830e-01
     vertex  6.436010e-02  1.643170e-02  5.459929e-01
   endloop
 endfacet
 facet normal -7.181798e-01 -6.787608e-01  1.533022e-01
   outer loop
     vertex  6.436296e-02  1.641931e-02  5.459805e-01
     vertex  6.415397e-02  1.665219e-02  5.460325e-01
     vertex  6.415465e-02  1.664028e-02  5.459830e-01
   endloop
 endfacet
 facet normal -5.849482e-01 -6.370866e-01  5.019525e-01
   outer loop
     vertex  6.436296e-02  1.641931e-02  5.459805e-01
     vertex  6.436010e-02  1.643170e-02  5.459929e-01
     vertex  6.415397e-02  1.665219e-02  5.460325e-01
   endloop
 endfacet
 facet normal -4.490036e-01 -4.349524e-01  7.805205e-01
   outer loop
     vertex  6.436296e-02  1.641931e-02  5.459805e-01
     vertex  6.457081e-02  1.620327e-02  5.459797e-01
     vertex  6.446491e-02  1.631851e-02  5.459830e-01
   endloop
 endfacet
 facet normal -7.469049e-01 -6.640928e-01 -3.337218e-02
   outer loop
     vertex  6.353413e-02  1.733349e-02  5.459830e-01
     vertex  6.375779e-02  1.707149e-02  5.461911e-01
     vertex  6.304578e-02  1.784041e-02  5.468253e-01
   endloop
 endfacet
 facet normal -7.572011e-01 -6.514942e-01 -4.692334e-02
   outer loop
     vertex  6.353413e-02  1.733349e-02  5.459830e-01
     vertex  6.304578e-02  1.784041e-02  5.468253e-01
     vertex  6.289758e-02  1.806976e-02  5.460325e-01
   endloop
 endfacet
 facet normal -7.592177e-01 -6.508276e-01 -3.439212e-03
   outer loop
     vertex  6.353413e-02  1.733349e-02  5.459830e-01
     vertex  6.373683e-02  1.709699e-02  5.459929e-01
     vertex  6.375779e-02  1.707149e-02  5.461911e-01
   endloop
 endfacet
 facet normal -7.383912e-01  4.328360e-01 -5.171377e-01
   outer loop
     vertex  5.688307e-02  3.868966e-02  5.460465e-01
     vertex  5.705003e-02  3.891035e-02  5.459929e-01
     vertex  5.696407e-02  3.875187e-02  5.459830e-01
   endloop
 endfacet
 facet normal -8.050370e-01  5.847765e-01 -9.975940e-02
   outer loop
     vertex  5.688307e-02  3.868966e-02  5.460465e-01
     vertex  5.685969e-02  3.868212e-02  5.461911e-01
     vertex  5.705003e-02  3.891035e-02  5.459929e-01
   endloop
 endfacet
 facet normal -8.341703e-01  4.944919e-01 -2.442083e-01
   outer loop
     vertex  5.688307e-02  3.868966e-02  5.460465e-01
     vertex  5.663768e-02  3.826876e-02  5.460325e-01
     vertex  5.644827e-02  3.802755e-02  5.461911e-01
   endloop
 endfacet
 facet normal -7.390207e-01  4.476632e-01 -5.034342e-01
   outer loop
     vertex  5.688307e-02  3.868966e-02  5.460465e-01
     vertex  5.696407e-02  3.875187e-02  5.459830e-01
     vertex  5.663768e-02  3.826876e-02  5.460325e-01
   endloop
 endfacet
 facet normal -8.416445e-01  5.290012e-01 -1.085926e-01
   outer loop
     vertex  5.688307e-02  3.868966e-02  5.460465e-01
     vertex  5.644827e-02  3.802755e-02  5.461911e-01
     vertex  5.685969e-02  3.868212e-02  5.461911e-01
   endloop
 endfacet
 facet normal -5.403399e-01  3.411745e-01 -7.691766e-01
   outer loop
     vertex  5.712120e-02  3.899514e-02  5.459805e-01
     vertex  5.696407e-02  3.875187e-02  5.459830e-01
     vertex  5.705003e-02  3.891035e-02  5.459929e-01
   endloop
 endfacet
 facet normal -8.094119e-01  5.760731e-01 -1.139829e-01
   outer loop
     vertex  5.716556e-02  3.907071e-02  5.459830e-01
     vertex  5.705003e-02  3.891035e-02  5.459929e-01
     vertex  5.685969e-02  3.868212e-02  5.461911e-01
   endloop
 endfacet
 facet normal -5.429536e-01  3.438094e-01 -7.661570e-01
   outer loop
     vertex  5.716556e-02  3.907071e-02  5.459830e-01
     vertex  5.712120e-02  3.899514e-02  5.459805e-01
     vertex  5.705003e-02  3.891035e-02  5.459929e-01
   endloop
 endfacet
 facet normal -6.111099e-01  5.168921e-01  5.994725e-01
   outer loop
     vertex  5.756353e-02  3.960932e-02  5.459805e-01
     vertex  5.749854e-02  3.951812e-02  5.459929e-01
     vertex  5.762182e-02  3.967536e-02  5.459830e-01
   endloop
 endfacet
 facet normal  5.841649e-01  4.693446e-01  6.621684e-01
   outer loop
     vertex  8.315381e-02  3.955864e-02  5.459799e-01
     vertex  8.312688e-02  3.959128e-02  5.459805e-01
     vertex  8.319073e-02  3.950832e-02  5.459830e-01
   endloop
 endfacet
 facet normal  7.193800e-01  5.536173e-01  4.195239e-01
   outer loop
     vertex  8.315381e-02  3.955864e-02  5.459799e-01
     vertex  8.319073e-02  3.950832e-02  5.459830e-01
     vertex  8.324385e-02  3.944117e-02  5.459805e-01
   endloop
 endfacet
 facet normal  4.445341e-01  3.510817e-01  8.240941e-01
   outer loop
     vertex  8.315381e-02  3.955864e-02  5.459799e-01
     vertex  8.306186e-02  3.967555e-02  5.459797e-01
     vertex  8.312688e-02  3.959128e-02  5.459805e-01
   endloop
 endfacet
 facet normal  2.531305e-02  1.511506e-02 -9.995653e-01
   outer loop
     vertex  8.337984e-02  3.925328e-02  5.459799e-01
     vertex  8.366720e-02  3.881300e-02  5.459805e-01
     vertex  8.388115e-02  3.840009e-02  5.459797e-01
   endloop
 endfacet
 facet normal  7.896096e-01  5.192323e-01 -3.269778e-01
   outer loop
     vertex  8.346443e-02  3.913263e-02  5.459805e-01
     vertex  8.341819e-02  3.920451e-02  5.459830e-01
     vertex  8.354840e-02  3.903769e-02  5.460325e-01
   endloop
 endfacet
 facet normal  4.978424e-01  3.158267e-01 -8.077168e-01
   outer loop
     vertex  8.346443e-02  3.913263e-02  5.459805e-01
     vertex  8.374359e-02  3.872427e-02  5.459929e-01
     vertex  8.366720e-02  3.881300e-02  5.459805e-01
   endloop
 endfacet
 facet normal  5.261803e-01  3.649706e-01 -7.680695e-01
   outer loop
     vertex  8.346443e-02  3.913263e-02  5.459805e-01
     vertex  8.337984e-02  3.925328e-02  5.459799e-01
     vertex  8.341819e-02  3.920451e-02  5.459830e-01
   endloop
 endfacet
 facet normal  7.661889e-02  4.860633e-02 -9.958750e-01
   outer loop
     vertex  8.346443e-02  3.913263e-02  5.459805e-01
     vertex  8.366720e-02  3.881300e-02  5.459805e-01
     vertex  8.337984e-02  3.925328e-02  5.459799e-01
   endloop
 endfacet
 facet normal  2.863147e-01 -2.146648e-01 -9.337788e-01
   outer loop
     vertex  7.756363e-02  1.785344e-02  5.459799e-01
     vertex  7.835026e-02  1.890352e-02  5.459797e-01
     vertex  7.808187e-02  1.848807e-02  5.459929e-01
   endloop
 endfacet
 facet normal  2.471880e-01 -1.823478e-01 -9.516551e-01
   outer loop
     vertex  7.756363e-02  1.785344e-02  5.459799e-01
     vertex  7.808187e-02  1.848807e-02  5.459929e-01
     vertex  7.761275e-02  1.790387e-02  5.459830e-01
   endloop
 endfacet
 facet normal  7.054460e-01 -6.835421e-01  1.873929e-01
   outer loop
     vertex  7.647301e-02  1.658725e-02  5.459805e-01
     vertex  7.657267e-02  1.670437e-02  5.460325e-01
     vertex  7.640217e-02  1.651482e-02  5.459830e-01
   endloop
 endfacet
 facet normal  5.901099e-01 -5.571653e-01  5.842407e-01
   outer loop
     vertex  7.635731e-02  1.646406e-02  5.459799e-01
     vertex  7.647301e-02  1.658725e-02  5.459805e-01
     vertex  7.640217e-02  1.651482e-02  5.459830e-01
   endloop
 endfacet
 facet normal  5.811252e-01 -5.501666e-01  5.996750e-01
   outer loop
     vertex  7.635731e-02  1.646406e-02  5.459799e-01
     vertex  7.640217e-02  1.651482e-02  5.459830e-01
     vertex  7.625795e-02  1.637328e-02  5.459929e-01
   endloop
 endfacet
 facet normal -7.222411e-01 -6.746730e-01  1.522633e-01
   outer loop
     vertex  6.405342e-02  1.674808e-02  5.459805e-01
     vertex  6.415465e-02  1.664028e-02  5.459830e-01
     vertex  6.415397e-02  1.665219e-02  5.460325e-01
   endloop
 endfacet
 facet normal -7.092882e-01 -7.003821e-01  7.984494e-02
   outer loop
     vertex  6.405342e-02  1.674808e-02  5.459805e-01
     vertex  6.415397e-02  1.665219e-02  5.460325e-01
     vertex  6.375779e-02  1.707149e-02  5.461911e-01
   endloop
 endfacet
 facet normal -8.051355e-01  5.892339e-01 -6.752960e-02
   outer loop
     vertex  5.724859e-02  3.918951e-02  5.459815e-01
     vertex  5.685969e-02  3.868212e-02  5.461911e-01
     vertex  5.726610e-02  3.921927e-02  5.460325e-01
   endloop
 endfacet
 facet normal -8.126998e-01  5.663590e-01 -1.369543e-01
   outer loop
     vertex  5.724859e-02  3.918951e-02  5.459815e-01
     vertex  5.716556e-02  3.907071e-02  5.459830e-01
     vertex  5.685969e-02  3.868212e-02  5.461911e-01
   endloop
 endfacet
 facet normal -8.079840e-01  5.872269e-01 -4.823228e-02
   outer loop
     vertex  5.733351e-02  3.930775e-02  5.459805e-01
     vertex  5.726610e-02  3.921927e-02  5.460325e-01
     vertex  5.738481e-02  3.937854e-02  5.459830e-01
   endloop
 endfacet
 facet normal -8.109762e-01  5.818669e-01 -6.122511e-02
   outer loop
     vertex  5.733351e-02  3.930775e-02  5.459805e-01
     vertex  5.724859e-02  3.918951e-02  5.459815e-01
     vertex  5.726610e-02  3.921927e-02  5.460325e-01
   endloop
 endfacet
 facet normal  6.931096e-03  4.314476e-03 -9.999667e-01
   outer loop
     vertex  8.322467e-02  3.946667e-02  5.459797e-01
     vertex  8.337984e-02  3.925328e-02  5.459799e-01
     vertex  8.388115e-02  3.840009e-02  5.459797e-01
   endloop
 endfacet
 facet normal  1.802465e-03  1.157808e-03 -9.999977e-01
   outer loop
     vertex  8.322467e-02  3.946667e-02  5.459797e-01
     vertex  8.388115e-02  3.840009e-02  5.459797e-01
     vertex  8.306186e-02  3.967555e-02  5.459797e-01
   endloop
 endfacet
 facet normal  7.223505e-01  5.558513e-01  4.113868e-01
   outer loop
     vertex  8.322467e-02  3.946667e-02  5.459797e-01
     vertex  8.315381e-02  3.955864e-02  5.459799e-01
     vertex  8.324385e-02  3.944117e-02  5.459805e-01
   endloop
 endfacet
 facet normal  2.075160e-01  1.615076e-01 -9.648069e-01
   outer loop
     vertex  8.322467e-02  3.946667e-02  5.459797e-01
     vertex  8.306186e-02  3.967555e-02  5.459797e-01
     vertex  8.315381e-02  3.955864e-02  5.459799e-01
   endloop
 endfacet
 facet normal  8.016369e-01  5.975524e-01 -1.759180e-02
   outer loop
     vertex  8.326904e-02  3.940735e-02  5.459799e-01
     vertex  8.324385e-02  3.944117e-02  5.459805e-01
     vertex  8.331482e-02  3.934632e-02  5.459929e-01
   endloop
 endfacet
 facet normal  8.946772e-02  6.433711e-02 -9.939096e-01
   outer loop
     vertex  8.326904e-02  3.940735e-02  5.459799e-01
     vertex  8.337984e-02  3.925328e-02  5.459799e-01
     vertex  8.322467e-02  3.946667e-02  5.459797e-01
   endloop
 endfacet
 facet normal  7.953140e-01  5.946741e-01 -1.176370e-01
   outer loop
     vertex  8.326904e-02  3.940735e-02  5.459799e-01
     vertex  8.322467e-02  3.946667e-02  5.459797e-01
     vertex  8.324385e-02  3.944117e-02  5.459805e-01
   endloop
 endfacet
 facet normal  8.000974e-01  5.846213e-01 -1.343953e-01
   outer loop
     vertex  8.331294e-02  3.934789e-02  5.459801e-01
     vertex  8.354840e-02  3.903769e-02  5.460325e-01
     vertex  8.341819e-02  3.920451e-02  5.459830e-01
   endloop
 endfacet
 facet normal  8.037629e-01  5.932118e-01 -4.544240e-02
   outer loop
     vertex  8.331294e-02  3.934789e-02  5.459801e-01
     vertex  8.326904e-02  3.940735e-02  5.459799e-01
     vertex  8.331482e-02  3.934632e-02  5.459929e-01
   endloop
 endfacet
 facet normal  2.179896e-01  1.567585e-01 -9.632795e-01
   outer loop
     vertex  8.331294e-02  3.934789e-02  5.459801e-01
     vertex  8.337984e-02  3.925328e-02  5.459799e-01
     vertex  8.326904e-02  3.940735e-02  5.459799e-01
   endloop
 endfacet
 facet normal  7.993192e-01  5.992908e-01 -4.403706e-02
   outer loop
     vertex  8.331294e-02  3.934789e-02  5.459801e-01
     vertex  8.331482e-02  3.934632e-02  5.459929e-01
     vertex  8.354840e-02  3.903769e-02  5.460325e-01
   endloop
 endfacet
 facet normal  5.835407e-01  4.145008e-01 -6.983332e-01
   outer loop
     vertex  8.331294e-02  3.934789e-02  5.459801e-01
     vertex  8.341819e-02  3.920451e-02  5.459830e-01
     vertex  8.337984e-02  3.925328e-02  5.459799e-01
   endloop
 endfacet
 facet normal  7.898012e-01  5.516778e-01 -2.680777e-01
   outer loop
     vertex  8.373816e-02  3.876934e-02  5.460393e-01
     vertex  8.346443e-02  3.913263e-02  5.459805e-01
     vertex  8.354840e-02  3.903769e-02  5.460325e-01
   endloop
 endfacet
 facet normal  8.299150e-01  4.457315e-01 -3.355064e-01
   outer loop
     vertex  8.373816e-02  3.876934e-02  5.460393e-01
     vertex  8.395500e-02  3.847983e-02  5.461911e-01
     vertex  8.374359e-02  3.872427e-02  5.459929e-01
   endloop
 endfacet
 facet normal  8.153962e-01  5.748456e-01 -6.842220e-02
   outer loop
     vertex  8.373816e-02  3.876934e-02  5.460393e-01
     vertex  8.354840e-02  3.903769e-02  5.460325e-01
     vertex  8.395500e-02  3.847983e-02  5.461911e-01
   endloop
 endfacet
 facet normal  7.608746e-01  5.078871e-01 -4.038818e-01
   outer loop
     vertex  8.373816e-02  3.876934e-02  5.460393e-01
     vertex  8.374359e-02  3.872427e-02  5.459929e-01
     vertex  8.346443e-02  3.913263e-02  5.459805e-01
   endloop
 endfacet
 facet normal  5.742821e-01 -4.921872e-01 -6.541803e-01
   outer loop
     vertex  7.696047e-02  1.712712e-02  5.459799e-01
     vertex  7.716955e-02  1.737072e-02  5.459801e-01
     vertex  7.700746e-02  1.717783e-02  5.459830e-01
   endloop
 endfacet
 facet normal  7.233139e-01 -6.766572e-01  1.376659e-01
   outer loop
     vertex  7.656602e-02  1.668660e-02  5.459801e-01
     vertex  7.657267e-02  1.670437e-02  5.460325e-01
     vertex  7.647301e-02  1.658725e-02  5.459805e-01
   endloop
 endfacet
 facet normal -7.393964e-01 -6.732580e-01 -4.079675e-03
   outer loop
     vertex  6.395094e-02  1.686064e-02  5.459801e-01
     vertex  6.405342e-02  1.674808e-02  5.459805e-01
     vertex  6.375779e-02  1.707149e-02  5.461911e-01
   endloop
 endfacet
 facet normal -7.412967e-01 -6.711304e-01 -7.946235e-03
   outer loop
     vertex  6.395094e-02  1.686064e-02  5.459801e-01
     vertex  6.375779e-02  1.707149e-02  5.461911e-01
     vertex  6.373683e-02  1.709699e-02  5.459929e-01
   endloop
 endfacet
 facet normal -1.351164e-01 -1.001155e-01 -9.857588e-01
   outer loop
     vertex  6.312848e-02  1.783497e-02  5.459797e-01
     vertex  6.291361e-02  1.809294e-02  5.459830e-01
     vertex  6.210048e-02  1.922288e-02  5.459797e-01
   endloop
 endfacet
 facet normal -1.451097e-01  8.412460e-02 -9.858328e-01
   outer loop
     vertex  5.714048e-02  3.901806e-02  5.459797e-01
     vertex  5.689285e-02  3.859030e-02  5.459797e-01
     vertex  5.696407e-02  3.875187e-02  5.459830e-01
   endloop
 endfacet
 facet normal -1.196755e-01  6.721137e-02 -9.905354e-01
   outer loop
     vertex  5.714048e-02  3.901806e-02  5.459797e-01
     vertex  5.696407e-02  3.875187e-02  5.459830e-01
     vertex  5.712120e-02  3.899514e-02  5.459805e-01
   endloop
 endfacet
 facet normal -7.082276e-01  5.626020e-01  4.264887e-01
   outer loop
     vertex  5.749081e-02  3.951805e-02  5.459801e-01
     vertex  5.749854e-02  3.951812e-02  5.459929e-01
     vertex  5.756353e-02  3.960932e-02  5.459805e-01
   endloop
 endfacet
 facet normal -6.904307e-01  5.921392e-01  4.155438e-01
   outer loop
     vertex  5.749081e-02  3.951805e-02  5.459801e-01
     vertex  5.726610e-02  3.921927e-02  5.460325e-01
     vertex  5.749854e-02  3.951812e-02  5.459929e-01
   endloop
 endfacet
 facet normal -3.719267e-01  2.952568e-01  8.800534e-01
   outer loop
     vertex  5.758122e-02  3.963391e-02  5.459797e-01
     vertex  5.756353e-02  3.960932e-02  5.459805e-01
     vertex  5.762182e-02  3.967536e-02  5.459830e-01
   endloop
 endfacet
 facet normal -3.955742e-01  3.117595e-01  8.639022e-01
   outer loop
     vertex  5.758122e-02  3.963391e-02  5.459797e-01
     vertex  5.749081e-02  3.951805e-02  5.459801e-01
     vertex  5.756353e-02  3.960932e-02  5.459805e-01
   endloop
 endfacet
 facet normal  7.299872e-01 -6.586843e-01 -1.823557e-01
   outer loop
     vertex  7.665889e-02  1.678768e-02  5.459799e-01
     vertex  7.675161e-02  1.689048e-02  5.459797e-01
     vertex  7.677495e-02  1.691613e-02  5.459805e-01
   endloop
 endfacet
 facet normal  7.296066e-01 -6.707020e-01  1.335404e-01
   outer loop
     vertex  7.665889e-02  1.678768e-02  5.459799e-01
     vertex  7.686592e-02  1.701548e-02  5.459929e-01
     vertex  7.657267e-02  1.670437e-02  5.460325e-01
   endloop
 endfacet
 facet normal  7.298341e-01 -6.702306e-01  1.346591e-01
   outer loop
     vertex  7.665889e-02  1.678768e-02  5.459799e-01
     vertex  7.657267e-02  1.670437e-02  5.460325e-01
     vertex  7.656602e-02  1.668660e-02  5.459801e-01
   endloop
 endfacet
 facet normal  7.400891e-01 -6.683299e-01 -7.485510e-02
   outer loop
     vertex  7.665889e-02  1.678768e-02  5.459799e-01
     vertex  7.677495e-02  1.691613e-02  5.459805e-01
     vertex  7.686592e-02  1.701548e-02  5.459929e-01
   endloop
 endfacet
 facet normal  5.225120e-01 -4.866235e-01  7.001277e-01
   outer loop
     vertex  7.655453e-02  1.667376e-02  5.459798e-01
     vertex  7.656602e-02  1.668660e-02  5.459801e-01
     vertex  7.647301e-02  1.658725e-02  5.459805e-01
   endloop
 endfacet
 facet normal  5.231477e-01 -4.708459e-01  7.103665e-01
   outer loop
     vertex  7.634596e-02  1.645116e-02  5.459797e-01
     vertex  7.635731e-02  1.646406e-02  5.459799e-01
     vertex  7.625795e-02  1.637328e-02  5.459929e-01
   endloop
 endfacet
 facet normal  6.073979e-01 -5.977945e-01  5.231725e-01
   outer loop
     vertex  7.634596e-02  1.645116e-02  5.459797e-01
     vertex  7.625795e-02  1.637328e-02  5.459929e-01
     vertex  7.617107e-02  1.627416e-02  5.459805e-01
   endloop
 endfacet
 facet normal  1.631234e-01 -1.581010e-01  9.738557e-01
   outer loop
     vertex  7.634596e-02  1.645116e-02  5.459797e-01
     vertex  7.647301e-02  1.658725e-02  5.459805e-01
     vertex  7.635731e-02  1.646406e-02  5.459799e-01
   endloop
 endfacet
 facet normal  6.749737e-01 -6.655088e-01  3.186040e-01
   outer loop
     vertex  7.634596e-02  1.645116e-02  5.459797e-01
     vertex  7.617107e-02  1.627416e-02  5.459805e-01
     vertex  7.594055e-02  1.603997e-02  5.459797e-01
   endloop
 endfacet
 facet normal -7.278451e-01 -6.456678e-01 -2.309863e-01
   outer loop
     vertex  6.384986e-02  1.697429e-02  5.459797e-01
     vertex  6.373683e-02  1.709699e-02  5.459929e-01
     vertex  6.374389e-02  1.709346e-02  5.459805e-01
   endloop
 endfacet
 facet normal -7.025156e-01 -6.169516e-01 -3.547430e-01
   outer loop
     vertex  6.364297e-02  1.721139e-02  5.459798e-01
     vertex  6.373683e-02  1.709699e-02  5.459929e-01
     vertex  6.353413e-02  1.733349e-02  5.459830e-01
   endloop
 endfacet
 facet normal -7.368644e-01 -6.319977e-01 -2.400204e-01
   outer loop
     vertex  6.364297e-02  1.721139e-02  5.459798e-01
     vertex  6.374389e-02  1.709346e-02  5.459805e-01
     vertex  6.373683e-02  1.709699e-02  5.459929e-01
   endloop
 endfacet
 facet normal -5.121514e-01 -4.372262e-01 -7.392795e-01
   outer loop
     vertex  6.353944e-02  1.733250e-02  5.459799e-01
     vertex  6.364297e-02  1.721139e-02  5.459798e-01
     vertex  6.353413e-02  1.733349e-02  5.459830e-01
   endloop
 endfacet
 facet normal -7.031677e-01 -5.290000e-01 -4.750938e-01
   outer loop
     vertex  6.300930e-02  1.795610e-02  5.459937e-01
     vertex  6.289758e-02  1.806976e-02  5.460325e-01
     vertex  6.291361e-02  1.809294e-02  5.459830e-01
   endloop
 endfacet
 facet normal -7.284258e-01 -6.085988e-01 -3.146482e-01
   outer loop
     vertex  6.300930e-02  1.795610e-02  5.459937e-01
     vertex  6.353413e-02  1.733349e-02  5.459830e-01
     vertex  6.289758e-02  1.806976e-02  5.460325e-01
   endloop
 endfacet
 facet normal -3.465421e-01  2.311509e-01 -9.091082e-01
   outer loop
     vertex  5.727637e-02  3.922430e-02  5.459798e-01
     vertex  5.716556e-02  3.907071e-02  5.459830e-01
     vertex  5.724859e-02  3.918951e-02  5.459815e-01
   endloop
 endfacet
 facet normal -3.561271e-01  2.478869e-01 -9.009581e-01
   outer loop
     vertex  5.735201e-02  3.933152e-02  5.459797e-01
     vertex  5.724859e-02  3.918951e-02  5.459815e-01
     vertex  5.733351e-02  3.930775e-02  5.459805e-01
   endloop
 endfacet
 facet normal  1.455615e-02 -1.110073e-02 -9.998324e-01
   outer loop
     vertex  7.734826e-02  1.758934e-02  5.459797e-01
     vertex  7.835026e-02  1.890352e-02  5.459797e-01
     vertex  7.756363e-02  1.785344e-02  5.459799e-01
   endloop
 endfacet
 facet normal  7.425542e-01 -6.697315e-01  8.539540e-03
   outer loop
     vertex  7.665309e-02  1.678124e-02  5.459797e-01
     vertex  7.675161e-02  1.689048e-02  5.459797e-01
     vertex  7.665889e-02  1.678768e-02  5.459799e-01
   endloop
 endfacet
 facet normal  6.402510e-01 -5.870000e-01  4.954892e-01
   outer loop
     vertex  7.665309e-02  1.678124e-02  5.459797e-01
     vertex  7.665889e-02  1.678768e-02  5.459799e-01
     vertex  7.656602e-02  1.668660e-02  5.459801e-01
   endloop
 endfacet
 facet normal  3.825848e-01 -3.535099e-01  8.536156e-01
   outer loop
     vertex  7.654876e-02  1.666730e-02  5.459797e-01
     vertex  7.655453e-02  1.667376e-02  5.459798e-01
     vertex  7.647301e-02  1.658725e-02  5.459805e-01
   endloop
 endfacet
 facet normal  6.308891e-01 -5.919620e-01  5.015576e-01
   outer loop
     vertex  7.654876e-02  1.666730e-02  5.459797e-01
     vertex  7.647301e-02  1.658725e-02  5.459805e-01
     vertex  7.634596e-02  1.645116e-02  5.459797e-01
   endloop
 endfacet
 facet normal -5.259391e-01 -5.034986e-01  6.854759e-01
   outer loop
     vertex  6.421039e-02  1.657756e-02  5.459797e-01
     vertex  6.436296e-02  1.641931e-02  5.459805e-01
     vertex  6.415465e-02  1.664028e-02  5.459830e-01
   endloop
 endfacet
 facet normal -7.109063e-01 -6.845517e-01  1.612487e-01
   outer loop
     vertex  6.421039e-02  1.657756e-02  5.459797e-01
     vertex  6.457081e-02  1.620327e-02  5.459797e-01
     vertex  6.436296e-02  1.641931e-02  5.459805e-01
   endloop
 endfacet
 facet normal -6.597883e-01 -6.095134e-01  4.395143e-01
   outer loop
     vertex  6.421039e-02  1.657756e-02  5.459797e-01
     vertex  6.415465e-02  1.664028e-02  5.459830e-01
     vertex  6.415778e-02  1.663466e-02  5.459799e-01
   endloop
 endfacet
 facet normal -6.715254e-01 -6.100962e-01  4.205191e-01
   outer loop
     vertex  6.400374e-02  1.680226e-02  5.459797e-01
     vertex  6.405342e-02  1.674808e-02  5.459805e-01
     vertex  6.395094e-02  1.686064e-02  5.459801e-01
   endloop
 endfacet
 facet normal -3.078405e-01  2.290803e-01  9.234481e-01
   outer loop
     vertex  5.758574e-02  3.964017e-02  5.459797e-01
     vertex  5.758122e-02  3.963391e-02  5.459797e-01
     vertex  5.762182e-02  3.967536e-02  5.459830e-01
   endloop
 endfacet
 facet normal -4.060248e-01  3.366948e-01  8.495766e-01
   outer loop
     vertex  5.758574e-02  3.964017e-02  5.459797e-01
     vertex  5.762182e-02  3.967536e-02  5.459830e-01
     vertex  5.774970e-02  3.983790e-02  5.459797e-01
   endloop
 endfacet
 facet normal -2.913457e-01  2.286553e-01  9.288888e-01
   outer loop
     vertex  5.758574e-02  3.964017e-02  5.459797e-01
     vertex  5.750438e-02  3.953640e-02  5.459797e-01
     vertex  5.749982e-02  3.953024e-02  5.459798e-01
   endloop
 endfacet
 facet normal -6.988274e-02  5.808112e-02  9.958629e-01
   outer loop
     vertex  5.758574e-02  3.964017e-02  5.459797e-01
     vertex  5.749081e-02  3.951805e-02  5.459801e-01
     vertex  5.758122e-02  3.963391e-02  5.459797e-01
   endloop
 endfacet
 facet normal -4.993717e-01  3.910782e-01  7.731014e-01
   outer loop
     vertex  5.758574e-02  3.964017e-02  5.459797e-01
     vertex  5.749982e-02  3.953024e-02  5.459798e-01
     vertex  5.749081e-02  3.951805e-02  5.459801e-01
   endloop
 endfacet
 facet normal  4.958784e-01 -4.369623e-01 -7.504456e-01
   outer loop
     vertex  7.757620e-02  1.784501e-02  5.459931e-01
     vertex  7.756363e-02  1.785344e-02  5.459799e-01
     vertex  7.761275e-02  1.790387e-02  5.459830e-01
   endloop
 endfacet
 facet normal  6.671724e-01 -5.079998e-01 -5.448093e-01
   outer loop
     vertex  7.757620e-02  1.784501e-02  5.459931e-01
     vertex  7.761275e-02  1.790387e-02  5.459830e-01
     vertex  7.779824e-02  1.809432e-02  5.460325e-01
   endloop
 endfacet
 facet normal  7.663251e-01 -6.420571e-01 -2.254866e-02
   outer loop
     vertex  7.728847e-02  1.748588e-02  5.460329e-01
     vertex  7.779824e-02  1.809432e-02  5.460325e-01
     vertex  7.719022e-02  1.736305e-02  5.461911e-01
   endloop
 endfacet
 facet normal  7.421963e-01 -6.677141e-01 -5.746791e-02
   outer loop
     vertex  7.728847e-02  1.748588e-02  5.460329e-01
     vertex  7.719022e-02  1.736305e-02  5.461911e-01
     vertex  7.700746e-02  1.717783e-02  5.459830e-01
   endloop
 endfacet
 facet normal  7.290434e-01 -6.169651e-01 -2.963947e-01
   outer loop
     vertex  7.728847e-02  1.748588e-02  5.460329e-01
     vertex  7.700746e-02  1.717783e-02  5.459830e-01
     vertex  7.716955e-02  1.737072e-02  5.459801e-01
   endloop
 endfacet
 facet normal  7.427541e-01 -6.224612e-01 -2.466948e-01
   outer loop
     vertex  7.728847e-02  1.748588e-02  5.460329e-01
     vertex  7.757620e-02  1.784501e-02  5.459931e-01
     vertex  7.779824e-02  1.809432e-02  5.460325e-01
   endloop
 endfacet
 facet normal  7.277502e-01 -5.956504e-01 -3.399710e-01
   outer loop
     vertex  7.728847e-02  1.748588e-02  5.460329e-01
     vertex  7.716955e-02  1.737072e-02  5.459801e-01
     vertex  7.734826e-02  1.758934e-02  5.459797e-01
   endloop
 endfacet
 facet normal  2.040994e-01 -1.741487e-01 -9.633357e-01
   outer loop
     vertex  7.694857e-02  1.711424e-02  5.459797e-01
     vertex  7.716955e-02  1.737072e-02  5.459801e-01
     vertex  7.696047e-02  1.712712e-02  5.459799e-01
   endloop
 endfacet
 facet normal  8.726471e-02 -7.343489e-02 -9.934748e-01
   outer loop
     vertex  7.694857e-02  1.711424e-02  5.459797e-01
     vertex  7.734826e-02  1.758934e-02  5.459797e-01
     vertex  7.716955e-02  1.737072e-02  5.459801e-01
   endloop
 endfacet
 facet normal  2.794103e-01 -2.442742e-01 -9.285796e-01
   outer loop
     vertex  7.684715e-02  1.699825e-02  5.459797e-01
     vertex  7.694857e-02  1.711424e-02  5.459797e-01
     vertex  7.696047e-02  1.712712e-02  5.459799e-01
   endloop
 endfacet
 facet normal  6.454046e-01 -5.667683e-01 -5.120806e-01
   outer loop
     vertex  7.684715e-02  1.699825e-02  5.459797e-01
     vertex  7.696047e-02  1.712712e-02  5.459799e-01
     vertex  7.700746e-02  1.717783e-02  5.459830e-01
   endloop
 endfacet
 facet normal  6.496171e-01 -5.760870e-01 -4.961062e-01
   outer loop
     vertex  7.684715e-02  1.699825e-02  5.459797e-01
     vertex  7.677495e-02  1.691613e-02  5.459805e-01
     vertex  7.675161e-02  1.689048e-02  5.459797e-01
   endloop
 endfacet
 facet normal  2.084309e-03 -1.773872e-03 -9.999963e-01
   outer loop
     vertex  7.684715e-02  1.699825e-02  5.459797e-01
     vertex  7.734826e-02  1.758934e-02  5.459797e-01
     vertex  7.694857e-02  1.711424e-02  5.459797e-01
   endloop
 endfacet
 facet normal  7.337338e-01 -6.514804e-01 -1.928938e-01
   outer loop
     vertex  7.684715e-02  1.699825e-02  5.459797e-01
     vertex  7.700746e-02  1.717783e-02  5.459830e-01
     vertex  7.686592e-02  1.701548e-02  5.459929e-01
   endloop
 endfacet
 facet normal  7.350096e-01 -6.482023e-01 -1.989840e-01
   outer loop
     vertex  7.684715e-02  1.699825e-02  5.459797e-01
     vertex  7.686592e-02  1.701548e-02  5.459929e-01
     vertex  7.677495e-02  1.691613e-02  5.459805e-01
   endloop
 endfacet
 facet normal  7.419468e-01 -6.691750e-01  4.147012e-02
   outer loop
     vertex  7.665018e-02  1.677801e-02  5.459797e-01
     vertex  7.675161e-02  1.689048e-02  5.459797e-01
     vertex  7.665309e-02  1.678124e-02  5.459797e-01
   endloop
 endfacet
 facet normal  5.693585e-01 -5.212124e-01  6.357425e-01
   outer loop
     vertex  7.665018e-02  1.677801e-02  5.459797e-01
     vertex  7.665309e-02  1.678124e-02  5.459797e-01
     vertex  7.656602e-02  1.668660e-02  5.459801e-01
   endloop
 endfacet
 facet normal  5.449596e-02 -4.872092e-02 -9.973247e-01
   outer loop
     vertex  7.664435e-02  1.677155e-02  5.459797e-01
     vertex  7.684715e-02  1.699825e-02  5.459797e-01
     vertex  7.675161e-02  1.689048e-02  5.459797e-01
   endloop
 endfacet
 facet normal  4.627669e-01 -4.241691e-01  7.784134e-01
   outer loop
     vertex  7.664435e-02  1.677155e-02  5.459797e-01
     vertex  7.655453e-02  1.667376e-02  5.459798e-01
     vertex  7.654876e-02  1.666730e-02  5.459797e-01
   endloop
 endfacet
 facet normal  1.265854e-03 -1.216704e-03 -9.999985e-01
   outer loop
     vertex  7.664435e-02  1.677155e-02  5.459797e-01
     vertex  7.634596e-02  1.645116e-02  5.459797e-01
     vertex  7.594055e-02  1.603997e-02  5.459797e-01
   endloop
 endfacet
 facet normal  4.326176e-01 -3.945113e-01  8.106805e-01
   outer loop
     vertex  7.664435e-02  1.677155e-02  5.459797e-01
     vertex  7.665018e-02  1.677801e-02  5.459797e-01
     vertex  7.656602e-02  1.668660e-02  5.459801e-01
   endloop
 endfacet
 facet normal  9.146063e-06 -7.696531e-06 -1.000000e+00
   outer loop
     vertex  7.664435e-02  1.677155e-02  5.459797e-01
     vertex  7.594055e-02  1.603997e-02  5.459797e-01
     vertex  7.835026e-02  1.890352e-02  5.459797e-01
   endloop
 endfacet
 facet normal  6.277545e-01 -5.760236e-01  5.235657e-01
   outer loop
     vertex  7.664435e-02  1.677155e-02  5.459797e-01
     vertex  7.656602e-02  1.668660e-02  5.459801e-01
     vertex  7.655453e-02  1.667376e-02  5.459798e-01
   endloop
 endfacet
 facet normal  7.340750e-01 -6.620871e-01  1.509125e-01
   outer loop
     vertex  7.664435e-02  1.677155e-02  5.459797e-01
     vertex  7.675161e-02  1.689048e-02  5.459797e-01
     vertex  7.665018e-02  1.677801e-02  5.459797e-01
   endloop
 endfacet
 facet normal  1.629640e-02 -1.521531e-02 -9.997514e-01
   outer loop
     vertex  7.664435e-02  1.677155e-02  5.459797e-01
     vertex  7.654876e-02  1.666730e-02  5.459797e-01
     vertex  7.634596e-02  1.645116e-02  5.459797e-01
   endloop
 endfacet
 facet normal  5.506512e-05 -4.443884e-05 -1.000000e+00
   outer loop
     vertex  7.664435e-02  1.677155e-02  5.459797e-01
     vertex  7.835026e-02  1.890352e-02  5.459797e-01
     vertex  7.734826e-02  1.758934e-02  5.459797e-01
   endloop
 endfacet
 facet normal  7.544699e-04 -6.464515e-04 -9.999995e-01
   outer loop
     vertex  7.664435e-02  1.677155e-02  5.459797e-01
     vertex  7.734826e-02  1.758934e-02  5.459797e-01
     vertex  7.684715e-02  1.699825e-02  5.459797e-01
   endloop
 endfacet
 facet normal -6.305443e-01 -5.802235e-01  5.155140e-01
   outer loop
     vertex  6.410709e-02  1.668905e-02  5.459797e-01
     vertex  6.415465e-02  1.664028e-02  5.459830e-01
     vertex  6.405342e-02  1.674808e-02  5.459805e-01
   endloop
 endfacet
 facet normal -4.882604e-01 -4.525539e-01  7.461881e-01
   outer loop
     vertex  6.410709e-02  1.668905e-02  5.459797e-01
     vertex  6.421039e-02  1.657756e-02  5.459797e-01
     vertex  6.415778e-02  1.663466e-02  5.459799e-01
   endloop
 endfacet
 facet normal -6.562171e-01 -6.100507e-01  4.440916e-01
   outer loop
     vertex  6.410709e-02  1.668905e-02  5.459797e-01
     vertex  6.415778e-02  1.663466e-02  5.459799e-01
     vertex  6.415465e-02  1.664028e-02  5.459830e-01
   endloop
 endfacet
 facet normal -6.617476e-01 -6.007431e-01  4.485508e-01
   outer loop
     vertex  6.403014e-02  1.677312e-02  5.459797e-01
     vertex  6.405342e-02  1.674808e-02  5.459805e-01
     vertex  6.400374e-02  1.680226e-02  5.459797e-01
   endloop
 endfacet
 facet normal -4.387783e-02 -4.042247e-02 -9.982188e-01
   outer loop
     vertex  6.403014e-02  1.677312e-02  5.459797e-01
     vertex  6.421039e-02  1.657756e-02  5.459797e-01
     vertex  6.410709e-02  1.668905e-02  5.459797e-01
   endloop
 endfacet
 facet normal -7.000193e-01 -6.406865e-01  3.154262e-01
   outer loop
     vertex  6.403014e-02  1.677312e-02  5.459797e-01
     vertex  6.410709e-02  1.668905e-02  5.459797e-01
     vertex  6.405342e-02  1.674808e-02  5.459805e-01
   endloop
 endfacet
 facet normal -6.878849e-01 -6.196415e-01 -3.779668e-01
   outer loop
     vertex  6.392678e-02  1.688772e-02  5.459797e-01
     vertex  6.400374e-02  1.680226e-02  5.459797e-01
     vertex  6.395094e-02  1.686064e-02  5.459801e-01
   endloop
 endfacet
 facet normal -4.356695e-01 -3.927223e-01 -8.099144e-01
   outer loop
     vertex  6.392678e-02  1.688772e-02  5.459797e-01
     vertex  6.403014e-02  1.677312e-02  5.459797e-01
     vertex  6.400374e-02  1.680226e-02  5.459797e-01
   endloop
 endfacet
 facet normal -7.371034e-01 -6.599058e-01 -1.456123e-01
   outer loop
     vertex  6.392678e-02  1.688772e-02  5.459797e-01
     vertex  6.395094e-02  1.686064e-02  5.459801e-01
     vertex  6.373683e-02  1.709699e-02  5.459929e-01
   endloop
 endfacet
 facet normal -1.670201e-02 -1.240812e-02 -9.997835e-01
   outer loop
     vertex  6.315535e-02  1.780290e-02  5.459797e-01
     vertex  6.312848e-02  1.783497e-02  5.459797e-01
     vertex  6.210048e-02  1.922288e-02  5.459797e-01
   endloop
 endfacet
 facet normal -5.140015e-01 -4.200267e-01 -7.479171e-01
   outer loop
     vertex  6.315535e-02  1.780290e-02  5.459797e-01
     vertex  6.353944e-02  1.733250e-02  5.459799e-01
     vertex  6.353413e-02  1.733349e-02  5.459830e-01
   endloop
 endfacet
 facet normal -1.786037e-01  1.172459e-01 -9.769105e-01
   outer loop
     vertex  5.721468e-02  3.913067e-02  5.459797e-01
     vertex  5.714048e-02  3.901806e-02  5.459797e-01
     vertex  5.712120e-02  3.899514e-02  5.459805e-01
   endloop
 endfacet
 facet normal -3.233462e-01  2.141540e-01 -9.217295e-01
   outer loop
     vertex  5.721468e-02  3.913067e-02  5.459797e-01
     vertex  5.716556e-02  3.907071e-02  5.459830e-01
     vertex  5.727637e-02  3.922430e-02  5.459798e-01
   endloop
 endfacet
 facet normal -7.146349e-03  4.257759e-03 -9.999654e-01
   outer loop
     vertex  5.721468e-02  3.913067e-02  5.459797e-01
     vertex  5.689285e-02  3.859030e-02  5.459797e-01
     vertex  5.714048e-02  3.901806e-02  5.459797e-01
   endloop
 endfacet
 facet normal -3.440649e-01  2.317816e-01 -9.098883e-01
   outer loop
     vertex  5.721468e-02  3.913067e-02  5.459797e-01
     vertex  5.712120e-02  3.899514e-02  5.459805e-01
     vertex  5.716556e-02  3.907071e-02  5.459830e-01
   endloop
 endfacet
 facet normal -1.517443e-01  1.192164e-01  9.812039e-01
   outer loop
     vertex  5.750667e-02  3.953950e-02  5.459797e-01
     vertex  5.750438e-02  3.953640e-02  5.459797e-01
     vertex  5.758574e-02  3.964017e-02  5.459797e-01
   endloop
 endfacet
 facet normal  5.197598e-01 -4.045407e-01 -7.524603e-01
   outer loop
     vertex  7.746293e-02  1.771801e-02  5.459831e-01
     vertex  7.756363e-02  1.785344e-02  5.459799e-01
     vertex  7.757620e-02  1.784501e-02  5.459931e-01
   endloop
 endfacet
 facet normal  7.144538e-01 -6.103685e-01 -3.420614e-01
   outer loop
     vertex  7.746293e-02  1.771801e-02  5.459831e-01
     vertex  7.757620e-02  1.784501e-02  5.459931e-01
     vertex  7.728847e-02  1.748588e-02  5.460329e-01
   endloop
 endfacet
 facet normal  6.898945e-01 -6.041020e-01 -3.988812e-01
   outer loop
     vertex  7.746293e-02  1.771801e-02  5.459831e-01
     vertex  7.728847e-02  1.748588e-02  5.460329e-01
     vertex  7.734826e-02  1.758934e-02  5.459797e-01
   endloop
 endfacet
 facet normal  3.150018e-01 -2.561714e-01 -9.138655e-01
   outer loop
     vertex  7.746293e-02  1.771801e-02  5.459831e-01
     vertex  7.734826e-02  1.758934e-02  5.459797e-01
     vertex  7.756363e-02  1.785344e-02  5.459799e-01
   endloop
 endfacet
 facet normal -3.091204e-04 -2.890417e-04 -9.999999e-01
   outer loop
     vertex  6.386311e-02  1.695943e-02  5.459797e-01
     vertex  6.457081e-02  1.620327e-02  5.459797e-01
     vertex  6.421039e-02  1.657756e-02  5.459797e-01
   endloop
 endfacet
 facet normal -2.321412e-03 -2.119071e-03 -9.999951e-01
   outer loop
     vertex  6.386311e-02  1.695943e-02  5.459797e-01
     vertex  6.421039e-02  1.657756e-02  5.459797e-01
     vertex  6.403014e-02  1.677312e-02  5.459797e-01
   endloop
 endfacet
 facet normal -5.869414e-02 -5.265832e-02 -9.968862e-01
   outer loop
     vertex  6.386311e-02  1.695943e-02  5.459797e-01
     vertex  6.403014e-02  1.677312e-02  5.459797e-01
     vertex  6.392678e-02  1.688772e-02  5.459797e-01
   endloop
 endfacet
 facet normal -7.281024e-01 -6.465733e-01 -2.276176e-01
   outer loop
     vertex  6.386311e-02  1.695943e-02  5.459797e-01
     vertex  6.392678e-02  1.688772e-02  5.459797e-01
     vertex  6.373683e-02  1.709699e-02  5.459929e-01
   endloop
 endfacet
 facet normal -7.310610e-01 -6.517614e-01 -2.018835e-01
   outer loop
     vertex  6.386311e-02  1.695943e-02  5.459797e-01
     vertex  6.373683e-02  1.709699e-02  5.459929e-01
     vertex  6.384986e-02  1.697429e-02  5.459797e-01
   endloop
 endfacet
 facet normal -2.263179e-06 -1.851496e-06 -1.000000e+00
   outer loop
     vertex  6.386311e-02  1.695943e-02  5.459797e-01
     vertex  6.210048e-02  1.922288e-02  5.459797e-01
     vertex  6.457081e-02  1.620327e-02  5.459797e-01
   endloop
 endfacet
 facet normal -1.335423e-05 -1.048850e-05 -1.000000e+00
   outer loop
     vertex  6.386311e-02  1.695943e-02  5.459797e-01
     vertex  6.315535e-02  1.780290e-02  5.459797e-01
     vertex  6.210048e-02  1.922288e-02  5.459797e-01
   endloop
 endfacet
 facet normal -4.518750e-02 -3.944301e-02 -9.981995e-01
   outer loop
     vertex  6.368285e-02  1.716590e-02  5.459797e-01
     vertex  6.386311e-02  1.695943e-02  5.459797e-01
     vertex  6.384986e-02  1.697429e-02  5.459797e-01
   endloop
 endfacet
 facet normal -3.760307e-02 -3.114085e-02 -9.988074e-01
   outer loop
     vertex  6.368285e-02  1.716590e-02  5.459797e-01
     vertex  6.353944e-02  1.733250e-02  5.459799e-01
     vertex  6.315535e-02  1.780290e-02  5.459797e-01
   endloop
 endfacet
 facet normal -2.090350e-04 -1.746854e-04 -1.000000e+00
   outer loop
     vertex  6.368285e-02  1.716590e-02  5.459797e-01
     vertex  6.315535e-02  1.780290e-02  5.459797e-01
     vertex  6.386311e-02  1.695943e-02  5.459797e-01
   endloop
 endfacet
 facet normal -3.460042e-01 -3.016273e-01 -8.884268e-01
   outer loop
     vertex  6.368285e-02  1.716590e-02  5.459797e-01
     vertex  6.384986e-02  1.697429e-02  5.459797e-01
     vertex  6.374389e-02  1.709346e-02  5.459805e-01
   endloop
 endfacet
 facet normal -3.576512e-01 -3.113493e-01 -8.804245e-01
   outer loop
     vertex  6.368285e-02  1.716590e-02  5.459797e-01
     vertex  6.374389e-02  1.709346e-02  5.459805e-01
     vertex  6.364297e-02  1.721139e-02  5.459798e-01
   endloop
 endfacet
 facet normal -8.009485e-02 -6.772193e-02 -9.944841e-01
   outer loop
     vertex  6.368285e-02  1.716590e-02  5.459797e-01
     vertex  6.364297e-02  1.721139e-02  5.459798e-01
     vertex  6.353944e-02  1.733250e-02  5.459799e-01
   endloop
 endfacet
 facet normal -3.282995e-01 -2.712811e-01 -9.047795e-01
   outer loop
     vertex  6.308135e-02  1.788056e-02  5.459832e-01
     vertex  6.315535e-02  1.780290e-02  5.459797e-01
     vertex  6.353413e-02  1.733349e-02  5.459830e-01
   endloop
 endfacet
 facet normal -3.442257e-01 -2.869531e-01 -8.939612e-01
   outer loop
     vertex  6.308135e-02  1.788056e-02  5.459832e-01
     vertex  6.312848e-02  1.783497e-02  5.459797e-01
     vertex  6.315535e-02  1.780290e-02  5.459797e-01
   endloop
 endfacet
 facet normal -5.775514e-01 -4.569806e-01 -6.764637e-01
   outer loop
     vertex  6.308135e-02  1.788056e-02  5.459832e-01
     vertex  6.300930e-02  1.795610e-02  5.459937e-01
     vertex  6.291361e-02  1.809294e-02  5.459830e-01
   endloop
 endfacet
 facet normal -6.304083e-01 -5.214795e-01 -5.750170e-01
   outer loop
     vertex  6.308135e-02  1.788056e-02  5.459832e-01
     vertex  6.353413e-02  1.733349e-02  5.459830e-01
     vertex  6.300930e-02  1.795610e-02  5.459937e-01
   endloop
 endfacet
 facet normal -2.970058e-01 -2.357177e-01 -9.253241e-01
   outer loop
     vertex  6.308135e-02  1.788056e-02  5.459832e-01
     vertex  6.291361e-02  1.809294e-02  5.459830e-01
     vertex  6.312848e-02  1.783497e-02  5.459797e-01
   endloop
 endfacet
 facet normal -4.571672e-01  3.235098e-01 -8.284562e-01
   outer loop
     vertex  5.735672e-02  3.933757e-02  5.459797e-01
     vertex  5.727637e-02  3.922430e-02  5.459798e-01
     vertex  5.724859e-02  3.918951e-02  5.459815e-01
   endloop
 endfacet
 facet normal -4.393437e-02  3.017371e-02 -9.985786e-01
   outer loop
     vertex  5.735672e-02  3.933757e-02  5.459797e-01
     vertex  5.721468e-02  3.913067e-02  5.459797e-01
     vertex  5.727637e-02  3.922430e-02  5.459798e-01
   endloop
 endfacet
 facet normal  9.135979e-02 -7.916000e-02 -9.926667e-01
   outer loop
     vertex  5.735672e-02  3.933757e-02  5.459797e-01
     vertex  5.724859e-02  3.918951e-02  5.459815e-01
     vertex  5.735201e-02  3.933152e-02  5.459797e-01
   endloop
 endfacet
 facet normal -4.960078e-01  3.603971e-01 -7.899938e-01
   outer loop
     vertex  5.739406e-02  3.938928e-02  5.459797e-01
     vertex  5.735201e-02  3.933152e-02  5.459797e-01
     vertex  5.733351e-02  3.930775e-02  5.459805e-01
   endloop
 endfacet
 facet normal -7.629194e-01  5.554482e-01 -3.308040e-01
   outer loop
     vertex  5.739406e-02  3.938928e-02  5.459797e-01
     vertex  5.738481e-02  3.937854e-02  5.459830e-01
     vertex  5.742030e-02  3.942545e-02  5.459799e-01
   endloop
 endfacet
 facet normal -1.363232e-01  9.838914e-02 -9.857665e-01
   outer loop
     vertex  5.739406e-02  3.938928e-02  5.459797e-01
     vertex  5.735672e-02  3.933757e-02  5.459797e-01
     vertex  5.735201e-02  3.933152e-02  5.459797e-01
   endloop
 endfacet
 facet normal -7.658575e-01  5.657078e-01 -3.056745e-01
   outer loop
     vertex  5.739406e-02  3.938928e-02  5.459797e-01
     vertex  5.733351e-02  3.930775e-02  5.459805e-01
     vertex  5.738481e-02  3.937854e-02  5.459830e-01
   endloop
 endfacet
 facet normal -1.101067e-03  7.676037e-04 -9.999991e-01
   outer loop
     vertex  5.739406e-02  3.938928e-02  5.459797e-01
     vertex  5.721468e-02  3.913067e-02  5.459797e-01
     vertex  5.735672e-02  3.933757e-02  5.459797e-01
   endloop
 endfacet
 facet normal -5.017123e-01  3.684716e-01 -7.826324e-01
   outer loop
     vertex  5.739406e-02  3.938928e-02  5.459797e-01
     vertex  5.742030e-02  3.942545e-02  5.459799e-01
     vertex  5.742954e-02  3.943762e-02  5.459797e-01
   endloop
 endfacet
 facet normal -7.924842e-01  6.067958e-01  6.138040e-02
   outer loop
     vertex  5.744519e-02  3.945843e-02  5.459806e-01
     vertex  5.726610e-02  3.921927e-02  5.460325e-01
     vertex  5.749081e-02  3.951805e-02  5.459801e-01
   endloop
 endfacet
 facet normal -7.978772e-01  6.025511e-01 -1.800311e-02
   outer loop
     vertex  5.744519e-02  3.945843e-02  5.459806e-01
     vertex  5.742030e-02  3.942545e-02  5.459799e-01
     vertex  5.738481e-02  3.937854e-02  5.459830e-01
   endloop
 endfacet
 facet normal -7.969608e-01  6.032942e-01  2.982612e-02
   outer loop
     vertex  5.744519e-02  3.945843e-02  5.459806e-01
     vertex  5.738481e-02  3.937854e-02  5.459830e-01
     vertex  5.726610e-02  3.921927e-02  5.460325e-01
   endloop
 endfacet
 facet normal -1.478652e-01  1.232564e-01  9.812970e-01
   outer loop
     vertex  5.744519e-02  3.945843e-02  5.459806e-01
     vertex  5.749982e-02  3.953024e-02  5.459798e-01
     vertex  5.750438e-02  3.953640e-02  5.459797e-01
   endloop
 endfacet
 facet normal  2.153232e-01 -1.525961e-01  9.645467e-01
   outer loop
     vertex  5.744519e-02  3.945843e-02  5.459806e-01
     vertex  5.750438e-02  3.953640e-02  5.459797e-01
     vertex  5.750667e-02  3.953950e-02  5.459797e-01
   endloop
 endfacet
 facet normal -5.651712e-01  4.375888e-01  6.993551e-01
   outer loop
     vertex  5.744519e-02  3.945843e-02  5.459806e-01
     vertex  5.749081e-02  3.951805e-02  5.459801e-01
     vertex  5.749982e-02  3.953024e-02  5.459798e-01
   endloop
 endfacet
 facet normal -9.200813e-03  7.186094e-03 -9.999319e-01
   outer loop
     vertex  5.747018e-02  3.949180e-02  5.459797e-01
     vertex  5.750667e-02  3.953950e-02  5.459797e-01
     vertex  5.758574e-02  3.964017e-02  5.459797e-01
   endloop
 endfacet
 facet normal -2.830442e-05  1.835016e-05 -1.000000e+00
   outer loop
     vertex  5.747018e-02  3.949180e-02  5.459797e-01
     vertex  5.689285e-02  3.859030e-02  5.459797e-01
     vertex  5.721468e-02  3.913067e-02  5.459797e-01
   endloop
 endfacet
 facet normal -7.953582e-01  5.981966e-01  9.780616e-02
   outer loop
     vertex  5.747018e-02  3.949180e-02  5.459797e-01
     vertex  5.742030e-02  3.942545e-02  5.459799e-01
     vertex  5.744519e-02  3.945843e-02  5.459806e-01
   endloop
 endfacet
 facet normal -2.902549e-02  2.153598e-02 -9.993466e-01
   outer loop
     vertex  5.747018e-02  3.949180e-02  5.459797e-01
     vertex  5.739406e-02  3.938928e-02  5.459797e-01
     vertex  5.742954e-02  3.943762e-02  5.459797e-01
   endloop
 endfacet
 facet normal -7.185138e-01  5.495644e-01  4.262826e-01
   outer loop
     vertex  5.747018e-02  3.949180e-02  5.459797e-01
     vertex  5.744519e-02  3.945843e-02  5.459806e-01
     vertex  5.750667e-02  3.953950e-02  5.459797e-01
   endloop
 endfacet
 facet normal -7.281206e-04  5.874525e-04 -9.999996e-01
   outer loop
     vertex  5.747018e-02  3.949180e-02  5.459797e-01
     vertex  5.758574e-02  3.964017e-02  5.459797e-01
     vertex  5.774970e-02  3.983790e-02  5.459797e-01
   endloop
 endfacet
 facet normal -4.014103e-04  2.823182e-04 -9.999999e-01
   outer loop
     vertex  5.747018e-02  3.949180e-02  5.459797e-01
     vertex  5.721468e-02  3.913067e-02  5.459797e-01
     vertex  5.739406e-02  3.938928e-02  5.459797e-01
   endloop
 endfacet
 facet normal -4.821826e-06  3.311606e-06 -1.000000e+00
   outer loop
     vertex  5.747018e-02  3.949180e-02  5.459797e-01
     vertex  5.774970e-02  3.983790e-02  5.459797e-01
     vertex  5.689285e-02  3.859030e-02  5.459797e-01
   endloop
 endfacet
 facet normal -7.241331e-01  5.430290e-01 -4.251479e-01
   outer loop
     vertex  5.747018e-02  3.949180e-02  5.459797e-01
     vertex  5.742954e-02  3.943762e-02  5.459797e-01
     vertex  5.742030e-02  3.942545e-02  5.459799e-01
   endloop
 endfacet
 facet normal  1.000000e+00  0.000000e+00  0.000000e+00
   outer loop
     vertex  6.644692e-02  4.773206e-02  5.468253e-01
     vertex  6.644692e-02  3.110537e-02  5.468253e-01
     vertex  6.644692e-02  3.110537e-02  4.991554e-01
   endloop
 endfacet
 facet normal  1.000000e+00  0.000000e+00  0.000000e+00
   outer loop
     vertex  6.644692e-02  4.773206e-02  5.468253e-01
     vertex  6.644692e-02  3.110537e-02  4.991554e-01
     vertex  6.644692e-02  4.773206e-02  4.991554e-01
   endloop
 endfacet
 facet normal  1.000000e+00  0.000000e+00  0.000000e+00
   outer loop
     vertex  7.422900e-02  4.773206e-02  5.468253e-01
     vertex  7.422900e-02  3.110537e-02  5.468253e-01
     vertex  7.422900e-02  3.110537e-02  4.991554e-01
   endloop
 endfacet
 facet normal  1.000000e+00  0.000000e+00  0.000000e+00
   outer loop
     vertex  7.422900e-02  4.773206e-02  5.468253e-01
     vertex  7.422900e-02  3.110537e-02  4.991554e-01
     vertex  7.422900e-02  4.773206e-02  4.991554e-01
   endloop
 endfacet
 facet normal -0.000000e+00  1.000000e+00  0.000000e+00
   outer loop
     vertex  6.645587e-02  4.773206e-02  5.468253e-01
     vertex  7.033795e-02  4.773206e-02  5.468253e-01
     vertex  7.033795e-02  4.773206e-02  4.991554e-01
   endloop
 endfacet
 facet normal  0.000000e+00  1.000000e+00  0.000000e+00
   outer loop
     vertex  6.645587e-02  4.773206e-02  5.468253e-01
     vertex  7.033795e-02  4.773206e-02  4.991554e-01
     vertex  6.645587e-02  4.773206e-02  4.991554e-01
   endloop
 endfacet
 facet normal -0.000000e+00 -1.000000e+00  0.000000e+00
   outer loop
     vertex  7.422003e-02  1.447869e-02  5.468253e-01
     vertex  7.033795e-02  1.447869e-02  5.468253e-01
     vertex  7.033795e-02  1.447869e-02  4.991554e-01
   endloop
 endfacet
 facet normal  0.000000e+00 -1.000000e+00 -0.000000e+00
   outer loop
     vertex  7.422003e-02  1.447869e-02  5.468253e-01
     vertex  7.033795e-02  1.447869e-02  4.991554e-01
     vertex  7.422003e-02  1.447869e-02  4.991554e-01
   endloop
 endfacet
 facet normal  0.000000e+00  0.000000e+00 -1.000000e+00
   outer loop
     vertex  6.256589e-02  4.773206e-02  4.991554e-01
     vertex  7.033795e-02  4.773206e-02  4.991554e-01
     vertex  7.033795e-02  1.447869e-02  4.991554e-01
   endloop
 endfacet
 facet normal  0.000000e+00  0.000000e+00 -1.000000e+00
   outer loop
     vertex  6.256589e-02  4.773206e-02  4.991554e-01
     vertex  7.033795e-02  1.447869e-02  4.991554e-01
     vertex  6.256589e-02  1.447869e-02  4.991554e-01
   endloop
 endfacet
 facet normal  1.000000e+00  0.000000e+00  0.000000e+00
   outer loop
     vertex  6.255587e-02  4.773206e-02  5.468253e-01
     vertex  6.255587e-02  1.447869e-02  5.468253e-01
     vertex  6.255587e-02  1.447869e-02  4.991554e-01
   endloop
 endfacet
 facet normal  1.000000e+00  0.000000e+00  0.000000e+00
   outer loop
     vertex  6.255587e-02  4.773206e-02  5.468253e-01
     vertex  6.255587e-02  1.447869e-02  4.991554e-01
     vertex  6.255587e-02  4.773206e-02  4.991554e-01
   endloop
 endfacet
 facet normal  0.000000e+00  0.000000e+00 -1.000000e+00
   outer loop
     vertex  6.256589e-02  4.773206e-02  5.468253e-01
     vertex  7.033795e-02  4.773206e-02  5.468253e-01
     vertex  7.033795e-02  1.447869e-02  5.468253e-01
   endloop
 endfacet
 facet normal  0.000000e+00  0.000000e+00 -1.000000e+00
   outer loop
     vertex  6.256589e-02  4.773206e-02  5.468253e-01
     vertex  7.033795e-02  1.447869e-02  5.468253e-01
     vertex  6.256589e-02  1.447869e-02  5.468253e-01
   endloop
 endfacet
 facet normal -0.000000e+00 -1.000000e+00  0.000000e+00
   outer loop
     vertex  7.032793e-02  1.447869e-02  5.468253e-01
     vertex  6.255587e-02  1.447869e-02  5.468253e-01
     vertex  6.255587e-02  1.447869e-02  4.991554e-01
   endloop
 endfacet
 facet normal  0.000000e+00 -1.000000e+00 -0.000000e+00
   outer loop
     vertex  7.032793e-02  1.447869e-02  5.468253e-01
     vertex  6.255587e-02  1.447869e-02  4.991554e-01
     vertex  7.032793e-02  1.447869e-02  4.991554e-01
   endloop
 endfacet
 facet normal -0.000000e+00 -1.000000e+00  0.000000e+00
   outer loop
     vertex  7.032793e-02  4.773206e-02  5.468253e-01
     vertex  6.255587e-02  4.773206e-02  5.468253e-01
     vertex  6.255587e-02  4.773206e-02  4.991554e-01
   endloop
 endfacet
 facet normal  0.000000e+00 -1.000000e+00 -0.000000e+00
   outer loop
     vertex  7.032793e-02  4.773206e-02  5.468253e-01
     vertex  6.255587e-02  4.773206e-02  4.991554e-01
     vertex  7.032793e-02  4.773206e-02  4.991554e-01
   endloop
 endfacet
 facet normal -0.000000e+00  1.000000e+00  0.000000e+00
   outer loop
     vertex  6.256589e-02  4.773206e-02  5.468253e-01
     vertex  7.033795e-02  4.773206e-02  5.468253e-01
     vertex  7.033795e-02  4.773206e-02  4.991554e-01
   endloop
 endfacet
 facet normal  0.000000e+00  1.000000e+00  0.000000e+00
   outer loop
     vertex  6.256589e-02  4.773206e-02  5.468253e-01
     vertex  7.033795e-02  4.773206e-02  4.991554e-01
     vertex  6.256589e-02  4.773206e-02  4.991554e-01
   endloop
 endfacet
 facet normal -1.000000e+00  0.000000e+00  0.000000e+00
   outer loop
     vertex  6.255587e-02  1.447869e-02  5.468253e-01
     vertex  6.255587e-02  4.773206e-02  5.468253e-01
     vertex  6.255587e-02  4.773206e-02  4.991554e-01
   endloop
 endfacet
 facet normal -1.000000e+00  0.000000e+00  0.000000e+00
   outer loop
     vertex  6.255587e-02  1.447869e-02  5.468253e-01
     vertex  6.255587e-02  4.773206e-02  4.991554e-01
     vertex  6.255587e-02  1.447869e-02  4.991554e-01
   endloop
 endfacet
 facet normal  0.000000e+00  0.000000e+00 -1.000000e+00
   outer loop
     vertex  6.256589e-02  4.773206e-02  5.468253e-01
     vertex  7.033795e-02  4.773206e-02  5.468253e-01
     vertex  7.033795e-02  1.447869e-02  5.468253e-01
   endloop
 endfacet
 facet normal  0.000000e+00  0.000000e+00 -1.000000e+00
   outer loop
     vertex  6.256589e-02  4.773206e-02  5.468253e-01
     vertex  7.033795e-02  1.447869e-02  5.468253e-01
     vertex  6.256589e-02  1.447869e-02  5.468253e-01
   endloop
 endfacet
 facet normal  0.000000e+00  0.000000e+00 -1.000000e+00
   outer loop
     vertex  6.256589e-02  4.773206e-02  5.468253e-01
     vertex  7.033795e-02  4.773206e-02  5.468253e-01
     vertex  7.033795e-02  1.447869e-02  5.468253e-01
   endloop
 endfacet
 facet normal  0.000000e+00  0.000000e+00 -1.000000e+00
   outer loop
     vertex  6.256589e-02  4.773206e-02  5.468253e-01
     vertex  7.033795e-02  1.447869e-02  5.468253e-01
     vertex  6.256589e-02  1.447869e-02  5.468253e-01
   endloop
 endfacet
 facet normal -0.000000e+00  1.000000e+00  0.000000e+00
   outer loop
     vertex  6.256589e-02  1.447869e-02  5.476709e-01
     vertex  7.033795e-02  1.447869e-02  5.476709e-01
     vertex  7.033795e-02  1.447869e-02  5.468253e-01
   endloop
 endfacet
 facet normal  0.000000e+00  1.000000e+00  0.000000e+00
   outer loop
     vertex  6.256589e-02  1.447869e-02  5.476709e-01
     vertex  7.033795e-02  1.447869e-02  5.468253e-01
     vertex  6.256589e-02  1.447869e-02  5.468253e-01
   endloop
 endfacet
 facet normal -0.000000e+00  1.000000e+00  0.000000e+00
   outer loop
     vertex  6.256589e-02  4.773206e-02  5.476709e-01
     vertex  7.033795e-02  4.773206e-02  5.476709e-01
     vertex  7.033795e-02  4.773206e-02  5.468253e-01
   endloop
 endfacet
 facet normal  0.000000e+00  1.000000e+00  0.000000e+00
   outer loop
     vertex  6.256589e-02  4.773206e-02  5.476709e-01
     vertex  7.033795e-02  4.773206e-02  5.468253e-01
     vertex  6.256589e-02  4.773206e-02  5.468253e-01
   endloop
 endfacet
 facet normal -0.000000e+00  1.000000e+00  0.000000e+00
   outer loop
     vertex  6.256589e-02  4.773206e-02  5.000011e-01
     vertex  7.033795e-02  4.773206e-02  5.000011e-01
     vertex  7.033795e-02  4.773206e-02  4.991554e-01
   endloop
 endfacet
 facet normal  0.000000e+00  1.000000e+00  0.000000e+00
   outer loop
     vertex  6.256589e-02  4.773206e-02  5.000011e-01
     vertex  7.033795e-02  4.773206e-02  4.991554e-01
     vertex  6.256589e-02  4.773206e-02  4.991554e-01
   endloop
 endfacet
 facet normal -0.000000e+00  1.000000e+00  0.000000e+00
   outer loop
     vertex  6.256589e-02  1.447869e-02  5.000011e-01
     vertex  7.033795e-02  1.447869e-02  5.000011e-01
     vertex  7.033795e-02  1.447869e-02  4.991554e-01
   endloop
 endfacet
 facet normal  0.000000e+00  1.000000e+00  0.000000e+00
   outer loop
     vertex  6.256589e-02  1.447869e-02  5.000011e-01
     vertex  7.033795e-02  1.447869e-02  4.991554e-01
     vertex  6.256589e-02  1.447869e-02  4.991554e-01
   endloop
 endfacet
 facet normal  0.000000e+00  0.000000e+00 -1.000000e+00
   outer loop
     vertex  6.256589e-02  4.773206e-02  5.476709e-01
     vertex  7.033795e-02  4.773206e-02  5.476709e-01
     vertex  7.033795e-02  1.447869e-02  5.476709e-01
   endloop
 endfacet
 facet normal  0.000000e+00  0.000000e+00 -1.000000e+00
   outer loop
     vertex  6.256589e-02  4.773206e-02  5.476709e-01
     vertex  7.033795e-02  1.447869e-02  5.476709e-01
     vertex  6.256589e-02  1.447869e-02  5.476709e-01
   endloop
 endfacet
 facet normal  0.000000e+00  0.000000e+00 -1.000000e+00
   outer loop
     vertex  6.256589e-02  4.773206e-02  5.476709e-01
     vertex  7.033795e-02  4.773206e-02  5.476709e-01
     vertex  7.033795e-02  1.447869e-02  5.476709e-01
   endloop
 endfacet
 facet normal  0.000000e+00  0.000000e+00 -1.000000e+00
   outer loop
     vertex  6.256589e-02  4.773206e-02  5.476709e-01
     vertex  7.033795e-02  1.447869e-02  5.476709e-01
     vertex  6.256589e-02  1.447869e-02  5.476709e-01
   endloop
 endfacet
 facet normal -0.000000e+00  1.000000e+00  0.000000e+00
   outer loop
     vertex  6.256589e-02  1.447869e-02  5.485166e-01
     vertex  7.033795e-02  1.447869e-02  5.485166e-01
     vertex  7.033795e-02  1.447869e-02  5.476709e-01
   endloop
 endfacet
 facet normal  0.000000e+00  1.000000e+00  0.000000e+00
   outer loop
     vertex  6.256589e-02  1.447869e-02  5.485166e-01
     vertex  7.033795e-02  1.447869e-02  5.476709e-01
     vertex  6.256589e-02  1.447869e-02  5.476709e-01
   endloop
 endfacet
 facet normal -0.000000e+00  1.000000e+00  0.000000e+00
   outer loop
     vertex  6.256589e-02  4.773206e-02  5.485166e-01
     vertex  7.033795e-02  4.773206e-02  5.485166e-01
     vertex  7.033795e-02  4.773206e-02  5.476709e-01
   endloop
 endfacet
 facet normal  0.000000e+00  1.000000e+00  0.000000e+00
   outer loop
     vertex  6.256589e-02  4.773206e-02  5.485166e-01
     vertex  7.033795e-02  4.773206e-02  5.476709e-01
     vertex  6.256589e-02  4.773206e-02  5.476709e-01
   endloop
 endfacet
 facet normal -0.000000e+00  1.000000e+00  0.000000e+00
   outer loop
     vertex  6.256589e-02  4.773206e-02  5.000011e-01
     vertex  7.033795e-02  4.773206e-02  5.000011e-01
     vertex  7.033795e-02  4.773206e-02  4.991554e-01
   endloop
 endfacet
 facet normal  0.000000e+00  1.000000e+00  0.000000e+00
   outer loop
     vertex  6.256589e-02  4.773206e-02  5.000011e-01
     vertex  7.033795e-02  4.773206e-02  4.991554e-01
     vertex  6.256589e-02  4.773206e-02  4.991554e-01
   endloop
 endfacet
 facet normal -0.000000e+00  1.000000e+00  0.000000e+00
   outer loop
     vertex  6.256589e-02  1.447869e-02  5.000011e-01
     vertex  7.033795e-02  1.447869e-02  5.000011e-01
     vertex  7.033795e-02  1.447869e-02  4.991554e-01
   endloop
 endfacet
 facet normal  0.000000e+00  1.000000e+00  0.000000e+00
   outer loop
     vertex  6.256589e-02  1.447869e-02  5.000011e-01
     vertex  7.033795e-02  1.447869e-02  4.991554e-01
     vertex  6.256589e-02  1.447869e-02  4.991554e-01
   endloop
 endfacet
 facet normal  1.000000e+00  0.000000e+00 -0.000000e+00
   outer loop
     vertex  7.033795e-02  4.773206e-02  4.991554e-01
     vertex  7.033795e-02  4.773206e-02  5.476709e-01
     vertex  7.033795e-02  1.447869e-02  5.476709e-01
   endloop
 endfacet
 facet normal  1.000000e+00  0.000000e+00  0.000000e+00
   outer loop
     vertex  7.033795e-02  4.773206e-02  4.991554e-01
     vertex  7.033795e-02  1.447869e-02  5.476709e-01
     vertex  7.033795e-02  1.447869e-02  4.991554e-01
   endloop
 endfacet
endsolid
