solid 
 facet normal -2.029500e-01  9.714379e-01  1.229624e-01
   outer loop
     vertex  1.457397e-01  5.021164e-02  5.351733e-01
     vertex  1.492876e-01  5.033748e-02  5.400349e-01
     vertex  1.445283e-01  5.033748e-02  5.321797e-01
   endloop
 endfacet
 facet normal -8.451070e-01  5.494926e-02  5.317657e-01
   outer loop
     vertex  1.457397e-01  5.021164e-02  5.351733e-01
     vertex  1.446313e-01  4.983410e-02  5.334508e-01
     vertex  1.495252e-01  4.983410e-02  5.412284e-01
   endloop
 endfacet
 facet normal  1.832848e-02  9.921112e-01 -1.240139e-01
   outer loop
     vertex  1.691122e-01  5.021164e-02  5.054237e-01
     vertex  1.630681e-01  5.031262e-02  5.053383e-01
     vertex  1.630681e-01  5.033748e-02  5.055371e-01
   endloop
 endfacet
 facet normal  2.087689e-02  9.214345e-01 -3.879724e-01
   outer loop
     vertex  1.691122e-01  5.021164e-02  5.054237e-01
     vertex  1.630681e-01  5.026843e-02  5.052333e-01
     vertex  1.630681e-01  5.031262e-02  5.053383e-01
   endloop
 endfacet
 facet normal  2.809662e-02  7.408299e-01 -6.711048e-01
   outer loop
     vertex  1.691122e-01  5.021164e-02  5.054237e-01
     vertex  1.630681e-01  5.016800e-02  5.051224e-01
     vertex  1.630681e-01  5.026843e-02  5.052333e-01
   endloop
 endfacet
 facet normal  1.713083e-02  9.837788e-01 -1.785660e-01
   outer loop
     vertex  1.691122e-01  5.021164e-02  5.054237e-01
     vertex  1.630681e-01  5.033748e-02  5.055371e-01
     vertex  1.741473e-01  5.033748e-02  5.066000e-01
   endloop
 endfacet
 facet normal  3.438291e-02  6.243683e-01 -7.803730e-01
   outer loop
     vertex  1.691273e-01  5.014949e-02  5.053746e-01
     vertex  1.630681e-01  5.016800e-02  5.051224e-01
     vertex  1.691122e-01  5.021164e-02  5.054237e-01
   endloop
 endfacet
 facet normal  1.443509e-01  6.343947e-01 -7.594117e-01
   outer loop
     vertex  1.691273e-01  5.014949e-02  5.053746e-01
     vertex  1.691122e-01  5.021164e-02  5.054237e-01
     vertex  1.743119e-01  4.983410e-02  5.060966e-01
   endloop
 endfacet
 facet normal  3.845898e-02  4.171913e-01 -9.080046e-01
   outer loop
     vertex  1.691352e-01  5.010116e-02  5.053487e-01
     vertex  1.630681e-01  5.002322e-02  5.050559e-01
     vertex  1.630681e-01  5.016800e-02  5.051224e-01
   endloop
 endfacet
 facet normal  4.638325e-02  1.163185e-01 -9.921283e-01
   outer loop
     vertex  1.691352e-01  5.010116e-02  5.053487e-01
     vertex  1.630681e-01  4.983410e-02  5.050337e-01
     vertex  1.630681e-01  5.002322e-02  5.050559e-01
   endloop
 endfacet
 facet normal  6.775690e-02 -6.940122e-01 -7.167678e-01
   outer loop
     vertex  1.691352e-01  5.010116e-02  5.053487e-01
     vertex  1.743119e-01  4.983410e-02  5.060966e-01
     vertex  1.630681e-01  4.983410e-02  5.050337e-01
   endloop
 endfacet
 facet normal  3.800475e-02  4.767010e-01 -8.782436e-01
   outer loop
     vertex  1.691352e-01  5.010116e-02  5.053487e-01
     vertex  1.630681e-01  5.016800e-02  5.051224e-01
     vertex  1.691273e-01  5.014949e-02  5.053746e-01
   endloop
 endfacet
 facet normal  1.494856e-01  4.858363e-01 -8.611719e-01
   outer loop
     vertex  1.691352e-01  5.010116e-02  5.053487e-01
     vertex  1.691273e-01  5.014949e-02  5.053746e-01
     vertex  1.743119e-01  4.983410e-02  5.060966e-01
   endloop
 endfacet
 facet normal  4.713050e-02  9.516542e-01 -3.035342e-01
   outer loop
     vertex  1.743010e-01  5.021164e-02  5.062293e-01
     vertex  1.691122e-01  5.021164e-02  5.054237e-01
     vertex  1.741473e-01  5.033748e-02  5.066000e-01
   endloop
 endfacet
 facet normal  1.447415e-01  3.318053e-01 -9.321776e-01
   outer loop
     vertex  1.743010e-01  5.021164e-02  5.062293e-01
     vertex  1.743119e-01  4.983410e-02  5.060966e-01
     vertex  1.691122e-01  5.021164e-02  5.054237e-01
   endloop
 endfacet
 facet normal  7.357860e-02  9.703297e-01 -2.303183e-01
   outer loop
     vertex  1.765169e-01  5.021164e-02  5.068268e-01
     vertex  1.741473e-01  5.033748e-02  5.066000e-01
     vertex  1.783061e-01  5.033748e-02  5.079286e-01
   endloop
 endfacet
 facet normal  2.459759e-01  3.276885e-01 -9.122040e-01
   outer loop
     vertex  1.765169e-01  5.021164e-02  5.068268e-01
     vertex  1.743119e-01  4.983410e-02  5.060966e-01
     vertex  1.743010e-01  5.021164e-02  5.062293e-01
   endloop
 endfacet
 facet normal  7.850372e-02  9.534566e-01 -2.911318e-01
   outer loop
     vertex  1.765169e-01  5.021164e-02  5.068268e-01
     vertex  1.743010e-01  5.021164e-02  5.062293e-01
     vertex  1.741473e-01  5.033748e-02  5.066000e-01
   endloop
 endfacet
 facet normal  2.974657e-01  9.921643e-02 -9.495632e-01
   outer loop
     vertex  1.765169e-01  5.021164e-02  5.068268e-01
     vertex  1.785530e-01  4.983410e-02  5.074252e-01
     vertex  1.743119e-01  4.983410e-02  5.060966e-01
   endloop
 endfacet
 facet normal  9.986808e-02  9.572384e-01 -2.715161e-01
   outer loop
     vertex  1.785279e-01  5.021164e-02  5.075665e-01
     vertex  1.765169e-01  5.021164e-02  5.068268e-01
     vertex  1.783061e-01  5.033748e-02  5.079286e-01
   endloop
 endfacet
 facet normal  3.233127e-01  3.504542e-01 -8.790055e-01
   outer loop
     vertex  1.785279e-01  5.021164e-02  5.075665e-01
     vertex  1.785530e-01  4.983410e-02  5.074252e-01
     vertex  1.765169e-01  5.021164e-02  5.068268e-01
   endloop
 endfacet
 facet normal  1.224713e-01  9.583360e-01 -2.580561e-01
   outer loop
     vertex  1.798660e-01  5.021164e-02  5.082016e-01
     vertex  1.785279e-01  5.021164e-02  5.075665e-01
     vertex  1.783061e-01  5.033748e-02  5.079286e-01
   endloop
 endfacet
 facet normal  1.162081e-01  9.691700e-01 -2.172675e-01
   outer loop
     vertex  1.798660e-01  5.021164e-02  5.082016e-01
     vertex  1.783061e-01  5.033748e-02  5.079286e-01
     vertex  1.808212e-01  5.033748e-02  5.092738e-01
   endloop
 endfacet
 facet normal  4.025556e-01  3.442113e-01 -8.482143e-01
   outer loop
     vertex  1.798660e-01  5.021164e-02  5.082016e-01
     vertex  1.785530e-01  4.983410e-02  5.074252e-01
     vertex  1.785279e-01  5.021164e-02  5.075665e-01
   endloop
 endfacet
 facet normal  4.525893e-01  2.087266e-01 -8.669464e-01
   outer loop
     vertex  1.798660e-01  5.021164e-02  5.082016e-01
     vertex  1.811298e-01  4.983410e-02  5.087704e-01
     vertex  1.785530e-01  4.983410e-02  5.074252e-01
   endloop
 endfacet
 facet normal  1.389886e-01  9.615967e-01 -2.366726e-01
   outer loop
     vertex  1.810900e-01  5.021164e-02  5.089204e-01
     vertex  1.798660e-01  5.021164e-02  5.082016e-01
     vertex  1.808212e-01  5.033748e-02  5.092738e-01
   endloop
 endfacet
 facet normal  4.708474e-01  3.680622e-01 -8.017686e-01
   outer loop
     vertex  1.810900e-01  5.021164e-02  5.089204e-01
     vertex  1.811298e-01  4.983410e-02  5.087704e-01
     vertex  1.798660e-01  5.021164e-02  5.082016e-01
   endloop
 endfacet
 facet normal  1.463142e-01  9.737962e-01 -1.741069e-01
   outer loop
     vertex  1.822635e-01  5.021164e-02  5.097821e-01
     vertex  1.808212e-01  5.033748e-02  5.092738e-01
     vertex  1.829787e-01  5.033748e-02  5.110870e-01
   endloop
 endfacet
 facet normal  1.613974e-01  9.620997e-01 -2.198069e-01
   outer loop
     vertex  1.822635e-01  5.021164e-02  5.097821e-01
     vertex  1.810900e-01  5.021164e-02  5.089204e-01
     vertex  1.808212e-01  5.033748e-02  5.092738e-01
   endloop
 endfacet
 facet normal  6.216872e-01  1.773648e-01 -7.629199e-01
   outer loop
     vertex  1.822635e-01  5.021164e-02  5.097821e-01
     vertex  1.833548e-01  4.983410e-02  5.105836e-01
     vertex  1.811298e-01  4.983410e-02  5.087704e-01
   endloop
 endfacet
 facet normal  5.527927e-01  3.572679e-01 -7.528478e-01
   outer loop
     vertex  1.822635e-01  5.021164e-02  5.097821e-01
     vertex  1.811298e-01  4.983410e-02  5.087704e-01
     vertex  1.810900e-01  5.021164e-02  5.089204e-01
   endloop
 endfacet
 facet normal  1.779918e-01  9.653851e-01 -1.906582e-01
   outer loop
     vertex  1.832952e-01  5.021164e-02  5.107452e-01
     vertex  1.822635e-01  5.021164e-02  5.097821e-01
     vertex  1.829787e-01  5.033748e-02  5.110870e-01
   endloop
 endfacet
 facet normal  6.290064e-01  3.877980e-01 -6.737683e-01
   outer loop
     vertex  1.832952e-01  5.021164e-02  5.107452e-01
     vertex  1.833548e-01  4.983410e-02  5.105836e-01
     vertex  1.822635e-01  5.021164e-02  5.097821e-01
   endloop
 endfacet
 facet normal  1.819357e-01  9.744543e-01 -1.316745e-01
   outer loop
     vertex  1.841004e-01  5.021164e-02  5.117055e-01
     vertex  1.829787e-01  5.033748e-02  5.110870e-01
     vertex  1.844245e-01  5.033748e-02  5.130845e-01
   endloop
 endfacet
 facet normal  7.803113e-01  2.097833e-01 -5.891564e-01
   outer loop
     vertex  1.841004e-01  5.021164e-02  5.117055e-01
     vertex  1.848631e-01  4.983410e-02  5.125812e-01
     vertex  1.833548e-01  4.983410e-02  5.105836e-01
   endloop
 endfacet
 facet normal  2.013499e-01  9.648596e-01 -1.688319e-01
   outer loop
     vertex  1.841004e-01  5.021164e-02  5.117055e-01
     vertex  1.832952e-01  5.021164e-02  5.107452e-01
     vertex  1.829787e-01  5.033748e-02  5.110870e-01
   endloop
 endfacet
 facet normal  7.124202e-01  3.682570e-01 -5.973644e-01
   outer loop
     vertex  1.841004e-01  5.021164e-02  5.117055e-01
     vertex  1.833548e-01  4.983410e-02  5.105836e-01
     vertex  1.832952e-01  5.021164e-02  5.107452e-01
   endloop
 endfacet
 facet normal  2.133886e-01  9.671154e-01 -1.383950e-01
   outer loop
     vertex  1.847815e-01  5.021164e-02  5.127557e-01
     vertex  1.841004e-01  5.021164e-02  5.117055e-01
     vertex  1.844245e-01  5.033748e-02  5.130845e-01
   endloop
 endfacet
 facet normal  7.699926e-01  3.971471e-01 -4.993852e-01
   outer loop
     vertex  1.847815e-01  5.021164e-02  5.127557e-01
     vertex  1.848631e-01  4.983410e-02  5.125812e-01
     vertex  1.841004e-01  5.021164e-02  5.117055e-01
   endloop
 endfacet
 facet normal  2.340833e-01  9.653609e-01 -1.152532e-01
   outer loop
     vertex  1.852733e-01  5.021164e-02  5.137545e-01
     vertex  1.847815e-01  5.021164e-02  5.127557e-01
     vertex  1.844245e-01  5.033748e-02  5.130845e-01
   endloop
 endfacet
 facet normal  2.135924e-01  9.729638e-01 -8.786197e-02
   outer loop
     vertex  1.852733e-01  5.021164e-02  5.137545e-01
     vertex  1.844245e-01  5.033748e-02  5.130845e-01
     vertex  1.852718e-01  5.033748e-02  5.151444e-01
   endloop
 endfacet
 facet normal  8.335721e-01  3.697501e-01 -4.104174e-01
   outer loop
     vertex  1.852733e-01  5.021164e-02  5.137545e-01
     vertex  1.848631e-01  4.983410e-02  5.125812e-01
     vertex  1.847815e-01  5.021164e-02  5.127557e-01
   endloop
 endfacet
 facet normal  8.877150e-01  2.456144e-01 -3.894043e-01
   outer loop
     vertex  1.852733e-01  5.021164e-02  5.137545e-01
     vertex  1.857666e-01  4.983410e-02  5.146410e-01
     vertex  1.848631e-01  4.983410e-02  5.125812e-01
   endloop
 endfacet
 facet normal  2.408954e-01  9.666206e-01 -8.725810e-02
   outer loop
     vertex  1.856624e-01  5.021164e-02  5.148288e-01
     vertex  1.852733e-01  5.021164e-02  5.137545e-01
     vertex  1.852718e-01  5.033748e-02  5.151444e-01
   endloop
 endfacet
 facet normal  8.640952e-01  3.941737e-01 -3.129961e-01
   outer loop
     vertex  1.856624e-01  5.021164e-02  5.148288e-01
     vertex  1.857666e-01  4.983410e-02  5.146410e-01
     vertex  1.852733e-01  5.021164e-02  5.137545e-01
   endloop
 endfacet
 facet normal  2.343969e-01  9.712165e-01 -4.238652e-02
   outer loop
     vertex  1.859392e-01  5.021164e-02  5.159517e-01
     vertex  1.852718e-01  5.033748e-02  5.151444e-01
     vertex  1.856891e-01  5.033748e-02  5.174524e-01
   endloop
 endfacet
 facet normal  9.503209e-01  2.426157e-01 -1.950070e-01
   outer loop
     vertex  1.859392e-01  5.021164e-02  5.159517e-01
     vertex  1.862402e-01  4.983410e-02  5.169490e-01
     vertex  1.857666e-01  4.983410e-02  5.146410e-01
   endloop
 endfacet
 facet normal  2.589186e-01  9.637887e-01 -6.381657e-02
   outer loop
     vertex  1.859392e-01  5.021164e-02  5.159517e-01
     vertex  1.856624e-01  5.021164e-02  5.148288e-01
     vertex  1.852718e-01  5.033748e-02  5.151444e-01
   endloop
 endfacet
 facet normal  9.054983e-01  3.609195e-01 -2.231813e-01
   outer loop
     vertex  1.859392e-01  5.021164e-02  5.159517e-01
     vertex  1.857666e-01  4.983410e-02  5.146410e-01
     vertex  1.856624e-01  5.021164e-02  5.148288e-01
   endloop
 endfacet
 facet normal  9.140813e-01  3.839345e-01 -1.305745e-01
   outer loop
     vertex  1.861106e-01  5.021164e-02  5.171517e-01
     vertex  1.862402e-01  4.983410e-02  5.169490e-01
     vertex  1.859392e-01  5.021164e-02  5.159517e-01
   endloop
 endfacet
 facet normal  2.613529e-01  9.645211e-01 -3.733369e-02
   outer loop
     vertex  1.861106e-01  5.021164e-02  5.171517e-01
     vertex  1.859392e-01  5.021164e-02  5.159517e-01
     vertex  1.856891e-01  5.033748e-02  5.174524e-01
   endloop
 endfacet
 facet normal  9.368747e-01  3.465716e-01 -4.640973e-02
   outer loop
     vertex  1.861724e-01  5.021164e-02  5.183988e-01
     vertex  1.862402e-01  4.983410e-02  5.169490e-01
     vertex  1.861106e-01  5.021164e-02  5.171517e-01
   endloop
 endfacet
 facet normal  2.770696e-01  9.607518e-01 -1.372513e-02
   outer loop
     vertex  1.861724e-01  5.021164e-02  5.183988e-01
     vertex  1.861106e-01  5.021164e-02  5.171517e-01
     vertex  1.856891e-01  5.033748e-02  5.174524e-01
   endloop
 endfacet
 facet normal  2.497538e-01  9.683086e-01  1.228571e-03
   outer loop
     vertex  1.861724e-01  5.021164e-02  5.183988e-01
     vertex  1.856891e-01  5.033748e-02  5.174524e-01
     vertex  1.856766e-01  5.033748e-02  5.200087e-01
   endloop
 endfacet
 facet normal  9.710727e-01  2.382069e-01 -1.658926e-02
   outer loop
     vertex  1.861724e-01  5.021164e-02  5.183988e-01
     vertex  1.862839e-01  4.983410e-02  5.195053e-01
     vertex  1.862402e-01  4.983410e-02  5.169490e-01
   endloop
 endfacet
 facet normal  9.287075e-01  3.693917e-01  3.243671e-02
   outer loop
     vertex  1.861261e-01  5.021164e-02  5.197245e-01
     vertex  1.862839e-01  4.983410e-02  5.195053e-01
     vertex  1.861724e-01  5.021164e-02  5.183988e-01
   endloop
 endfacet
 facet normal  2.752057e-01  9.613373e-01  9.612032e-03
   outer loop
     vertex  1.861261e-01  5.021164e-02  5.197245e-01
     vertex  1.861724e-01  5.021164e-02  5.183988e-01
     vertex  1.856766e-01  5.033748e-02  5.200087e-01
   endloop
 endfacet
 facet normal  2.472317e-01  9.679262e-01  4.466838e-02
   outer loop
     vertex  1.859729e-01  5.021164e-02  5.210956e-01
     vertex  1.856766e-01  5.033748e-02  5.200087e-01
     vertex  1.849910e-01  5.033748e-02  5.238032e-01
   endloop
 endfacet
 facet normal  9.629882e-01  2.346518e-01  1.326358e-01
   outer loop
     vertex  1.859729e-01  5.021164e-02  5.210956e-01
     vertex  1.858976e-01  4.983410e-02  5.223098e-01
     vertex  1.862839e-01  4.983410e-02  5.195053e-01
   endloop
 endfacet
 facet normal  2.882814e-01  9.570037e-01  3.221373e-02
   outer loop
     vertex  1.859729e-01  5.021164e-02  5.210956e-01
     vertex  1.861261e-01  5.021164e-02  5.197245e-01
     vertex  1.856766e-01  5.033748e-02  5.200087e-01
   endloop
 endfacet
 facet normal  9.377375e-01  3.311617e-01  1.047866e-01
   outer loop
     vertex  1.859729e-01  5.021164e-02  5.210956e-01
     vertex  1.862839e-01  4.983410e-02  5.195053e-01
     vertex  1.861261e-01  5.021164e-02  5.197245e-01
   endloop
 endfacet
 facet normal  9.071794e-01  3.825484e-01  1.751634e-01
   outer loop
     vertex  1.855965e-01  5.021164e-02  5.230450e-01
     vertex  1.858976e-01  4.983410e-02  5.223098e-01
     vertex  1.859729e-01  5.021164e-02  5.210956e-01
   endloop
 endfacet
 facet normal  2.640249e-01  9.631677e-01  5.097944e-02
   outer loop
     vertex  1.855965e-01  5.021164e-02  5.230450e-01
     vertex  1.859729e-01  5.021164e-02  5.210956e-01
     vertex  1.849910e-01  5.033748e-02  5.238032e-01
   endloop
 endfacet
 facet normal  9.350860e-01  2.423970e-01  2.585688e-01
   outer loop
     vertex  1.850337e-01  5.021164e-02  5.250801e-01
     vertex  1.858976e-01  4.983410e-02  5.223098e-01
     vertex  1.855965e-01  5.021164e-02  5.230450e-01
   endloop
 endfacet
 facet normal  2.471972e-01  9.650661e-01  8.683812e-02
   outer loop
     vertex  1.850337e-01  5.021164e-02  5.250801e-01
     vertex  1.849910e-01  5.033748e-02  5.238032e-01
     vertex  1.833061e-01  5.033748e-02  5.285995e-01
   endloop
 endfacet
 facet normal  3.019297e-01  9.496673e-01  8.348921e-02
   outer loop
     vertex  1.850337e-01  5.021164e-02  5.250801e-01
     vertex  1.855965e-01  5.021164e-02  5.230450e-01
     vertex  1.849910e-01  5.033748e-02  5.238032e-01
   endloop
 endfacet
 facet normal  9.467317e-01  1.728980e-01  2.716716e-01
   outer loop
     vertex  1.850337e-01  5.021164e-02  5.250801e-01
     vertex  1.847138e-01  4.983410e-02  5.264353e-01
     vertex  1.858976e-01  4.983410e-02  5.223098e-01
   endloop
 endfacet
 facet normal  2.548670e-01  9.627142e-01  9.068724e-02
   outer loop
     vertex  1.841611e-01  5.021164e-02  5.275325e-01
     vertex  1.850337e-01  5.021164e-02  5.250801e-01
     vertex  1.833061e-01  5.033748e-02  5.285995e-01
   endloop
 endfacet
 facet normal  8.732523e-01  3.753426e-01  3.107222e-01
   outer loop
     vertex  1.841611e-01  5.021164e-02  5.275325e-01
     vertex  1.847138e-01  4.983410e-02  5.264353e-01
     vertex  1.850337e-01  5.021164e-02  5.250801e-01
   endloop
 endfacet
 facet normal  3.093207e-01  9.410557e-01  1.368751e-01
   outer loop
     vertex  1.826364e-01  5.021164e-02  5.309781e-01
     vertex  1.841611e-01  5.021164e-02  5.275325e-01
     vertex  1.833061e-01  5.033748e-02  5.285995e-01
   endloop
 endfacet
 facet normal  2.134574e-01  9.705748e-01  1.114473e-01
   outer loop
     vertex  1.826364e-01  5.021164e-02  5.309781e-01
     vertex  1.833061e-01  5.033748e-02  5.285995e-01
     vertex  1.792436e-01  5.033748e-02  5.363805e-01
   endloop
 endfacet
 facet normal  9.093880e-01 -1.137713e-03  4.159472e-01
   outer loop
     vertex  1.826364e-01  5.021164e-02  5.309781e-01
     vertex  1.815049e-01  4.983410e-02  5.334510e-01
     vertex  1.847138e-01  4.983410e-02  5.264353e-01
   endloop
 endfacet
 facet normal  2.383040e-01  9.628204e-01  1.272322e-01
   outer loop
     vertex  1.826364e-01  5.021164e-02  5.309781e-01
     vertex  1.792436e-01  5.033748e-02  5.363805e-01
     vertex  1.803966e-01  5.021164e-02  5.351733e-01
   endloop
 endfacet
 facet normal  9.026006e-01  1.605909e-01  3.994029e-01
   outer loop
     vertex  1.826364e-01  5.021164e-02  5.309781e-01
     vertex  1.847138e-01  4.983410e-02  5.264353e-01
     vertex  1.841611e-01  5.021164e-02  5.275325e-01
   endloop
 endfacet
 facet normal  8.071386e-01  4.035102e-01  4.309370e-01
   outer loop
     vertex  1.826364e-01  5.021164e-02  5.309781e-01
     vertex  1.803966e-01  5.021164e-02  5.351733e-01
     vertex  1.815049e-01  4.983410e-02  5.334510e-01
   endloop
 endfacet
 facet normal  1.914167e-01  9.720926e-01  1.356303e-01
   outer loop
     vertex  1.779962e-01  5.021164e-02  5.390430e-01
     vertex  1.792436e-01  5.033748e-02  5.363805e-01
     vertex  1.745990e-01  5.033748e-02  5.429354e-01
   endloop
 endfacet
 facet normal  8.448770e-01 -4.438240e-02  5.331163e-01
   outer loop
     vertex  1.779962e-01  5.021164e-02  5.390430e-01
     vertex  1.765218e-01  4.983410e-02  5.413481e-01
     vertex  1.815049e-01  4.983410e-02  5.334510e-01
   endloop
 endfacet
 facet normal  2.923784e-01  9.389468e-01  1.813665e-01
   outer loop
     vertex  1.779962e-01  5.021164e-02  5.390430e-01
     vertex  1.803966e-01  5.021164e-02  5.351733e-01
     vertex  1.792436e-01  5.033748e-02  5.363805e-01
   endloop
 endfacet
 facet normal  8.463739e-01  8.948426e-02  5.250178e-01
   outer loop
     vertex  1.779962e-01  5.021164e-02  5.390430e-01
     vertex  1.815049e-01  4.983410e-02  5.334510e-01
     vertex  1.803966e-01  5.021164e-02  5.351733e-01
   endloop
 endfacet
 facet normal  2.151452e-01  9.639441e-01  1.566027e-01
   outer loop
     vertex  1.756292e-01  5.021164e-02  5.422947e-01
     vertex  1.779962e-01  5.021164e-02  5.390430e-01
     vertex  1.745990e-01  5.033748e-02  5.429354e-01
   endloop
 endfacet
 facet normal  7.411569e-01  3.995556e-01  5.394829e-01
   outer loop
     vertex  1.756292e-01  5.021164e-02  5.422947e-01
     vertex  1.765218e-01  4.983410e-02  5.413481e-01
     vertex  1.779962e-01  5.021164e-02  5.390430e-01
   endloop
 endfacet
 facet normal  1.466781e-01  9.769834e-01  1.548837e-01
   outer loop
     vertex  1.731299e-01  5.021164e-02  5.451206e-01
     vertex  1.745990e-01  5.033748e-02  5.429354e-01
     vertex  1.701288e-01  5.033748e-02  5.471688e-01
   endloop
 endfacet
 facet normal  7.269857e-01 -1.542853e-01  6.690948e-01
   outer loop
     vertex  1.731299e-01  5.021164e-02  5.451206e-01
     vertex  1.714916e-01  4.983410e-02  5.468135e-01
     vertex  1.765218e-01  4.983410e-02  5.413481e-01
   endloop
 endfacet
 facet normal  2.552497e-01  9.401489e-01  2.257601e-01
   outer loop
     vertex  1.731299e-01  5.021164e-02  5.451206e-01
     vertex  1.756292e-01  5.021164e-02  5.422947e-01
     vertex  1.745990e-01  5.033748e-02  5.429354e-01
   endloop
 endfacet
 facet normal  7.445811e-01  1.090898e-01  6.585579e-01
   outer loop
     vertex  1.731299e-01  5.021164e-02  5.451206e-01
     vertex  1.765218e-01  4.983410e-02  5.413481e-01
     vertex  1.756292e-01  5.021164e-02  5.422947e-01
   endloop
 endfacet
 facet normal  1.725374e-01  9.658182e-01  1.934581e-01
   outer loop
     vertex  1.708518e-01  5.021164e-02  5.471523e-01
     vertex  1.731299e-01  5.021164e-02  5.451206e-01
     vertex  1.701288e-01  5.033748e-02  5.471688e-01
   endloop
 endfacet
 facet normal  6.050750e-01  4.166538e-01  6.784423e-01
   outer loop
     vertex  1.708518e-01  5.021164e-02  5.471523e-01
     vertex  1.714916e-01  4.983410e-02  5.468135e-01
     vertex  1.731299e-01  5.021164e-02  5.451206e-01
   endloop
 endfacet
 facet normal  1.157680e-01  9.722837e-01  2.031311e-01
   outer loop
     vertex  1.692119e-01  5.021164e-02  5.482937e-01
     vertex  1.701288e-01  5.033748e-02  5.471688e-01
     vertex  1.671959e-01  5.033748e-02  5.488404e-01
   endloop
 endfacet
 facet normal  1.716583e-01  9.537890e-01  2.466171e-01
   outer loop
     vertex  1.692119e-01  5.021164e-02  5.482937e-01
     vertex  1.708518e-01  5.021164e-02  5.471523e-01
     vertex  1.701288e-01  5.033748e-02  5.471688e-01
   endloop
 endfacet
 facet normal  5.565437e-01  2.257071e-01  7.995721e-01
   outer loop
     vertex  1.692119e-01  5.021164e-02  5.482937e-01
     vertex  1.714916e-01  4.983410e-02  5.468135e-01
     vertex  1.708518e-01  5.021164e-02  5.471523e-01
   endloop
 endfacet
 facet normal  5.543874e-01  1.168558e-01  8.240142e-01
   outer loop
     vertex  1.692119e-01  5.021164e-02  5.482937e-01
     vertex  1.681913e-01  4.983410e-02  5.490339e-01
     vertex  1.714916e-01  4.983410e-02  5.468135e-01
   endloop
 endfacet
 facet normal  1.213434e-01  9.667825e-01  2.249606e-01
   outer loop
     vertex  1.677173e-01  5.021164e-02  5.490999e-01
     vertex  1.692119e-01  5.021164e-02  5.482937e-01
     vertex  1.671959e-01  5.033748e-02  5.488404e-01
   endloop
 endfacet
 facet normal  4.341830e-01  4.044235e-01  8.049390e-01
   outer loop
     vertex  1.677173e-01  5.021164e-02  5.490999e-01
     vertex  1.681913e-01  4.983410e-02  5.490339e-01
     vertex  1.692119e-01  5.021164e-02  5.482937e-01
   endloop
 endfacet
 facet normal  6.575710e-02  9.727958e-01  2.221357e-01
   outer loop
     vertex  1.663507e-01  5.021164e-02  5.496417e-01
     vertex  1.671959e-01  5.033748e-02  5.488404e-01
     vertex  1.647518e-01  5.033748e-02  5.495639e-01
   endloop
 endfacet
 facet normal  1.027454e-01  9.603448e-01  2.591934e-01
   outer loop
     vertex  1.663507e-01  5.021164e-02  5.496417e-01
     vertex  1.677173e-01  5.021164e-02  5.490999e-01
     vertex  1.671959e-01  5.033748e-02  5.488404e-01
   endloop
 endfacet
 facet normal  3.529500e-01  2.874922e-01  8.903788e-01
   outer loop
     vertex  1.663507e-01  5.021164e-02  5.496417e-01
     vertex  1.681913e-01  4.983410e-02  5.490339e-01
     vertex  1.677173e-01  5.021164e-02  5.490999e-01
   endloop
 endfacet
 facet normal  3.426100e-01  1.889496e-01  9.202807e-01
   outer loop
     vertex  1.663507e-01  5.021164e-02  5.496417e-01
     vertex  1.654410e-01  4.983410e-02  5.500578e-01
     vertex  1.681913e-01  4.983410e-02  5.490339e-01
   endloop
 endfacet
 facet normal  2.346309e-01  4.075280e-01  8.825357e-01
   outer loop
     vertex  1.651052e-01  5.021164e-02  5.499728e-01
     vertex  1.654410e-01  4.983410e-02  5.500578e-01
     vertex  1.663507e-01  5.021164e-02  5.496417e-01
   endloop
 endfacet
 facet normal  6.440646e-02  9.680719e-01  2.422571e-01
   outer loop
     vertex  1.651052e-01  5.021164e-02  5.499728e-01
     vertex  1.663507e-01  5.021164e-02  5.496417e-01
     vertex  1.647518e-01  5.033748e-02  5.495639e-01
   endloop
 endfacet
 facet normal  1.287262e-02  9.733759e-01  2.288530e-01
   outer loop
     vertex  1.638399e-01  5.021164e-02  5.501504e-01
     vertex  1.647518e-01  5.033748e-02  5.495639e-01
     vertex  1.624887e-01  5.033748e-02  5.496912e-01
   endloop
 endfacet
 facet normal  3.712620e-02  9.636763e-01  2.644799e-01
   outer loop
     vertex  1.638399e-01  5.021164e-02  5.501504e-01
     vertex  1.651052e-01  5.021164e-02  5.499728e-01
     vertex  1.647518e-01  5.033748e-02  5.495639e-01
   endloop
 endfacet
 facet normal  1.313401e-01  3.276055e-01  9.356412e-01
   outer loop
     vertex  1.638399e-01  5.021164e-02  5.501504e-01
     vertex  1.654410e-01  4.983410e-02  5.500578e-01
     vertex  1.651052e-01  5.021164e-02  5.499728e-01
   endloop
 endfacet
 facet normal  1.061149e-01  2.118225e-01  9.715302e-01
   outer loop
     vertex  1.638399e-01  5.021164e-02  5.501504e-01
     vertex  1.628945e-01  4.983410e-02  5.503360e-01
     vertex  1.654410e-01  4.983410e-02  5.500578e-01
   endloop
 endfacet
 facet normal  1.782787e-02  4.047497e-01  9.142537e-01
   outer loop
     vertex  1.626866e-01  5.021164e-02  5.501729e-01
     vertex  1.628945e-01  4.983410e-02  5.503360e-01
     vertex  1.638399e-01  5.021164e-02  5.501504e-01
   endloop
 endfacet
 facet normal  4.891802e-03  9.680103e-01  2.508627e-01
   outer loop
     vertex  1.626866e-01  5.021164e-02  5.501729e-01
     vertex  1.638399e-01  5.021164e-02  5.501504e-01
     vertex  1.624887e-01  5.033748e-02  5.496912e-01
   endloop
 endfacet
 facet normal -3.970314e-02  9.729024e-01  2.277819e-01
   outer loop
     vertex  1.615478e-01  5.021164e-02  5.500647e-01
     vertex  1.624887e-01  5.033748e-02  5.496912e-01
     vertex  1.602257e-01  5.033748e-02  5.492967e-01
   endloop
 endfacet
 facet normal -2.492606e-02  9.646810e-01  2.622390e-01
   outer loop
     vertex  1.615478e-01  5.021164e-02  5.500647e-01
     vertex  1.626866e-01  5.021164e-02  5.501729e-01
     vertex  1.624887e-01  5.033748e-02  5.496912e-01
   endloop
 endfacet
 facet normal -8.851420e-02  3.535208e-01  9.312295e-01
   outer loop
     vertex  1.615478e-01  5.021164e-02  5.500647e-01
     vertex  1.628945e-01  4.983410e-02  5.503360e-01
     vertex  1.626866e-01  5.021164e-02  5.501729e-01
   endloop
 endfacet
 facet normal -1.261120e-01  2.416218e-01  9.621407e-01
   outer loop
     vertex  1.615478e-01  5.021164e-02  5.500647e-01
     vertex  1.606026e-01  4.983410e-02  5.500356e-01
     vertex  1.628945e-01  4.983410e-02  5.503360e-01
   endloop
 endfacet
 facet normal -1.878950e-01  4.013649e-01  8.964383e-01
   outer loop
     vertex  1.603945e-01  5.021164e-02  5.498229e-01
     vertex  1.606026e-01  4.983410e-02  5.500356e-01
     vertex  1.615478e-01  5.021164e-02  5.500647e-01
   endloop
 endfacet
 facet normal -5.198508e-02  9.673595e-01  2.480184e-01
   outer loop
     vertex  1.603945e-01  5.021164e-02  5.498229e-01
     vertex  1.615478e-01  5.021164e-02  5.500647e-01
     vertex  1.602257e-01  5.033748e-02  5.492967e-01
   endloop
 endfacet
 facet normal -8.996926e-02  9.708353e-01  2.222259e-01
   outer loop
     vertex  1.592557e-01  5.021164e-02  5.494538e-01
     vertex  1.602257e-01  5.033748e-02  5.492967e-01
     vertex  1.579626e-01  5.033748e-02  5.483805e-01
   endloop
 endfacet
 facet normal -8.330077e-02  9.628199e-01  2.569802e-01
   outer loop
     vertex  1.592557e-01  5.021164e-02  5.494538e-01
     vertex  1.603945e-01  5.021164e-02  5.498229e-01
     vertex  1.602257e-01  5.033748e-02  5.492967e-01
   endloop
 endfacet
 facet normal -2.895849e-01  3.435817e-01  8.933601e-01
   outer loop
     vertex  1.592557e-01  5.021164e-02  5.494538e-01
     vertex  1.606026e-01  4.983410e-02  5.500356e-01
     vertex  1.603945e-01  5.021164e-02  5.498229e-01
   endloop
 endfacet
 facet normal -3.278893e-01  2.387943e-01  9.140382e-01
   outer loop
     vertex  1.592557e-01  5.021164e-02  5.494538e-01
     vertex  1.583107e-01  4.983410e-02  5.492134e-01
     vertex  1.606026e-01  4.983410e-02  5.500356e-01
   endloop
 endfacet
 facet normal -1.052924e-01  9.650438e-01  2.400082e-01
   outer loop
     vertex  1.581025e-01  5.021164e-02  5.489478e-01
     vertex  1.592557e-01  5.021164e-02  5.494538e-01
     vertex  1.579626e-01  5.033748e-02  5.483805e-01
   endloop
 endfacet
 facet normal -3.700598e-01  3.892449e-01  8.435308e-01
   outer loop
     vertex  1.581025e-01  5.021164e-02  5.489478e-01
     vertex  1.583107e-01  4.983410e-02  5.492134e-01
     vertex  1.592557e-01  5.021164e-02  5.494538e-01
   endloop
 endfacet
 facet normal -1.352619e-01  9.676718e-01  2.128746e-01
   outer loop
     vertex  1.569637e-01  5.021164e-02  5.483178e-01
     vertex  1.579626e-01  5.033748e-02  5.483805e-01
     vertex  1.556996e-01  5.033748e-02  5.469425e-01
   endloop
 endfacet
 facet normal -4.916831e-01  2.348395e-01  8.385095e-01
   outer loop
     vertex  1.569637e-01  5.021164e-02  5.483178e-01
     vertex  1.560189e-01  4.983410e-02  5.478695e-01
     vertex  1.583107e-01  4.983410e-02  5.492134e-01
   endloop
 endfacet
 facet normal -1.363413e-01  9.595211e-01  2.464352e-01
   outer loop
     vertex  1.569637e-01  5.021164e-02  5.483178e-01
     vertex  1.581025e-01  5.021164e-02  5.489478e-01
     vertex  1.579626e-01  5.033748e-02  5.483805e-01
   endloop
 endfacet
 facet normal -4.571418e-01  3.290681e-01  8.262781e-01
   outer loop
     vertex  1.569637e-01  5.021164e-02  5.483178e-01
     vertex  1.583107e-01  4.983410e-02  5.492134e-01
     vertex  1.581025e-01  5.021164e-02  5.489478e-01
   endloop
 endfacet
 facet normal -1.521797e-01  9.617234e-01  2.278805e-01
   outer loop
     vertex  1.558104e-01  5.021164e-02  5.475476e-01
     vertex  1.569637e-01  5.021164e-02  5.483178e-01
     vertex  1.556996e-01  5.033748e-02  5.469425e-01
   endloop
 endfacet
 facet normal -5.152109e-01  3.732922e-01  7.714990e-01
   outer loop
     vertex  1.558104e-01  5.021164e-02  5.475476e-01
     vertex  1.560189e-01  4.983410e-02  5.478695e-01
     vertex  1.569637e-01  5.021164e-02  5.483178e-01
   endloop
 endfacet
 facet normal -1.666876e-01  9.686304e-01  1.843108e-01
   outer loop
     vertex  1.542920e-01  5.021164e-02  5.463309e-01
     vertex  1.556996e-01  5.033748e-02  5.469425e-01
     vertex  1.526822e-01  5.033748e-02  5.442136e-01
   endloop
 endfacet
 facet normal -6.426154e-01  1.346240e-01  7.542691e-01
   outer loop
     vertex  1.542920e-01  5.021164e-02  5.463309e-01
     vertex  1.529630e-01  4.983410e-02  5.452660e-01
     vertex  1.560189e-01  4.983410e-02  5.478695e-01
   endloop
 endfacet
 facet normal -5.955671e-01  3.048188e-01  7.432263e-01
   outer loop
     vertex  1.542920e-01  5.021164e-02  5.463309e-01
     vertex  1.560189e-01  4.983410e-02  5.478695e-01
     vertex  1.558104e-01  5.021164e-02  5.475476e-01
   endloop
 endfacet
 facet normal -1.864332e-01  9.545229e-01  2.326557e-01
   outer loop
     vertex  1.542920e-01  5.021164e-02  5.463309e-01
     vertex  1.558104e-01  5.021164e-02  5.475476e-01
     vertex  1.556996e-01  5.033748e-02  5.469425e-01
   endloop
 endfacet
 facet normal -1.978463e-01  9.580467e-01  2.073727e-01
   outer loop
     vertex  1.527543e-01  5.021164e-02  5.448638e-01
     vertex  1.542920e-01  5.021164e-02  5.463309e-01
     vertex  1.526822e-01  5.033748e-02  5.442136e-01
   endloop
 endfacet
 facet normal -6.432958e-01  3.626696e-01  6.742709e-01
   outer loop
     vertex  1.527543e-01  5.021164e-02  5.448638e-01
     vertex  1.529630e-01  4.983410e-02  5.452660e-01
     vertex  1.542920e-01  5.021164e-02  5.463309e-01
   endloop
 endfacet
 facet normal -1.977884e-01  9.669870e-01  1.606731e-01
   outer loop
     vertex  1.510461e-01  5.021164e-02  5.429571e-01
     vertex  1.526822e-01  5.033748e-02  5.442136e-01
     vertex  1.492876e-01  5.033748e-02  5.400349e-01
   endloop
 endfacet
 facet normal -7.576930e-01  9.851849e-02  6.451320e-01
   outer loop
     vertex  1.510461e-01  5.021164e-02  5.429571e-01
     vertex  1.495252e-01  4.983410e-02  5.412284e-01
     vertex  1.529630e-01  4.983410e-02  5.452660e-01
   endloop
 endfacet
 facet normal -7.136084e-01  2.865188e-01  6.392730e-01
   outer loop
     vertex  1.510461e-01  5.021164e-02  5.429571e-01
     vertex  1.529630e-01  4.983410e-02  5.452660e-01
     vertex  1.527543e-01  5.021164e-02  5.448638e-01
   endloop
 endfacet
 facet normal -2.340907e-01  9.493287e-01  2.097059e-01
   outer loop
     vertex  1.510461e-01  5.021164e-02  5.429571e-01
     vertex  1.527543e-01  5.021164e-02  5.448638e-01
     vertex  1.526822e-01  5.033748e-02  5.442136e-01
   endloop
 endfacet
 facet normal -2.834112e-01  9.414817e-01  1.824566e-01
   outer loop
     vertex  1.493162e-01  5.021164e-02  5.407287e-01
     vertex  1.492876e-01  5.033748e-02  5.400349e-01
     vertex  1.457397e-01  5.021164e-02  5.351733e-01
   endloop
 endfacet
 facet normal -8.155246e-01  2.434519e-01  5.250246e-01
   outer loop
     vertex  1.493162e-01  5.021164e-02  5.407287e-01
     vertex  1.457397e-01  5.021164e-02  5.351733e-01
     vertex  1.495252e-01  4.983410e-02  5.412284e-01
   endloop
 endfacet
 facet normal -2.355252e-01  9.545131e-01  1.828459e-01
   outer loop
     vertex  1.493162e-01  5.021164e-02  5.407287e-01
     vertex  1.510461e-01  5.021164e-02  5.429571e-01
     vertex  1.492876e-01  5.033748e-02  5.400349e-01
   endloop
 endfacet
 facet normal -7.397641e-01  3.506067e-01  5.743031e-01
   outer loop
     vertex  1.493162e-01  5.021164e-02  5.407287e-01
     vertex  1.495252e-01  4.983410e-02  5.412284e-01
     vertex  1.510461e-01  5.021164e-02  5.429571e-01
   endloop
 endfacet
 facet normal -2.677305e-01  9.520030e-01  1.483597e-01
   outer loop
     vertex  1.444546e-01  5.021164e-02  5.328541e-01
     vertex  1.457397e-01  5.021164e-02  5.351733e-01
     vertex  1.445283e-01  5.033748e-02  5.321797e-01
   endloop
 endfacet
 facet normal -8.238822e-01  3.358349e-01  4.565446e-01
   outer loop
     vertex  1.444546e-01  5.021164e-02  5.328541e-01
     vertex  1.446313e-01  4.983410e-02  5.334508e-01
     vertex  1.457397e-01  5.021164e-02  5.351733e-01
   endloop
 endfacet
 facet normal -2.044799e-01  9.750570e-01  8.632371e-02
   outer loop
     vertex  1.425979e-01  5.021164e-02  5.290285e-01
     vertex  1.445283e-01  5.033748e-02  5.321797e-01
     vertex  1.414749e-01  5.033748e-02  5.249468e-01
   endloop
 endfacet
 facet normal -9.074210e-01 -9.645130e-02  4.090040e-01
   outer loop
     vertex  1.425979e-01  5.021164e-02  5.290285e-01
     vertex  1.412546e-01  4.983410e-02  5.259593e-01
     vertex  1.446313e-01  4.983410e-02  5.334508e-01
   endloop
 endfacet
 facet normal -2.962722e-01  9.442183e-01  1.437866e-01
   outer loop
     vertex  1.425979e-01  5.021164e-02  5.290285e-01
     vertex  1.444546e-01  5.021164e-02  5.328541e-01
     vertex  1.445283e-01  5.033748e-02  5.321797e-01
   endloop
 endfacet
 facet normal -8.687939e-01  2.596435e-01  4.216426e-01
   outer loop
     vertex  1.425979e-01  5.021164e-02  5.290285e-01
     vertex  1.446313e-01  4.983410e-02  5.334508e-01
     vertex  1.444546e-01  5.021164e-02  5.328541e-01
   endloop
 endfacet
 facet normal -2.696774e-01  9.573489e-01  1.037164e-01
   outer loop
     vertex  1.412198e-01  5.021164e-02  5.254453e-01
     vertex  1.425979e-01  5.021164e-02  5.290285e-01
     vertex  1.414749e-01  5.033748e-02  5.249468e-01
   endloop
 endfacet
 facet normal -8.658057e-01  3.734998e-01  3.329840e-01
   outer loop
     vertex  1.412198e-01  5.021164e-02  5.254453e-01
     vertex  1.412546e-01  4.983410e-02  5.259593e-01
     vertex  1.425979e-01  5.021164e-02  5.290285e-01
   endloop
 endfacet
 facet normal -2.107366e-01  9.766792e-01  4.108350e-02
   outer loop
     vertex  1.403746e-01  5.021164e-02  5.222945e-01
     vertex  1.414749e-01  5.033748e-02  5.249468e-01
     vertex  1.404287e-01  5.033748e-02  5.195803e-01
   endloop
 endfacet
 facet normal -9.649198e-01 -1.486482e-01  2.164104e-01
   outer loop
     vertex  1.403746e-01  5.021164e-02  5.222945e-01
     vertex  1.398739e-01  4.983410e-02  5.198031e-01
     vertex  1.412546e-01  4.983410e-02  5.259593e-01
   endloop
 endfacet
 facet normal -9.339210e-01  2.549859e-01  2.505470e-01
   outer loop
     vertex  1.403746e-01  5.021164e-02  5.222945e-01
     vertex  1.412546e-01  4.983410e-02  5.259593e-01
     vertex  1.412198e-01  5.021164e-02  5.254453e-01
   endloop
 endfacet
 facet normal -3.069257e-01  9.481649e-01  8.234027e-02
   outer loop
     vertex  1.403746e-01  5.021164e-02  5.222945e-01
     vertex  1.412198e-01  5.021164e-02  5.254453e-01
     vertex  1.414749e-01  5.033748e-02  5.249468e-01
   endloop
 endfacet
 facet normal -2.783498e-01  9.596898e-01  3.894801e-02
   outer loop
     vertex  1.400051e-01  5.021164e-02  5.196542e-01
     vertex  1.403746e-01  5.021164e-02  5.222945e-01
     vertex  1.404287e-01  5.033748e-02  5.195803e-01
   endloop
 endfacet
 facet normal -9.199214e-01  3.703725e-01  1.287197e-01
   outer loop
     vertex  1.400051e-01  5.021164e-02  5.196542e-01
     vertex  1.398739e-01  4.983410e-02  5.198031e-01
     vertex  1.403746e-01  5.021164e-02  5.222945e-01
   endloop
 endfacet
 facet normal -2.312055e-01  9.728483e-01 -1.049858e-02
   outer loop
     vertex  1.399759e-01  5.021164e-02  5.178903e-01
     vertex  1.404287e-01  5.033748e-02  5.195803e-01
     vertex  1.405709e-01  5.033748e-02  5.164478e-01
   endloop
 endfacet
 facet normal -9.921797e-01  1.214237e-01 -2.890998e-02
   outer loop
     vertex  1.399759e-01  5.021164e-02  5.178903e-01
     vertex  1.399747e-01  4.983410e-02  5.163452e-01
     vertex  1.398739e-01  4.983410e-02  5.198031e-01
   endloop
 endfacet
 facet normal -9.425753e-01  3.336286e-01  1.561584e-02
   outer loop
     vertex  1.399759e-01  5.021164e-02  5.178903e-01
     vertex  1.398739e-01  4.983410e-02  5.198031e-01
     vertex  1.400051e-01  5.021164e-02  5.196542e-01
   endloop
 endfacet
 facet normal -2.840544e-01  9.587966e-01  4.705989e-03
   outer loop
     vertex  1.399759e-01  5.021164e-02  5.178903e-01
     vertex  1.400051e-01  5.021164e-02  5.196542e-01
     vertex  1.404287e-01  5.033748e-02  5.195803e-01
   endloop
 endfacet
 facet normal -2.675761e-01  9.631765e-01 -2.634520e-02
   outer loop
     vertex  1.401285e-01  5.021164e-02  5.163401e-01
     vertex  1.399759e-01  5.021164e-02  5.178903e-01
     vertex  1.405709e-01  5.033748e-02  5.164478e-01
   endloop
 endfacet
 facet normal -9.226907e-01  3.746848e-01 -9.084693e-02
   outer loop
     vertex  1.401285e-01  5.021164e-02  5.163401e-01
     vertex  1.399747e-01  4.983410e-02  5.163452e-01
     vertex  1.399759e-01  5.021164e-02  5.178903e-01
   endloop
 endfacet
 facet normal -9.086749e-01  3.675359e-01 -1.980586e-01
   outer loop
     vertex  1.404104e-01  5.021164e-02  5.150470e-01
     vertex  1.399747e-01  4.983410e-02  5.163452e-01
     vertex  1.401285e-01  5.021164e-02  5.163401e-01
   endloop
 endfacet
 facet normal -2.603658e-01  9.638408e-01 -5.675042e-02
   outer loop
     vertex  1.404104e-01  5.021164e-02  5.150470e-01
     vertex  1.401285e-01  5.021164e-02  5.163401e-01
     vertex  1.405709e-01  5.033748e-02  5.164478e-01
   endloop
 endfacet
 facet normal -2.158622e-01  9.744023e-01 -6.279942e-02
   outer loop
     vertex  1.404104e-01  5.021164e-02  5.150470e-01
     vertex  1.405709e-01  5.033748e-02  5.164478e-01
     vertex  1.413123e-01  5.033748e-02  5.138993e-01
   endloop
 endfacet
 facet normal -9.449517e-01  2.000369e-01 -2.589431e-01
   outer loop
     vertex  1.404104e-01  5.021164e-02  5.150470e-01
     vertex  1.406679e-01  4.983410e-02  5.138154e-01
     vertex  1.399747e-01  4.983410e-02  5.163452e-01
   endloop
 endfacet
 facet normal -2.422832e-01  9.665252e-01 -8.442701e-02
   outer loop
     vertex  1.408504e-01  5.021164e-02  5.137842e-01
     vertex  1.404104e-01  5.021164e-02  5.150470e-01
     vertex  1.413123e-01  5.033748e-02  5.138993e-01
   endloop
 endfacet
 facet normal -8.677573e-01  3.944138e-01 -3.023823e-01
   outer loop
     vertex  1.408504e-01  5.021164e-02  5.137842e-01
     vertex  1.406679e-01  4.983410e-02  5.138154e-01
     vertex  1.404104e-01  5.021164e-02  5.150470e-01
   endloop
 endfacet
 facet normal -2.342733e-01  9.653166e-01 -1.152384e-01
   outer loop
     vertex  1.413668e-01  5.021164e-02  5.127343e-01
     vertex  1.408504e-01  5.021164e-02  5.137842e-01
     vertex  1.413123e-01  5.033748e-02  5.138993e-01
   endloop
 endfacet
 facet normal -8.339387e-01  3.691506e-01 -4.102122e-01
   outer loop
     vertex  1.413668e-01  5.021164e-02  5.127343e-01
     vertex  1.406679e-01  4.983410e-02  5.138154e-01
     vertex  1.408504e-01  5.021164e-02  5.137842e-01
   endloop
 endfacet
 facet normal -1.961830e-01  9.738734e-01 -1.143798e-01
   outer loop
     vertex  1.413668e-01  5.021164e-02  5.127343e-01
     vertex  1.413123e-01  5.033748e-02  5.138993e-01
     vertex  1.424808e-01  5.033748e-02  5.118951e-01
   endloop
 endfacet
 facet normal -8.519132e-01  2.303317e-01 -4.703098e-01
   outer loop
     vertex  1.413668e-01  5.021164e-02  5.127343e-01
     vertex  1.418037e-01  4.983410e-02  5.117581e-01
     vertex  1.406679e-01  4.983410e-02  5.138154e-01
   endloop
 endfacet
 facet normal -2.132352e-01  9.672035e-01 -1.380151e-01
   outer loop
     vertex  1.420101e-01  5.021164e-02  5.117405e-01
     vertex  1.413668e-01  5.021164e-02  5.127343e-01
     vertex  1.424808e-01  5.033748e-02  5.118951e-01
   endloop
 endfacet
 facet normal -7.702163e-01  3.978029e-01 -4.985176e-01
   outer loop
     vertex  1.420101e-01  5.021164e-02  5.117405e-01
     vertex  1.418037e-01  4.983410e-02  5.117581e-01
     vertex  1.413668e-01  5.021164e-02  5.127343e-01
   endloop
 endfacet
 facet normal -7.178928e-01  3.647897e-01 -5.929236e-01
   outer loop
     vertex  1.427640e-01  5.021164e-02  5.108277e-01
     vertex  1.418037e-01  4.983410e-02  5.117581e-01
     vertex  1.420101e-01  5.021164e-02  5.117405e-01
   endloop
 endfacet
 facet normal -1.675482e-01  9.729325e-01 -1.591537e-01
   outer loop
     vertex  1.427640e-01  5.021164e-02  5.108277e-01
     vertex  1.424808e-01  5.033748e-02  5.118951e-01
     vertex  1.441242e-01  5.033748e-02  5.101650e-01
   endloop
 endfacet
 facet normal -7.223062e-01  2.293660e-01 -6.524300e-01
   outer loop
     vertex  1.427640e-01  5.021164e-02  5.108277e-01
     vertex  1.434143e-01  4.983410e-02  5.099750e-01
     vertex  1.418037e-01  4.983410e-02  5.117581e-01
   endloop
 endfacet
 facet normal -2.028788e-01  9.647607e-01 -1.675621e-01
   outer loop
     vertex  1.427640e-01  5.021164e-02  5.108277e-01
     vertex  1.420101e-01  5.021164e-02  5.117405e-01
     vertex  1.424808e-01  5.033748e-02  5.118951e-01
   endloop
 endfacet
 facet normal -1.800050e-01  9.659096e-01 -1.860561e-01
   outer loop
     vertex  1.436477e-01  5.021164e-02  5.099727e-01
     vertex  1.427640e-01  5.021164e-02  5.108277e-01
     vertex  1.441242e-01  5.033748e-02  5.101650e-01
   endloop
 endfacet
 facet normal -6.398067e-01  3.915487e-01 -6.613146e-01
   outer loop
     vertex  1.436477e-01  5.021164e-02  5.099727e-01
     vertex  1.434143e-01  4.983410e-02  5.099750e-01
     vertex  1.427640e-01  5.021164e-02  5.108277e-01
   endloop
 endfacet
 facet normal -5.767682e-01  3.521251e-01 -7.371203e-01
   outer loop
     vertex  1.446390e-01  5.021164e-02  5.091970e-01
     vertex  1.434143e-01  4.983410e-02  5.099750e-01
     vertex  1.436477e-01  5.021164e-02  5.099727e-01
   endloop
 endfacet
 facet normal -1.366772e-01  9.704509e-01 -1.988576e-01
   outer loop
     vertex  1.446390e-01  5.021164e-02  5.091970e-01
     vertex  1.441242e-01  5.033748e-02  5.101650e-01
     vertex  1.462425e-01  5.033748e-02  5.087091e-01
   endloop
 endfacet
 facet normal -5.710071e-01  2.261715e-01 -7.891751e-01
   outer loop
     vertex  1.446390e-01  5.021164e-02  5.091970e-01
     vertex  1.454998e-01  4.983410e-02  5.084660e-01
     vertex  1.434143e-01  4.983410e-02  5.099750e-01
   endloop
 endfacet
 facet normal -1.676603e-01  9.622771e-01 -2.142729e-01
   outer loop
     vertex  1.446390e-01  5.021164e-02  5.091970e-01
     vertex  1.436477e-01  5.021164e-02  5.099727e-01
     vertex  1.441242e-01  5.033748e-02  5.101650e-01
   endloop
 endfacet
 facet normal -1.447108e-01  9.630440e-01 -2.271675e-01
   outer loop
     vertex  1.457632e-01  5.021164e-02  5.084809e-01
     vertex  1.446390e-01  5.021164e-02  5.091970e-01
     vertex  1.462425e-01  5.033748e-02  5.087091e-01
   endloop
 endfacet
 facet normal -4.974414e-01  3.778499e-01 -7.808851e-01
   outer loop
     vertex  1.457632e-01  5.021164e-02  5.084809e-01
     vertex  1.454998e-01  4.983410e-02  5.084660e-01
     vertex  1.446390e-01  5.021164e-02  5.091970e-01
   endloop
 endfacet
 facet normal -1.313536e-01  9.585726e-01 -2.527544e-01
   outer loop
     vertex  1.469920e-01  5.021164e-02  5.078423e-01
     vertex  1.457632e-01  5.021164e-02  5.084809e-01
     vertex  1.462425e-01  5.033748e-02  5.087091e-01
   endloop
 endfacet
 facet normal -4.343301e-01  3.359735e-01 -8.357507e-01
   outer loop
     vertex  1.469920e-01  5.021164e-02  5.078423e-01
     vertex  1.454998e-01  4.983410e-02  5.084660e-01
     vertex  1.457632e-01  5.021164e-02  5.084809e-01
   endloop
 endfacet
 facet normal -1.055942e-01  9.670372e-01 -2.317086e-01
   outer loop
     vertex  1.469920e-01  5.021164e-02  5.078423e-01
     vertex  1.462425e-01  5.033748e-02  5.087091e-01
     vertex  1.488356e-01  5.033748e-02  5.075274e-01
   endloop
 endfacet
 facet normal -4.234435e-01  2.231131e-01 -8.780183e-01
   outer loop
     vertex  1.469920e-01  5.021164e-02  5.078423e-01
     vertex  1.480602e-01  4.983410e-02  5.072312e-01
     vertex  1.454998e-01  4.983410e-02  5.084660e-01
   endloop
 endfacet
 facet normal -1.098535e-01  9.594256e-01 -2.596821e-01
   outer loop
     vertex  1.483567e-01  5.021164e-02  5.072650e-01
     vertex  1.469920e-01  5.021164e-02  5.078423e-01
     vertex  1.488356e-01  5.033748e-02  5.075274e-01
   endloop
 endfacet
 facet normal -3.631731e-01  3.620472e-01 -8.585028e-01
   outer loop
     vertex  1.483567e-01  5.021164e-02  5.072650e-01
     vertex  1.480602e-01  4.983410e-02  5.072312e-01
     vertex  1.469920e-01  5.021164e-02  5.078423e-01
   endloop
 endfacet
 facet normal -9.418949e-02  9.537260e-01 -2.855433e-01
   outer loop
     vertex  1.503379e-01  5.021164e-02  5.066115e-01
     vertex  1.483567e-01  5.021164e-02  5.072650e-01
     vertex  1.488356e-01  5.033748e-02  5.075274e-01
   endloop
 endfacet
 facet normal -2.973907e-01  3.142286e-01 -9.015648e-01
   outer loop
     vertex  1.503379e-01  5.021164e-02  5.066115e-01
     vertex  1.480602e-01  4.983410e-02  5.072312e-01
     vertex  1.483567e-01  5.021164e-02  5.072650e-01
   endloop
 endfacet
 facet normal -6.614270e-02  9.681393e-01 -2.415190e-01
   outer loop
     vertex  1.503379e-01  5.021164e-02  5.066115e-01
     vertex  1.488356e-01  5.033748e-02  5.075274e-01
     vertex  1.530318e-01  5.033748e-02  5.063782e-01
   endloop
 endfacet
 facet normal -2.796701e-01  1.245491e-01 -9.519833e-01
   outer loop
     vertex  1.503379e-01  5.021164e-02  5.066115e-01
     vertex  1.522127e-01  4.983410e-02  5.060113e-01
     vertex  1.480602e-01  4.983410e-02  5.072312e-01
   endloop
 endfacet
 facet normal -2.207117e-01  3.507355e-01 -9.100939e-01
   outer loop
     vertex  1.525581e-01  5.021164e-02  5.060731e-01
     vertex  1.522127e-01  4.983410e-02  5.060113e-01
     vertex  1.503379e-01  5.021164e-02  5.066115e-01
   endloop
 endfacet
 facet normal -6.943788e-02  9.556135e-01 -2.863237e-01
   outer loop
     vertex  1.525581e-01  5.021164e-02  5.060731e-01
     vertex  1.503379e-01  5.021164e-02  5.066115e-01
     vertex  1.530318e-01  5.033748e-02  5.063782e-01
   endloop
 endfacet
 facet normal -1.602817e-01  3.003716e-01 -9.402588e-01
   outer loop
     vertex  1.549650e-01  5.021164e-02  5.056628e-01
     vertex  1.522127e-01  4.983410e-02  5.060113e-01
     vertex  1.525581e-01  5.021164e-02  5.060731e-01
   endloop
 endfacet
 facet normal -5.277959e-02  9.493943e-01 -3.096204e-01
   outer loop
     vertex  1.549650e-01  5.021164e-02  5.056628e-01
     vertex  1.525581e-01  5.021164e-02  5.060731e-01
     vertex  1.530318e-01  5.033748e-02  5.063782e-01
   endloop
 endfacet
 facet normal -3.622582e-02  9.629401e-01 -2.672716e-01
   outer loop
     vertex  1.549650e-01  5.021164e-02  5.056628e-01
     vertex  1.530318e-01  5.033748e-02  5.063782e-01
     vertex  1.576858e-01  5.033748e-02  5.057474e-01
   endloop
 endfacet
 facet normal -1.434963e-01  1.418261e-01 -9.794356e-01
   outer loop
     vertex  1.549650e-01  5.021164e-02  5.056628e-01
     vertex  1.572171e-01  4.983410e-02  5.052781e-01
     vertex  1.522127e-01  4.983410e-02  5.060113e-01
   endloop
 endfacet
 facet normal -3.442929e-02  9.509984e-01 -3.072729e-01
   outer loop
     vertex  1.574176e-01  5.021164e-02  5.053880e-01
     vertex  1.549650e-01  5.021164e-02  5.056628e-01
     vertex  1.576858e-01  5.033748e-02  5.057474e-01
   endloop
 endfacet
 facet normal -1.051587e-01  3.288311e-01 -9.385157e-01
   outer loop
     vertex  1.574176e-01  5.021164e-02  5.053880e-01
     vertex  1.572171e-01  4.983410e-02  5.052781e-01
     vertex  1.549650e-01  5.021164e-02  5.056628e-01
   endloop
 endfacet
 facet normal -7.985730e-03  9.788511e-01 -2.044179e-01
   outer loop
     vertex  1.602407e-01  5.025892e-02  5.052714e-01
     vertex  1.576858e-01  5.033748e-02  5.057474e-01
     vertex  1.630681e-01  5.033748e-02  5.055371e-01
   endloop
 endfacet
 facet normal -1.591173e-02  9.921523e-01 -1.240190e-01
   outer loop
     vertex  1.602407e-01  5.025892e-02  5.052714e-01
     vertex  1.630681e-01  5.033748e-02  5.055371e-01
     vertex  1.630681e-01  5.031262e-02  5.053383e-01
   endloop
 endfacet
 facet normal -8.326591e-03  9.216034e-01 -3.880435e-01
   outer loop
     vertex  1.602407e-01  5.025892e-02  5.052714e-01
     vertex  1.630681e-01  5.031262e-02  5.053383e-01
     vertex  1.630681e-01  5.026843e-02  5.052333e-01
   endloop
 endfacet
 facet normal -1.970058e-02  9.481338e-01 -3.172604e-01
   outer loop
     vertex  1.602324e-01  5.021164e-02  5.052132e-01
     vertex  1.574176e-01  5.021164e-02  5.053880e-01
     vertex  1.576858e-01  5.033748e-02  5.057474e-01
   endloop
 endfacet
 facet normal -1.109117e-02  7.769393e-01 -6.294779e-01
   outer loop
     vertex  1.602324e-01  5.021164e-02  5.052132e-01
     vertex  1.602407e-01  5.025892e-02  5.052714e-01
     vertex  1.630681e-01  5.026843e-02  5.052333e-01
   endloop
 endfacet
 facet normal -1.007589e-02  7.410849e-01 -6.713357e-01
   outer loop
     vertex  1.602324e-01  5.021164e-02  5.052132e-01
     vertex  1.630681e-01  5.026843e-02  5.052333e-01
     vertex  1.630681e-01  5.016800e-02  5.051224e-01
   endloop
 endfacet
 facet normal -9.154117e-02  7.792834e-01 -6.199497e-01
   outer loop
     vertex  1.602324e-01  5.021164e-02  5.052132e-01
     vertex  1.576858e-01  5.033748e-02  5.057474e-01
     vertex  1.602407e-01  5.025892e-02  5.052714e-01
   endloop
 endfacet
 facet normal -2.264315e-02  4.173931e-01 -9.084439e-01
   outer loop
     vertex  1.602324e-01  5.021164e-02  5.052132e-01
     vertex  1.630681e-01  5.016800e-02  5.051224e-01
     vertex  1.630681e-01  5.002322e-02  5.050559e-01
   endloop
 endfacet
 facet normal -4.728555e-02  1.163136e-01 -9.920863e-01
   outer loop
     vertex  1.602324e-01  5.021164e-02  5.052132e-01
     vertex  1.630681e-01  5.002322e-02  5.050559e-01
     vertex  1.630681e-01  4.983410e-02  5.050337e-01
   endloop
 endfacet
 facet normal -5.897253e-02  3.075566e-01 -9.497006e-01
   outer loop
     vertex  1.602324e-01  5.021164e-02  5.052132e-01
     vertex  1.572171e-01  4.983410e-02  5.052781e-01
     vertex  1.574176e-01  5.021164e-02  5.053880e-01
   endloop
 endfacet
 facet normal -4.120065e-02  1.593020e-01 -9.863698e-01
   outer loop
     vertex  1.602324e-01  5.021164e-02  5.052132e-01
     vertex  1.630681e-01  4.983410e-02  5.050337e-01
     vertex  1.572171e-01  4.983410e-02  5.052781e-01
   endloop
 endfacet
 facet normal  0.000000e+00  1.000000e+00  0.000000e+00
   outer loop
     vertex  1.760864e-01  5.033700e-02  5.398638e-01
     vertex  1.677662e-01  5.033700e-02  5.061075e-01
     vertex  1.630680e-01  5.033700e-02  5.055370e-01
   endloop
 endfacet
 facet normal  0.000000e+00  1.000000e+00  0.000000e+00
   outer loop
     vertex  1.760864e-01  5.033700e-02  5.398638e-01
     vertex  1.721914e-01  5.033700e-02  5.077857e-01
     vertex  1.677662e-01  5.033700e-02  5.061075e-01
   endloop
 endfacet
 facet normal  0.000000e+00  1.000000e+00  0.000000e+00
   outer loop
     vertex  1.760864e-01  5.033700e-02  5.398638e-01
     vertex  1.760864e-01  5.033700e-02  5.104742e-01
     vertex  1.721914e-01  5.033700e-02  5.077857e-01
   endloop
 endfacet
 facet normal  0.000000e+00  1.000000e+00  0.000000e+00
   outer loop
     vertex  1.760864e-01  5.033700e-02  5.398638e-01
     vertex  1.792248e-01  5.033700e-02  5.140168e-01
     vertex  1.760864e-01  5.033700e-02  5.104742e-01
   endloop
 endfacet
 facet normal  0.000000e+00  1.000000e+00  0.000000e+00
   outer loop
     vertex  1.760864e-01  5.033700e-02  5.398638e-01
     vertex  1.814242e-01  5.033700e-02  5.182074e-01
     vertex  1.792248e-01  5.033700e-02  5.140168e-01
   endloop
 endfacet
 facet normal  0.000000e+00  1.000000e+00  0.000000e+00
   outer loop
     vertex  1.760864e-01  5.033700e-02  5.398638e-01
     vertex  1.825569e-01  5.033700e-02  5.228026e-01
     vertex  1.814242e-01  5.033700e-02  5.182074e-01
   endloop
 endfacet
 facet normal  0.000000e+00  1.000000e+00  0.000000e+00
   outer loop
     vertex  1.760864e-01  5.033700e-02  5.398638e-01
     vertex  1.825569e-01  5.033700e-02  5.275354e-01
     vertex  1.825569e-01  5.033700e-02  5.228026e-01
   endloop
 endfacet
 facet normal  0.000000e+00  1.000000e+00  0.000000e+00
   outer loop
     vertex  1.760864e-01  5.033700e-02  5.398638e-01
     vertex  1.814242e-01  5.033700e-02  5.321306e-01
     vertex  1.825569e-01  5.033700e-02  5.275354e-01
   endloop
 endfacet
 facet normal  0.000000e+00  1.000000e+00  0.000000e+00
   outer loop
     vertex  1.760864e-01  5.033700e-02  5.398638e-01
     vertex  1.792248e-01  5.033700e-02  5.363212e-01
     vertex  1.814242e-01  5.033700e-02  5.321306e-01
   endloop
 endfacet
 facet normal  0.000000e+00  1.000000e+00  0.000000e+00
   outer loop
     vertex  1.760864e-01  5.033700e-02  5.398638e-01
     vertex  1.677662e-01  5.033700e-02  5.442305e-01
     vertex  1.721914e-01  5.033700e-02  5.425523e-01
   endloop
 endfacet
 facet normal  0.000000e+00  1.000000e+00  0.000000e+00
   outer loop
     vertex  1.760864e-01  5.033700e-02  5.398638e-01
     vertex  1.630680e-01  5.033700e-02  5.448010e-01
     vertex  1.677662e-01  5.033700e-02  5.442305e-01
   endloop
 endfacet
 facet normal  0.000000e+00  1.000000e+00  0.000000e+00
   outer loop
     vertex  1.760864e-01  5.033700e-02  5.398638e-01
     vertex  1.583698e-01  5.033700e-02  5.442305e-01
     vertex  1.630680e-01  5.033700e-02  5.448010e-01
   endloop
 endfacet
 facet normal  0.000000e+00  1.000000e+00  0.000000e+00
   outer loop
     vertex  1.760864e-01  5.033700e-02  5.398638e-01
     vertex  1.539446e-01  5.033700e-02  5.425523e-01
     vertex  1.583698e-01  5.033700e-02  5.442305e-01
   endloop
 endfacet
 facet normal  0.000000e+00  1.000000e+00  0.000000e+00
   outer loop
     vertex  1.760864e-01  5.033700e-02  5.398638e-01
     vertex  1.500496e-01  5.033700e-02  5.398638e-01
     vertex  1.539446e-01  5.033700e-02  5.425523e-01
   endloop
 endfacet
 facet normal  0.000000e+00  1.000000e+00  0.000000e+00
   outer loop
     vertex  1.760864e-01  5.033700e-02  5.398638e-01
     vertex  1.469112e-01  5.033700e-02  5.363213e-01
     vertex  1.500496e-01  5.033700e-02  5.398638e-01
   endloop
 endfacet
 facet normal  0.000000e+00  1.000000e+00  0.000000e+00
   outer loop
     vertex  1.760864e-01  5.033700e-02  5.398638e-01
     vertex  1.447118e-01  5.033700e-02  5.321306e-01
     vertex  1.469112e-01  5.033700e-02  5.363213e-01
   endloop
 endfacet
 facet normal  0.000000e+00  1.000000e+00  0.000000e+00
   outer loop
     vertex  1.760864e-01  5.033700e-02  5.398638e-01
     vertex  1.435791e-01  5.033700e-02  5.275354e-01
     vertex  1.447118e-01  5.033700e-02  5.321306e-01
   endloop
 endfacet
 facet normal  0.000000e+00  1.000000e+00  0.000000e+00
   outer loop
     vertex  1.760864e-01  5.033700e-02  5.398638e-01
     vertex  1.435791e-01  5.033700e-02  5.228026e-01
     vertex  1.435791e-01  5.033700e-02  5.275354e-01
   endloop
 endfacet
 facet normal  0.000000e+00  1.000000e+00  0.000000e+00
   outer loop
     vertex  1.760864e-01  5.033700e-02  5.398638e-01
     vertex  1.447118e-01  5.033700e-02  5.182074e-01
     vertex  1.435791e-01  5.033700e-02  5.228026e-01
   endloop
 endfacet
 facet normal  0.000000e+00  1.000000e+00  0.000000e+00
   outer loop
     vertex  1.760864e-01  5.033700e-02  5.398638e-01
     vertex  1.469112e-01  5.033700e-02  5.140168e-01
     vertex  1.447118e-01  5.033700e-02  5.182074e-01
   endloop
 endfacet
 facet normal  0.000000e+00  1.000000e+00  0.000000e+00
   outer loop
     vertex  1.760864e-01  5.033700e-02  5.398638e-01
     vertex  1.500496e-01  5.033700e-02  5.104742e-01
     vertex  1.469112e-01  5.033700e-02  5.140168e-01
   endloop
 endfacet
 facet normal  0.000000e+00  1.000000e+00  0.000000e+00
   outer loop
     vertex  1.760864e-01  5.033700e-02  5.398638e-01
     vertex  1.539445e-01  5.033700e-02  5.077857e-01
     vertex  1.500496e-01  5.033700e-02  5.104742e-01
   endloop
 endfacet
 facet normal  0.000000e+00  1.000000e+00  0.000000e+00
   outer loop
     vertex  1.760864e-01  5.033700e-02  5.398638e-01
     vertex  1.583697e-01  5.033700e-02  5.061075e-01
     vertex  1.539445e-01  5.033700e-02  5.077857e-01
   endloop
 endfacet
 facet normal  0.000000e+00  1.000000e+00  0.000000e+00
   outer loop
     vertex  1.760864e-01  5.033700e-02  5.398638e-01
     vertex  1.630680e-01  5.033700e-02  5.055370e-01
     vertex  1.583697e-01  5.033700e-02  5.061075e-01
   endloop
 endfacet
 facet normal  3.588994e-02 -9.047742e-02  9.952516e-01
   outer loop
     vertex  1.630681e-01  1.048698e-02  5.398505e-01
     vertex  1.669275e-01  1.510124e-02  5.401308e-01
     vertex  1.630681e-01  1.510124e-02  5.402700e-01
   endloop
 endfacet
 facet normal -6.457278e-02 -9.034680e-02  9.938148e-01
   outer loop
     vertex  1.566318e-01  1.069776e-02  5.394515e-01
     vertex  1.630681e-01  1.048698e-02  5.398505e-01
     vertex  1.630681e-01  1.510124e-02  5.402700e-01
   endloop
 endfacet
 facet normal -7.198230e-02 -7.959290e-02  9.942251e-01
   outer loop
     vertex  1.566318e-01  1.069776e-02  5.394515e-01
     vertex  1.630681e-01  1.510124e-02  5.402700e-01
     vertex  1.561621e-01  1.510124e-02  5.397700e-01
   endloop
 endfacet
 facet normal -1.762700e-01 -8.970496e-02  9.802458e-01
   outer loop
     vertex  1.536547e-01  1.208146e-02  5.390427e-01
     vertex  1.566318e-01  1.069776e-02  5.394515e-01
     vertex  1.561621e-01  1.510124e-02  5.397700e-01
   endloop
 endfacet
 facet normal -2.657075e-01 -1.152639e-02  9.639848e-01
   outer loop
     vertex  1.536547e-01  1.208146e-02  5.390427e-01
     vertex  1.561621e-01  1.510124e-02  5.397700e-01
     vertex  1.514276e-01  1.510124e-02  5.384650e-01
   endloop
 endfacet
 facet normal -1.827691e-01 -1.044729e-01  9.775893e-01
   outer loop
     vertex  1.549419e-01  1.069776e-02  5.391355e-01
     vertex  1.566318e-01  1.069776e-02  5.394515e-01
     vertex  1.536547e-01  1.208146e-02  5.390427e-01
   endloop
 endfacet
 facet normal -4.824651e-01 -7.761718e-02  8.724695e-01
   outer loop
     vertex  1.518974e-01  1.208146e-02  5.384561e-01
     vertex  1.514276e-01  1.510124e-02  5.384650e-01
     vertex  1.490835e-01  1.510124e-02  5.371687e-01
   endloop
 endfacet
 facet normal -3.162083e-01 -5.197016e-02  9.472652e-01
   outer loop
     vertex  1.518974e-01  1.208146e-02  5.384561e-01
     vertex  1.536547e-01  1.208146e-02  5.390427e-01
     vertex  1.514276e-01  1.510124e-02  5.384650e-01
   endloop
 endfacet
 facet normal -2.423141e-01 -1.612647e-01  9.567014e-01
   outer loop
     vertex  1.536461e-01  1.069776e-02  5.388073e-01
     vertex  1.549419e-01  1.069776e-02  5.391355e-01
     vertex  1.536547e-01  1.208146e-02  5.390427e-01
   endloop
 endfacet
 facet normal -3.126880e-01 -1.574256e-01  9.367195e-01
   outer loop
     vertex  1.536461e-01  1.069776e-02  5.388073e-01
     vertex  1.536547e-01  1.208146e-02  5.390427e-01
     vertex  1.518974e-01  1.208146e-02  5.384561e-01
   endloop
 endfacet
 facet normal -5.216890e-02 -3.032223e-01  9.514907e-01
   outer loop
     vertex  1.566322e-01  8.457995e-03  5.388510e-01
     vertex  1.630681e-01  7.051443e-03  5.387557e-01
     vertex  1.630681e-01  1.048698e-02  5.398505e-01
   endloop
 endfacet
 facet normal -1.001166e-01 -5.157910e-01  8.508445e-01
   outer loop
     vertex  1.566322e-01  8.457995e-03  5.388510e-01
     vertex  1.630681e-01  4.766810e-03  5.373707e-01
     vertex  1.630681e-01  7.051443e-03  5.387557e-01
   endloop
 endfacet
 facet normal -1.777068e-01 -2.548467e-01  9.505122e-01
   outer loop
     vertex  1.566322e-01  8.457995e-03  5.388510e-01
     vertex  1.566318e-01  1.069776e-02  5.394515e-01
     vertex  1.549419e-01  1.069776e-02  5.391355e-01
   endloop
 endfacet
 facet normal -6.820401e-02 -2.583448e-01  9.636422e-01
   outer loop
     vertex  1.566322e-01  8.457995e-03  5.388510e-01
     vertex  1.630681e-01  1.048698e-02  5.398505e-01
     vertex  1.566318e-01  1.069776e-02  5.394515e-01
   endloop
 endfacet
 facet normal -2.384512e-01 -2.383545e-01  9.414500e-01
   outer loop
     vertex  1.538676e-01  9.209205e-03  5.384866e-01
     vertex  1.549419e-01  1.069776e-02  5.391355e-01
     vertex  1.536461e-01  1.069776e-02  5.388073e-01
   endloop
 endfacet
 facet normal -1.972938e-01 -2.686514e-01  9.428158e-01
   outer loop
     vertex  1.538676e-01  9.209205e-03  5.384866e-01
     vertex  1.566322e-01  8.457995e-03  5.388510e-01
     vertex  1.549419e-01  1.069776e-02  5.391355e-01
   endloop
 endfacet
 facet normal -3.589882e-01 -2.236996e-01  9.061380e-01
   outer loop
     vertex  1.506712e-01  1.101215e-02  5.377064e-01
     vertex  1.536461e-01  1.069776e-02  5.388073e-01
     vertex  1.518974e-01  1.208146e-02  5.384561e-01
   endloop
 endfacet
 facet normal -4.756624e-01 -6.939513e-02  8.768863e-01
   outer loop
     vertex  1.506712e-01  1.101215e-02  5.377064e-01
     vertex  1.518974e-01  1.208146e-02  5.384561e-01
     vertex  1.490835e-01  1.510124e-02  5.371687e-01
   endloop
 endfacet
 facet normal -2.549414e-01 -5.535806e-01  7.928136e-01
   outer loop
     vertex  1.527850e-01  9.209205e-03  5.381384e-01
     vertex  1.566322e-01  8.457995e-03  5.388510e-01
     vertex  1.538676e-01  9.209205e-03  5.384866e-01
   endloop
 endfacet
 facet normal -2.969381e-01 -2.431745e-01  9.234143e-01
   outer loop
     vertex  1.527850e-01  9.209205e-03  5.381384e-01
     vertex  1.538676e-01  9.209205e-03  5.384866e-01
     vertex  1.536461e-01  1.069776e-02  5.388073e-01
   endloop
 endfacet
 facet normal -3.586299e-01 -2.020678e-01  9.113469e-01
   outer loop
     vertex  1.527850e-01  9.209205e-03  5.381384e-01
     vertex  1.536461e-01  1.069776e-02  5.388073e-01
     vertex  1.506712e-01  1.101215e-02  5.377064e-01
   endloop
 endfacet
 facet normal -9.947935e-01 -9.610802e-02 -3.389766e-02
   outer loop
     vertex  1.461489e-01  1.048698e-02  5.291689e-01
     vertex  1.456472e-01  1.510124e-02  5.308112e-01
     vertex  1.457182e-01  1.510124e-02  5.287257e-01
   endloop
 endfacet
 facet normal -1.304380e-01 -6.909579e-01  7.110296e-01
   outer loop
     vertex  1.531975e-01  3.847722e-03  5.346668e-01
     vertex  1.630681e-01  3.091847e-03  5.357430e-01
     vertex  1.630681e-01  4.766810e-03  5.373707e-01
   endloop
 endfacet
 facet normal -4.878431e-01 -5.005916e-01  7.151344e-01
   outer loop
     vertex  1.531975e-01  3.847722e-03  5.346668e-01
     vertex  1.527850e-01  9.209205e-03  5.381384e-01
     vertex  1.482772e-01  7.133085e-03  5.336101e-01
   endloop
 endfacet
 facet normal -2.540249e-01 -5.393872e-01  8.028280e-01
   outer loop
     vertex  1.531975e-01  3.847722e-03  5.346668e-01
     vertex  1.566322e-01  8.457995e-03  5.388510e-01
     vertex  1.527850e-01  9.209205e-03  5.381384e-01
   endloop
 endfacet
 facet normal -1.602727e-01 -5.952364e-01  7.874048e-01
   outer loop
     vertex  1.531975e-01  3.847722e-03  5.346668e-01
     vertex  1.630681e-01  4.766810e-03  5.373707e-01
     vertex  1.566322e-01  8.457995e-03  5.388510e-01
   endloop
 endfacet
 facet normal -9.749510e-01 -8.516942e-02 -2.054672e-01
   outer loop
     vertex  1.463291e-01  1.048698e-02  5.277397e-01
     vertex  1.457182e-01  1.510124e-02  5.287257e-01
     vertex  1.463723e-01  1.510124e-02  5.256221e-01
   endloop
 endfacet
 facet normal -9.867600e-01 -1.040523e-01 -1.244101e-01
   outer loop
     vertex  1.463291e-01  1.048698e-02  5.277397e-01
     vertex  1.461489e-01  1.048698e-02  5.291689e-01
     vertex  1.457182e-01  1.510124e-02  5.287257e-01
   endloop
 endfacet
 facet normal -9.725357e-01 -8.950167e-02 -2.148577e-01
   outer loop
     vertex  1.466647e-01  1.048698e-02  5.262209e-01
     vertex  1.463291e-01  1.048698e-02  5.277397e-01
     vertex  1.463723e-01  1.510124e-02  5.256221e-01
   endloop
 endfacet
 facet normal -1.012332e-01 -8.300924e-01  5.483598e-01
   outer loop
     vertex  1.542113e-01  2.816589e-03  5.336913e-01
     vertex  1.630681e-01  1.778029e-03  5.337542e-01
     vertex  1.630681e-01  3.091847e-03  5.357430e-01
   endloop
 endfacet
 facet normal -1.284102e-01 -7.452580e-01  6.542945e-01
   outer loop
     vertex  1.542113e-01  2.816589e-03  5.336913e-01
     vertex  1.630681e-01  3.091847e-03  5.357430e-01
     vertex  1.531975e-01  3.847722e-03  5.346668e-01
   endloop
 endfacet
 facet normal -9.314577e-01 -7.862910e-02 -3.552522e-01
   outer loop
     vertex  1.472525e-01  1.048698e-02  5.243355e-01
     vertex  1.463723e-01  1.510124e-02  5.256221e-01
     vertex  1.478722e-01  1.510124e-02  5.216894e-01
   endloop
 endfacet
 facet normal -9.500169e-01 -9.863211e-02 -2.962086e-01
   outer loop
     vertex  1.472525e-01  1.048698e-02  5.243355e-01
     vertex  1.466647e-01  1.048698e-02  5.262209e-01
     vertex  1.463723e-01  1.510124e-02  5.256221e-01
   endloop
 endfacet
 facet normal -9.487833e-01 -2.924053e-01 -1.196220e-01
   outer loop
     vertex  1.470102e-01  8.494450e-03  5.272080e-01
     vertex  1.461489e-01  1.048698e-02  5.291689e-01
     vertex  1.463291e-01  1.048698e-02  5.277397e-01
   endloop
 endfacet
 facet normal -9.412091e-01 -2.662476e-01 -2.079368e-01
   outer loop
     vertex  1.470102e-01  8.494450e-03  5.272080e-01
     vertex  1.463291e-01  1.048698e-02  5.277397e-01
     vertex  1.466647e-01  1.048698e-02  5.262209e-01
   endloop
 endfacet
 facet normal -5.296586e-01 -6.005795e-01  5.989707e-01
   outer loop
     vertex  1.503177e-01  4.256626e-03  5.325302e-01
     vertex  1.531975e-01  3.847722e-03  5.346668e-01
     vertex  1.482772e-01  7.133085e-03  5.336101e-01
   endloop
 endfacet
 facet normal -9.362858e-01 -2.722945e-01 -2.218662e-01
   outer loop
     vertex  1.472733e-01  8.494450e-03  5.260977e-01
     vertex  1.470102e-01  8.494450e-03  5.272080e-01
     vertex  1.466647e-01  1.048698e-02  5.262209e-01
   endloop
 endfacet
 facet normal -9.224167e-01 -9.130947e-02 -3.752466e-01
   outer loop
     vertex  1.482506e-01  1.048698e-02  5.218820e-01
     vertex  1.472525e-01  1.048698e-02  5.243355e-01
     vertex  1.478722e-01  1.510124e-02  5.216894e-01
   endloop
 endfacet
 facet normal -1.013323e-01 -8.310248e-01  5.469274e-01
   outer loop
     vertex  1.553641e-01  1.945963e-03  5.325820e-01
     vertex  1.630681e-01  1.778029e-03  5.337542e-01
     vertex  1.542113e-01  2.816589e-03  5.336913e-01
   endloop
 endfacet
 facet normal -9.224686e-01 -2.575401e-01 -2.876192e-01
   outer loop
     vertex  1.476207e-01  8.494450e-03  5.249388e-01
     vertex  1.466647e-01  1.048698e-02  5.262209e-01
     vertex  1.472525e-01  1.048698e-02  5.243355e-01
   endloop
 endfacet
 facet normal -9.236412e-01 -2.650344e-01 -2.768461e-01
   outer loop
     vertex  1.476207e-01  8.494450e-03  5.249388e-01
     vertex  1.472733e-01  8.494450e-03  5.260977e-01
     vertex  1.466647e-01  1.048698e-02  5.262209e-01
   endloop
 endfacet
 facet normal -4.504761e-01 -7.646544e-01  4.608415e-01
   outer loop
     vertex  1.512051e-01  3.425056e-03  5.320179e-01
     vertex  1.531975e-01  3.847722e-03  5.346668e-01
     vertex  1.503177e-01  4.256626e-03  5.325302e-01
   endloop
 endfacet
 facet normal -4.038709e-01 -8.061694e-01  4.324110e-01
   outer loop
     vertex  1.512051e-01  3.425056e-03  5.320179e-01
     vertex  1.542113e-01  2.816589e-03  5.336913e-01
     vertex  1.531975e-01  3.847722e-03  5.346668e-01
   endloop
 endfacet
 facet normal -9.077337e-01 -2.659744e-01 -3.244644e-01
   outer loop
     vertex  1.480523e-01  8.494450e-03  5.237313e-01
     vertex  1.476207e-01  8.494450e-03  5.249388e-01
     vertex  1.472525e-01  1.048698e-02  5.243355e-01
   endloop
 endfacet
 facet normal -8.970146e-01 -2.494062e-01 -3.649129e-01
   outer loop
     vertex  1.480523e-01  8.494450e-03  5.237313e-01
     vertex  1.472525e-01  1.048698e-02  5.243355e-01
     vertex  1.482506e-01  1.048698e-02  5.218820e-01
   endloop
 endfacet
 facet normal -8.738356e-01 -6.450162e-02 -4.819241e-01
   outer loop
     vertex  1.500001e-01  1.048698e-02  5.184486e-01
     vertex  1.478722e-01  1.510124e-02  5.216894e-01
     vertex  1.513431e-01  1.510124e-02  5.153958e-01
   endloop
 endfacet
 facet normal -8.872480e-01 -9.163325e-02 -4.520999e-01
   outer loop
     vertex  1.500001e-01  1.048698e-02  5.184486e-01
     vertex  1.482506e-01  1.048698e-02  5.218820e-01
     vertex  1.478722e-01  1.510124e-02  5.216894e-01
   endloop
 endfacet
 facet normal -3.283404e-01 -8.781244e-01  3.479800e-01
   outer loop
     vertex  1.521902e-01  2.683771e-03  5.314491e-01
     vertex  1.553641e-01  1.945963e-03  5.325820e-01
     vertex  1.542113e-01  2.816589e-03  5.336913e-01
   endloop
 endfacet
 facet normal -3.911774e-01 -8.280425e-01  4.016539e-01
   outer loop
     vertex  1.521902e-01  2.683771e-03  5.314491e-01
     vertex  1.542113e-01  2.816589e-03  5.336913e-01
     vertex  1.512051e-01  3.425056e-03  5.320179e-01
   endloop
 endfacet
 facet normal -6.301516e-02 -9.248995e-01  3.749534e-01
   outer loop
     vertex  1.567029e-01  1.214221e-03  5.312937e-01
     vertex  1.630681e-01  8.253541e-04  5.314042e-01
     vertex  1.630681e-01  1.778029e-03  5.337542e-01
   endloop
 endfacet
 facet normal -8.424095e-02 -9.014996e-01  4.245020e-01
   outer loop
     vertex  1.567029e-01  1.214221e-03  5.312937e-01
     vertex  1.630681e-01  1.778029e-03  5.337542e-01
     vertex  1.553641e-01  1.945963e-03  5.325820e-01
   endloop
 endfacet
 facet normal -8.910448e-01 -2.579613e-01 -3.734904e-01
   outer loop
     vertex  1.487589e-01  8.494450e-03  5.220455e-01
     vertex  1.480523e-01  8.494450e-03  5.237313e-01
     vertex  1.482506e-01  1.048698e-02  5.218820e-01
   endloop
 endfacet
 facet normal -8.655178e-01 -2.374319e-01 -4.410272e-01
   outer loop
     vertex  1.497329e-01  8.494450e-03  5.200456e-01
     vertex  1.482506e-01  1.048698e-02  5.218820e-01
     vertex  1.500001e-01  1.048698e-02  5.184486e-01
   endloop
 endfacet
 facet normal -8.689828e-01 -2.564159e-01 -4.232254e-01
   outer loop
     vertex  1.497329e-01  8.494450e-03  5.200456e-01
     vertex  1.487589e-01  8.494450e-03  5.220455e-01
     vertex  1.482506e-01  1.048698e-02  5.218820e-01
   endloop
 endfacet
 facet normal -7.634899e-01 -5.280278e-01 -3.718466e-01
   outer loop
     vertex  1.497329e-01  8.494450e-03  5.200456e-01
     vertex  1.532596e-01  3.775312e-03  5.195058e-01
     vertex  1.487589e-01  8.494450e-03  5.220455e-01
   endloop
 endfacet
 facet normal -3.280467e-01 -8.787106e-01  3.467752e-01
   outer loop
     vertex  1.532731e-01  2.032772e-03  5.308239e-01
     vertex  1.553641e-01  1.945963e-03  5.325820e-01
     vertex  1.521902e-01  2.683771e-03  5.314491e-01
   endloop
 endfacet
 facet normal -7.922429e-01 -7.220761e-02 -6.059185e-01
   outer loop
     vertex  1.524310e-01  1.048698e-02  5.145232e-01
     vertex  1.513431e-01  1.510124e-02  5.153958e-01
     vertex  1.550482e-01  1.510124e-02  5.105514e-01
   endloop
 endfacet
 facet normal -8.458793e-01 -1.003736e-01 -5.238447e-01
   outer loop
     vertex  1.524310e-01  1.048698e-02  5.145232e-01
     vertex  1.500001e-01  1.048698e-02  5.184486e-01
     vertex  1.513431e-01  1.510124e-02  5.153958e-01
   endloop
 endfacet
 facet normal -8.390553e-01 -2.672936e-01 -4.738568e-01
   outer loop
     vertex  1.514417e-01  8.494450e-03  5.170199e-01
     vertex  1.497329e-01  8.494450e-03  5.200456e-01
     vertex  1.500001e-01  1.048698e-02  5.184486e-01
   endloop
 endfacet
 facet normal -7.484745e-01 -5.109887e-01 -4.227013e-01
   outer loop
     vertex  1.514417e-01  8.494450e-03  5.170199e-01
     vertex  1.532596e-01  3.775312e-03  5.195058e-01
     vertex  1.497329e-01  8.494450e-03  5.200456e-01
   endloop
 endfacet
 facet normal -8.271480e-01 -2.311531e-01 -5.122446e-01
   outer loop
     vertex  1.514417e-01  8.494450e-03  5.170199e-01
     vertex  1.500001e-01  1.048698e-02  5.184486e-01
     vertex  1.524310e-01  1.048698e-02  5.145232e-01
   endloop
 endfacet
 facet normal -2.465607e-01 -9.301487e-01  2.720870e-01
   outer loop
     vertex  1.545388e-01  1.436716e-03  5.300932e-01
     vertex  1.567029e-01  1.214221e-03  5.312937e-01
     vertex  1.553641e-01  1.945963e-03  5.325820e-01
   endloop
 endfacet
 facet normal -2.726719e-01 -9.208151e-01  2.788361e-01
   outer loop
     vertex  1.545388e-01  1.436716e-03  5.300932e-01
     vertex  1.553641e-01  1.945963e-03  5.325820e-01
     vertex  1.532731e-01  2.032772e-03  5.308239e-01
   endloop
 endfacet
 facet normal -7.893941e-01 -7.655714e-02 -6.090944e-01
   outer loop
     vertex  1.546775e-01  1.048698e-02  5.116118e-01
     vertex  1.524310e-01  1.048698e-02  5.145232e-01
     vertex  1.550482e-01  1.510124e-02  5.105514e-01
   endloop
 endfacet
 facet normal -7.674977e-01 -2.454532e-01 -5.921992e-01
   outer loop
     vertex  1.531784e-01  8.494450e-03  5.143805e-01
     vertex  1.524310e-01  1.048698e-02  5.145232e-01
     vertex  1.546775e-01  1.048698e-02  5.116118e-01
   endloop
 endfacet
 facet normal -8.056915e-01 -2.642265e-01 -5.301372e-01
   outer loop
     vertex  1.531784e-01  8.494450e-03  5.143805e-01
     vertex  1.514417e-01  8.494450e-03  5.170199e-01
     vertex  1.524310e-01  1.048698e-02  5.145232e-01
   endloop
 endfacet
 facet normal -7.127391e-01 -5.215985e-01 -4.689755e-01
   outer loop
     vertex  1.531784e-01  8.494450e-03  5.143805e-01
     vertex  1.532596e-01  3.775312e-03  5.195058e-01
     vertex  1.514417e-01  8.494450e-03  5.170199e-01
   endloop
 endfacet
 facet normal -1.704080e-01 -9.652823e-01  1.979679e-01
   outer loop
     vertex  1.559161e-01  9.438287e-04  5.292980e-01
     vertex  1.582426e-01  6.385409e-04  5.298121e-01
     vertex  1.567029e-01  1.214221e-03  5.312937e-01
   endloop
 endfacet
 facet normal -2.169233e-01 -9.523194e-01  2.145506e-01
   outer loop
     vertex  1.559161e-01  9.438287e-04  5.292980e-01
     vertex  1.567029e-01  1.214221e-03  5.312937e-01
     vertex  1.545388e-01  1.436716e-03  5.300932e-01
   endloop
 endfacet
 facet normal -6.452799e-01 -7.234494e-02 -7.605130e-01
   outer loop
     vertex  1.564291e-01  1.048698e-02  5.098187e-01
     vertex  1.550482e-01  1.510124e-02  5.105514e-01
     vertex  1.582750e-01  1.510124e-02  5.078135e-01
   endloop
 endfacet
 facet normal -7.115650e-01 -1.025717e-01 -6.950930e-01
   outer loop
     vertex  1.564291e-01  1.048698e-02  5.098187e-01
     vertex  1.546775e-01  1.048698e-02  5.116118e-01
     vertex  1.550482e-01  1.510124e-02  5.105514e-01
   endloop
 endfacet
 facet normal -7.656075e-01 -2.485051e-01 -5.933721e-01
   outer loop
     vertex  1.546910e-01  8.494450e-03  5.124288e-01
     vertex  1.531784e-01  8.494450e-03  5.143805e-01
     vertex  1.546775e-01  1.048698e-02  5.116118e-01
   endloop
 endfacet
 facet normal -4.366374e-01 -1.308133e-01 -8.900762e-01
   outer loop
     vertex  1.577232e-01  1.048698e-02  5.087624e-01
     vertex  1.582750e-01  1.510124e-02  5.078135e-01
     vertex  1.604532e-01  1.510124e-02  5.067450e-01
   endloop
 endfacet
 facet normal -6.301372e-01 -8.339135e-02 -7.719928e-01
   outer loop
     vertex  1.577232e-01  1.048698e-02  5.087624e-01
     vertex  1.564291e-01  1.048698e-02  5.098187e-01
     vertex  1.582750e-01  1.510124e-02  5.078135e-01
   endloop
 endfacet
 facet normal -6.923178e-01 -2.516465e-01 -6.762914e-01
   outer loop
     vertex  1.557120e-01  8.494450e-03  5.112942e-01
     vertex  1.546775e-01  1.048698e-02  5.116118e-01
     vertex  1.564291e-01  1.048698e-02  5.098187e-01
   endloop
 endfacet
 facet normal -7.159475e-01 -2.690250e-01 -6.442396e-01
   outer loop
     vertex  1.557120e-01  8.494450e-03  5.112942e-01
     vertex  1.546910e-01  8.494450e-03  5.124288e-01
     vertex  1.546775e-01  1.048698e-02  5.116118e-01
   endloop
 endfacet
 facet normal -6.069543e-01 -2.804973e-01 -7.435911e-01
   outer loop
     vertex  1.565629e-01  8.494450e-03  5.104611e-01
     vertex  1.564291e-01  1.048698e-02  5.098187e-01
     vertex  1.577232e-01  1.048698e-02  5.087624e-01
   endloop
 endfacet
 facet normal -6.741487e-01 -2.672600e-01 -6.885460e-01
   outer loop
     vertex  1.565629e-01  8.494450e-03  5.104611e-01
     vertex  1.557120e-01  8.494450e-03  5.112942e-01
     vertex  1.564291e-01  1.048698e-02  5.098187e-01
   endloop
 endfacet
 facet normal  4.082642e-01 -1.102281e-01 -9.061844e-01
   outer loop
     vertex  1.673326e-01  1.048698e-02  5.080552e-01
     vertex  1.656296e-01  1.510124e-02  5.067267e-01
     vertex  1.673103e-01  1.510124e-02  5.074838e-01
   endloop
 endfacet
 facet normal  5.558178e-01 -9.604301e-02 -8.257375e-01
   outer loop
     vertex  1.684220e-01  1.048698e-02  5.087688e-01
     vertex  1.673103e-01  1.510124e-02  5.074838e-01
     vertex  1.689909e-01  1.510124e-02  5.086151e-01
   endloop
 endfacet
 facet normal  5.452252e-01 -1.004099e-01 -8.322544e-01
   outer loop
     vertex  1.684220e-01  1.048698e-02  5.087688e-01
     vertex  1.673326e-01  1.048698e-02  5.080552e-01
     vertex  1.673103e-01  1.510124e-02  5.074838e-01
   endloop
 endfacet
 facet normal  6.795927e-01 -8.583078e-02 -7.285512e-01
   outer loop
     vertex  1.695113e-01  1.048698e-02  5.096441e-01
     vertex  1.689909e-01  1.510124e-02  5.086151e-01
     vertex  1.712318e-01  1.510124e-02  5.107054e-01
   endloop
 endfacet
 facet normal  6.230523e-01 -1.026572e-01 -7.754143e-01
   outer loop
     vertex  1.695113e-01  1.048698e-02  5.096441e-01
     vertex  1.684220e-01  1.048698e-02  5.087688e-01
     vertex  1.689909e-01  1.510124e-02  5.086151e-01
   endloop
 endfacet
 facet normal  6.866667e-01 -9.012142e-02 -7.213647e-01
   outer loop
     vertex  1.706006e-01  1.048698e-02  5.106810e-01
     vertex  1.695113e-01  1.048698e-02  5.096441e-01
     vertex  1.712318e-01  1.510124e-02  5.107054e-01
   endloop
 endfacet
 facet normal  5.207992e-01 -3.111134e-01 -7.949696e-01
   outer loop
     vertex  1.688236e-01  8.494450e-03  5.098117e-01
     vertex  1.673326e-01  1.048698e-02  5.080552e-01
     vertex  1.684220e-01  1.048698e-02  5.087688e-01
   endloop
 endfacet
 facet normal  6.028877e-01 -2.711982e-01 -7.503186e-01
   outer loop
     vertex  1.688236e-01  8.494450e-03  5.098117e-01
     vertex  1.684220e-01  1.048698e-02  5.087688e-01
     vertex  1.695113e-01  1.048698e-02  5.096441e-01
   endloop
 endfacet
 facet normal  7.913550e-01 -7.309697e-02 -6.069713e-01
   outer loop
     vertex  1.718715e-01  1.048698e-02  5.120951e-01
     vertex  1.712318e-01  1.510124e-02  5.107054e-01
     vertex  1.745931e-01  1.510124e-02  5.150878e-01
   endloop
 endfacet
 facet normal  7.401949e-01 -9.774058e-02 -6.652505e-01
   outer loop
     vertex  1.718715e-01  1.048698e-02  5.120951e-01
     vertex  1.706006e-01  1.048698e-02  5.106810e-01
     vertex  1.712318e-01  1.510124e-02  5.107054e-01
   endloop
 endfacet
 facet normal  6.647810e-01 -2.652193e-01 -6.983731e-01
   outer loop
     vertex  1.696114e-01  8.494450e-03  5.104961e-01
     vertex  1.695113e-01  1.048698e-02  5.096441e-01
     vertex  1.706006e-01  1.048698e-02  5.106810e-01
   endloop
 endfacet
 facet normal  6.298830e-01 -2.783930e-01 -7.250826e-01
   outer loop
     vertex  1.696114e-01  8.494450e-03  5.104961e-01
     vertex  1.688236e-01  8.494450e-03  5.098117e-01
     vertex  1.695113e-01  1.048698e-02  5.096441e-01
   endloop
 endfacet
 facet normal  6.737953e-01 -2.706995e-01 -6.875476e-01
   outer loop
     vertex  1.703992e-01  8.494450e-03  5.112681e-01
     vertex  1.696114e-01  8.494450e-03  5.104961e-01
     vertex  1.706006e-01  1.048698e-02  5.106810e-01
   endloop
 endfacet
 facet normal  7.952204e-01 -7.916553e-02 -6.011300e-01
   outer loop
     vertex  1.736870e-01  1.048698e-02  5.144968e-01
     vertex  1.718715e-01  1.048698e-02  5.120951e-01
     vertex  1.745931e-01  1.510124e-02  5.150878e-01
   endloop
 endfacet
 facet normal  7.186733e-01 -2.575105e-01 -6.459079e-01
   outer loop
     vertex  1.711870e-01  8.494450e-03  5.121279e-01
     vertex  1.706006e-01  1.048698e-02  5.106810e-01
     vertex  1.718715e-01  1.048698e-02  5.120951e-01
   endloop
 endfacet
 facet normal  7.111365e-01 -2.638959e-01 -6.516470e-01
   outer loop
     vertex  1.711870e-01  8.494450e-03  5.121279e-01
     vertex  1.703992e-01  8.494450e-03  5.112681e-01
     vertex  1.706006e-01  1.048698e-02  5.106810e-01
   endloop
 endfacet
 facet normal  7.414406e-01 -2.648483e-01 -6.165397e-01
   outer loop
     vertex  1.719748e-01  8.494450e-03  5.130753e-01
     vertex  1.711870e-01  8.494450e-03  5.121279e-01
     vertex  1.718715e-01  1.048698e-02  5.120951e-01
   endloop
 endfacet
 facet normal  7.729363e-01 -2.473475e-01 -5.842848e-01
   outer loop
     vertex  1.719748e-01  8.494450e-03  5.130753e-01
     vertex  1.718715e-01  1.048698e-02  5.120951e-01
     vertex  1.736870e-01  1.048698e-02  5.144968e-01
   endloop
 endfacet
 facet normal  7.742494e-01 -2.507603e-01 -5.810827e-01
   outer loop
     vertex  1.730252e-01  8.494450e-03  5.144749e-01
     vertex  1.719748e-01  8.494450e-03  5.130753e-01
     vertex  1.736870e-01  1.048698e-02  5.144968e-01
   endloop
 endfacet
 facet normal  8.820797e-01 -4.463091e-02 -4.689814e-01
   outer loop
     vertex  1.763871e-01  1.048698e-02  5.189011e-01
     vertex  1.745931e-01  1.510124e-02  5.150878e-01
     vertex  1.789370e-01  1.510124e-02  5.232581e-01
   endloop
 endfacet
 facet normal  8.482710e-01 -9.997030e-02 -5.200406e-01
   outer loop
     vertex  1.763871e-01  1.048698e-02  5.189011e-01
     vertex  1.736870e-01  1.048698e-02  5.144968e-01
     vertex  1.745931e-01  1.510124e-02  5.150878e-01
   endloop
 endfacet
 facet normal  8.059365e-01 -2.618363e-01 -5.309502e-01
   outer loop
     vertex  1.746008e-01  8.494450e-03  5.168665e-01
     vertex  1.730252e-01  8.494450e-03  5.144749e-01
     vertex  1.736870e-01  1.048698e-02  5.144968e-01
   endloop
 endfacet
 facet normal  7.120249e-01 -5.224780e-01 -4.690813e-01
   outer loop
     vertex  1.746008e-01  8.494450e-03  5.168665e-01
     vertex  1.728767e-01  3.775312e-03  5.195058e-01
     vertex  1.730252e-01  8.494450e-03  5.144749e-01
   endloop
 endfacet
 facet normal  8.307399e-01 -2.247036e-01 -5.092931e-01
   outer loop
     vertex  1.746008e-01  8.494450e-03  5.168665e-01
     vertex  1.736870e-01  1.048698e-02  5.144968e-01
     vertex  1.763871e-01  1.048698e-02  5.189011e-01
   endloop
 endfacet
 facet normal  8.968263e-01 -8.583391e-02 -4.339760e-01
   outer loop
     vertex  1.783667e-01  1.048698e-02  5.229921e-01
     vertex  1.763871e-01  1.048698e-02  5.189011e-01
     vertex  1.789370e-01  1.510124e-02  5.232581e-01
   endloop
 endfacet
 facet normal  7.526755e-01 -5.087287e-01 -4.179410e-01
   outer loop
     vertex  1.768006e-01  8.494450e-03  5.208282e-01
     vertex  1.728767e-01  3.775312e-03  5.195058e-01
     vertex  1.746008e-01  8.494450e-03  5.168665e-01
   endloop
 endfacet
 facet normal  8.401010e-01 -2.768050e-01 -4.664862e-01
   outer loop
     vertex  1.768006e-01  8.494450e-03  5.208282e-01
     vertex  1.746008e-01  8.494450e-03  5.168665e-01
     vertex  1.763871e-01  1.048698e-02  5.189011e-01
   endloop
 endfacet
 facet normal  8.763839e-01 -2.282629e-01 -4.240840e-01
   outer loop
     vertex  1.768006e-01  8.494450e-03  5.208282e-01
     vertex  1.763871e-01  1.048698e-02  5.189011e-01
     vertex  1.783667e-01  1.048698e-02  5.229921e-01
   endloop
 endfacet
 facet normal  9.522503e-01 -7.538810e-02 -2.958648e-01
   outer loop
     vertex  1.792191e-01  1.048698e-02  5.253414e-01
     vertex  1.789370e-01  1.510124e-02  5.232581e-01
     vertex  1.801770e-01  1.510124e-02  5.272488e-01
   endloop
 endfacet
 facet normal  9.356973e-01 -9.608657e-02 -3.394672e-01
   outer loop
     vertex  1.792191e-01  1.048698e-02  5.253414e-01
     vertex  1.783667e-01  1.048698e-02  5.229921e-01
     vertex  1.789370e-01  1.510124e-02  5.232581e-01
   endloop
 endfacet
 facet normal  8.794298e-01 -2.539600e-01 -4.026259e-01
   outer loop
     vertex  1.777560e-01  8.494450e-03  5.229149e-01
     vertex  1.768006e-01  8.494450e-03  5.208282e-01
     vertex  1.783667e-01  1.048698e-02  5.229921e-01
   endloop
 endfacet
 facet normal  9.631738e-01 -9.616145e-02 -2.510961e-01
   outer loop
     vertex  1.797037e-01  1.048698e-02  5.272006e-01
     vertex  1.792191e-01  1.048698e-02  5.253414e-01
     vertex  1.801770e-01  1.510124e-02  5.272488e-01
   endloop
 endfacet
 facet normal  9.103097e-01 -2.495332e-01 -3.302567e-01
   outer loop
     vertex  1.783306e-01  8.494450e-03  5.243979e-01
     vertex  1.783667e-01  1.048698e-02  5.229921e-01
     vertex  1.792191e-01  1.048698e-02  5.253414e-01
   endloop
 endfacet
 facet normal  8.998123e-01 -2.623000e-01 -3.486209e-01
   outer loop
     vertex  1.783306e-01  8.494450e-03  5.243979e-01
     vertex  1.777560e-01  8.494450e-03  5.229149e-01
     vertex  1.783667e-01  1.048698e-02  5.229921e-01
   endloop
 endfacet
 facet normal  9.886397e-01 -8.867003e-02 -1.213634e-01
   outer loop
     vertex  1.799606e-01  1.048698e-02  5.288576e-01
     vertex  1.801770e-01  1.510124e-02  5.272488e-01
     vertex  1.805015e-01  1.510124e-02  5.298923e-01
   endloop
 endfacet
 facet normal  9.877709e-01 -1.337492e-01  8.012302e-02
   outer loop
     vertex  1.799606e-01  1.048698e-02  5.288576e-01
     vertex  1.805015e-01  1.510124e-02  5.298923e-01
     vertex  1.803142e-01  1.510124e-02  5.322014e-01
   endloop
 endfacet
 facet normal  9.092988e-01 -2.876175e-01  3.007522e-01
   outer loop
     vertex  1.799606e-01  1.048698e-02  5.288576e-01
     vertex  1.803142e-01  1.510124e-02  5.322014e-01
     vertex  1.796926e-01  1.510124e-02  5.340807e-01
   endloop
 endfacet
 facet normal  9.833149e-01 -9.925755e-02 -1.524459e-01
   outer loop
     vertex  1.799606e-01  1.048698e-02  5.288576e-01
     vertex  1.797037e-01  1.048698e-02  5.272006e-01
     vertex  1.801770e-01  1.510124e-02  5.272488e-01
   endloop
 endfacet
 facet normal  9.339251e-01 -2.617362e-01 -2.434710e-01
   outer loop
     vertex  1.787773e-01  8.494450e-03  5.257889e-01
     vertex  1.792191e-01  1.048698e-02  5.253414e-01
     vertex  1.797037e-01  1.048698e-02  5.272006e-01
   endloop
 endfacet
 facet normal  9.168974e-01 -2.694152e-01 -2.944733e-01
   outer loop
     vertex  1.787773e-01  8.494450e-03  5.257889e-01
     vertex  1.783306e-01  8.494450e-03  5.243979e-01
     vertex  1.792191e-01  1.048698e-02  5.253414e-01
   endloop
 endfacet
 facet normal  9.485219e-01 -2.805030e-01 -1.470519e-01
   outer loop
     vertex  1.790859e-01  8.494450e-03  5.270162e-01
     vertex  1.797037e-01  1.048698e-02  5.272006e-01
     vertex  1.799606e-01  1.048698e-02  5.288576e-01
   endloop
 endfacet
 facet normal  9.343411e-01 -2.679739e-01 -2.349398e-01
   outer loop
     vertex  1.790859e-01  8.494450e-03  5.270162e-01
     vertex  1.787773e-01  8.494450e-03  5.257889e-01
     vertex  1.797037e-01  1.048698e-02  5.272006e-01
   endloop
 endfacet
 facet normal  5.370101e-01 -1.157809e-01  8.355926e-01
   outer loop
     vertex  1.745066e-01  1.208146e-02  5.383473e-01
     vertex  1.774036e-01  1.510124e-02  5.369039e-01
     vertex  1.757050e-01  1.510124e-02  5.379956e-01
   endloop
 endfacet
 facet normal  3.904785e-01 -4.787146e-02  9.193665e-01
   outer loop
     vertex  1.745066e-01  1.208146e-02  5.383473e-01
     vertex  1.757050e-01  1.510124e-02  5.379956e-01
     vertex  1.736369e-01  1.510124e-02  5.388739e-01
   endloop
 endfacet
 facet normal  4.985221e-01 -6.507278e-02  8.644312e-01
   outer loop
     vertex  1.756672e-01  1.101215e-02  5.375975e-01
     vertex  1.774036e-01  1.510124e-02  5.369039e-01
     vertex  1.745066e-01  1.208146e-02  5.383473e-01
   endloop
 endfacet
 facet normal  7.920886e-01 -3.491160e-01  5.007132e-01
   outer loop
     vertex  1.756672e-01  1.101215e-02  5.375975e-01
     vertex  1.796926e-01  1.510124e-02  5.340807e-01
     vertex  1.787328e-01  1.510124e-02  5.355989e-01
   endloop
 endfacet
 facet normal  6.899119e-01 -1.737774e-01  7.027254e-01
   outer loop
     vertex  1.756672e-01  1.101215e-02  5.375975e-01
     vertex  1.787328e-01  1.510124e-02  5.355989e-01
     vertex  1.774036e-01  1.510124e-02  5.369039e-01
   endloop
 endfacet
 facet normal  9.408578e-01 -2.285021e-01  2.501467e-01
   outer loop
     vertex  1.779043e-01  7.133085e-03  5.335281e-01
     vertex  1.799606e-01  1.048698e-02  5.288576e-01
     vertex  1.796926e-01  1.510124e-02  5.340807e-01
   endloop
 endfacet
 facet normal  7.564215e-01 -2.126596e-01  6.185486e-01
   outer loop
     vertex  1.779043e-01  7.133085e-03  5.335281e-01
     vertex  1.796926e-01  1.510124e-02  5.340807e-01
     vertex  1.756672e-01  1.101215e-02  5.375975e-01
   endloop
 endfacet
 facet normal  3.397932e-01 -6.575266e-02  9.381989e-01
   outer loop
     vertex  1.730525e-01  1.208146e-02  5.388740e-01
     vertex  1.745066e-01  1.208146e-02  5.383473e-01
     vertex  1.736369e-01  1.510124e-02  5.388739e-01
   endloop
 endfacet
 facet normal  2.439962e-01 -4.721177e-02  9.686263e-01
   outer loop
     vertex  1.730525e-01  1.208146e-02  5.388740e-01
     vertex  1.736369e-01  1.510124e-02  5.388739e-01
     vertex  1.703048e-01  1.510124e-02  5.397133e-01
   endloop
 endfacet
 facet normal  3.354389e-01 -1.722733e-01  9.261764e-01
   outer loop
     vertex  1.726761e-01  1.069776e-02  5.387529e-01
     vertex  1.745066e-01  1.208146e-02  5.383473e-01
     vertex  1.730525e-01  1.208146e-02  5.388740e-01
   endloop
 endfacet
 facet normal  3.715996e-01 -2.277798e-01  9.000167e-01
   outer loop
     vertex  1.726761e-01  1.069776e-02  5.387529e-01
     vertex  1.756672e-01  1.101215e-02  5.375975e-01
     vertex  1.745066e-01  1.208146e-02  5.383473e-01
   endloop
 endfacet
 facet normal  2.534371e-01 -1.525097e-01  9.552541e-01
   outer loop
     vertex  1.714772e-01  1.069776e-02  5.390710e-01
     vertex  1.726761e-01  1.069776e-02  5.387529e-01
     vertex  1.730525e-01  1.208146e-02  5.388740e-01
   endloop
 endfacet
 facet normal  5.353035e-01 -4.446635e-01  7.181397e-01
   outer loop
     vertex  1.735328e-01  9.209205e-03  5.380721e-01
     vertex  1.779043e-01  7.133085e-03  5.335281e-01
     vertex  1.756672e-01  1.101215e-02  5.375975e-01
   endloop
 endfacet
 facet normal  3.712880e-01 -2.009108e-01  9.065209e-01
   outer loop
     vertex  1.735328e-01  9.209205e-03  5.380721e-01
     vertex  1.756672e-01  1.101215e-02  5.375975e-01
     vertex  1.726761e-01  1.069776e-02  5.387529e-01
   endloop
 endfacet
 facet normal  2.005849e-01 -8.866519e-02  9.756558e-01
   outer loop
     vertex  1.701883e-01  1.069776e-02  5.393371e-01
     vertex  1.730525e-01  1.208146e-02  5.388740e-01
     vertex  1.703048e-01  1.510124e-02  5.397133e-01
   endloop
 endfacet
 facet normal  2.013481e-01 -9.034917e-02  9.753440e-01
   outer loop
     vertex  1.701883e-01  1.069776e-02  5.393371e-01
     vertex  1.714772e-01  1.069776e-02  5.390710e-01
     vertex  1.730525e-01  1.208146e-02  5.388740e-01
   endloop
 endfacet
 facet normal  7.499795e-02 -1.228434e-01  9.895882e-01
   outer loop
     vertex  1.701883e-01  1.069776e-02  5.393371e-01
     vertex  1.669275e-01  1.510124e-02  5.401308e-01
     vertex  1.630681e-01  1.048698e-02  5.398505e-01
   endloop
 endfacet
 facet normal  1.222202e-01 -8.770050e-02  9.886207e-01
   outer loop
     vertex  1.701883e-01  1.069776e-02  5.393371e-01
     vertex  1.703048e-01  1.510124e-02  5.397133e-01
     vertex  1.669275e-01  1.510124e-02  5.401308e-01
   endloop
 endfacet
 facet normal  3.070053e-01 -2.440247e-01  9.198911e-01
   outer loop
     vertex  1.724501e-01  9.209205e-03  5.384334e-01
     vertex  1.735328e-01  9.209205e-03  5.380721e-01
     vertex  1.726761e-01  1.069776e-02  5.387529e-01
   endloop
 endfacet
 facet normal  2.489919e-01 -2.392121e-01  9.384991e-01
   outer loop
     vertex  1.724501e-01  9.209205e-03  5.384334e-01
     vertex  1.726761e-01  1.069776e-02  5.387529e-01
     vertex  1.714772e-01  1.069776e-02  5.390710e-01
   endloop
 endfacet
 facet normal  1.943141e-01 -2.761352e-01  9.412711e-01
   outer loop
     vertex  1.724501e-01  9.209205e-03  5.384334e-01
     vertex  1.714772e-01  1.069776e-02  5.390710e-01
     vertex  1.701883e-01  1.069776e-02  5.393371e-01
   endloop
 endfacet
 facet normal  2.611853e-01 -5.650851e-01  7.825989e-01
   outer loop
     vertex  1.696432e-01  8.457995e-03  5.388278e-01
     vertex  1.735328e-01  9.209205e-03  5.380721e-01
     vertex  1.724501e-01  9.209205e-03  5.384334e-01
   endloop
 endfacet
 facet normal  7.687557e-02 -2.388060e-01  9.680195e-01
   outer loop
     vertex  1.696432e-01  8.457995e-03  5.388278e-01
     vertex  1.701883e-01  1.069776e-02  5.393371e-01
     vertex  1.630681e-01  1.048698e-02  5.398505e-01
   endloop
 endfacet
 facet normal  2.030870e-01 -2.638239e-01  9.429489e-01
   outer loop
     vertex  1.696432e-01  8.457995e-03  5.388278e-01
     vertex  1.724501e-01  9.209205e-03  5.384334e-01
     vertex  1.701883e-01  1.069776e-02  5.393371e-01
   endloop
 endfacet
 facet normal  5.442004e-02 -3.031858e-01  9.513763e-01
   outer loop
     vertex  1.696432e-01  8.457995e-03  5.388278e-01
     vertex  1.630681e-01  1.048698e-02  5.398505e-01
     vertex  1.630681e-01  7.051443e-03  5.387557e-01
   endloop
 endfacet
 facet normal  1.009950e-01 -5.157450e-01  8.507686e-01
   outer loop
     vertex  1.696432e-01  8.457995e-03  5.388278e-01
     vertex  1.630681e-01  7.051443e-03  5.387557e-01
     vertex  1.630681e-01  4.766810e-03  5.373707e-01
   endloop
 endfacet
 facet normal  5.317632e-01 -5.947334e-01  6.029263e-01
   outer loop
     vertex  1.729388e-01  3.847722e-03  5.346668e-01
     vertex  1.758186e-01  4.256626e-03  5.325302e-01
     vertex  1.779043e-01  7.133085e-03  5.335281e-01
   endloop
 endfacet
 facet normal  2.597167e-01 -5.380847e-01  8.018803e-01
   outer loop
     vertex  1.729388e-01  3.847722e-03  5.346668e-01
     vertex  1.735328e-01  9.209205e-03  5.380721e-01
     vertex  1.696432e-01  8.457995e-03  5.388278e-01
   endloop
 endfacet
 facet normal  1.600993e-01 -5.958457e-01  7.869791e-01
   outer loop
     vertex  1.729388e-01  3.847722e-03  5.346668e-01
     vertex  1.696432e-01  8.457995e-03  5.388278e-01
     vertex  1.630681e-01  4.766810e-03  5.373707e-01
   endloop
 endfacet
 facet normal  4.504761e-01 -7.646544e-01  4.608415e-01
   outer loop
     vertex  1.729388e-01  3.847722e-03  5.346668e-01
     vertex  1.749312e-01  3.425056e-03  5.320179e-01
     vertex  1.758186e-01  4.256626e-03  5.325302e-01
   endloop
 endfacet
 facet normal  4.957144e-01 -5.041030e-01  7.072110e-01
   outer loop
     vertex  1.729388e-01  3.847722e-03  5.346668e-01
     vertex  1.779043e-01  7.133085e-03  5.335281e-01
     vertex  1.735328e-01  9.209205e-03  5.380721e-01
   endloop
 endfacet
 facet normal  1.304380e-01 -6.909579e-01  7.110296e-01
   outer loop
     vertex  1.729388e-01  3.847722e-03  5.346668e-01
     vertex  1.630681e-01  4.766810e-03  5.373707e-01
     vertex  1.630681e-01  3.091847e-03  5.357430e-01
   endloop
 endfacet
 facet normal  4.038709e-01 -8.061694e-01  4.324110e-01
   outer loop
     vertex  1.719250e-01  2.816589e-03  5.336913e-01
     vertex  1.749312e-01  3.425056e-03  5.320179e-01
     vertex  1.729388e-01  3.847722e-03  5.346668e-01
   endloop
 endfacet
 facet normal  3.911774e-01 -8.280425e-01  4.016539e-01
   outer loop
     vertex  1.719250e-01  2.816589e-03  5.336913e-01
     vertex  1.739461e-01  2.683771e-03  5.314491e-01
     vertex  1.749312e-01  3.425056e-03  5.320179e-01
   endloop
 endfacet
 facet normal  1.284102e-01 -7.452580e-01  6.542945e-01
   outer loop
     vertex  1.719250e-01  2.816589e-03  5.336913e-01
     vertex  1.729388e-01  3.847722e-03  5.346668e-01
     vertex  1.630681e-01  3.091847e-03  5.357430e-01
   endloop
 endfacet
 facet normal  1.012332e-01 -8.300924e-01  5.483598e-01
   outer loop
     vertex  1.719250e-01  2.816589e-03  5.336913e-01
     vertex  1.630681e-01  3.091847e-03  5.357430e-01
     vertex  1.630681e-01  1.778029e-03  5.337542e-01
   endloop
 endfacet
 facet normal  3.280467e-01 -8.787106e-01  3.467752e-01
   outer loop
     vertex  1.707722e-01  1.945963e-03  5.325820e-01
     vertex  1.728632e-01  2.032772e-03  5.308239e-01
     vertex  1.739461e-01  2.683771e-03  5.314491e-01
   endloop
 endfacet
 facet normal  2.726719e-01 -9.208151e-01  2.788361e-01
   outer loop
     vertex  1.707722e-01  1.945963e-03  5.325820e-01
     vertex  1.715975e-01  1.436716e-03  5.300932e-01
     vertex  1.728632e-01  2.032772e-03  5.308239e-01
   endloop
 endfacet
 facet normal  1.013323e-01 -8.310248e-01  5.469274e-01
   outer loop
     vertex  1.707722e-01  1.945963e-03  5.325820e-01
     vertex  1.719250e-01  2.816589e-03  5.336913e-01
     vertex  1.630681e-01  1.778029e-03  5.337542e-01
   endloop
 endfacet
 facet normal  3.283404e-01 -8.781244e-01  3.479800e-01
   outer loop
     vertex  1.707722e-01  1.945963e-03  5.325820e-01
     vertex  1.739461e-01  2.683771e-03  5.314491e-01
     vertex  1.719250e-01  2.816589e-03  5.336913e-01
   endloop
 endfacet
 facet normal  2.465607e-01 -9.301487e-01  2.720870e-01
   outer loop
     vertex  1.694334e-01  1.214221e-03  5.312937e-01
     vertex  1.715975e-01  1.436716e-03  5.300932e-01
     vertex  1.707722e-01  1.945963e-03  5.325820e-01
   endloop
 endfacet
 facet normal  6.301516e-02 -9.248995e-01  3.749534e-01
   outer loop
     vertex  1.694334e-01  1.214221e-03  5.312937e-01
     vertex  1.630681e-01  1.778029e-03  5.337542e-01
     vertex  1.630681e-01  8.253541e-04  5.314042e-01
   endloop
 endfacet
 facet normal  8.424095e-02 -9.014996e-01  4.245020e-01
   outer loop
     vertex  1.694334e-01  1.214221e-03  5.312937e-01
     vertex  1.707722e-01  1.945963e-03  5.325820e-01
     vertex  1.630681e-01  1.778029e-03  5.337542e-01
   endloop
 endfacet
 facet normal  2.169233e-01 -9.523194e-01  2.145506e-01
   outer loop
     vertex  1.694334e-01  1.214221e-03  5.312937e-01
     vertex  1.702202e-01  9.438287e-04  5.292980e-01
     vertex  1.715975e-01  1.436716e-03  5.300932e-01
   endloop
 endfacet
 facet normal  1.704080e-01 -9.652823e-01  1.979679e-01
   outer loop
     vertex  1.678937e-01  6.385409e-04  5.298121e-01
     vertex  1.702202e-01  9.438287e-04  5.292980e-01
     vertex  1.694334e-01  1.214221e-03  5.312937e-01
   endloop
 endfacet
 facet normal -9.703141e-01 -1.675759e-01  1.743816e-01
   outer loop
     vertex  1.467921e-01  1.211701e-02  5.343144e-01
     vertex  1.456472e-01  1.510124e-02  5.308112e-01
     vertex  1.461489e-01  1.048698e-02  5.291689e-01
   endloop
 endfacet
 facet normal -6.575124e-01 -1.920033e-01  7.285686e-01
   outer loop
     vertex  1.467921e-01  1.211701e-02  5.343144e-01
     vertex  1.490835e-01  1.510124e-02  5.371687e-01
     vertex  1.475914e-01  1.510124e-02  5.358221e-01
   endloop
 endfacet
 facet normal -8.217243e-01 -6.592172e-02  5.660597e-01
   outer loop
     vertex  1.467921e-01  1.211701e-02  5.343144e-01
     vertex  1.475914e-01  1.510124e-02  5.358221e-01
     vertex  1.465837e-01  1.510124e-02  5.343594e-01
   endloop
 endfacet
 facet normal -9.299761e-01 -7.038787e-02  3.608186e-01
   outer loop
     vertex  1.467921e-01  1.211701e-02  5.343144e-01
     vertex  1.465837e-01  1.510124e-02  5.343594e-01
     vertex  1.459357e-01  1.510124e-02  5.326891e-01
   endloop
 endfacet
 facet normal -9.690285e-01 -1.970319e-01  1.488695e-01
   outer loop
     vertex  1.467921e-01  1.211701e-02  5.343144e-01
     vertex  1.459357e-01  1.510124e-02  5.326891e-01
     vertex  1.456472e-01  1.510124e-02  5.308112e-01
   endloop
 endfacet
 facet normal -6.755859e-01 -1.679252e-01  7.179030e-01
   outer loop
     vertex  1.467921e-01  1.211701e-02  5.343144e-01
     vertex  1.506712e-01  1.101215e-02  5.377064e-01
     vertex  1.490835e-01  1.510124e-02  5.371687e-01
   endloop
 endfacet
 facet normal -6.756415e-01 -1.692000e-01  7.175513e-01
   outer loop
     vertex  1.470303e-01  1.074796e-02  5.342158e-01
     vertex  1.506712e-01  1.101215e-02  5.377064e-01
     vertex  1.467921e-01  1.211701e-02  5.343144e-01
   endloop
 endfacet
 facet normal -9.671820e-01 -1.810580e-01  1.782611e-01
   outer loop
     vertex  1.470303e-01  1.074796e-02  5.342158e-01
     vertex  1.467921e-01  1.211701e-02  5.343144e-01
     vertex  1.461489e-01  1.048698e-02  5.291689e-01
   endloop
 endfacet
 facet normal -5.434351e-01 -4.705500e-01  6.951698e-01
   outer loop
     vertex  1.473573e-01  9.460954e-03  5.340658e-01
     vertex  1.527850e-01  9.209205e-03  5.381384e-01
     vertex  1.506712e-01  1.101215e-02  5.377064e-01
   endloop
 endfacet
 facet normal -8.670972e-01 -4.853195e-01  1.122829e-01
   outer loop
     vertex  1.473573e-01  9.460954e-03  5.340658e-01
     vertex  1.461489e-01  1.048698e-02  5.291689e-01
     vertex  1.470102e-01  8.494450e-03  5.272080e-01
   endloop
 endfacet
 facet normal -5.687676e-01 -3.687073e-01  7.352267e-01
   outer loop
     vertex  1.473573e-01  9.460954e-03  5.340658e-01
     vertex  1.482772e-01  7.133085e-03  5.336101e-01
     vertex  1.527850e-01  9.209205e-03  5.381384e-01
   endloop
 endfacet
 facet normal -9.184428e-01 -3.825987e-01  1.004047e-01
   outer loop
     vertex  1.473573e-01  9.460954e-03  5.340658e-01
     vertex  1.470102e-01  8.494450e-03  5.272080e-01
     vertex  1.482772e-01  7.133085e-03  5.336101e-01
   endloop
 endfacet
 facet normal -6.604845e-01 -2.503273e-01  7.078817e-01
   outer loop
     vertex  1.473573e-01  9.460954e-03  5.340658e-01
     vertex  1.506712e-01  1.101215e-02  5.377064e-01
     vertex  1.470303e-01  1.074796e-02  5.342158e-01
   endloop
 endfacet
 facet normal -9.483320e-01 -2.618633e-01  1.791478e-01
   outer loop
     vertex  1.473573e-01  9.460954e-03  5.340658e-01
     vertex  1.470303e-01  1.074796e-02  5.342158e-01
     vertex  1.461489e-01  1.048698e-02  5.291689e-01
   endloop
 endfacet
 facet normal -8.737821e-01 -4.811648e-01  7.060674e-02
   outer loop
     vertex  1.487476e-01  5.321787e-03  5.270875e-01
     vertex  1.482772e-01  7.133085e-03  5.336101e-01
     vertex  1.470102e-01  8.494450e-03  5.272080e-01
   endloop
 endfacet
 facet normal -8.618631e-01 -4.642002e-01 -2.042307e-01
   outer loop
     vertex  1.487476e-01  5.321787e-03  5.270875e-01
     vertex  1.470102e-01  8.494450e-03  5.272080e-01
     vertex  1.472733e-01  8.494450e-03  5.260977e-01
   endloop
 endfacet
 facet normal -8.447296e-01 -4.715133e-01 -2.531937e-01
   outer loop
     vertex  1.487476e-01  5.321787e-03  5.270875e-01
     vertex  1.472733e-01  8.494450e-03  5.260977e-01
     vertex  1.476207e-01  8.494450e-03  5.249388e-01
   endloop
 endfacet
 facet normal -8.207498e-01 -4.902065e-01 -2.933724e-01
   outer loop
     vertex  1.487476e-01  5.321787e-03  5.270875e-01
     vertex  1.476207e-01  8.494450e-03  5.249388e-01
     vertex  1.480523e-01  8.494450e-03  5.237313e-01
   endloop
 endfacet
 facet normal -7.869696e-01 -5.214088e-01 -3.298662e-01
   outer loop
     vertex  1.487476e-01  5.321787e-03  5.270875e-01
     vertex  1.480523e-01  8.494450e-03  5.237313e-01
     vertex  1.487589e-01  8.494450e-03  5.220455e-01
   endloop
 endfacet
 facet normal -7.649939e-01 -5.443222e-01 -3.442350e-01
   outer loop
     vertex  1.487476e-01  5.321787e-03  5.270875e-01
     vertex  1.487589e-01  8.494450e-03  5.220455e-01
     vertex  1.532596e-01  3.775312e-03  5.195058e-01
   endloop
 endfacet
 facet normal -3.931292e-02 -9.773794e-01  2.078077e-01
   outer loop
     vertex  1.615801e-01  1.596360e-04  5.279916e-01
     vertex  1.630681e-01  2.063393e-04  5.284928e-01
     vertex  1.630681e-01  8.253541e-04  5.314042e-01
   endloop
 endfacet
 facet normal  1.045826e-02 -9.980244e-01  6.195115e-02
   outer loop
     vertex  1.615801e-01  1.596360e-04  5.279916e-01
     vertex  1.630681e-01  1.006750e-09  5.251687e-01
     vertex  1.630681e-01  2.063393e-04  5.284928e-01
   endloop
 endfacet
 facet normal -7.769994e-01 -6.098151e-01  1.561968e-01
   outer loop
     vertex  1.499486e-01  3.811431e-03  5.289560e-01
     vertex  1.503177e-01  4.256626e-03  5.325302e-01
     vertex  1.482772e-01  7.133085e-03  5.336101e-01
   endloop
 endfacet
 facet normal -6.243320e-01 -7.646566e-01  1.597179e-01
   outer loop
     vertex  1.499486e-01  3.811431e-03  5.289560e-01
     vertex  1.512051e-01  3.425056e-03  5.320179e-01
     vertex  1.503177e-01  4.256626e-03  5.325302e-01
   endloop
 endfacet
 facet normal -5.508881e-01 -8.256310e-01  1.218840e-01
   outer loop
     vertex  1.499486e-01  3.811431e-03  5.289560e-01
     vertex  1.521902e-01  2.683771e-03  5.314491e-01
     vertex  1.512051e-01  3.425056e-03  5.320179e-01
   endloop
 endfacet
 facet normal -8.317344e-01 -5.474884e-01  9.205673e-02
   outer loop
     vertex  1.499486e-01  3.811431e-03  5.289560e-01
     vertex  1.482772e-01  7.133085e-03  5.336101e-01
     vertex  1.487476e-01  5.321787e-03  5.270875e-01
   endloop
 endfacet
 facet normal -1.080904e-03 -9.814095e-01  1.919225e-01
   outer loop
     vertex  1.605777e-01  2.359579e-04  5.283763e-01
     vertex  1.615801e-01  1.596360e-04  5.279916e-01
     vertex  1.630681e-01  8.253541e-04  5.314042e-01
   endloop
 endfacet
 facet normal -6.334925e-02 -9.685465e-01  2.406337e-01
   outer loop
     vertex  1.605777e-01  2.359579e-04  5.283763e-01
     vertex  1.630681e-01  8.253541e-04  5.314042e-01
     vertex  1.567029e-01  1.214221e-03  5.312937e-01
   endloop
 endfacet
 facet normal  1.573862e-01 -8.542434e-01  4.954774e-01
   outer loop
     vertex  1.605777e-01  2.359579e-04  5.283763e-01
     vertex  1.567029e-01  1.214221e-03  5.312937e-01
     vertex  1.582426e-01  6.385409e-04  5.298121e-01
   endloop
 endfacet
 facet normal -7.197584e-01 -6.257155e-01 -3.007124e-01
   outer loop
     vertex  1.499332e-01  4.012361e-03  5.269743e-01
     vertex  1.487476e-01  5.321787e-03  5.270875e-01
     vertex  1.532596e-01  3.775312e-03  5.195058e-01
   endloop
 endfacet
 facet normal -7.425177e-01 -6.669640e-01 -6.185970e-02
   outer loop
     vertex  1.499332e-01  4.012361e-03  5.269743e-01
     vertex  1.499486e-01  3.811431e-03  5.289560e-01
     vertex  1.487476e-01  5.321787e-03  5.270875e-01
   endloop
 endfacet
 facet normal -6.589520e-01 -7.015846e-01 -2.712218e-01
   outer loop
     vertex  1.504008e-01  3.598053e-03  5.269101e-01
     vertex  1.499332e-01  4.012361e-03  5.269743e-01
     vertex  1.532596e-01  3.775312e-03  5.195058e-01
   endloop
 endfacet
 facet normal -6.669410e-01 -7.418118e-01 -7.003550e-02
   outer loop
     vertex  1.504008e-01  3.598053e-03  5.269101e-01
     vertex  1.499486e-01  3.811431e-03  5.289560e-01
     vertex  1.499332e-01  4.012361e-03  5.269743e-01
   endloop
 endfacet
 facet normal -6.223829e-01 -7.389702e-01 -2.579973e-01
   outer loop
     vertex  1.508940e-01  3.206316e-03  5.268423e-01
     vertex  1.504008e-01  3.598053e-03  5.269101e-01
     vertex  1.532596e-01  3.775312e-03  5.195058e-01
   endloop
 endfacet
 facet normal -6.257289e-01 -7.779436e-01 -5.715899e-02
   outer loop
     vertex  1.508940e-01  3.206316e-03  5.268423e-01
     vertex  1.499486e-01  3.811431e-03  5.289560e-01
     vertex  1.504008e-01  3.598053e-03  5.269101e-01
   endloop
 endfacet
 facet normal -4.620522e-01 -8.570125e-01 -2.281171e-01
   outer loop
     vertex  1.514129e-01  2.837151e-03  5.267709e-01
     vertex  1.532596e-01  3.775312e-03  5.195058e-01
     vertex  1.573465e-01  9.438287e-04  5.218653e-01
   endloop
 endfacet
 facet normal -4.960242e-01 -8.666273e-01  5.400981e-02
   outer loop
     vertex  1.514129e-01  2.837151e-03  5.267709e-01
     vertex  1.521902e-01  2.683771e-03  5.314491e-01
     vertex  1.499486e-01  3.811431e-03  5.289560e-01
   endloop
 endfacet
 facet normal -5.839937e-01 -7.728676e-01 -2.482478e-01
   outer loop
     vertex  1.514129e-01  2.837151e-03  5.267709e-01
     vertex  1.508940e-01  3.206316e-03  5.268423e-01
     vertex  1.532596e-01  3.775312e-03  5.195058e-01
   endloop
 endfacet
 facet normal -4.917565e-01 -8.691049e-01  5.321943e-02
   outer loop
     vertex  1.514129e-01  2.837151e-03  5.267709e-01
     vertex  1.532731e-01  2.032772e-03  5.308239e-01
     vertex  1.521902e-01  2.683771e-03  5.314491e-01
   endloop
 endfacet
 facet normal -5.820150e-01 -8.127076e-01 -2.765567e-02
   outer loop
     vertex  1.514129e-01  2.837151e-03  5.267709e-01
     vertex  1.499486e-01  3.811431e-03  5.289560e-01
     vertex  1.508940e-01  3.206316e-03  5.268423e-01
   endloop
 endfacet
 facet normal -1.513358e-01 -9.833142e-01  1.009486e-01
   outer loop
     vertex  1.592367e-01  2.359579e-04  5.273808e-01
     vertex  1.582426e-01  6.385409e-04  5.298121e-01
     vertex  1.559161e-01  9.438287e-04  5.292980e-01
   endloop
 endfacet
 facet normal -9.313875e-02 -9.877155e-01  1.254719e-01
   outer loop
     vertex  1.592367e-01  2.359579e-04  5.273808e-01
     vertex  1.605777e-01  2.359579e-04  5.283763e-01
     vertex  1.582426e-01  6.385409e-04  5.298121e-01
   endloop
 endfacet
 facet normal -3.178538e-01 -9.474291e-01  3.670260e-02
   outer loop
     vertex  1.541123e-01  1.436716e-03  5.263999e-01
     vertex  1.559161e-01  9.438287e-04  5.292980e-01
     vertex  1.545388e-01  1.436716e-03  5.300932e-01
   endloop
 endfacet
 facet normal -4.727951e-01 -8.463636e-01 -2.452213e-01
   outer loop
     vertex  1.541123e-01  1.436716e-03  5.263999e-01
     vertex  1.514129e-01  2.837151e-03  5.267709e-01
     vertex  1.573465e-01  9.438287e-04  5.218653e-01
   endloop
 endfacet
 facet normal -4.034615e-01 -9.138098e-01  4.658772e-02
   outer loop
     vertex  1.541123e-01  1.436716e-03  5.263999e-01
     vertex  1.545388e-01  1.436716e-03  5.300932e-01
     vertex  1.532731e-01  2.032772e-03  5.308239e-01
   endloop
 endfacet
 facet normal -4.566595e-01 -8.890235e-01  3.315738e-02
   outer loop
     vertex  1.541123e-01  1.436716e-03  5.263999e-01
     vertex  1.532731e-01  2.032772e-03  5.308239e-01
     vertex  1.514129e-01  2.837151e-03  5.267709e-01
   endloop
 endfacet
 facet normal -3.724821e-01 -1.778471e-01 -9.108389e-01
   outer loop
     vertex  1.624390e-01  1.193185e-02  5.065518e-01
     vertex  1.577232e-01  1.048698e-02  5.087624e-01
     vertex  1.604532e-01  1.510124e-02  5.067450e-01
   endloop
 endfacet
 facet normal -2.198807e-01 -7.848347e-02 -9.723646e-01
   outer loop
     vertex  1.624390e-01  1.193185e-02  5.065518e-01
     vertex  1.604532e-01  1.510124e-02  5.067450e-01
     vertex  1.622683e-01  1.510124e-02  5.063346e-01
   endloop
 endfacet
 facet normal  5.346855e-03 -6.808889e-02 -9.976649e-01
   outer loop
     vertex  1.624390e-01  1.193185e-02  5.065518e-01
     vertex  1.622683e-01  1.510124e-02  5.063346e-01
     vertex  1.639489e-01  1.510124e-02  5.063436e-01
   endloop
 endfacet
 facet normal  2.191034e-01 -1.675335e-01 -9.612108e-01
   outer loop
     vertex  1.624390e-01  1.193185e-02  5.065518e-01
     vertex  1.639489e-01  1.510124e-02  5.063436e-01
     vertex  1.656296e-01  1.510124e-02  5.067267e-01
   endloop
 endfacet
 facet normal  2.377191e-01 -1.867151e-01 -9.532193e-01
   outer loop
     vertex  1.624390e-01  1.193185e-02  5.065518e-01
     vertex  1.656296e-01  1.510124e-02  5.067267e-01
     vertex  1.673326e-01  1.048698e-02  5.080552e-01
   endloop
 endfacet
 facet normal  2.421650e-01 -1.731552e-01 -9.546588e-01
   outer loop
     vertex  1.625279e-01  1.048698e-02  5.068364e-01
     vertex  1.624390e-01  1.193185e-02  5.065518e-01
     vertex  1.673326e-01  1.048698e-02  5.080552e-01
   endloop
 endfacet
 facet normal -3.644331e-01 -2.015453e-01 -9.091579e-01
   outer loop
     vertex  1.625279e-01  1.048698e-02  5.068364e-01
     vertex  1.577232e-01  1.048698e-02  5.087624e-01
     vertex  1.624390e-01  1.193185e-02  5.065518e-01
   endloop
 endfacet
 facet normal -6.822075e-01 -5.432325e-01 -4.893785e-01
   outer loop
     vertex  1.575542e-01  5.138619e-03  5.120057e-01
     vertex  1.532596e-01  3.775312e-03  5.195058e-01
     vertex  1.531784e-01  8.494450e-03  5.143805e-01
   endloop
 endfacet
 facet normal -6.786252e-01 -5.126754e-01 -5.259579e-01
   outer loop
     vertex  1.575542e-01  5.138619e-03  5.120057e-01
     vertex  1.531784e-01  8.494450e-03  5.143805e-01
     vertex  1.546910e-01  8.494450e-03  5.124288e-01
   endloop
 endfacet
 facet normal -6.513715e-01 -4.818352e-01 -5.861314e-01
   outer loop
     vertex  1.575542e-01  5.138619e-03  5.120057e-01
     vertex  1.546910e-01  8.494450e-03  5.124288e-01
     vertex  1.557120e-01  8.494450e-03  5.112942e-01
   endloop
 endfacet
 facet normal -6.167274e-01 -4.720967e-01 -6.298984e-01
   outer loop
     vertex  1.575542e-01  5.138619e-03  5.120057e-01
     vertex  1.557120e-01  8.494450e-03  5.112942e-01
     vertex  1.565629e-01  8.494450e-03  5.104611e-01
   endloop
 endfacet
 facet normal -3.559778e-01 -2.908980e-01 -8.880643e-01
   outer loop
     vertex  1.626315e-01  9.135321e-03  5.072376e-01
     vertex  1.577232e-01  1.048698e-02  5.087624e-01
     vertex  1.625279e-01  1.048698e-02  5.068364e-01
   endloop
 endfacet
 facet normal  2.374452e-01 -2.596632e-01 -9.360528e-01
   outer loop
     vertex  1.626315e-01  9.135321e-03  5.072376e-01
     vertex  1.625279e-01  1.048698e-02  5.068364e-01
     vertex  1.673326e-01  1.048698e-02  5.080552e-01
   endloop
 endfacet
 facet normal -3.768196e-01 -4.640352e-01 -8.016722e-01
   outer loop
     vertex  1.626315e-01  9.135321e-03  5.072376e-01
     vertex  1.565629e-01  8.494450e-03  5.104611e-01
     vertex  1.577232e-01  1.048698e-02  5.087624e-01
   endloop
 endfacet
 facet normal  3.196699e-01 -3.863723e-01 -8.651749e-01
   outer loop
     vertex  1.626315e-01  9.135321e-03  5.072376e-01
     vertex  1.688236e-01  8.494450e-03  5.098117e-01
     vertex  1.628311e-01  6.711665e-03  5.083938e-01
   endloop
 endfacet
 facet normal  2.865841e-01 -5.038854e-01 -8.148430e-01
   outer loop
     vertex  1.626315e-01  9.135321e-03  5.072376e-01
     vertex  1.673326e-01  1.048698e-02  5.080552e-01
     vertex  1.688236e-01  8.494450e-03  5.098117e-01
   endloop
 endfacet
 facet normal -5.194474e-01 -4.791020e-01 -7.075561e-01
   outer loop
     vertex  1.600866e-01  5.898924e-03  5.096317e-01
     vertex  1.575542e-01  5.138619e-03  5.120057e-01
     vertex  1.565629e-01  8.494450e-03  5.104611e-01
   endloop
 endfacet
 facet normal -4.225119e-01 -3.003385e-01 -8.551494e-01
   outer loop
     vertex  1.600866e-01  5.898924e-03  5.096317e-01
     vertex  1.565629e-01  8.494450e-03  5.104611e-01
     vertex  1.626315e-01  9.135321e-03  5.072376e-01
   endloop
 endfacet
 facet normal -2.609203e-01 -4.330509e-01 -8.627790e-01
   outer loop
     vertex  1.600866e-01  5.898924e-03  5.096317e-01
     vertex  1.626315e-01  9.135321e-03  5.072376e-01
     vertex  1.628311e-01  6.711665e-03  5.083938e-01
   endloop
 endfacet
 facet normal -1.341658e-01 -6.654195e-01 -7.343136e-01
   outer loop
     vertex  1.600866e-01  5.898924e-03  5.096317e-01
     vertex  1.628311e-01  6.711665e-03  5.083938e-01
     vertex  1.630681e-01  3.775312e-03  5.110113e-01
   endloop
 endfacet
 facet normal -3.781465e-01 -6.849656e-01 -6.227578e-01
   outer loop
     vertex  1.581639e-01  3.775312e-03  5.131349e-01
     vertex  1.575542e-01  5.138619e-03  5.120057e-01
     vertex  1.600866e-01  5.898924e-03  5.096317e-01
   endloop
 endfacet
 facet normal -2.602153e-01 -7.557495e-01 -6.009415e-01
   outer loop
     vertex  1.581639e-01  3.775312e-03  5.131349e-01
     vertex  1.600866e-01  5.898924e-03  5.096317e-01
     vertex  1.630681e-01  3.775312e-03  5.110113e-01
   endloop
 endfacet
 facet normal -6.008939e-01 -6.518873e-01 -4.625684e-01
   outer loop
     vertex  1.581639e-01  3.775312e-03  5.131349e-01
     vertex  1.532596e-01  3.775312e-03  5.195058e-01
     vertex  1.575542e-01  5.138619e-03  5.120057e-01
   endloop
 endfacet
 facet normal -4.891554e-01 -7.867246e-01 -3.765520e-01
   outer loop
     vertex  1.590834e-01  2.123613e-03  5.153913e-01
     vertex  1.532596e-01  3.775312e-03  5.195058e-01
     vertex  1.581639e-01  3.775312e-03  5.131349e-01
   endloop
 endfacet
 facet normal -4.362148e-01 -8.573454e-01 -2.732683e-01
   outer loop
     vertex  1.590834e-01  2.123613e-03  5.153913e-01
     vertex  1.573465e-01  9.438287e-04  5.218653e-01
     vertex  1.532596e-01  3.775312e-03  5.195058e-01
   endloop
 endfacet
 facet normal  3.396070e-01 -5.160981e-01 -7.863268e-01
   outer loop
     vertex  1.683618e-01  5.138619e-03  5.118148e-01
     vertex  1.628311e-01  6.711665e-03  5.083938e-01
     vertex  1.688236e-01  8.494450e-03  5.098117e-01
   endloop
 endfacet
 facet normal  5.768405e-01 -4.757393e-01 -6.640234e-01
   outer loop
     vertex  1.683618e-01  5.138619e-03  5.118148e-01
     vertex  1.688236e-01  8.494450e-03  5.098117e-01
     vertex  1.696114e-01  8.494450e-03  5.104961e-01
   endloop
 endfacet
 facet normal  6.155364e-01 -4.760313e-01 -6.280996e-01
   outer loop
     vertex  1.683618e-01  5.138619e-03  5.118148e-01
     vertex  1.696114e-01  8.494450e-03  5.104961e-01
     vertex  1.703992e-01  8.494450e-03  5.112681e-01
   endloop
 endfacet
 facet normal  2.723766e-01 -6.279217e-01 -7.290578e-01
   outer loop
     vertex  1.683618e-01  5.138619e-03  5.118148e-01
     vertex  1.630681e-01  3.775312e-03  5.110113e-01
     vertex  1.628311e-01  6.711665e-03  5.083938e-01
   endloop
 endfacet
 facet normal  6.439107e-01 -4.870585e-01 -5.900449e-01
   outer loop
     vertex  1.683618e-01  5.138619e-03  5.118148e-01
     vertex  1.703992e-01  8.494450e-03  5.112681e-01
     vertex  1.711870e-01  8.494450e-03  5.121279e-01
   endloop
 endfacet
 facet normal  6.628996e-01 -5.066657e-01 -5.512295e-01
   outer loop
     vertex  1.683618e-01  5.138619e-03  5.118148e-01
     vertex  1.711870e-01  8.494450e-03  5.121279e-01
     vertex  1.719748e-01  8.494450e-03  5.130753e-01
   endloop
 endfacet
 facet normal  6.756197e-01 -5.475563e-01 -4.936802e-01
   outer loop
     vertex  1.683618e-01  5.138619e-03  5.118148e-01
     vertex  1.730252e-01  8.494450e-03  5.144749e-01
     vertex  1.728767e-01  3.775312e-03  5.195058e-01
   endloop
 endfacet
 facet normal  6.749829e-01 -5.364445e-01 -5.065821e-01
   outer loop
     vertex  1.683618e-01  5.138619e-03  5.118148e-01
     vertex  1.719748e-01  8.494450e-03  5.130753e-01
     vertex  1.730252e-01  8.494450e-03  5.144749e-01
   endloop
 endfacet
 facet normal  2.806864e-01 -7.078341e-01 -6.482176e-01
   outer loop
     vertex  1.679724e-01  3.775312e-03  5.131349e-01
     vertex  1.630681e-01  3.775312e-03  5.110113e-01
     vertex  1.683618e-01  5.138619e-03  5.118148e-01
   endloop
 endfacet
 facet normal  6.136548e-01 -6.326721e-01 -4.723917e-01
   outer loop
     vertex  1.679724e-01  3.775312e-03  5.131349e-01
     vertex  1.683618e-01  5.138619e-03  5.118148e-01
     vertex  1.728767e-01  3.775312e-03  5.195058e-01
   endloop
 endfacet
 facet normal  2.252818e-01 -8.237545e-01 -5.202660e-01
   outer loop
     vertex  1.654900e-01  1.677917e-03  5.153809e-01
     vertex  1.630681e-01  3.775312e-03  5.110113e-01
     vertex  1.679724e-01  3.775312e-03  5.131349e-01
   endloop
 endfacet
 facet normal  8.378382e-01 -4.749965e-01 -2.690825e-01
   outer loop
     vertex  1.773775e-01  5.321787e-03  5.270310e-01
     vertex  1.783306e-01  8.494450e-03  5.243979e-01
     vertex  1.787773e-01  8.494450e-03  5.257889e-01
   endloop
 endfacet
 facet normal  7.665652e-01 -5.400159e-01 -3.475062e-01
   outer loop
     vertex  1.773775e-01  5.321787e-03  5.270310e-01
     vertex  1.728767e-01  3.775312e-03  5.195058e-01
     vertex  1.768006e-01  8.494450e-03  5.208282e-01
   endloop
 endfacet
 facet normal  7.628619e-01 -5.441144e-01 -3.492581e-01
   outer loop
     vertex  1.773775e-01  5.321787e-03  5.270310e-01
     vertex  1.768006e-01  8.494450e-03  5.208282e-01
     vertex  1.777560e-01  8.494450e-03  5.229149e-01
   endloop
 endfacet
 facet normal  8.066328e-01 -5.016722e-01 -3.125197e-01
   outer loop
     vertex  1.773775e-01  5.321787e-03  5.270310e-01
     vertex  1.777560e-01  8.494450e-03  5.229149e-01
     vertex  1.783306e-01  8.494450e-03  5.243979e-01
   endloop
 endfacet
 facet normal  8.592520e-01 -4.636859e-01 -2.160587e-01
   outer loop
     vertex  1.773775e-01  5.321787e-03  5.270310e-01
     vertex  1.787773e-01  8.494450e-03  5.257889e-01
     vertex  1.790859e-01  8.494450e-03  5.270162e-01
   endloop
 endfacet
 facet normal  4.891554e-01 -7.867246e-01 -3.765520e-01
   outer loop
     vertex  1.710376e-01  2.123613e-03  5.205676e-01
     vertex  1.679724e-01  3.775312e-03  5.131349e-01
     vertex  1.728767e-01  3.775312e-03  5.195058e-01
   endloop
 endfacet
 facet normal  3.440432e-01 -8.926318e-01 -2.912776e-01
   outer loop
     vertex  1.710376e-01  2.123613e-03  5.205676e-01
     vertex  1.659290e-01  9.438287e-04  5.181490e-01
     vertex  1.654900e-01  1.677917e-03  5.153809e-01
   endloop
 endfacet
 facet normal  3.973439e-01 -8.474028e-01 -3.521736e-01
   outer loop
     vertex  1.710376e-01  2.123613e-03  5.205676e-01
     vertex  1.654900e-01  1.677917e-03  5.153809e-01
     vertex  1.679724e-01  3.775312e-03  5.131349e-01
   endloop
 endfacet
 facet normal  9.226508e-01 -3.850279e-01 -2.165697e-02
   outer loop
     vertex  1.782072e-01  6.194333e-03  5.304726e-01
     vertex  1.790859e-01  8.494450e-03  5.270162e-01
     vertex  1.799606e-01  1.048698e-02  5.288576e-01
   endloop
 endfacet
 facet normal  9.320007e-01 -3.100992e-01  1.876515e-01
   outer loop
     vertex  1.782072e-01  6.194333e-03  5.304726e-01
     vertex  1.799606e-01  1.048698e-02  5.288576e-01
     vertex  1.779043e-01  7.133085e-03  5.335281e-01
   endloop
 endfacet
 facet normal  7.347266e-01 -6.245802e-01  2.647194e-01
   outer loop
     vertex  1.782072e-01  6.194333e-03  5.304726e-01
     vertex  1.779043e-01  7.133085e-03  5.335281e-01
     vertex  1.758186e-01  4.256626e-03  5.325302e-01
   endloop
 endfacet
 facet normal  8.765937e-01 -4.724447e-01 -9.153940e-02
   outer loop
     vertex  1.782072e-01  6.194333e-03  5.304726e-01
     vertex  1.773775e-01  5.321787e-03  5.270310e-01
     vertex  1.790859e-01  8.494450e-03  5.270162e-01
   endloop
 endfacet
 facet normal  7.167316e-01 -6.298857e-01 -2.992319e-01
   outer loop
     vertex  1.762031e-01  4.012361e-03  5.269743e-01
     vertex  1.728767e-01  3.775312e-03  5.195058e-01
     vertex  1.773775e-01  5.321787e-03  5.270310e-01
   endloop
 endfacet
 facet normal  6.589520e-01 -7.015846e-01 -2.712218e-01
   outer loop
     vertex  1.757355e-01  3.598053e-03  5.269101e-01
     vertex  1.728767e-01  3.775312e-03  5.195058e-01
     vertex  1.762031e-01  4.012361e-03  5.269743e-01
   endloop
 endfacet
 facet normal  6.223829e-01 -7.389702e-01 -2.579973e-01
   outer loop
     vertex  1.752423e-01  3.206316e-03  5.268423e-01
     vertex  1.728767e-01  3.775312e-03  5.195058e-01
     vertex  1.757355e-01  3.598053e-03  5.269101e-01
   endloop
 endfacet
 facet normal  6.243320e-01 -7.646566e-01  1.597179e-01
   outer loop
     vertex  1.761877e-01  3.811431e-03  5.289560e-01
     vertex  1.758186e-01  4.256626e-03  5.325302e-01
     vertex  1.749312e-01  3.425056e-03  5.320179e-01
   endloop
 endfacet
 facet normal  5.508881e-01 -8.256310e-01  1.218840e-01
   outer loop
     vertex  1.761877e-01  3.811431e-03  5.289560e-01
     vertex  1.749312e-01  3.425056e-03  5.320179e-01
     vertex  1.739461e-01  2.683771e-03  5.314491e-01
   endloop
 endfacet
 facet normal  7.009696e-01 -6.952446e-01  1.589863e-01
   outer loop
     vertex  1.761877e-01  3.811431e-03  5.289560e-01
     vertex  1.782072e-01  6.194333e-03  5.304726e-01
     vertex  1.758186e-01  4.256626e-03  5.325302e-01
   endloop
 endfacet
 facet normal  7.701684e-01 -6.373864e-01 -2.406670e-02
   outer loop
     vertex  1.761877e-01  3.811431e-03  5.289560e-01
     vertex  1.773775e-01  5.321787e-03  5.270310e-01
     vertex  1.782072e-01  6.194333e-03  5.304726e-01
   endloop
 endfacet
 facet normal  6.669410e-01 -7.418118e-01 -7.003550e-02
   outer loop
     vertex  1.761877e-01  3.811431e-03  5.289560e-01
     vertex  1.757355e-01  3.598053e-03  5.269101e-01
     vertex  1.762031e-01  4.012361e-03  5.269743e-01
   endloop
 endfacet
 facet normal  6.257289e-01 -7.779436e-01 -5.715899e-02
   outer loop
     vertex  1.761877e-01  3.811431e-03  5.289560e-01
     vertex  1.752423e-01  3.206316e-03  5.268423e-01
     vertex  1.757355e-01  3.598053e-03  5.269101e-01
   endloop
 endfacet
 facet normal  7.443508e-01 -6.649379e-01 -6.164004e-02
   outer loop
     vertex  1.761877e-01  3.811431e-03  5.289560e-01
     vertex  1.762031e-01  4.012361e-03  5.269743e-01
     vertex  1.773775e-01  5.321787e-03  5.270310e-01
   endloop
 endfacet
 facet normal  5.654764e-01 -7.874048e-01 -2.454181e-01
   outer loop
     vertex  1.747234e-01  2.837151e-03  5.267709e-01
     vertex  1.710376e-01  2.123613e-03  5.205676e-01
     vertex  1.728767e-01  3.775312e-03  5.195058e-01
   endloop
 endfacet
 facet normal  5.839937e-01 -7.728676e-01 -2.482478e-01
   outer loop
     vertex  1.747234e-01  2.837151e-03  5.267709e-01
     vertex  1.728767e-01  3.775312e-03  5.195058e-01
     vertex  1.752423e-01  3.206316e-03  5.268423e-01
   endloop
 endfacet
 facet normal  5.820150e-01 -8.127076e-01 -2.765567e-02
   outer loop
     vertex  1.747234e-01  2.837151e-03  5.267709e-01
     vertex  1.752423e-01  3.206316e-03  5.268423e-01
     vertex  1.761877e-01  3.811431e-03  5.289560e-01
   endloop
 endfacet
 facet normal  4.888542e-01 -8.703324e-01  5.952452e-02
   outer loop
     vertex  1.741404e-01  2.467486e-03  5.266908e-01
     vertex  1.739461e-01  2.683771e-03  5.314491e-01
     vertex  1.728632e-01  2.032772e-03  5.308239e-01
   endloop
 endfacet
 facet normal  5.007861e-01 -8.635097e-01  5.970170e-02
   outer loop
     vertex  1.741404e-01  2.467486e-03  5.266908e-01
     vertex  1.761877e-01  3.811431e-03  5.289560e-01
     vertex  1.739461e-01  2.683771e-03  5.314491e-01
   endloop
 endfacet
 facet normal  5.434719e-01 -8.072870e-01 -2.300567e-01
   outer loop
     vertex  1.741404e-01  2.467486e-03  5.266908e-01
     vertex  1.710376e-01  2.123613e-03  5.205676e-01
     vertex  1.747234e-01  2.837151e-03  5.267709e-01
   endloop
 endfacet
 facet normal  5.334533e-01 -8.456035e-01  1.955386e-02
   outer loop
     vertex  1.741404e-01  2.467486e-03  5.266908e-01
     vertex  1.747234e-01  2.837151e-03  5.267709e-01
     vertex  1.761877e-01  3.811431e-03  5.289560e-01
   endloop
 endfacet
 facet normal  4.046865e-01 -9.133904e-01  4.412384e-02
   outer loop
     vertex  1.735280e-01  2.123613e-03  5.266066e-01
     vertex  1.728632e-01  2.032772e-03  5.308239e-01
     vertex  1.715975e-01  1.436716e-03  5.300932e-01
   endloop
 endfacet
 facet normal  3.365192e-01 -9.416763e-01  8.074244e-04
   outer loop
     vertex  1.735280e-01  2.123613e-03  5.266066e-01
     vertex  1.715975e-01  1.436716e-03  5.300932e-01
     vertex  1.702202e-01  9.438287e-04  5.292980e-01
   endloop
 endfacet
 facet normal  4.828341e-01 -8.738355e-01  5.729576e-02
   outer loop
     vertex  1.735280e-01  2.123613e-03  5.266066e-01
     vertex  1.741404e-01  2.467486e-03  5.266908e-01
     vertex  1.728632e-01  2.032772e-03  5.308239e-01
   endloop
 endfacet
 facet normal  5.005121e-01 -8.407636e-01 -2.064077e-01
   outer loop
     vertex  1.735280e-01  2.123613e-03  5.266066e-01
     vertex  1.710376e-01  2.123613e-03  5.205676e-01
     vertex  1.741404e-01  2.467486e-03  5.266908e-01
   endloop
 endfacet
 facet normal  2.848266e-01 -9.484524e-01 -1.389674e-01
   outer loop
     vertex  1.661333e-01  2.359579e-04  5.233991e-01
     vertex  1.659290e-01  9.438287e-04  5.181490e-01
     vertex  1.710376e-01  2.123613e-03  5.205676e-01
   endloop
 endfacet
 facet normal  3.318772e-01 -9.333412e-01 -1.368638e-01
   outer loop
     vertex  1.680632e-01  4.194800e-04  5.249765e-01
     vertex  1.710376e-01  2.123613e-03  5.205676e-01
     vertex  1.735280e-01  2.123613e-03  5.266066e-01
   endloop
 endfacet
 facet normal  2.510812e-01 -9.477221e-01 -1.969293e-01
   outer loop
     vertex  1.680632e-01  4.194800e-04  5.249765e-01
     vertex  1.661333e-01  2.359579e-04  5.233991e-01
     vertex  1.710376e-01  2.123613e-03  5.205676e-01
   endloop
 endfacet
 facet normal  6.334925e-02 -9.685465e-01  2.406337e-01
   outer loop
     vertex  1.655586e-01  2.359579e-04  5.283763e-01
     vertex  1.694334e-01  1.214221e-03  5.312937e-01
     vertex  1.630681e-01  8.253541e-04  5.314042e-01
   endloop
 endfacet
 facet normal -1.573862e-01 -8.542434e-01  4.954774e-01
   outer loop
     vertex  1.655586e-01  2.359579e-04  5.283763e-01
     vertex  1.678937e-01  6.385409e-04  5.298121e-01
     vertex  1.694334e-01  1.214221e-03  5.312937e-01
   endloop
 endfacet
 facet normal  3.931292e-02 -9.773794e-01  2.078077e-01
   outer loop
     vertex  1.645562e-01  1.596360e-04  5.279916e-01
     vertex  1.630681e-01  8.253541e-04  5.314042e-01
     vertex  1.630681e-01  2.063393e-04  5.284928e-01
   endloop
 endfacet
 facet normal -1.045826e-02 -9.980244e-01  6.195115e-02
   outer loop
     vertex  1.645562e-01  1.596360e-04  5.279916e-01
     vertex  1.630681e-01  2.063393e-04  5.284928e-01
     vertex  1.630681e-01  1.006750e-09  5.251687e-01
   endloop
 endfacet
 facet normal  1.080904e-03 -9.814095e-01  1.919225e-01
   outer loop
     vertex  1.645562e-01  1.596360e-04  5.279916e-01
     vertex  1.655586e-01  2.359579e-04  5.283763e-01
     vertex  1.630681e-01  8.253541e-04  5.314042e-01
   endloop
 endfacet
 facet normal -2.902184e-01 -9.513373e-01 -1.035892e-01
   outer loop
     vertex  1.572347e-01  5.309041e-04  5.259706e-01
     vertex  1.541123e-01  1.436716e-03  5.263999e-01
     vertex  1.573465e-01  9.438287e-04  5.218653e-01
   endloop
 endfacet
 facet normal -2.774202e-01 -9.607039e-01  9.279071e-03
   outer loop
     vertex  1.572347e-01  5.309041e-04  5.259706e-01
     vertex  1.559161e-01  9.438287e-04  5.292980e-01
     vertex  1.541123e-01  1.436716e-03  5.263999e-01
   endloop
 endfacet
 facet normal -1.802724e-01 -9.823214e-01  5.046231e-02
   outer loop
     vertex  1.572347e-01  5.309041e-04  5.259706e-01
     vertex  1.592367e-01  2.359579e-04  5.273808e-01
     vertex  1.559161e-01  9.438287e-04  5.292980e-01
   endloop
 endfacet
 facet normal -1.586923e-01 -9.819318e-01 -1.030862e-01
   outer loop
     vertex  1.604571e-01  1.048708e-04  5.250682e-01
     vertex  1.572347e-01  5.309041e-04  5.259706e-01
     vertex  1.573465e-01  9.438287e-04  5.218653e-01
   endloop
 endfacet
 facet normal -1.400425e-01 -9.826758e-01 -1.213934e-01
   outer loop
     vertex  1.614845e-01  5.899024e-05  5.242544e-01
     vertex  1.604571e-01  1.048708e-04  5.250682e-01
     vertex  1.573465e-01  9.438287e-04  5.218653e-01
   endloop
 endfacet
 facet normal  1.240373e-01 -8.659944e-01 -4.844258e-01
   outer loop
     vertex  1.624329e-01  1.894211e-03  5.142115e-01
     vertex  1.630681e-01  3.775312e-03  5.110113e-01
     vertex  1.654900e-01  1.677917e-03  5.153809e-01
   endloop
 endfacet
 facet normal -2.361320e-01 -8.274487e-01 -5.094805e-01
   outer loop
     vertex  1.624329e-01  1.894211e-03  5.142115e-01
     vertex  1.590834e-01  2.123613e-03  5.153913e-01
     vertex  1.581639e-01  3.775312e-03  5.131349e-01
   endloop
 endfacet
 facet normal -2.280459e-01 -8.189234e-01 -5.266494e-01
   outer loop
     vertex  1.624329e-01  1.894211e-03  5.142115e-01
     vertex  1.581639e-01  3.775312e-03  5.131349e-01
     vertex  1.630681e-01  3.775312e-03  5.110113e-01
   endloop
 endfacet
 facet normal -1.828666e-01 -9.225599e-01 -3.397691e-01
   outer loop
     vertex  1.616377e-01  9.438287e-04  5.172199e-01
     vertex  1.590834e-01  2.123613e-03  5.153913e-01
     vertex  1.624329e-01  1.894211e-03  5.142115e-01
   endloop
 endfacet
 facet normal -1.861193e-01 -9.565923e-01 -2.242561e-01
   outer loop
     vertex  1.615356e-01  2.359579e-04  5.214082e-01
     vertex  1.573465e-01  9.438287e-04  5.218653e-01
     vertex  1.590834e-01  2.123613e-03  5.153913e-01
   endloop
 endfacet
 facet normal -1.730839e-01 -9.828115e-01 -6.421409e-02
   outer loop
     vertex  1.615356e-01  2.359579e-04  5.214082e-01
     vertex  1.614845e-01  5.899024e-05  5.242544e-01
     vertex  1.573465e-01  9.438287e-04  5.218653e-01
   endloop
 endfacet
 facet normal -3.132840e-01 -9.350941e-01 -1.656867e-01
   outer loop
     vertex  1.615356e-01  2.359579e-04  5.214082e-01
     vertex  1.590834e-01  2.123613e-03  5.153913e-01
     vertex  1.616377e-01  9.438287e-04  5.172199e-01
   endloop
 endfacet
 facet normal  1.050778e-01 -8.919913e-01 -4.396704e-01
   outer loop
     vertex  1.630681e-01  1.474732e-03  5.152143e-01
     vertex  1.624329e-01  1.894211e-03  5.142115e-01
     vertex  1.654900e-01  1.677917e-03  5.153809e-01
   endloop
 endfacet
 facet normal -1.071548e-01 -9.395774e-01 -3.251342e-01
   outer loop
     vertex  1.630681e-01  1.474732e-03  5.152143e-01
     vertex  1.616377e-01  9.438287e-04  5.172199e-01
     vertex  1.624329e-01  1.894211e-03  5.142115e-01
   endloop
 endfacet
 facet normal -2.656448e-03 -9.662315e-01 -2.576617e-01
   outer loop
     vertex  1.630681e-01  5.309041e-04  5.187537e-01
     vertex  1.616377e-01  9.438287e-04  5.172199e-01
     vertex  1.630681e-01  1.474732e-03  5.152143e-01
   endloop
 endfacet
 facet normal -1.026622e-01 -9.803916e-01 -1.682044e-01
   outer loop
     vertex  1.630681e-01  5.309041e-04  5.187537e-01
     vertex  1.615356e-01  2.359579e-04  5.214082e-01
     vertex  1.616377e-01  9.438287e-04  5.172199e-01
   endloop
 endfacet
 facet normal  9.830848e-02 -9.615545e-01 -2.564145e-01
   outer loop
     vertex  1.630681e-01  5.309041e-04  5.187537e-01
     vertex  1.630681e-01  1.474732e-03  5.152143e-01
     vertex  1.654900e-01  1.677917e-03  5.153809e-01
   endloop
 endfacet
 facet normal  2.936140e-01 -9.558080e-01  1.489602e-02
   outer loop
     vertex  1.676174e-01  3.211646e-04  5.274550e-01
     vertex  1.680632e-01  4.194800e-04  5.249765e-01
     vertex  1.735280e-01  2.123613e-03  5.266066e-01
   endloop
 endfacet
 facet normal  2.811827e-01 -9.568095e-01 -7.383733e-02
   outer loop
     vertex  1.676174e-01  3.211646e-04  5.274550e-01
     vertex  1.735280e-01  2.123613e-03  5.266066e-01
     vertex  1.702202e-01  9.438287e-04  5.292980e-01
   endloop
 endfacet
 facet normal  1.539998e-01 -9.814601e-01  1.141056e-01
   outer loop
     vertex  1.676174e-01  3.211646e-04  5.274550e-01
     vertex  1.702202e-01  9.438287e-04  5.292980e-01
     vertex  1.678937e-01  6.385409e-04  5.298121e-01
   endloop
 endfacet
 facet normal  9.798962e-02 -9.951556e-01  7.958468e-03
   outer loop
     vertex  1.654616e-01  1.048708e-04  5.269526e-01
     vertex  1.650477e-01  5.899024e-05  5.263117e-01
     vertex  1.676174e-01  3.211646e-04  5.274550e-01
   endloop
 endfacet
 facet normal -1.831453e-02 -9.963690e-01  8.314720e-02
   outer loop
     vertex  1.654616e-01  1.048708e-04  5.269526e-01
     vertex  1.630681e-01  1.006750e-09  5.251687e-01
     vertex  1.650477e-01  5.899024e-05  5.263117e-01
   endloop
 endfacet
 facet normal  7.015601e-02 -9.896687e-01  1.250357e-01
   outer loop
     vertex  1.654616e-01  1.048708e-04  5.269526e-01
     vertex  1.676174e-01  3.211646e-04  5.274550e-01
     vertex  1.678937e-01  6.385409e-04  5.298121e-01
   endloop
 endfacet
 facet normal  1.195656e-01 -9.893547e-01  8.295340e-02
   outer loop
     vertex  1.654616e-01  1.048708e-04  5.269526e-01
     vertex  1.678937e-01  6.385409e-04  5.298121e-01
     vertex  1.655586e-01  2.359579e-04  5.283763e-01
   endloop
 endfacet
 facet normal  2.742827e-03 -9.984816e-01  5.501811e-02
   outer loop
     vertex  1.654616e-01  1.048708e-04  5.269526e-01
     vertex  1.645562e-01  1.596360e-04  5.279916e-01
     vertex  1.630681e-01  1.006750e-09  5.251687e-01
   endloop
 endfacet
 facet normal  4.170249e-02 -9.951767e-01  8.879292e-02
   outer loop
     vertex  1.654616e-01  1.048708e-04  5.269526e-01
     vertex  1.655586e-01  2.359579e-04  5.283763e-01
     vertex  1.645562e-01  1.596360e-04  5.279916e-01
   endloop
 endfacet
 facet normal -4.391550e-02 -9.972820e-01  5.916080e-02
   outer loop
     vertex  1.620624e-01  1.474831e-05  5.257494e-01
     vertex  1.605777e-01  2.359579e-04  5.283763e-01
     vertex  1.592367e-01  2.359579e-04  5.273808e-01
   endloop
 endfacet
 facet normal -5.580169e-02 -9.970646e-01  5.242447e-02
   outer loop
     vertex  1.620624e-01  1.474831e-05  5.257494e-01
     vertex  1.615801e-01  1.596360e-04  5.279916e-01
     vertex  1.605777e-01  2.359579e-04  5.283763e-01
   endloop
 endfacet
 facet normal  2.578316e-02 -9.972149e-01  6.998384e-02
   outer loop
     vertex  1.620624e-01  1.474831e-05  5.257494e-01
     vertex  1.630681e-01  1.006750e-09  5.251687e-01
     vertex  1.615801e-01  1.596360e-04  5.279916e-01
   endloop
 endfacet
 facet normal -1.085808e-01 -9.926485e-01 -5.347113e-02
   outer loop
     vertex  1.620624e-01  1.474831e-05  5.257494e-01
     vertex  1.592367e-01  2.359579e-04  5.273808e-01
     vertex  1.572347e-01  5.309041e-04  5.259706e-01
   endloop
 endfacet
 facet normal -1.008614e-01 -9.891483e-01  1.068294e-01
   outer loop
     vertex  1.620624e-01  1.474831e-05  5.257494e-01
     vertex  1.572347e-01  5.309041e-04  5.259706e-01
     vertex  1.604571e-01  1.048708e-04  5.250682e-01
   endloop
 endfacet
 facet normal -5.206152e-02 -9.985994e-01 -9.426678e-03
   outer loop
     vertex  1.620624e-01  1.474831e-05  5.257494e-01
     vertex  1.604571e-01  1.048708e-04  5.250682e-01
     vertex  1.614845e-01  5.899024e-05  5.242544e-01
   endloop
 endfacet
 facet normal -3.398137e-02 -9.909673e-01 -1.297266e-01
   outer loop
     vertex  1.630681e-01  1.327268e-04  5.217953e-01
     vertex  1.615356e-01  2.359579e-04  5.214082e-01
     vertex  1.630681e-01  5.309041e-04  5.187537e-01
   endloop
 endfacet
 facet normal -9.332633e-03 -9.669122e-01 -2.549387e-01
   outer loop
     vertex  1.638344e-01  2.359579e-04  5.209105e-01
     vertex  1.654900e-01  1.677917e-03  5.153809e-01
     vertex  1.659290e-01  9.438287e-04  5.181490e-01
   endloop
 endfacet
 facet normal -1.630444e-02 -9.914082e-01 -1.297843e-01
   outer loop
     vertex  1.638344e-01  2.359579e-04  5.209105e-01
     vertex  1.630681e-01  1.327268e-04  5.217953e-01
     vertex  1.630681e-01  5.309041e-04  5.187537e-01
   endloop
 endfacet
 facet normal  1.824909e-01 -9.633556e-01 -1.965786e-01
   outer loop
     vertex  1.638344e-01  2.359579e-04  5.209105e-01
     vertex  1.630681e-01  5.309041e-04  5.187537e-01
     vertex  1.654900e-01  1.677917e-03  5.153809e-01
   endloop
 endfacet
 facet normal  4.569038e-02 -9.960120e-01 -7.663237e-02
   outer loop
     vertex  1.638600e-01  5.899024e-05  5.232258e-01
     vertex  1.630681e-01  1.327268e-04  5.217953e-01
     vertex  1.638344e-01  2.359579e-04  5.209105e-01
   endloop
 endfacet
 facet normal  2.269816e-01 -9.708732e-01 -7.671097e-02
   outer loop
     vertex  1.638600e-01  5.899024e-05  5.232258e-01
     vertex  1.638344e-01  2.359579e-04  5.209105e-01
     vertex  1.659290e-01  9.438287e-04  5.181490e-01
   endloop
 endfacet
 facet normal  8.721786e-02 -9.868006e-01 -1.364465e-01
   outer loop
     vertex  1.638600e-01  5.899024e-05  5.232258e-01
     vertex  1.659290e-01  9.438287e-04  5.181490e-01
     vertex  1.661333e-01  2.359579e-04  5.233991e-01
   endloop
 endfacet
 facet normal  1.598096e-01 -9.778806e-01 -1.349458e-01
   outer loop
     vertex  1.641368e-01  1.474831e-05  5.255534e-01
     vertex  1.676174e-01  3.211646e-04  5.274550e-01
     vertex  1.650477e-01  5.899024e-05  5.263117e-01
   endloop
 endfacet
 facet normal -1.266171e-02 -9.972222e-01  7.340025e-02
   outer loop
     vertex  1.641368e-01  1.474831e-05  5.255534e-01
     vertex  1.650477e-01  5.899024e-05  5.263117e-01
     vertex  1.630681e-01  1.006750e-09  5.251687e-01
   endloop
 endfacet
 facet normal  7.973186e-02 -9.964111e-01 -2.841984e-02
   outer loop
     vertex  1.641368e-01  1.474831e-05  5.255534e-01
     vertex  1.638600e-01  5.899024e-05  5.232258e-01
     vertex  1.661333e-01  2.359579e-04  5.233991e-01
   endloop
 endfacet
 facet normal  9.937113e-02 -9.948162e-01 -2.158824e-02
   outer loop
     vertex  1.641368e-01  1.474831e-05  5.255534e-01
     vertex  1.680632e-01  4.194800e-04  5.249765e-01
     vertex  1.676174e-01  3.211646e-04  5.274550e-01
   endloop
 endfacet
 facet normal  1.013331e-01 -9.948184e-01 -8.237475e-03
   outer loop
     vertex  1.641368e-01  1.474831e-05  5.255534e-01
     vertex  1.661333e-01  2.359579e-04  5.233991e-01
     vertex  1.680632e-01  4.194800e-04  5.249765e-01
   endloop
 endfacet
 facet normal  1.900792e-02 -9.997145e-01 -1.447664e-02
   outer loop
     vertex  1.629676e-01  1.474831e-05  5.240183e-01
     vertex  1.641368e-01  1.474831e-05  5.255534e-01
     vertex  1.630681e-01  1.006750e-09  5.251687e-01
   endloop
 endfacet
 facet normal -5.318510e-02 -9.970511e-01 -5.532190e-02
   outer loop
     vertex  1.629676e-01  1.474831e-05  5.240183e-01
     vertex  1.615356e-01  2.359579e-04  5.214082e-01
     vertex  1.630681e-01  1.327268e-04  5.217953e-01
   endloop
 endfacet
 facet normal  2.955337e-02 -9.993098e-01 -2.250817e-02
   outer loop
     vertex  1.629676e-01  1.474831e-05  5.240183e-01
     vertex  1.638600e-01  5.899024e-05  5.232258e-01
     vertex  1.641368e-01  1.474831e-05  5.255534e-01
   endloop
 endfacet
 facet normal -3.251783e-02 -9.993265e-01 -1.700303e-02
   outer loop
     vertex  1.629676e-01  1.474831e-05  5.240183e-01
     vertex  1.620624e-01  1.474831e-05  5.257494e-01
     vertex  1.614845e-01  5.899024e-05  5.242544e-01
   endloop
 endfacet
 facet normal  0.000000e+00  0.000000e+00  0.000000e+00
   outer loop
     vertex  1.629676e-01  1.474831e-05  5.240183e-01
     vertex  1.630681e-01  1.006750e-09  5.251687e-01
     vertex  1.630681e-01  1.006750e-09  5.251687e-01
   endloop
 endfacet
 facet normal -2.099766e-02 -9.997192e-01 -1.097933e-02
   outer loop
     vertex  1.629676e-01  1.474831e-05  5.240183e-01
     vertex  1.630681e-01  1.006750e-09  5.251687e-01
     vertex  1.620624e-01  1.474831e-05  5.257494e-01
   endloop
 endfacet
 facet normal  2.544462e-03 -9.985975e-01 -5.288256e-02
   outer loop
     vertex  1.629676e-01  1.474831e-05  5.240183e-01
     vertex  1.630681e-01  1.327268e-04  5.217953e-01
     vertex  1.638600e-01  5.899024e-05  5.232258e-01
   endloop
 endfacet
 facet normal -3.973402e-02 -9.972400e-01 -6.271774e-02
   outer loop
     vertex  1.629676e-01  1.474831e-05  5.240183e-01
     vertex  1.614845e-01  5.899024e-05  5.242544e-01
     vertex  1.615356e-01  2.359579e-04  5.214082e-01
   endloop
 endfacet
 facet normal -1.182538e-01  0.000000e+00 -9.929834e-01
   outer loop
     vertex  1.583395e-01  4.983410e-02  5.055969e-01
     vertex  1.630681e-01  4.983410e-02  5.050337e-01
     vertex  1.630681e-01  4.077336e-02  5.050337e-01
   endloop
 endfacet
 facet normal -1.182538e-01 -0.000000e+00 -9.929834e-01
   outer loop
     vertex  1.583395e-01  4.983410e-02  5.055969e-01
     vertex  1.630681e-01  4.077336e-02  5.050337e-01
     vertex  1.583395e-01  4.077336e-02  5.055969e-01
   endloop
 endfacet
 facet normal -3.477833e-01 -0.000000e+00 -9.375749e-01
   outer loop
     vertex  1.538892e-01  4.983410e-02  5.072477e-01
     vertex  1.583395e-01  4.077336e-02  5.055969e-01
     vertex  1.538892e-01  4.077336e-02  5.072477e-01
   endloop
 endfacet
 facet normal -3.477833e-01  0.000000e+00 -9.375749e-01
   outer loop
     vertex  1.538892e-01  4.983410e-02  5.072477e-01
     vertex  1.583395e-01  4.983410e-02  5.055969e-01
     vertex  1.583395e-01  4.077336e-02  5.055969e-01
   endloop
 endfacet
 facet normal -5.541119e-01 -0.000000e+00 -8.324422e-01
   outer loop
     vertex  1.500777e-01  4.983410e-02  5.097848e-01
     vertex  1.538892e-01  4.077336e-02  5.072477e-01
     vertex  1.500777e-01  4.077336e-02  5.097848e-01
   endloop
 endfacet
 facet normal -5.541119e-01  0.000000e+00 -8.324422e-01
   outer loop
     vertex  1.500777e-01  4.983410e-02  5.097848e-01
     vertex  1.538892e-01  4.983410e-02  5.072477e-01
     vertex  1.538892e-01  4.077336e-02  5.072477e-01
   endloop
 endfacet
 facet normal -7.310720e-01 -0.000000e+00 -6.823003e-01
   outer loop
     vertex  1.468253e-01  4.983410e-02  5.132697e-01
     vertex  1.500777e-01  4.077336e-02  5.097848e-01
     vertex  1.468253e-01  4.077336e-02  5.132697e-01
   endloop
 endfacet
 facet normal -7.310720e-01  0.000000e+00 -6.823003e-01
   outer loop
     vertex  1.468253e-01  4.983410e-02  5.132697e-01
     vertex  1.500777e-01  4.983410e-02  5.097848e-01
     vertex  1.500777e-01  4.077336e-02  5.097848e-01
   endloop
 endfacet
 facet normal -8.717362e-01 -0.000000e+00 -4.899755e-01
   outer loop
     vertex  1.444594e-01  4.983410e-02  5.174789e-01
     vertex  1.468253e-01  4.077336e-02  5.132697e-01
     vertex  1.444594e-01  4.077336e-02  5.174789e-01
   endloop
 endfacet
 facet normal -8.717362e-01  0.000000e+00 -4.899755e-01
   outer loop
     vertex  1.444594e-01  4.983410e-02  5.174789e-01
     vertex  1.468253e-01  4.983410e-02  5.132697e-01
     vertex  1.468253e-01  4.077336e-02  5.132697e-01
   endloop
 endfacet
 facet normal -9.628200e-01 -0.000000e+00 -2.701437e-01
   outer loop
     vertex  1.431752e-01  4.983410e-02  5.220560e-01
     vertex  1.444594e-01  4.077336e-02  5.174789e-01
     vertex  1.431752e-01  4.077336e-02  5.220560e-01
   endloop
 endfacet
 facet normal -9.628200e-01  0.000000e+00 -2.701437e-01
   outer loop
     vertex  1.431752e-01  4.983410e-02  5.220560e-01
     vertex  1.444594e-01  4.983410e-02  5.174789e-01
     vertex  1.444594e-01  4.077336e-02  5.174789e-01
   endloop
 endfacet
 facet normal -9.991238e-01 -0.000000e+00 -4.185332e-02
   outer loop
     vertex  1.429846e-01  4.983410e-02  5.266069e-01
     vertex  1.431752e-01  4.077336e-02  5.220560e-01
     vertex  1.429846e-01  4.077336e-02  5.266069e-01
   endloop
 endfacet
 facet normal -9.991238e-01  0.000000e+00 -4.185332e-02
   outer loop
     vertex  1.429846e-01  4.983410e-02  5.266069e-01
     vertex  1.431752e-01  4.983410e-02  5.220560e-01
     vertex  1.431752e-01  4.077336e-02  5.220560e-01
   endloop
 endfacet
 facet normal -9.842889e-01  0.000000e+00  1.765654e-01
   outer loop
     vertex  1.437369e-01  4.983410e-02  5.308010e-01
     vertex  1.429846e-01  4.077336e-02  5.266069e-01
     vertex  1.437369e-01  4.077336e-02  5.308010e-01
   endloop
 endfacet
 facet normal -9.842889e-01  0.000000e+00  1.765654e-01
   outer loop
     vertex  1.437369e-01  4.983410e-02  5.308010e-01
     vertex  1.429846e-01  4.983410e-02  5.266069e-01
     vertex  1.429846e-01  4.077336e-02  5.266069e-01
   endloop
 endfacet
 facet normal -9.283882e-01  0.000000e+00  3.716118e-01
   outer loop
     vertex  1.451898e-01  4.983410e-02  5.344306e-01
     vertex  1.437369e-01  4.983410e-02  5.308010e-01
     vertex  1.437369e-01  4.077336e-02  5.308010e-01
   endloop
 endfacet
 facet normal -9.283882e-01  0.000000e+00  3.716118e-01
   outer loop
     vertex  1.451898e-01  4.983410e-02  5.344306e-01
     vertex  1.437369e-01  4.077336e-02  5.308010e-01
     vertex  1.451898e-01  4.077336e-02  5.344306e-01
   endloop
 endfacet
 facet normal -8.412677e-01  0.000000e+00  5.406188e-01
   outer loop
     vertex  1.472157e-01  4.983410e-02  5.375831e-01
     vertex  1.451898e-01  4.983410e-02  5.344306e-01
     vertex  1.451898e-01  4.077336e-02  5.344306e-01
   endloop
 endfacet
 facet normal -8.412677e-01  0.000000e+00  5.406188e-01
   outer loop
     vertex  1.472157e-01  4.983410e-02  5.375831e-01
     vertex  1.451898e-01  4.077336e-02  5.344306e-01
     vertex  1.472157e-01  4.077336e-02  5.375831e-01
   endloop
 endfacet
 facet normal -7.206083e-01  0.000000e+00  6.933424e-01
   outer loop
     vertex  1.500518e-01  4.983410e-02  5.405308e-01
     vertex  1.472157e-01  4.983410e-02  5.375831e-01
     vertex  1.472157e-01  4.077336e-02  5.375831e-01
   endloop
 endfacet
 facet normal -7.206083e-01  0.000000e+00  6.933424e-01
   outer loop
     vertex  1.500518e-01  4.983410e-02  5.405308e-01
     vertex  1.472157e-01  4.077336e-02  5.375831e-01
     vertex  1.500518e-01  4.077336e-02  5.405308e-01
   endloop
 endfacet
 facet normal -5.588492e-01  0.000000e+00  8.292693e-01
   outer loop
     vertex  1.537154e-01  4.983410e-02  5.429997e-01
     vertex  1.500518e-01  4.077336e-02  5.405308e-01
     vertex  1.537154e-01  4.077336e-02  5.429997e-01
   endloop
 endfacet
 facet normal -5.588492e-01  0.000000e+00  8.292693e-01
   outer loop
     vertex  1.537154e-01  4.983410e-02  5.429997e-01
     vertex  1.500518e-01  4.983410e-02  5.405308e-01
     vertex  1.500518e-01  4.077336e-02  5.405308e-01
   endloop
 endfacet
 facet normal -3.587017e-01  0.000000e+00  9.334523e-01
   outer loop
     vertex  1.580733e-01  4.983410e-02  5.446744e-01
     vertex  1.537154e-01  4.077336e-02  5.429997e-01
     vertex  1.580733e-01  4.077336e-02  5.446744e-01
   endloop
 endfacet
 facet normal -3.587017e-01  0.000000e+00  9.334523e-01
   outer loop
     vertex  1.580733e-01  4.983410e-02  5.446744e-01
     vertex  1.537154e-01  4.983410e-02  5.429997e-01
     vertex  1.537154e-01  4.077336e-02  5.429997e-01
   endloop
 endfacet
 facet normal -1.306270e-01  0.000000e+00  9.914316e-01
   outer loop
     vertex  1.628402e-01  4.983410e-02  5.453024e-01
     vertex  1.580733e-01  4.077336e-02  5.446744e-01
     vertex  1.628402e-01  4.077336e-02  5.453024e-01
   endloop
 endfacet
 facet normal -1.306270e-01  0.000000e+00  9.914316e-01
   outer loop
     vertex  1.628402e-01  4.983410e-02  5.453024e-01
     vertex  1.580733e-01  4.983410e-02  5.446744e-01
     vertex  1.580733e-01  4.077336e-02  5.446744e-01
   endloop
 endfacet
 facet normal  1.083108e-01  0.000000e+00  9.941171e-01
   outer loop
     vertex  1.676265e-01  4.983410e-02  5.447810e-01
     vertex  1.628402e-01  4.077336e-02  5.453024e-01
     vertex  1.676265e-01  4.077336e-02  5.447810e-01
   endloop
 endfacet
 facet normal  1.083108e-01  0.000000e+00  9.941171e-01
   outer loop
     vertex  1.676265e-01  4.983410e-02  5.447810e-01
     vertex  1.628402e-01  4.983410e-02  5.453024e-01
     vertex  1.628402e-01  4.077336e-02  5.453024e-01
   endloop
 endfacet
 facet normal  3.382143e-01  0.000000e+00  9.410691e-01
   outer loop
     vertex  1.720372e-01  4.983410e-02  5.431958e-01
     vertex  1.676265e-01  4.077336e-02  5.447810e-01
     vertex  1.720372e-01  4.077336e-02  5.431958e-01
   endloop
 endfacet
 facet normal  3.382143e-01  0.000000e+00  9.410691e-01
   outer loop
     vertex  1.720372e-01  4.983410e-02  5.431958e-01
     vertex  1.676265e-01  4.983410e-02  5.447810e-01
     vertex  1.676265e-01  4.077336e-02  5.447810e-01
   endloop
 endfacet
 facet normal  5.415528e-01  0.000000e+00  8.406667e-01
   outer loop
     vertex  1.757742e-01  4.983410e-02  5.407884e-01
     vertex  1.720372e-01  4.077336e-02  5.431958e-01
     vertex  1.757742e-01  4.077336e-02  5.407884e-01
   endloop
 endfacet
 facet normal  5.415528e-01  0.000000e+00  8.406667e-01
   outer loop
     vertex  1.757742e-01  4.983410e-02  5.407884e-01
     vertex  1.720372e-01  4.983410e-02  5.431958e-01
     vertex  1.720372e-01  4.077336e-02  5.431958e-01
   endloop
 endfacet
 facet normal  7.071608e-01  0.000000e+00  7.070527e-01
   outer loop
     vertex  1.786898e-01  4.983410e-02  5.378724e-01
     vertex  1.757742e-01  4.077336e-02  5.407884e-01
     vertex  1.786898e-01  4.077336e-02  5.378724e-01
   endloop
 endfacet
 facet normal  7.071608e-01  0.000000e+00  7.070527e-01
   outer loop
     vertex  1.786898e-01  4.983410e-02  5.378724e-01
     vertex  1.757742e-01  4.983410e-02  5.407884e-01
     vertex  1.757742e-01  4.077336e-02  5.407884e-01
   endloop
 endfacet
 facet normal  8.314791e-01  0.000000e+00  5.555561e-01
   outer loop
     vertex  1.807832e-01  4.983410e-02  5.347392e-01
     vertex  1.786898e-01  4.077336e-02  5.378724e-01
     vertex  1.807832e-01  4.077336e-02  5.347392e-01
   endloop
 endfacet
 facet normal  8.314791e-01  0.000000e+00  5.555561e-01
   outer loop
     vertex  1.807832e-01  4.983410e-02  5.347392e-01
     vertex  1.786898e-01  4.983410e-02  5.378724e-01
     vertex  1.786898e-01  4.077336e-02  5.378724e-01
   endloop
 endfacet
 facet normal  9.214700e-01  0.000000e+00  3.884495e-01
   outer loop
     vertex  1.822884e-01  4.983410e-02  5.311686e-01
     vertex  1.807832e-01  4.077336e-02  5.347392e-01
     vertex  1.822884e-01  4.077336e-02  5.311686e-01
   endloop
 endfacet
 facet normal  9.214700e-01  0.000000e+00  3.884495e-01
   outer loop
     vertex  1.822884e-01  4.983410e-02  5.311686e-01
     vertex  1.807832e-01  4.983410e-02  5.347392e-01
     vertex  1.807832e-01  4.077336e-02  5.347392e-01
   endloop
 endfacet
 facet normal  9.805907e-01  0.000000e+00  1.960662e-01
   outer loop
     vertex  1.831178e-01  4.983410e-02  5.270208e-01
     vertex  1.822884e-01  4.077336e-02  5.311686e-01
     vertex  1.831178e-01  4.077336e-02  5.270208e-01
   endloop
 endfacet
 facet normal  9.805907e-01  0.000000e+00  1.960662e-01
   outer loop
     vertex  1.831178e-01  4.983410e-02  5.270208e-01
     vertex  1.822884e-01  4.983410e-02  5.311686e-01
     vertex  1.822884e-01  4.077336e-02  5.311686e-01
   endloop
 endfacet
 facet normal  9.997871e-01  0.000000e+00 -2.063301e-02
   outer loop
     vertex  1.830243e-01  4.983410e-02  5.224911e-01
     vertex  1.831178e-01  4.077336e-02  5.270208e-01
     vertex  1.830243e-01  4.077336e-02  5.224911e-01
   endloop
 endfacet
 facet normal  9.997871e-01  0.000000e+00 -2.063301e-02
   outer loop
     vertex  1.830243e-01  4.983410e-02  5.224911e-01
     vertex  1.831178e-01  4.983410e-02  5.270208e-01
     vertex  1.831178e-01  4.077336e-02  5.270208e-01
   endloop
 endfacet
 facet normal  9.685743e-01  0.000000e+00 -2.487245e-01
   outer loop
     vertex  1.818453e-01  4.983410e-02  5.178999e-01
     vertex  1.830243e-01  4.077336e-02  5.224911e-01
     vertex  1.818453e-01  4.077336e-02  5.178999e-01
   endloop
 endfacet
 facet normal  9.685743e-01  0.000000e+00 -2.487245e-01
   outer loop
     vertex  1.818453e-01  4.983410e-02  5.178999e-01
     vertex  1.830243e-01  4.983410e-02  5.224911e-01
     vertex  1.830243e-01  4.077336e-02  5.224911e-01
   endloop
 endfacet
 facet normal  8.825648e-01  0.000000e+00 -4.701908e-01
   outer loop
     vertex  1.795756e-01  4.983410e-02  5.136395e-01
     vertex  1.818453e-01  4.077336e-02  5.178999e-01
     vertex  1.795756e-01  4.077336e-02  5.136395e-01
   endloop
 endfacet
 facet normal  8.825648e-01  0.000000e+00 -4.701908e-01
   outer loop
     vertex  1.795756e-01  4.983410e-02  5.136395e-01
     vertex  1.818453e-01  4.983410e-02  5.178999e-01
     vertex  1.818453e-01  4.077336e-02  5.178999e-01
   endloop
 endfacet
 facet normal  7.461029e-01  0.000000e+00 -6.658307e-01
   outer loop
     vertex  1.763940e-01  4.983410e-02  5.100744e-01
     vertex  1.795756e-01  4.077336e-02  5.136395e-01
     vertex  1.763940e-01  4.077336e-02  5.100744e-01
   endloop
 endfacet
 facet normal  7.461029e-01  0.000000e+00 -6.658307e-01
   outer loop
     vertex  1.763940e-01  4.983410e-02  5.100744e-01
     vertex  1.795756e-01  4.983410e-02  5.136395e-01
     vertex  1.795756e-01  4.077336e-02  5.136395e-01
   endloop
 endfacet
 facet normal  5.718389e-01  0.000000e+00 -8.203659e-01
   outer loop
     vertex  1.726194e-01  4.983410e-02  5.074433e-01
     vertex  1.763940e-01  4.077336e-02  5.100744e-01
     vertex  1.726194e-01  4.077336e-02  5.074433e-01
   endloop
 endfacet
 facet normal  5.718389e-01  0.000000e+00 -8.203659e-01
   outer loop
     vertex  1.726194e-01  4.983410e-02  5.074433e-01
     vertex  1.763940e-01  4.983410e-02  5.100744e-01
     vertex  1.763940e-01  4.077336e-02  5.100744e-01
   endloop
 endfacet
 facet normal  3.771270e-01  0.000000e+00 -9.261615e-01
   outer loop
     vertex  1.686160e-01  4.983410e-02  5.058131e-01
     vertex  1.726194e-01  4.077336e-02  5.074433e-01
     vertex  1.686160e-01  4.077336e-02  5.058131e-01
   endloop
 endfacet
 facet normal  3.771270e-01  0.000000e+00 -9.261615e-01
   outer loop
     vertex  1.686160e-01  4.983410e-02  5.058131e-01
     vertex  1.726194e-01  4.983410e-02  5.074433e-01
     vertex  1.726194e-01  4.077336e-02  5.074433e-01
   endloop
 endfacet
 facet normal  2.055014e-01  0.000000e+00 -9.786568e-01
   outer loop
     vertex  1.657743e-01  4.983410e-02  5.052164e-01
     vertex  1.686160e-01  4.077336e-02  5.058131e-01
     vertex  1.657743e-01  4.077336e-02  5.052164e-01
   endloop
 endfacet
 facet normal  2.055014e-01  0.000000e+00 -9.786568e-01
   outer loop
     vertex  1.657743e-01  4.983410e-02  5.052164e-01
     vertex  1.686160e-01  4.983410e-02  5.058131e-01
     vertex  1.686160e-01  4.077336e-02  5.058131e-01
   endloop
 endfacet
 facet normal  6.735215e-02  0.000000e+00 -9.977293e-01
   outer loop
     vertex  1.630681e-01  4.983410e-02  5.050337e-01
     vertex  1.657743e-01  4.077336e-02  5.052164e-01
     vertex  1.630681e-01  4.077336e-02  5.050337e-01
   endloop
 endfacet
 facet normal  6.735215e-02  0.000000e+00 -9.977293e-01
   outer loop
     vertex  1.630681e-01  4.983410e-02  5.050337e-01
     vertex  1.657743e-01  4.983410e-02  5.052164e-01
     vertex  1.657743e-01  4.077336e-02  5.052164e-01
   endloop
 endfacet
 facet normal -8.451070e-01 -5.494926e-02  5.317657e-01
   outer loop
     vertex  1.457397e-01  4.039583e-02  5.351733e-01
     vertex  1.495252e-01  4.077336e-02  5.412284e-01
     vertex  1.446313e-01  4.077336e-02  5.334508e-01
   endloop
 endfacet
 facet normal -2.029500e-01 -9.714379e-01  1.229624e-01
   outer loop
     vertex  1.457397e-01  4.039583e-02  5.351733e-01
     vertex  1.445283e-01  4.026998e-02  5.321797e-01
     vertex  1.492876e-01  4.026998e-02  5.400349e-01
   endloop
 endfacet
 facet normal  4.962364e-02 -1.238819e-01 -9.910554e-01
   outer loop
     vertex  1.691265e-01  4.045419e-02  5.053770e-01
     vertex  1.630681e-01  4.057449e-02  5.050586e-01
     vertex  1.630681e-01  4.077336e-02  5.050337e-01
   endloop
 endfacet
 facet normal  4.069593e-02 -3.877355e-01 -9.208719e-01
   outer loop
     vertex  1.691265e-01  4.045419e-02  5.053770e-01
     vertex  1.630681e-01  4.046954e-02  5.051028e-01
     vertex  1.630681e-01  4.057449e-02  5.050586e-01
   endloop
 endfacet
 facet normal  7.652908e-02  5.820213e-01 -8.095644e-01
   outer loop
     vertex  1.691265e-01  4.045419e-02  5.053770e-01
     vertex  1.630681e-01  4.077336e-02  5.050337e-01
     vertex  1.743119e-01  4.077336e-02  5.060966e-01
   endloop
 endfacet
 facet normal  3.114003e-02 -6.710442e-01 -7.407631e-01
   outer loop
     vertex  1.691122e-01  4.039583e-02  5.054237e-01
     vertex  1.630681e-01  4.035867e-02  5.052032e-01
     vertex  1.630681e-01  4.046954e-02  5.051028e-01
   endloop
 endfacet
 facet normal  2.080705e-02 -9.084801e-01 -4.174098e-01
   outer loop
     vertex  1.691122e-01  4.039583e-02  5.054237e-01
     vertex  1.630681e-01  4.029216e-02  5.053480e-01
     vertex  1.630681e-01  4.035867e-02  5.052032e-01
   endloop
 endfacet
 facet normal  1.849005e-02 -9.930275e-01 -1.164239e-01
   outer loop
     vertex  1.691122e-01  4.039583e-02  5.054237e-01
     vertex  1.630681e-01  4.026998e-02  5.055371e-01
     vertex  1.630681e-01  4.029216e-02  5.053480e-01
   endloop
 endfacet
 facet normal  3.355738e-02 -6.290382e-01 -7.766497e-01
   outer loop
     vertex  1.691122e-01  4.039583e-02  5.054237e-01
     vertex  1.630681e-01  4.046954e-02  5.051028e-01
     vertex  1.691265e-01  4.045419e-02  5.053770e-01
   endloop
 endfacet
 facet normal  1.713083e-02 -9.837788e-01 -1.785660e-01
   outer loop
     vertex  1.691122e-01  4.039583e-02  5.054237e-01
     vertex  1.741473e-01  4.026998e-02  5.066000e-01
     vertex  1.630681e-01  4.026998e-02  5.055371e-01
   endloop
 endfacet
 facet normal  1.441827e-01 -6.391546e-01 -7.554421e-01
   outer loop
     vertex  1.691122e-01  4.039583e-02  5.054237e-01
     vertex  1.691265e-01  4.045419e-02  5.053770e-01
     vertex  1.743119e-01  4.077336e-02  5.060966e-01
   endloop
 endfacet
 facet normal  4.713050e-02 -9.516542e-01 -3.035342e-01
   outer loop
     vertex  1.743010e-01  4.039583e-02  5.062293e-01
     vertex  1.741473e-01  4.026998e-02  5.066000e-01
     vertex  1.691122e-01  4.039583e-02  5.054237e-01
   endloop
 endfacet
 facet normal  1.447415e-01 -3.318053e-01 -9.321776e-01
   outer loop
     vertex  1.743010e-01  4.039583e-02  5.062293e-01
     vertex  1.691122e-01  4.039583e-02  5.054237e-01
     vertex  1.743119e-01  4.077336e-02  5.060966e-01
   endloop
 endfacet
 facet normal  2.974657e-01 -9.921643e-02 -9.495632e-01
   outer loop
     vertex  1.765169e-01  4.039583e-02  5.068268e-01
     vertex  1.743119e-01  4.077336e-02  5.060966e-01
     vertex  1.785530e-01  4.077336e-02  5.074252e-01
   endloop
 endfacet
 facet normal  7.850372e-02 -9.534566e-01 -2.911318e-01
   outer loop
     vertex  1.765169e-01  4.039583e-02  5.068268e-01
     vertex  1.741473e-01  4.026998e-02  5.066000e-01
     vertex  1.743010e-01  4.039583e-02  5.062293e-01
   endloop
 endfacet
 facet normal  7.357860e-02 -9.703297e-01 -2.303183e-01
   outer loop
     vertex  1.765169e-01  4.039583e-02  5.068268e-01
     vertex  1.783061e-01  4.026998e-02  5.079286e-01
     vertex  1.741473e-01  4.026998e-02  5.066000e-01
   endloop
 endfacet
 facet normal  2.459759e-01 -3.276885e-01 -9.122040e-01
   outer loop
     vertex  1.765169e-01  4.039583e-02  5.068268e-01
     vertex  1.743010e-01  4.039583e-02  5.062293e-01
     vertex  1.743119e-01  4.077336e-02  5.060966e-01
   endloop
 endfacet
 facet normal  3.233127e-01 -3.504542e-01 -8.790055e-01
   outer loop
     vertex  1.785279e-01  4.039583e-02  5.075665e-01
     vertex  1.765169e-01  4.039583e-02  5.068268e-01
     vertex  1.785530e-01  4.077336e-02  5.074252e-01
   endloop
 endfacet
 facet normal  9.986808e-02 -9.572384e-01 -2.715161e-01
   outer loop
     vertex  1.785279e-01  4.039583e-02  5.075665e-01
     vertex  1.783061e-01  4.026998e-02  5.079286e-01
     vertex  1.765169e-01  4.039583e-02  5.068268e-01
   endloop
 endfacet
 facet normal  4.525893e-01 -2.087266e-01 -8.669464e-01
   outer loop
     vertex  1.798660e-01  4.039583e-02  5.082016e-01
     vertex  1.785530e-01  4.077336e-02  5.074252e-01
     vertex  1.811298e-01  4.077336e-02  5.087704e-01
   endloop
 endfacet
 facet normal  1.162081e-01 -9.691700e-01 -2.172675e-01
   outer loop
     vertex  1.798660e-01  4.039583e-02  5.082016e-01
     vertex  1.808212e-01  4.026998e-02  5.092738e-01
     vertex  1.783061e-01  4.026998e-02  5.079286e-01
   endloop
 endfacet
 facet normal  1.224713e-01 -9.583360e-01 -2.580561e-01
   outer loop
     vertex  1.798660e-01  4.039583e-02  5.082016e-01
     vertex  1.783061e-01  4.026998e-02  5.079286e-01
     vertex  1.785279e-01  4.039583e-02  5.075665e-01
   endloop
 endfacet
 facet normal  4.025556e-01 -3.442113e-01 -8.482143e-01
   outer loop
     vertex  1.798660e-01  4.039583e-02  5.082016e-01
     vertex  1.785279e-01  4.039583e-02  5.075665e-01
     vertex  1.785530e-01  4.077336e-02  5.074252e-01
   endloop
 endfacet
 facet normal  1.389886e-01 -9.615967e-01 -2.366726e-01
   outer loop
     vertex  1.810900e-01  4.039583e-02  5.089204e-01
     vertex  1.808212e-01  4.026998e-02  5.092738e-01
     vertex  1.798660e-01  4.039583e-02  5.082016e-01
   endloop
 endfacet
 facet normal  4.708474e-01 -3.680622e-01 -8.017686e-01
   outer loop
     vertex  1.810900e-01  4.039583e-02  5.089204e-01
     vertex  1.798660e-01  4.039583e-02  5.082016e-01
     vertex  1.811298e-01  4.077336e-02  5.087704e-01
   endloop
 endfacet
 facet normal  6.216872e-01 -1.773648e-01 -7.629199e-01
   outer loop
     vertex  1.822635e-01  4.039583e-02  5.097821e-01
     vertex  1.811298e-01  4.077336e-02  5.087704e-01
     vertex  1.833548e-01  4.077336e-02  5.105836e-01
   endloop
 endfacet
 facet normal  1.613974e-01 -9.620997e-01 -2.198069e-01
   outer loop
     vertex  1.822635e-01  4.039583e-02  5.097821e-01
     vertex  1.808212e-01  4.026998e-02  5.092738e-01
     vertex  1.810900e-01  4.039583e-02  5.089204e-01
   endloop
 endfacet
 facet normal  5.527927e-01 -3.572679e-01 -7.528478e-01
   outer loop
     vertex  1.822635e-01  4.039583e-02  5.097821e-01
     vertex  1.810900e-01  4.039583e-02  5.089204e-01
     vertex  1.811298e-01  4.077336e-02  5.087704e-01
   endloop
 endfacet
 facet normal  1.463142e-01 -9.737962e-01 -1.741069e-01
   outer loop
     vertex  1.822635e-01  4.039583e-02  5.097821e-01
     vertex  1.829787e-01  4.026998e-02  5.110870e-01
     vertex  1.808212e-01  4.026998e-02  5.092738e-01
   endloop
 endfacet
 facet normal  6.290064e-01 -3.877980e-01 -6.737683e-01
   outer loop
     vertex  1.832952e-01  4.039583e-02  5.107452e-01
     vertex  1.822635e-01  4.039583e-02  5.097821e-01
     vertex  1.833548e-01  4.077336e-02  5.105836e-01
   endloop
 endfacet
 facet normal  1.779918e-01 -9.653851e-01 -1.906582e-01
   outer loop
     vertex  1.832952e-01  4.039583e-02  5.107452e-01
     vertex  1.829787e-01  4.026998e-02  5.110870e-01
     vertex  1.822635e-01  4.039583e-02  5.097821e-01
   endloop
 endfacet
 facet normal  7.803113e-01 -2.097833e-01 -5.891564e-01
   outer loop
     vertex  1.841004e-01  4.039583e-02  5.117055e-01
     vertex  1.833548e-01  4.077336e-02  5.105836e-01
     vertex  1.848631e-01  4.077336e-02  5.125812e-01
   endloop
 endfacet
 facet normal  1.819357e-01 -9.744543e-01 -1.316745e-01
   outer loop
     vertex  1.841004e-01  4.039583e-02  5.117055e-01
     vertex  1.844245e-01  4.026998e-02  5.130845e-01
     vertex  1.829787e-01  4.026998e-02  5.110870e-01
   endloop
 endfacet
 facet normal  2.013499e-01 -9.648596e-01 -1.688319e-01
   outer loop
     vertex  1.841004e-01  4.039583e-02  5.117055e-01
     vertex  1.829787e-01  4.026998e-02  5.110870e-01
     vertex  1.832952e-01  4.039583e-02  5.107452e-01
   endloop
 endfacet
 facet normal  7.124202e-01 -3.682570e-01 -5.973644e-01
   outer loop
     vertex  1.841004e-01  4.039583e-02  5.117055e-01
     vertex  1.832952e-01  4.039583e-02  5.107452e-01
     vertex  1.833548e-01  4.077336e-02  5.105836e-01
   endloop
 endfacet
 facet normal  7.699926e-01 -3.971471e-01 -4.993852e-01
   outer loop
     vertex  1.847815e-01  4.039583e-02  5.127557e-01
     vertex  1.841004e-01  4.039583e-02  5.117055e-01
     vertex  1.848631e-01  4.077336e-02  5.125812e-01
   endloop
 endfacet
 facet normal  2.133886e-01 -9.671154e-01 -1.383950e-01
   outer loop
     vertex  1.847815e-01  4.039583e-02  5.127557e-01
     vertex  1.844245e-01  4.026998e-02  5.130845e-01
     vertex  1.841004e-01  4.039583e-02  5.117055e-01
   endloop
 endfacet
 facet normal  8.335721e-01 -3.697501e-01 -4.104174e-01
   outer loop
     vertex  1.852733e-01  4.039583e-02  5.137545e-01
     vertex  1.847815e-01  4.039583e-02  5.127557e-01
     vertex  1.848631e-01  4.077336e-02  5.125812e-01
   endloop
 endfacet
 facet normal  2.340833e-01 -9.653609e-01 -1.152532e-01
   outer loop
     vertex  1.852733e-01  4.039583e-02  5.137545e-01
     vertex  1.844245e-01  4.026998e-02  5.130845e-01
     vertex  1.847815e-01  4.039583e-02  5.127557e-01
   endloop
 endfacet
 facet normal  8.877150e-01 -2.456144e-01 -3.894043e-01
   outer loop
     vertex  1.852733e-01  4.039583e-02  5.137545e-01
     vertex  1.848631e-01  4.077336e-02  5.125812e-01
     vertex  1.857666e-01  4.077336e-02  5.146410e-01
   endloop
 endfacet
 facet normal  2.135924e-01 -9.729638e-01 -8.786197e-02
   outer loop
     vertex  1.852733e-01  4.039583e-02  5.137545e-01
     vertex  1.852718e-01  4.026998e-02  5.151444e-01
     vertex  1.844245e-01  4.026998e-02  5.130845e-01
   endloop
 endfacet
 facet normal  8.640952e-01 -3.941737e-01 -3.129961e-01
   outer loop
     vertex  1.856624e-01  4.039583e-02  5.148288e-01
     vertex  1.852733e-01  4.039583e-02  5.137545e-01
     vertex  1.857666e-01  4.077336e-02  5.146410e-01
   endloop
 endfacet
 facet normal  2.408954e-01 -9.666206e-01 -8.725810e-02
   outer loop
     vertex  1.856624e-01  4.039583e-02  5.148288e-01
     vertex  1.852718e-01  4.026998e-02  5.151444e-01
     vertex  1.852733e-01  4.039583e-02  5.137545e-01
   endloop
 endfacet
 facet normal  9.503209e-01 -2.426157e-01 -1.950070e-01
   outer loop
     vertex  1.859392e-01  4.039583e-02  5.159517e-01
     vertex  1.857666e-01  4.077336e-02  5.146410e-01
     vertex  1.862402e-01  4.077336e-02  5.169490e-01
   endloop
 endfacet
 facet normal  2.343969e-01 -9.712165e-01 -4.238652e-02
   outer loop
     vertex  1.859392e-01  4.039583e-02  5.159517e-01
     vertex  1.856891e-01  4.026998e-02  5.174524e-01
     vertex  1.852718e-01  4.026998e-02  5.151444e-01
   endloop
 endfacet
 facet normal  9.054983e-01 -3.609195e-01 -2.231813e-01
   outer loop
     vertex  1.859392e-01  4.039583e-02  5.159517e-01
     vertex  1.856624e-01  4.039583e-02  5.148288e-01
     vertex  1.857666e-01  4.077336e-02  5.146410e-01
   endloop
 endfacet
 facet normal  2.589186e-01 -9.637887e-01 -6.381657e-02
   outer loop
     vertex  1.859392e-01  4.039583e-02  5.159517e-01
     vertex  1.852718e-01  4.026998e-02  5.151444e-01
     vertex  1.856624e-01  4.039583e-02  5.148288e-01
   endloop
 endfacet
 facet normal  2.613529e-01 -9.645211e-01 -3.733369e-02
   outer loop
     vertex  1.861106e-01  4.039583e-02  5.171517e-01
     vertex  1.856891e-01  4.026998e-02  5.174524e-01
     vertex  1.859392e-01  4.039583e-02  5.159517e-01
   endloop
 endfacet
 facet normal  9.140813e-01 -3.839345e-01 -1.305745e-01
   outer loop
     vertex  1.861106e-01  4.039583e-02  5.171517e-01
     vertex  1.859392e-01  4.039583e-02  5.159517e-01
     vertex  1.862402e-01  4.077336e-02  5.169490e-01
   endloop
 endfacet
 facet normal  9.710727e-01 -2.382069e-01 -1.658926e-02
   outer loop
     vertex  1.861724e-01  4.039583e-02  5.183988e-01
     vertex  1.862402e-01  4.077336e-02  5.169490e-01
     vertex  1.862839e-01  4.077336e-02  5.195053e-01
   endloop
 endfacet
 facet normal  2.497538e-01 -9.683086e-01  1.228571e-03
   outer loop
     vertex  1.861724e-01  4.039583e-02  5.183988e-01
     vertex  1.856766e-01  4.026998e-02  5.200087e-01
     vertex  1.856891e-01  4.026998e-02  5.174524e-01
   endloop
 endfacet
 facet normal  2.770696e-01 -9.607518e-01 -1.372513e-02
   outer loop
     vertex  1.861724e-01  4.039583e-02  5.183988e-01
     vertex  1.856891e-01  4.026998e-02  5.174524e-01
     vertex  1.861106e-01  4.039583e-02  5.171517e-01
   endloop
 endfacet
 facet normal  9.368747e-01 -3.465716e-01 -4.640973e-02
   outer loop
     vertex  1.861724e-01  4.039583e-02  5.183988e-01
     vertex  1.861106e-01  4.039583e-02  5.171517e-01
     vertex  1.862402e-01  4.077336e-02  5.169490e-01
   endloop
 endfacet
 facet normal  9.287075e-01 -3.693917e-01  3.243671e-02
   outer loop
     vertex  1.861261e-01  4.039583e-02  5.197245e-01
     vertex  1.861724e-01  4.039583e-02  5.183988e-01
     vertex  1.862839e-01  4.077336e-02  5.195053e-01
   endloop
 endfacet
 facet normal  2.752057e-01 -9.613373e-01  9.612032e-03
   outer loop
     vertex  1.861261e-01  4.039583e-02  5.197245e-01
     vertex  1.856766e-01  4.026998e-02  5.200087e-01
     vertex  1.861724e-01  4.039583e-02  5.183988e-01
   endloop
 endfacet
 facet normal  9.629882e-01 -2.346518e-01  1.326358e-01
   outer loop
     vertex  1.859729e-01  4.039583e-02  5.210956e-01
     vertex  1.862839e-01  4.077336e-02  5.195053e-01
     vertex  1.858976e-01  4.077336e-02  5.223098e-01
   endloop
 endfacet
 facet normal  2.472317e-01 -9.679262e-01  4.466838e-02
   outer loop
     vertex  1.859729e-01  4.039583e-02  5.210956e-01
     vertex  1.849910e-01  4.026998e-02  5.238032e-01
     vertex  1.856766e-01  4.026998e-02  5.200087e-01
   endloop
 endfacet
 facet normal  2.882814e-01 -9.570037e-01  3.221373e-02
   outer loop
     vertex  1.859729e-01  4.039583e-02  5.210956e-01
     vertex  1.856766e-01  4.026998e-02  5.200087e-01
     vertex  1.861261e-01  4.039583e-02  5.197245e-01
   endloop
 endfacet
 facet normal  9.377375e-01 -3.311617e-01  1.047866e-01
   outer loop
     vertex  1.859729e-01  4.039583e-02  5.210956e-01
     vertex  1.861261e-01  4.039583e-02  5.197245e-01
     vertex  1.862839e-01  4.077336e-02  5.195053e-01
   endloop
 endfacet
 facet normal  2.640249e-01 -9.631677e-01  5.097944e-02
   outer loop
     vertex  1.855965e-01  4.039583e-02  5.230450e-01
     vertex  1.849910e-01  4.026998e-02  5.238032e-01
     vertex  1.859729e-01  4.039583e-02  5.210956e-01
   endloop
 endfacet
 facet normal  9.071794e-01 -3.825484e-01  1.751634e-01
   outer loop
     vertex  1.855965e-01  4.039583e-02  5.230450e-01
     vertex  1.859729e-01  4.039583e-02  5.210956e-01
     vertex  1.858976e-01  4.077336e-02  5.223098e-01
   endloop
 endfacet
 facet normal  9.467317e-01 -1.728980e-01  2.716716e-01
   outer loop
     vertex  1.850337e-01  4.039583e-02  5.250801e-01
     vertex  1.858976e-01  4.077336e-02  5.223098e-01
     vertex  1.847138e-01  4.077336e-02  5.264353e-01
   endloop
 endfacet
 facet normal  3.019297e-01 -9.496673e-01  8.348921e-02
   outer loop
     vertex  1.850337e-01  4.039583e-02  5.250801e-01
     vertex  1.849910e-01  4.026998e-02  5.238032e-01
     vertex  1.855965e-01  4.039583e-02  5.230450e-01
   endloop
 endfacet
 facet normal  2.471972e-01 -9.650661e-01  8.683812e-02
   outer loop
     vertex  1.850337e-01  4.039583e-02  5.250801e-01
     vertex  1.833061e-01  4.026998e-02  5.285995e-01
     vertex  1.849910e-01  4.026998e-02  5.238032e-01
   endloop
 endfacet
 facet normal  9.350860e-01 -2.423970e-01  2.585688e-01
   outer loop
     vertex  1.850337e-01  4.039583e-02  5.250801e-01
     vertex  1.855965e-01  4.039583e-02  5.230450e-01
     vertex  1.858976e-01  4.077336e-02  5.223098e-01
   endloop
 endfacet
 facet normal  8.732523e-01 -3.753426e-01  3.107222e-01
   outer loop
     vertex  1.841611e-01  4.039583e-02  5.275325e-01
     vertex  1.850337e-01  4.039583e-02  5.250801e-01
     vertex  1.847138e-01  4.077336e-02  5.264353e-01
   endloop
 endfacet
 facet normal  2.548670e-01 -9.627142e-01  9.068724e-02
   outer loop
     vertex  1.841611e-01  4.039583e-02  5.275325e-01
     vertex  1.833061e-01  4.026998e-02  5.285995e-01
     vertex  1.850337e-01  4.039583e-02  5.250801e-01
   endloop
 endfacet
 facet normal  9.026006e-01 -1.605909e-01  3.994029e-01
   outer loop
     vertex  1.826364e-01  4.039583e-02  5.309781e-01
     vertex  1.841611e-01  4.039583e-02  5.275325e-01
     vertex  1.847138e-01  4.077336e-02  5.264353e-01
   endloop
 endfacet
 facet normal  3.093207e-01 -9.410557e-01  1.368751e-01
   outer loop
     vertex  1.826364e-01  4.039583e-02  5.309781e-01
     vertex  1.833061e-01  4.026998e-02  5.285995e-01
     vertex  1.841611e-01  4.039583e-02  5.275325e-01
   endloop
 endfacet
 facet normal  9.093880e-01  1.137713e-03  4.159472e-01
   outer loop
     vertex  1.826364e-01  4.039583e-02  5.309781e-01
     vertex  1.847138e-01  4.077336e-02  5.264353e-01
     vertex  1.815049e-01  4.077336e-02  5.334510e-01
   endloop
 endfacet
 facet normal  2.134574e-01 -9.705748e-01  1.114473e-01
   outer loop
     vertex  1.826364e-01  4.039583e-02  5.309781e-01
     vertex  1.792436e-01  4.026998e-02  5.363805e-01
     vertex  1.833061e-01  4.026998e-02  5.285995e-01
   endloop
 endfacet
 facet normal  8.071386e-01 -4.035102e-01  4.309370e-01
   outer loop
     vertex  1.826364e-01  4.039583e-02  5.309781e-01
     vertex  1.815049e-01  4.077336e-02  5.334510e-01
     vertex  1.803966e-01  4.039583e-02  5.351733e-01
   endloop
 endfacet
 facet normal  2.383040e-01 -9.628204e-01  1.272322e-01
   outer loop
     vertex  1.826364e-01  4.039583e-02  5.309781e-01
     vertex  1.803966e-01  4.039583e-02  5.351733e-01
     vertex  1.792436e-01  4.026998e-02  5.363805e-01
   endloop
 endfacet
 facet normal  8.448770e-01  4.438240e-02  5.331163e-01
   outer loop
     vertex  1.779962e-01  4.039583e-02  5.390430e-01
     vertex  1.815049e-01  4.077336e-02  5.334510e-01
     vertex  1.765218e-01  4.077336e-02  5.413481e-01
   endloop
 endfacet
 facet normal  1.914167e-01 -9.720926e-01  1.356303e-01
   outer loop
     vertex  1.779962e-01  4.039583e-02  5.390430e-01
     vertex  1.745990e-01  4.026998e-02  5.429354e-01
     vertex  1.792436e-01  4.026998e-02  5.363805e-01
   endloop
 endfacet
 facet normal  8.463739e-01 -8.948426e-02  5.250178e-01
   outer loop
     vertex  1.779962e-01  4.039583e-02  5.390430e-01
     vertex  1.803966e-01  4.039583e-02  5.351733e-01
     vertex  1.815049e-01  4.077336e-02  5.334510e-01
   endloop
 endfacet
 facet normal  2.923784e-01 -9.389468e-01  1.813665e-01
   outer loop
     vertex  1.779962e-01  4.039583e-02  5.390430e-01
     vertex  1.792436e-01  4.026998e-02  5.363805e-01
     vertex  1.803966e-01  4.039583e-02  5.351733e-01
   endloop
 endfacet
 facet normal  2.151452e-01 -9.639441e-01  1.566027e-01
   outer loop
     vertex  1.756292e-01  4.039583e-02  5.422947e-01
     vertex  1.745990e-01  4.026998e-02  5.429354e-01
     vertex  1.779962e-01  4.039583e-02  5.390430e-01
   endloop
 endfacet
 facet normal  7.411569e-01 -3.995556e-01  5.394829e-01
   outer loop
     vertex  1.756292e-01  4.039583e-02  5.422947e-01
     vertex  1.779962e-01  4.039583e-02  5.390430e-01
     vertex  1.765218e-01  4.077336e-02  5.413481e-01
   endloop
 endfacet
 facet normal  2.552497e-01 -9.401489e-01  2.257601e-01
   outer loop
     vertex  1.731299e-01  4.039583e-02  5.451206e-01
     vertex  1.745990e-01  4.026998e-02  5.429354e-01
     vertex  1.756292e-01  4.039583e-02  5.422947e-01
   endloop
 endfacet
 facet normal  7.269857e-01  1.542853e-01  6.690948e-01
   outer loop
     vertex  1.731299e-01  4.039583e-02  5.451206e-01
     vertex  1.765218e-01  4.077336e-02  5.413481e-01
     vertex  1.714916e-01  4.077336e-02  5.468135e-01
   endloop
 endfacet
 facet normal  7.445811e-01 -1.090898e-01  6.585579e-01
   outer loop
     vertex  1.731299e-01  4.039583e-02  5.451206e-01
     vertex  1.756292e-01  4.039583e-02  5.422947e-01
     vertex  1.765218e-01  4.077336e-02  5.413481e-01
   endloop
 endfacet
 facet normal  1.466781e-01 -9.769834e-01  1.548837e-01
   outer loop
     vertex  1.731299e-01  4.039583e-02  5.451206e-01
     vertex  1.701288e-01  4.026998e-02  5.471688e-01
     vertex  1.745990e-01  4.026998e-02  5.429354e-01
   endloop
 endfacet
 facet normal  1.725374e-01 -9.658182e-01  1.934581e-01
   outer loop
     vertex  1.708518e-01  4.039583e-02  5.471523e-01
     vertex  1.701288e-01  4.026998e-02  5.471688e-01
     vertex  1.731299e-01  4.039583e-02  5.451206e-01
   endloop
 endfacet
 facet normal  6.050750e-01 -4.166538e-01  6.784423e-01
   outer loop
     vertex  1.708518e-01  4.039583e-02  5.471523e-01
     vertex  1.731299e-01  4.039583e-02  5.451206e-01
     vertex  1.714916e-01  4.077336e-02  5.468135e-01
   endloop
 endfacet
 facet normal  5.543874e-01 -1.168558e-01  8.240142e-01
   outer loop
     vertex  1.692119e-01  4.039583e-02  5.482937e-01
     vertex  1.714916e-01  4.077336e-02  5.468135e-01
     vertex  1.681913e-01  4.077336e-02  5.490339e-01
   endloop
 endfacet
 facet normal  1.716583e-01 -9.537890e-01  2.466171e-01
   outer loop
     vertex  1.692119e-01  4.039583e-02  5.482937e-01
     vertex  1.701288e-01  4.026998e-02  5.471688e-01
     vertex  1.708518e-01  4.039583e-02  5.471523e-01
   endloop
 endfacet
 facet normal  5.565437e-01 -2.257071e-01  7.995721e-01
   outer loop
     vertex  1.692119e-01  4.039583e-02  5.482937e-01
     vertex  1.708518e-01  4.039583e-02  5.471523e-01
     vertex  1.714916e-01  4.077336e-02  5.468135e-01
   endloop
 endfacet
 facet normal  1.157680e-01 -9.722837e-01  2.031311e-01
   outer loop
     vertex  1.692119e-01  4.039583e-02  5.482937e-01
     vertex  1.671959e-01  4.026998e-02  5.488404e-01
     vertex  1.701288e-01  4.026998e-02  5.471688e-01
   endloop
 endfacet
 facet normal  1.213434e-01 -9.667825e-01  2.249606e-01
   outer loop
     vertex  1.677173e-01  4.039583e-02  5.490999e-01
     vertex  1.671959e-01  4.026998e-02  5.488404e-01
     vertex  1.692119e-01  4.039583e-02  5.482937e-01
   endloop
 endfacet
 facet normal  4.341830e-01 -4.044235e-01  8.049390e-01
   outer loop
     vertex  1.677173e-01  4.039583e-02  5.490999e-01
     vertex  1.692119e-01  4.039583e-02  5.482937e-01
     vertex  1.681913e-01  4.077336e-02  5.490339e-01
   endloop
 endfacet
 facet normal  3.426100e-01 -1.889496e-01  9.202807e-01
   outer loop
     vertex  1.663507e-01  4.039583e-02  5.496417e-01
     vertex  1.681913e-01  4.077336e-02  5.490339e-01
     vertex  1.654410e-01  4.077336e-02  5.500578e-01
   endloop
 endfacet
 facet normal  1.027454e-01 -9.603448e-01  2.591934e-01
   outer loop
     vertex  1.663507e-01  4.039583e-02  5.496417e-01
     vertex  1.671959e-01  4.026998e-02  5.488404e-01
     vertex  1.677173e-01  4.039583e-02  5.490999e-01
   endloop
 endfacet
 facet normal  3.529500e-01 -2.874922e-01  8.903788e-01
   outer loop
     vertex  1.663507e-01  4.039583e-02  5.496417e-01
     vertex  1.677173e-01  4.039583e-02  5.490999e-01
     vertex  1.681913e-01  4.077336e-02  5.490339e-01
   endloop
 endfacet
 facet normal  6.575710e-02 -9.727958e-01  2.221357e-01
   outer loop
     vertex  1.663507e-01  4.039583e-02  5.496417e-01
     vertex  1.647518e-01  4.026998e-02  5.495639e-01
     vertex  1.671959e-01  4.026998e-02  5.488404e-01
   endloop
 endfacet
 facet normal  6.440646e-02 -9.680719e-01  2.422571e-01
   outer loop
     vertex  1.651052e-01  4.039583e-02  5.499728e-01
     vertex  1.647518e-01  4.026998e-02  5.495639e-01
     vertex  1.663507e-01  4.039583e-02  5.496417e-01
   endloop
 endfacet
 facet normal  2.346309e-01 -4.075280e-01  8.825357e-01
   outer loop
     vertex  1.651052e-01  4.039583e-02  5.499728e-01
     vertex  1.663507e-01  4.039583e-02  5.496417e-01
     vertex  1.654410e-01  4.077336e-02  5.500578e-01
   endloop
 endfacet
 facet normal  1.061149e-01 -2.118225e-01  9.715302e-01
   outer loop
     vertex  1.638399e-01  4.039583e-02  5.501504e-01
     vertex  1.654410e-01  4.077336e-02  5.500578e-01
     vertex  1.628945e-01  4.077336e-02  5.503360e-01
   endloop
 endfacet
 facet normal  3.712620e-02 -9.636763e-01  2.644799e-01
   outer loop
     vertex  1.638399e-01  4.039583e-02  5.501504e-01
     vertex  1.647518e-01  4.026998e-02  5.495639e-01
     vertex  1.651052e-01  4.039583e-02  5.499728e-01
   endloop
 endfacet
 facet normal  1.313401e-01 -3.276055e-01  9.356412e-01
   outer loop
     vertex  1.638399e-01  4.039583e-02  5.501504e-01
     vertex  1.651052e-01  4.039583e-02  5.499728e-01
     vertex  1.654410e-01  4.077336e-02  5.500578e-01
   endloop
 endfacet
 facet normal  1.287262e-02 -9.733759e-01  2.288530e-01
   outer loop
     vertex  1.638399e-01  4.039583e-02  5.501504e-01
     vertex  1.624887e-01  4.026998e-02  5.496912e-01
     vertex  1.647518e-01  4.026998e-02  5.495639e-01
   endloop
 endfacet
 facet normal  1.782787e-02 -4.047497e-01  9.142537e-01
   outer loop
     vertex  1.626866e-01  4.039583e-02  5.501729e-01
     vertex  1.638399e-01  4.039583e-02  5.501504e-01
     vertex  1.628945e-01  4.077336e-02  5.503360e-01
   endloop
 endfacet
 facet normal  4.891802e-03 -9.680103e-01  2.508627e-01
   outer loop
     vertex  1.626866e-01  4.039583e-02  5.501729e-01
     vertex  1.624887e-01  4.026998e-02  5.496912e-01
     vertex  1.638399e-01  4.039583e-02  5.501504e-01
   endloop
 endfacet
 facet normal -1.261120e-01 -2.416218e-01  9.621407e-01
   outer loop
     vertex  1.615478e-01  4.039583e-02  5.500647e-01
     vertex  1.628945e-01  4.077336e-02  5.503360e-01
     vertex  1.606026e-01  4.077336e-02  5.500356e-01
   endloop
 endfacet
 facet normal -2.492606e-02 -9.646810e-01  2.622390e-01
   outer loop
     vertex  1.615478e-01  4.039583e-02  5.500647e-01
     vertex  1.624887e-01  4.026998e-02  5.496912e-01
     vertex  1.626866e-01  4.039583e-02  5.501729e-01
   endloop
 endfacet
 facet normal -8.851420e-02 -3.535208e-01  9.312295e-01
   outer loop
     vertex  1.615478e-01  4.039583e-02  5.500647e-01
     vertex  1.626866e-01  4.039583e-02  5.501729e-01
     vertex  1.628945e-01  4.077336e-02  5.503360e-01
   endloop
 endfacet
 facet normal -3.970314e-02 -9.729024e-01  2.277819e-01
   outer loop
     vertex  1.615478e-01  4.039583e-02  5.500647e-01
     vertex  1.602257e-01  4.026998e-02  5.492967e-01
     vertex  1.624887e-01  4.026998e-02  5.496912e-01
   endloop
 endfacet
 facet normal -5.198508e-02 -9.673595e-01  2.480184e-01
   outer loop
     vertex  1.603945e-01  4.039583e-02  5.498229e-01
     vertex  1.602257e-01  4.026998e-02  5.492967e-01
     vertex  1.615478e-01  4.039583e-02  5.500647e-01
   endloop
 endfacet
 facet normal -1.878950e-01 -4.013649e-01  8.964383e-01
   outer loop
     vertex  1.603945e-01  4.039583e-02  5.498229e-01
     vertex  1.615478e-01  4.039583e-02  5.500647e-01
     vertex  1.606026e-01  4.077336e-02  5.500356e-01
   endloop
 endfacet
 facet normal -3.278893e-01 -2.387943e-01  9.140382e-01
   outer loop
     vertex  1.592557e-01  4.039583e-02  5.494538e-01
     vertex  1.606026e-01  4.077336e-02  5.500356e-01
     vertex  1.583107e-01  4.077336e-02  5.492134e-01
   endloop
 endfacet
 facet normal -8.330077e-02 -9.628199e-01  2.569802e-01
   outer loop
     vertex  1.592557e-01  4.039583e-02  5.494538e-01
     vertex  1.602257e-01  4.026998e-02  5.492967e-01
     vertex  1.603945e-01  4.039583e-02  5.498229e-01
   endloop
 endfacet
 facet normal -2.895849e-01 -3.435817e-01  8.933601e-01
   outer loop
     vertex  1.592557e-01  4.039583e-02  5.494538e-01
     vertex  1.603945e-01  4.039583e-02  5.498229e-01
     vertex  1.606026e-01  4.077336e-02  5.500356e-01
   endloop
 endfacet
 facet normal -8.996926e-02 -9.708353e-01  2.222259e-01
   outer loop
     vertex  1.592557e-01  4.039583e-02  5.494538e-01
     vertex  1.579626e-01  4.026998e-02  5.483805e-01
     vertex  1.602257e-01  4.026998e-02  5.492967e-01
   endloop
 endfacet
 facet normal -1.052924e-01 -9.650438e-01  2.400082e-01
   outer loop
     vertex  1.581025e-01  4.039583e-02  5.489478e-01
     vertex  1.579626e-01  4.026998e-02  5.483805e-01
     vertex  1.592557e-01  4.039583e-02  5.494538e-01
   endloop
 endfacet
 facet normal -3.700598e-01 -3.892449e-01  8.435308e-01
   outer loop
     vertex  1.581025e-01  4.039583e-02  5.489478e-01
     vertex  1.592557e-01  4.039583e-02  5.494538e-01
     vertex  1.583107e-01  4.077336e-02  5.492134e-01
   endloop
 endfacet
 facet normal -4.916831e-01 -2.348395e-01  8.385095e-01
   outer loop
     vertex  1.569637e-01  4.039583e-02  5.483178e-01
     vertex  1.583107e-01  4.077336e-02  5.492134e-01
     vertex  1.560189e-01  4.077336e-02  5.478695e-01
   endloop
 endfacet
 facet normal -1.363413e-01 -9.595211e-01  2.464352e-01
   outer loop
     vertex  1.569637e-01  4.039583e-02  5.483178e-01
     vertex  1.579626e-01  4.026998e-02  5.483805e-01
     vertex  1.581025e-01  4.039583e-02  5.489478e-01
   endloop
 endfacet
 facet normal -4.571418e-01 -3.290681e-01  8.262781e-01
   outer loop
     vertex  1.569637e-01  4.039583e-02  5.483178e-01
     vertex  1.581025e-01  4.039583e-02  5.489478e-01
     vertex  1.583107e-01  4.077336e-02  5.492134e-01
   endloop
 endfacet
 facet normal -1.352619e-01 -9.676718e-01  2.128746e-01
   outer loop
     vertex  1.569637e-01  4.039583e-02  5.483178e-01
     vertex  1.556996e-01  4.026998e-02  5.469425e-01
     vertex  1.579626e-01  4.026998e-02  5.483805e-01
   endloop
 endfacet
 facet normal -5.152109e-01 -3.732922e-01  7.714990e-01
   outer loop
     vertex  1.558104e-01  4.039583e-02  5.475476e-01
     vertex  1.569637e-01  4.039583e-02  5.483178e-01
     vertex  1.560189e-01  4.077336e-02  5.478695e-01
   endloop
 endfacet
 facet normal -1.521797e-01 -9.617234e-01  2.278805e-01
   outer loop
     vertex  1.558104e-01  4.039583e-02  5.475476e-01
     vertex  1.556996e-01  4.026998e-02  5.469425e-01
     vertex  1.569637e-01  4.039583e-02  5.483178e-01
   endloop
 endfacet
 facet normal -6.426154e-01 -1.346240e-01  7.542691e-01
   outer loop
     vertex  1.542920e-01  4.039583e-02  5.463309e-01
     vertex  1.560189e-01  4.077336e-02  5.478695e-01
     vertex  1.529630e-01  4.077336e-02  5.452660e-01
   endloop
 endfacet
 facet normal -1.666876e-01 -9.686304e-01  1.843108e-01
   outer loop
     vertex  1.542920e-01  4.039583e-02  5.463309e-01
     vertex  1.526822e-01  4.026998e-02  5.442136e-01
     vertex  1.556996e-01  4.026998e-02  5.469425e-01
   endloop
 endfacet
 facet normal -5.955671e-01 -3.048188e-01  7.432263e-01
   outer loop
     vertex  1.542920e-01  4.039583e-02  5.463309e-01
     vertex  1.558104e-01  4.039583e-02  5.475476e-01
     vertex  1.560189e-01  4.077336e-02  5.478695e-01
   endloop
 endfacet
 facet normal -1.864332e-01 -9.545229e-01  2.326557e-01
   outer loop
     vertex  1.542920e-01  4.039583e-02  5.463309e-01
     vertex  1.556996e-01  4.026998e-02  5.469425e-01
     vertex  1.558104e-01  4.039583e-02  5.475476e-01
   endloop
 endfacet
 facet normal -1.978463e-01 -9.580467e-01  2.073727e-01
   outer loop
     vertex  1.527543e-01  4.039583e-02  5.448638e-01
     vertex  1.526822e-01  4.026998e-02  5.442136e-01
     vertex  1.542920e-01  4.039583e-02  5.463309e-01
   endloop
 endfacet
 facet normal -6.432958e-01 -3.626696e-01  6.742709e-01
   outer loop
     vertex  1.527543e-01  4.039583e-02  5.448638e-01
     vertex  1.542920e-01  4.039583e-02  5.463309e-01
     vertex  1.529630e-01  4.077336e-02  5.452660e-01
   endloop
 endfacet
 facet normal -7.576930e-01 -9.851849e-02  6.451320e-01
   outer loop
     vertex  1.510461e-01  4.039583e-02  5.429571e-01
     vertex  1.529630e-01  4.077336e-02  5.452660e-01
     vertex  1.495252e-01  4.077336e-02  5.412284e-01
   endloop
 endfacet
 facet normal -1.977884e-01 -9.669870e-01  1.606731e-01
   outer loop
     vertex  1.510461e-01  4.039583e-02  5.429571e-01
     vertex  1.492876e-01  4.026998e-02  5.400349e-01
     vertex  1.526822e-01  4.026998e-02  5.442136e-01
   endloop
 endfacet
 facet normal -7.136084e-01 -2.865188e-01  6.392730e-01
   outer loop
     vertex  1.510461e-01  4.039583e-02  5.429571e-01
     vertex  1.527543e-01  4.039583e-02  5.448638e-01
     vertex  1.529630e-01  4.077336e-02  5.452660e-01
   endloop
 endfacet
 facet normal -2.340907e-01 -9.493287e-01  2.097059e-01
   outer loop
     vertex  1.510461e-01  4.039583e-02  5.429571e-01
     vertex  1.526822e-01  4.026998e-02  5.442136e-01
     vertex  1.527543e-01  4.039583e-02  5.448638e-01
   endloop
 endfacet
 facet normal -8.155246e-01 -2.434519e-01  5.250246e-01
   outer loop
     vertex  1.493162e-01  4.039583e-02  5.407287e-01
     vertex  1.495252e-01  4.077336e-02  5.412284e-01
     vertex  1.457397e-01  4.039583e-02  5.351733e-01
   endloop
 endfacet
 facet normal -2.834112e-01 -9.414817e-01  1.824566e-01
   outer loop
     vertex  1.493162e-01  4.039583e-02  5.407287e-01
     vertex  1.457397e-01  4.039583e-02  5.351733e-01
     vertex  1.492876e-01  4.026998e-02  5.400349e-01
   endloop
 endfacet
 facet normal -7.397641e-01 -3.506067e-01  5.743031e-01
   outer loop
     vertex  1.493162e-01  4.039583e-02  5.407287e-01
     vertex  1.510461e-01  4.039583e-02  5.429571e-01
     vertex  1.495252e-01  4.077336e-02  5.412284e-01
   endloop
 endfacet
 facet normal -2.355252e-01 -9.545131e-01  1.828459e-01
   outer loop
     vertex  1.493162e-01  4.039583e-02  5.407287e-01
     vertex  1.492876e-01  4.026998e-02  5.400349e-01
     vertex  1.510461e-01  4.039583e-02  5.429571e-01
   endloop
 endfacet
 facet normal -8.238822e-01 -3.358349e-01  4.565446e-01
   outer loop
     vertex  1.444546e-01  4.039583e-02  5.328541e-01
     vertex  1.457397e-01  4.039583e-02  5.351733e-01
     vertex  1.446313e-01  4.077336e-02  5.334508e-01
   endloop
 endfacet
 facet normal -2.677305e-01 -9.520030e-01  1.483597e-01
   outer loop
     vertex  1.444546e-01  4.039583e-02  5.328541e-01
     vertex  1.445283e-01  4.026998e-02  5.321797e-01
     vertex  1.457397e-01  4.039583e-02  5.351733e-01
   endloop
 endfacet
 facet normal -9.074210e-01  9.645130e-02  4.090040e-01
   outer loop
     vertex  1.425979e-01  4.039583e-02  5.290285e-01
     vertex  1.446313e-01  4.077336e-02  5.334508e-01
     vertex  1.412546e-01  4.077336e-02  5.259593e-01
   endloop
 endfacet
 facet normal -2.044799e-01 -9.750570e-01  8.632371e-02
   outer loop
     vertex  1.425979e-01  4.039583e-02  5.290285e-01
     vertex  1.414749e-01  4.026998e-02  5.249468e-01
     vertex  1.445283e-01  4.026998e-02  5.321797e-01
   endloop
 endfacet
 facet normal -8.687939e-01 -2.596435e-01  4.216426e-01
   outer loop
     vertex  1.425979e-01  4.039583e-02  5.290285e-01
     vertex  1.444546e-01  4.039583e-02  5.328541e-01
     vertex  1.446313e-01  4.077336e-02  5.334508e-01
   endloop
 endfacet
 facet normal -2.962722e-01 -9.442183e-01  1.437866e-01
   outer loop
     vertex  1.425979e-01  4.039583e-02  5.290285e-01
     vertex  1.445283e-01  4.026998e-02  5.321797e-01
     vertex  1.444546e-01  4.039583e-02  5.328541e-01
   endloop
 endfacet
 facet normal -8.658057e-01 -3.734998e-01  3.329840e-01
   outer loop
     vertex  1.412198e-01  4.039583e-02  5.254453e-01
     vertex  1.425979e-01  4.039583e-02  5.290285e-01
     vertex  1.412546e-01  4.077336e-02  5.259593e-01
   endloop
 endfacet
 facet normal -2.696774e-01 -9.573489e-01  1.037164e-01
   outer loop
     vertex  1.412198e-01  4.039583e-02  5.254453e-01
     vertex  1.414749e-01  4.026998e-02  5.249468e-01
     vertex  1.425979e-01  4.039583e-02  5.290285e-01
   endloop
 endfacet
 facet normal -9.649198e-01  1.486482e-01  2.164104e-01
   outer loop
     vertex  1.403746e-01  4.039583e-02  5.222945e-01
     vertex  1.412546e-01  4.077336e-02  5.259593e-01
     vertex  1.398739e-01  4.077336e-02  5.198031e-01
   endloop
 endfacet
 facet normal -2.107366e-01 -9.766792e-01  4.108350e-02
   outer loop
     vertex  1.403746e-01  4.039583e-02  5.222945e-01
     vertex  1.404287e-01  4.026998e-02  5.195803e-01
     vertex  1.414749e-01  4.026998e-02  5.249468e-01
   endloop
 endfacet
 facet normal -9.339210e-01 -2.549859e-01  2.505470e-01
   outer loop
     vertex  1.403746e-01  4.039583e-02  5.222945e-01
     vertex  1.412198e-01  4.039583e-02  5.254453e-01
     vertex  1.412546e-01  4.077336e-02  5.259593e-01
   endloop
 endfacet
 facet normal -3.069257e-01 -9.481649e-01  8.234027e-02
   outer loop
     vertex  1.403746e-01  4.039583e-02  5.222945e-01
     vertex  1.414749e-01  4.026998e-02  5.249468e-01
     vertex  1.412198e-01  4.039583e-02  5.254453e-01
   endloop
 endfacet
 facet normal -9.199214e-01 -3.703725e-01  1.287197e-01
   outer loop
     vertex  1.400051e-01  4.039583e-02  5.196542e-01
     vertex  1.403746e-01  4.039583e-02  5.222945e-01
     vertex  1.398739e-01  4.077336e-02  5.198031e-01
   endloop
 endfacet
 facet normal -2.783498e-01 -9.596898e-01  3.894801e-02
   outer loop
     vertex  1.400051e-01  4.039583e-02  5.196542e-01
     vertex  1.404287e-01  4.026998e-02  5.195803e-01
     vertex  1.403746e-01  4.039583e-02  5.222945e-01
   endloop
 endfacet
 facet normal -9.921797e-01 -1.214237e-01 -2.890998e-02
   outer loop
     vertex  1.399759e-01  4.039583e-02  5.178903e-01
     vertex  1.398739e-01  4.077336e-02  5.198031e-01
     vertex  1.399747e-01  4.077336e-02  5.163452e-01
   endloop
 endfacet
 facet normal -2.312055e-01 -9.728483e-01 -1.049858e-02
   outer loop
     vertex  1.399759e-01  4.039583e-02  5.178903e-01
     vertex  1.405709e-01  4.026998e-02  5.164478e-01
     vertex  1.404287e-01  4.026998e-02  5.195803e-01
   endloop
 endfacet
 facet normal -9.425753e-01 -3.336286e-01  1.561584e-02
   outer loop
     vertex  1.399759e-01  4.039583e-02  5.178903e-01
     vertex  1.400051e-01  4.039583e-02  5.196542e-01
     vertex  1.398739e-01  4.077336e-02  5.198031e-01
   endloop
 endfacet
 facet normal -2.840544e-01 -9.587966e-01  4.705989e-03
   outer loop
     vertex  1.399759e-01  4.039583e-02  5.178903e-01
     vertex  1.404287e-01  4.026998e-02  5.195803e-01
     vertex  1.400051e-01  4.039583e-02  5.196542e-01
   endloop
 endfacet
 facet normal -9.226907e-01 -3.746848e-01 -9.084693e-02
   outer loop
     vertex  1.401285e-01  4.039583e-02  5.163401e-01
     vertex  1.399759e-01  4.039583e-02  5.178903e-01
     vertex  1.399747e-01  4.077336e-02  5.163452e-01
   endloop
 endfacet
 facet normal -2.675761e-01 -9.631765e-01 -2.634520e-02
   outer loop
     vertex  1.401285e-01  4.039583e-02  5.163401e-01
     vertex  1.405709e-01  4.026998e-02  5.164478e-01
     vertex  1.399759e-01  4.039583e-02  5.178903e-01
   endloop
 endfacet
 facet normal -9.449517e-01 -2.000369e-01 -2.589431e-01
   outer loop
     vertex  1.404104e-01  4.039583e-02  5.150470e-01
     vertex  1.399747e-01  4.077336e-02  5.163452e-01
     vertex  1.406679e-01  4.077336e-02  5.138154e-01
   endloop
 endfacet
 facet normal -2.158622e-01 -9.744023e-01 -6.279942e-02
   outer loop
     vertex  1.404104e-01  4.039583e-02  5.150470e-01
     vertex  1.413123e-01  4.026998e-02  5.138993e-01
     vertex  1.405709e-01  4.026998e-02  5.164478e-01
   endloop
 endfacet
 facet normal -9.086749e-01 -3.675359e-01 -1.980586e-01
   outer loop
     vertex  1.404104e-01  4.039583e-02  5.150470e-01
     vertex  1.401285e-01  4.039583e-02  5.163401e-01
     vertex  1.399747e-01  4.077336e-02  5.163452e-01
   endloop
 endfacet
 facet normal -2.603658e-01 -9.638408e-01 -5.675042e-02
   outer loop
     vertex  1.404104e-01  4.039583e-02  5.150470e-01
     vertex  1.405709e-01  4.026998e-02  5.164478e-01
     vertex  1.401285e-01  4.039583e-02  5.163401e-01
   endloop
 endfacet
 facet normal -2.422832e-01 -9.665252e-01 -8.442701e-02
   outer loop
     vertex  1.408504e-01  4.039583e-02  5.137842e-01
     vertex  1.413123e-01  4.026998e-02  5.138993e-01
     vertex  1.404104e-01  4.039583e-02  5.150470e-01
   endloop
 endfacet
 facet normal -8.677573e-01 -3.944138e-01 -3.023823e-01
   outer loop
     vertex  1.408504e-01  4.039583e-02  5.137842e-01
     vertex  1.404104e-01  4.039583e-02  5.150470e-01
     vertex  1.406679e-01  4.077336e-02  5.138154e-01
   endloop
 endfacet
 facet normal -8.339387e-01 -3.691506e-01 -4.102122e-01
   outer loop
     vertex  1.413668e-01  4.039583e-02  5.127343e-01
     vertex  1.408504e-01  4.039583e-02  5.137842e-01
     vertex  1.406679e-01  4.077336e-02  5.138154e-01
   endloop
 endfacet
 facet normal -8.519132e-01 -2.303317e-01 -4.703098e-01
   outer loop
     vertex  1.413668e-01  4.039583e-02  5.127343e-01
     vertex  1.406679e-01  4.077336e-02  5.138154e-01
     vertex  1.418037e-01  4.077336e-02  5.117581e-01
   endloop
 endfacet
 facet normal -1.961830e-01 -9.738734e-01 -1.143798e-01
   outer loop
     vertex  1.413668e-01  4.039583e-02  5.127343e-01
     vertex  1.424808e-01  4.026998e-02  5.118951e-01
     vertex  1.413123e-01  4.026998e-02  5.138993e-01
   endloop
 endfacet
 facet normal -2.342733e-01 -9.653166e-01 -1.152384e-01
   outer loop
     vertex  1.413668e-01  4.039583e-02  5.127343e-01
     vertex  1.413123e-01  4.026998e-02  5.138993e-01
     vertex  1.408504e-01  4.039583e-02  5.137842e-01
   endloop
 endfacet
 facet normal -7.702163e-01 -3.978029e-01 -4.985176e-01
   outer loop
     vertex  1.420101e-01  4.039583e-02  5.117405e-01
     vertex  1.413668e-01  4.039583e-02  5.127343e-01
     vertex  1.418037e-01  4.077336e-02  5.117581e-01
   endloop
 endfacet
 facet normal -2.132352e-01 -9.672035e-01 -1.380151e-01
   outer loop
     vertex  1.420101e-01  4.039583e-02  5.117405e-01
     vertex  1.424808e-01  4.026998e-02  5.118951e-01
     vertex  1.413668e-01  4.039583e-02  5.127343e-01
   endloop
 endfacet
 facet normal -2.028788e-01 -9.647607e-01 -1.675621e-01
   outer loop
     vertex  1.427640e-01  4.039583e-02  5.108277e-01
     vertex  1.424808e-01  4.026998e-02  5.118951e-01
     vertex  1.420101e-01  4.039583e-02  5.117405e-01
   endloop
 endfacet
 facet normal -7.178928e-01 -3.647897e-01 -5.929236e-01
   outer loop
     vertex  1.427640e-01  4.039583e-02  5.108277e-01
     vertex  1.420101e-01  4.039583e-02  5.117405e-01
     vertex  1.418037e-01  4.077336e-02  5.117581e-01
   endloop
 endfacet
 facet normal -7.223062e-01 -2.293660e-01 -6.524300e-01
   outer loop
     vertex  1.427640e-01  4.039583e-02  5.108277e-01
     vertex  1.418037e-01  4.077336e-02  5.117581e-01
     vertex  1.434143e-01  4.077336e-02  5.099750e-01
   endloop
 endfacet
 facet normal -1.675482e-01 -9.729325e-01 -1.591537e-01
   outer loop
     vertex  1.427640e-01  4.039583e-02  5.108277e-01
     vertex  1.441242e-01  4.026998e-02  5.101650e-01
     vertex  1.424808e-01  4.026998e-02  5.118951e-01
   endloop
 endfacet
 facet normal -6.398067e-01 -3.915487e-01 -6.613146e-01
   outer loop
     vertex  1.436477e-01  4.039583e-02  5.099727e-01
     vertex  1.427640e-01  4.039583e-02  5.108277e-01
     vertex  1.434143e-01  4.077336e-02  5.099750e-01
   endloop
 endfacet
 facet normal -1.800050e-01 -9.659096e-01 -1.860561e-01
   outer loop
     vertex  1.436477e-01  4.039583e-02  5.099727e-01
     vertex  1.441242e-01  4.026998e-02  5.101650e-01
     vertex  1.427640e-01  4.039583e-02  5.108277e-01
   endloop
 endfacet
 facet normal -1.676603e-01 -9.622771e-01 -2.142729e-01
   outer loop
     vertex  1.446390e-01  4.039583e-02  5.091970e-01
     vertex  1.441242e-01  4.026998e-02  5.101650e-01
     vertex  1.436477e-01  4.039583e-02  5.099727e-01
   endloop
 endfacet
 facet normal -5.767682e-01 -3.521251e-01 -7.371203e-01
   outer loop
     vertex  1.446390e-01  4.039583e-02  5.091970e-01
     vertex  1.436477e-01  4.039583e-02  5.099727e-01
     vertex  1.434143e-01  4.077336e-02  5.099750e-01
   endloop
 endfacet
 facet normal -5.710071e-01 -2.261715e-01 -7.891751e-01
   outer loop
     vertex  1.446390e-01  4.039583e-02  5.091970e-01
     vertex  1.434143e-01  4.077336e-02  5.099750e-01
     vertex  1.454998e-01  4.077336e-02  5.084660e-01
   endloop
 endfacet
 facet normal -1.366772e-01 -9.704509e-01 -1.988576e-01
   outer loop
     vertex  1.446390e-01  4.039583e-02  5.091970e-01
     vertex  1.462425e-01  4.026998e-02  5.087091e-01
     vertex  1.441242e-01  4.026998e-02  5.101650e-01
   endloop
 endfacet
 facet normal -4.974414e-01 -3.778499e-01 -7.808851e-01
   outer loop
     vertex  1.457632e-01  4.039583e-02  5.084809e-01
     vertex  1.446390e-01  4.039583e-02  5.091970e-01
     vertex  1.454998e-01  4.077336e-02  5.084660e-01
   endloop
 endfacet
 facet normal -1.447108e-01 -9.630440e-01 -2.271675e-01
   outer loop
     vertex  1.457632e-01  4.039583e-02  5.084809e-01
     vertex  1.462425e-01  4.026998e-02  5.087091e-01
     vertex  1.446390e-01  4.039583e-02  5.091970e-01
   endloop
 endfacet
 facet normal -4.343301e-01 -3.359735e-01 -8.357507e-01
   outer loop
     vertex  1.469920e-01  4.039583e-02  5.078423e-01
     vertex  1.457632e-01  4.039583e-02  5.084809e-01
     vertex  1.454998e-01  4.077336e-02  5.084660e-01
   endloop
 endfacet
 facet normal -1.313536e-01 -9.585726e-01 -2.527544e-01
   outer loop
     vertex  1.469920e-01  4.039583e-02  5.078423e-01
     vertex  1.462425e-01  4.026998e-02  5.087091e-01
     vertex  1.457632e-01  4.039583e-02  5.084809e-01
   endloop
 endfacet
 facet normal -4.234435e-01 -2.231131e-01 -8.780183e-01
   outer loop
     vertex  1.469920e-01  4.039583e-02  5.078423e-01
     vertex  1.454998e-01  4.077336e-02  5.084660e-01
     vertex  1.480602e-01  4.077336e-02  5.072312e-01
   endloop
 endfacet
 facet normal -1.055942e-01 -9.670372e-01 -2.317086e-01
   outer loop
     vertex  1.469920e-01  4.039583e-02  5.078423e-01
     vertex  1.488356e-01  4.026998e-02  5.075274e-01
     vertex  1.462425e-01  4.026998e-02  5.087091e-01
   endloop
 endfacet
 facet normal -1.098535e-01 -9.594256e-01 -2.596821e-01
   outer loop
     vertex  1.483567e-01  4.039583e-02  5.072650e-01
     vertex  1.488356e-01  4.026998e-02  5.075274e-01
     vertex  1.469920e-01  4.039583e-02  5.078423e-01
   endloop
 endfacet
 facet normal -3.631731e-01 -3.620472e-01 -8.585028e-01
   outer loop
     vertex  1.483567e-01  4.039583e-02  5.072650e-01
     vertex  1.469920e-01  4.039583e-02  5.078423e-01
     vertex  1.480602e-01  4.077336e-02  5.072312e-01
   endloop
 endfacet
 facet normal -9.418949e-02 -9.537260e-01 -2.855433e-01
   outer loop
     vertex  1.503379e-01  4.039583e-02  5.066115e-01
     vertex  1.488356e-01  4.026998e-02  5.075274e-01
     vertex  1.483567e-01  4.039583e-02  5.072650e-01
   endloop
 endfacet
 facet normal -2.973907e-01 -3.142286e-01 -9.015648e-01
   outer loop
     vertex  1.503379e-01  4.039583e-02  5.066115e-01
     vertex  1.483567e-01  4.039583e-02  5.072650e-01
     vertex  1.480602e-01  4.077336e-02  5.072312e-01
   endloop
 endfacet
 facet normal -2.796701e-01 -1.245491e-01 -9.519833e-01
   outer loop
     vertex  1.503379e-01  4.039583e-02  5.066115e-01
     vertex  1.480602e-01  4.077336e-02  5.072312e-01
     vertex  1.522127e-01  4.077336e-02  5.060113e-01
   endloop
 endfacet
 facet normal -6.614270e-02 -9.681393e-01 -2.415190e-01
   outer loop
     vertex  1.503379e-01  4.039583e-02  5.066115e-01
     vertex  1.530318e-01  4.026998e-02  5.063782e-01
     vertex  1.488356e-01  4.026998e-02  5.075274e-01
   endloop
 endfacet
 facet normal -2.207117e-01 -3.507355e-01 -9.100939e-01
   outer loop
     vertex  1.525581e-01  4.039583e-02  5.060731e-01
     vertex  1.503379e-01  4.039583e-02  5.066115e-01
     vertex  1.522127e-01  4.077336e-02  5.060113e-01
   endloop
 endfacet
 facet normal -6.943788e-02 -9.556135e-01 -2.863237e-01
   outer loop
     vertex  1.525581e-01  4.039583e-02  5.060731e-01
     vertex  1.530318e-01  4.026998e-02  5.063782e-01
     vertex  1.503379e-01  4.039583e-02  5.066115e-01
   endloop
 endfacet
 facet normal -5.277959e-02 -9.493943e-01 -3.096204e-01
   outer loop
     vertex  1.549650e-01  4.039583e-02  5.056628e-01
     vertex  1.530318e-01  4.026998e-02  5.063782e-01
     vertex  1.525581e-01  4.039583e-02  5.060731e-01
   endloop
 endfacet
 facet normal -1.602817e-01 -3.003716e-01 -9.402588e-01
   outer loop
     vertex  1.549650e-01  4.039583e-02  5.056628e-01
     vertex  1.525581e-01  4.039583e-02  5.060731e-01
     vertex  1.522127e-01  4.077336e-02  5.060113e-01
   endloop
 endfacet
 facet normal -1.434963e-01 -1.418261e-01 -9.794356e-01
   outer loop
     vertex  1.549650e-01  4.039583e-02  5.056628e-01
     vertex  1.522127e-01  4.077336e-02  5.060113e-01
     vertex  1.572171e-01  4.077336e-02  5.052781e-01
   endloop
 endfacet
 facet normal -3.622582e-02 -9.629401e-01 -2.672716e-01
   outer loop
     vertex  1.549650e-01  4.039583e-02  5.056628e-01
     vertex  1.576858e-01  4.026998e-02  5.057474e-01
     vertex  1.530318e-01  4.026998e-02  5.063782e-01
   endloop
 endfacet
 facet normal -1.051587e-01 -3.288311e-01 -9.385157e-01
   outer loop
     vertex  1.574176e-01  4.039583e-02  5.053880e-01
     vertex  1.549650e-01  4.039583e-02  5.056628e-01
     vertex  1.572171e-01  4.077336e-02  5.052781e-01
   endloop
 endfacet
 facet normal -3.442929e-02 -9.509984e-01 -3.072729e-01
   outer loop
     vertex  1.574176e-01  4.039583e-02  5.053880e-01
     vertex  1.576858e-01  4.026998e-02  5.057474e-01
     vertex  1.549650e-01  4.039583e-02  5.056628e-01
   endloop
 endfacet
 facet normal -4.120065e-02 -1.593020e-01 -9.863698e-01
   outer loop
     vertex  1.602324e-01  4.039583e-02  5.052132e-01
     vertex  1.572171e-01  4.077336e-02  5.052781e-01
     vertex  1.630681e-01  4.077336e-02  5.050337e-01
   endloop
 endfacet
 facet normal -4.622027e-02 -1.239022e-01 -9.912174e-01
   outer loop
     vertex  1.602324e-01  4.039583e-02  5.052132e-01
     vertex  1.630681e-01  4.077336e-02  5.050337e-01
     vertex  1.630681e-01  4.057449e-02  5.050586e-01
   endloop
 endfacet
 facet normal -5.897253e-02 -3.075566e-01 -9.497006e-01
   outer loop
     vertex  1.602324e-01  4.039583e-02  5.052132e-01
     vertex  1.574176e-01  4.039583e-02  5.053880e-01
     vertex  1.572171e-01  4.077336e-02  5.052781e-01
   endloop
 endfacet
 facet normal -2.577587e-02 -3.879281e-01 -9.213292e-01
   outer loop
     vertex  1.602324e-01  4.039583e-02  5.052132e-01
     vertex  1.630681e-01  4.057449e-02  5.050586e-01
     vertex  1.630681e-01  4.046954e-02  5.051028e-01
   endloop
 endfacet
 facet normal -1.970058e-02 -9.481338e-01 -3.172604e-01
   outer loop
     vertex  1.602324e-01  4.039583e-02  5.052132e-01
     vertex  1.576858e-01  4.026998e-02  5.057474e-01
     vertex  1.574176e-01  4.039583e-02  5.053880e-01
   endloop
 endfacet
 facet normal -1.139355e-02 -6.713262e-01 -7.410744e-01
   outer loop
     vertex  1.602324e-01  4.039583e-02  5.052132e-01
     vertex  1.630681e-01  4.046954e-02  5.051028e-01
     vertex  1.630681e-01  4.035867e-02  5.052032e-01
   endloop
 endfacet
 facet normal -9.037967e-02 -7.830877e-01 -6.153090e-01
   outer loop
     vertex  1.602412e-01  4.034611e-02  5.052751e-01
     vertex  1.576858e-01  4.026998e-02  5.057474e-01
     vertex  1.602324e-01  4.039583e-02  5.052132e-01
   endloop
 endfacet
 facet normal -1.242015e-02 -7.808514e-01 -6.245933e-01
   outer loop
     vertex  1.602412e-01  4.034611e-02  5.052751e-01
     vertex  1.602324e-01  4.039583e-02  5.052132e-01
     vertex  1.630681e-01  4.035867e-02  5.052032e-01
   endloop
 endfacet
 facet normal -5.281275e-03 -9.086642e-01 -4.174943e-01
   outer loop
     vertex  1.602481e-01  4.031987e-02  5.053234e-01
     vertex  1.630681e-01  4.035867e-02  5.052032e-01
     vertex  1.630681e-01  4.029216e-02  5.053480e-01
   endloop
 endfacet
 facet normal -8.743098e-03 -9.931593e-01 -1.164394e-01
   outer loop
     vertex  1.602481e-01  4.031987e-02  5.053234e-01
     vertex  1.630681e-01  4.029216e-02  5.053480e-01
     vertex  1.630681e-01  4.026998e-02  5.055371e-01
   endloop
 endfacet
 facet normal -6.072835e-02 -8.802934e-01 -4.705269e-01
   outer loop
     vertex  1.602481e-01  4.031987e-02  5.053234e-01
     vertex  1.576858e-01  4.026998e-02  5.057474e-01
     vertex  1.602412e-01  4.034611e-02  5.052751e-01
   endloop
 endfacet
 facet normal -8.234107e-03 -8.787772e-01 -4.771612e-01
   outer loop
     vertex  1.602481e-01  4.031987e-02  5.053234e-01
     vertex  1.602412e-01  4.034611e-02  5.052751e-01
     vertex  1.630681e-01  4.035867e-02  5.052032e-01
   endloop
 endfacet
 facet normal -5.946181e-03 -9.883303e-01 -1.522097e-01
   outer loop
     vertex  1.602481e-01  4.031987e-02  5.053234e-01
     vertex  1.630681e-01  4.026998e-02  5.055371e-01
     vertex  1.576858e-01  4.026998e-02  5.057474e-01
   endloop
 endfacet
 facet normal  0.000000e+00 -1.000000e+00  0.000000e+00
   outer loop
     vertex  1.734160e-01  4.027000e-02  5.134885e-01
     vertex  1.630680e-01  4.027000e-02  5.095640e-01
     vertex  1.668025e-01  4.027000e-02  5.100175e-01
   endloop
 endfacet
 facet normal  0.000000e+00 -1.000000e+00  0.000000e+00
   outer loop
     vertex  1.734160e-01  4.027000e-02  5.134885e-01
     vertex  1.668025e-01  4.027000e-02  5.100175e-01
     vertex  1.703200e-01  4.027000e-02  5.113515e-01
   endloop
 endfacet
 facet normal  0.000000e+00 -1.000000e+00  0.000000e+00
   outer loop
     vertex  1.734160e-01  4.027000e-02  5.134885e-01
     vertex  1.759107e-01  4.027000e-02  5.163043e-01
     vertex  1.776589e-01  4.027000e-02  5.196354e-01
   endloop
 endfacet
 facet normal  0.000000e+00 -1.000000e+00  0.000000e+00
   outer loop
     vertex  1.734160e-01  4.027000e-02  5.134885e-01
     vertex  1.776589e-01  4.027000e-02  5.196354e-01
     vertex  1.785592e-01  4.027000e-02  5.232880e-01
   endloop
 endfacet
 facet normal  0.000000e+00 -1.000000e+00  0.000000e+00
   outer loop
     vertex  1.734160e-01  4.027000e-02  5.134885e-01
     vertex  1.785592e-01  4.027000e-02  5.232880e-01
     vertex  1.785592e-01  4.027000e-02  5.270500e-01
   endloop
 endfacet
 facet normal  0.000000e+00 -1.000000e+00  0.000000e+00
   outer loop
     vertex  1.734160e-01  4.027000e-02  5.134885e-01
     vertex  1.785592e-01  4.027000e-02  5.270500e-01
     vertex  1.776589e-01  4.027000e-02  5.307026e-01
   endloop
 endfacet
 facet normal  0.000000e+00 -1.000000e+00  0.000000e+00
   outer loop
     vertex  1.734160e-01  4.027000e-02  5.134885e-01
     vertex  1.776589e-01  4.027000e-02  5.307026e-01
     vertex  1.759107e-01  4.027000e-02  5.340336e-01
   endloop
 endfacet
 facet normal  0.000000e+00 -1.000000e+00  0.000000e+00
   outer loop
     vertex  1.734160e-01  4.027000e-02  5.134885e-01
     vertex  1.759107e-01  4.027000e-02  5.340336e-01
     vertex  1.734160e-01  4.027000e-02  5.368495e-01
   endloop
 endfacet
 facet normal  0.000000e+00 -1.000000e+00  0.000000e+00
   outer loop
     vertex  1.734160e-01  4.027000e-02  5.134885e-01
     vertex  1.734160e-01  4.027000e-02  5.368495e-01
     vertex  1.703200e-01  4.027000e-02  5.389865e-01
   endloop
 endfacet
 facet normal  0.000000e+00 -1.000000e+00  0.000000e+00
   outer loop
     vertex  1.734160e-01  4.027000e-02  5.134885e-01
     vertex  1.703200e-01  4.027000e-02  5.389865e-01
     vertex  1.668025e-01  4.027000e-02  5.403205e-01
   endloop
 endfacet
 facet normal  0.000000e+00 -1.000000e+00  0.000000e+00
   outer loop
     vertex  1.734160e-01  4.027000e-02  5.134885e-01
     vertex  1.668025e-01  4.027000e-02  5.403205e-01
     vertex  1.630680e-01  4.027000e-02  5.407740e-01
   endloop
 endfacet
 facet normal  0.000000e+00 -1.000000e+00  0.000000e+00
   outer loop
     vertex  1.734160e-01  4.027000e-02  5.134885e-01
     vertex  1.630680e-01  4.027000e-02  5.407740e-01
     vertex  1.593335e-01  4.027000e-02  5.403205e-01
   endloop
 endfacet
 facet normal  0.000000e+00 -1.000000e+00  0.000000e+00
   outer loop
     vertex  1.734160e-01  4.027000e-02  5.134885e-01
     vertex  1.593335e-01  4.027000e-02  5.403205e-01
     vertex  1.558160e-01  4.027000e-02  5.389865e-01
   endloop
 endfacet
 facet normal  0.000000e+00 -1.000000e+00  0.000000e+00
   outer loop
     vertex  1.734160e-01  4.027000e-02  5.134885e-01
     vertex  1.558160e-01  4.027000e-02  5.389865e-01
     vertex  1.527200e-01  4.027000e-02  5.368495e-01
   endloop
 endfacet
 facet normal  0.000000e+00 -1.000000e+00  0.000000e+00
   outer loop
     vertex  1.734160e-01  4.027000e-02  5.134885e-01
     vertex  1.527200e-01  4.027000e-02  5.368495e-01
     vertex  1.502253e-01  4.027000e-02  5.340337e-01
   endloop
 endfacet
 facet normal  0.000000e+00 -1.000000e+00  0.000000e+00
   outer loop
     vertex  1.734160e-01  4.027000e-02  5.134885e-01
     vertex  1.502253e-01  4.027000e-02  5.340337e-01
     vertex  1.484771e-01  4.027000e-02  5.307026e-01
   endloop
 endfacet
 facet normal  0.000000e+00 -1.000000e+00  0.000000e+00
   outer loop
     vertex  1.734160e-01  4.027000e-02  5.134885e-01
     vertex  1.484771e-01  4.027000e-02  5.307026e-01
     vertex  1.475768e-01  4.027000e-02  5.270500e-01
   endloop
 endfacet
 facet normal  0.000000e+00 -1.000000e+00  0.000000e+00
   outer loop
     vertex  1.734160e-01  4.027000e-02  5.134885e-01
     vertex  1.475768e-01  4.027000e-02  5.270500e-01
     vertex  1.475768e-01  4.027000e-02  5.232880e-01
   endloop
 endfacet
 facet normal  0.000000e+00 -1.000000e+00  0.000000e+00
   outer loop
     vertex  1.734160e-01  4.027000e-02  5.134885e-01
     vertex  1.475768e-01  4.027000e-02  5.232880e-01
     vertex  1.484771e-01  4.027000e-02  5.196354e-01
   endloop
 endfacet
 facet normal  0.000000e+00 -1.000000e+00  0.000000e+00
   outer loop
     vertex  1.734160e-01  4.027000e-02  5.134885e-01
     vertex  1.484771e-01  4.027000e-02  5.196354e-01
     vertex  1.502253e-01  4.027000e-02  5.163044e-01
   endloop
 endfacet
 facet normal  0.000000e+00 -1.000000e+00  0.000000e+00
   outer loop
     vertex  1.734160e-01  4.027000e-02  5.134885e-01
     vertex  1.502253e-01  4.027000e-02  5.163044e-01
     vertex  1.527200e-01  4.027000e-02  5.134885e-01
   endloop
 endfacet
 facet normal -0.000000e+00 -1.000000e+00  0.000000e+00
   outer loop
     vertex  1.734160e-01  4.027000e-02  5.134885e-01
     vertex  1.527200e-01  4.027000e-02  5.134885e-01
     vertex  1.558160e-01  4.027000e-02  5.113515e-01
   endloop
 endfacet
 facet normal  0.000000e+00 -1.000000e+00  0.000000e+00
   outer loop
     vertex  1.734160e-01  4.027000e-02  5.134885e-01
     vertex  1.558160e-01  4.027000e-02  5.113515e-01
     vertex  1.593335e-01  4.027000e-02  5.100175e-01
   endloop
 endfacet
 facet normal  0.000000e+00 -1.000000e+00  0.000000e+00
   outer loop
     vertex  1.734160e-01  4.027000e-02  5.134885e-01
     vertex  1.593335e-01  4.027000e-02  5.100175e-01
     vertex  1.630680e-01  4.027000e-02  5.095640e-01
   endloop
 endfacet
 facet normal -7.412755e-01  5.323341e-01 -4.088167e-01
   outer loop
     vertex  1.762552e-01  4.014414e-02  5.327823e-01
     vertex  1.782641e-01  3.976661e-02  5.286481e-01
     vertex  1.747932e-01  3.976661e-02  5.349417e-01
   endloop
 endfacet
 facet normal -3.677846e-01  9.081492e-01 -1.999990e-01
   outer loop
     vertex  1.762552e-01  4.014414e-02  5.327823e-01
     vertex  1.753897e-01  4.026998e-02  5.349454e-01
     vertex  1.788691e-01  4.026998e-02  5.285469e-01
   endloop
 endfacet
 facet normal  6.830694e-01  6.336577e-01 -3.631723e-01
   outer loop
     vertex  1.498811e-01  4.014414e-02  5.327823e-01
     vertex  1.515432e-01  3.976661e-02  5.352496e-01
     vertex  1.471992e-01  3.976661e-02  5.270794e-01
   endloop
 endfacet
 facet normal  3.518790e-01  9.181904e-01 -1.819550e-01
   outer loop
     vertex  1.498811e-01  4.014414e-02  5.327823e-01
     vertex  1.467918e-01  4.026998e-02  5.274430e-01
     vertex  1.502994e-01  4.026998e-02  5.342263e-01
   endloop
 endfacet
 facet normal -2.561827e-02  9.324367e-01  3.604240e-01
   outer loop
     vertex  1.667380e-01  4.022009e-02  5.099540e-01
     vertex  1.701027e-01  4.026998e-02  5.100641e-01
     vertex  1.630681e-01  4.026998e-02  5.095641e-01
   endloop
 endfacet
 facet normal -1.980287e-01  3.225241e-01  9.256148e-01
   outer loop
     vertex  1.725134e-01  4.014414e-02  5.109792e-01
     vertex  1.699822e-01  4.014414e-02  5.104377e-01
     vertex  1.699742e-01  3.976661e-02  5.105675e-01
   endloop
 endfacet
 facet normal -2.140169e-01  5.927218e-01  7.764519e-01
   outer loop
     vertex  1.725134e-01  4.014414e-02  5.109792e-01
     vertex  1.699742e-01  3.976661e-02  5.105675e-01
     vertex  1.747087e-01  3.976661e-02  5.118725e-01
   endloop
 endfacet
 facet normal -1.141624e-01  8.982986e-01  4.242953e-01
   outer loop
     vertex  1.725134e-01  4.014414e-02  5.109792e-01
     vertex  1.749528e-01  4.026998e-02  5.113691e-01
     vertex  1.701027e-01  4.026998e-02  5.100641e-01
   endloop
 endfacet
 facet normal -6.417388e-02  9.517914e-01  2.999580e-01
   outer loop
     vertex  1.725134e-01  4.014414e-02  5.109792e-01
     vertex  1.701027e-01  4.026998e-02  5.100641e-01
     vertex  1.699822e-01  4.014414e-02  5.104377e-01
   endloop
 endfacet
 facet normal -3.005046e-01  3.510073e-01  8.868432e-01
   outer loop
     vertex  1.747357e-01  4.014414e-02  5.117322e-01
     vertex  1.725134e-01  4.014414e-02  5.109792e-01
     vertex  1.747087e-01  3.976661e-02  5.118725e-01
   endloop
 endfacet
 facet normal -9.342457e-02  9.566893e-01  2.757127e-01
   outer loop
     vertex  1.747357e-01  4.014414e-02  5.117322e-01
     vertex  1.749528e-01  4.026998e-02  5.113691e-01
     vertex  1.725134e-01  4.014414e-02  5.109792e-01
   endloop
 endfacet
 facet normal -4.185574e-01  5.019064e-01  7.569014e-01
   outer loop
     vertex  1.761117e-01  4.014414e-02  5.123980e-01
     vertex  1.747087e-01  3.976661e-02  5.118725e-01
     vertex  1.770528e-01  3.976661e-02  5.131688e-01
   endloop
 endfacet
 facet normal -4.090588e-01  3.433828e-01  8.454343e-01
   outer loop
     vertex  1.761117e-01  4.014414e-02  5.123980e-01
     vertex  1.747357e-01  4.014414e-02  5.117322e-01
     vertex  1.747087e-01  3.976661e-02  5.118725e-01
   endloop
 endfacet
 facet normal -1.669326e-01  9.383215e-01  3.027975e-01
   outer loop
     vertex  1.761117e-01  4.014414e-02  5.123980e-01
     vertex  1.776044e-01  4.026998e-02  5.128309e-01
     vertex  1.749528e-01  4.026998e-02  5.113691e-01
   endloop
 endfacet
 facet normal -1.246265e-01  9.581874e-01  2.575755e-01
   outer loop
     vertex  1.761117e-01  4.014414e-02  5.123980e-01
     vertex  1.749528e-01  4.026998e-02  5.113691e-01
     vertex  1.747357e-01  4.014414e-02  5.117322e-01
   endloop
 endfacet
 facet normal -5.023589e-01  3.562227e-01  7.878711e-01
   outer loop
     vertex  1.772112e-01  4.014414e-02  5.130990e-01
     vertex  1.761117e-01  4.014414e-02  5.123980e-01
     vertex  1.770528e-01  3.976661e-02  5.131688e-01
   endloop
 endfacet
 facet normal -1.486322e-01  9.610254e-01  2.331063e-01
   outer loop
     vertex  1.772112e-01  4.014414e-02  5.130990e-01
     vertex  1.776044e-01  4.026998e-02  5.128309e-01
     vertex  1.761117e-01  4.014414e-02  5.123980e-01
   endloop
 endfacet
 facet normal -5.853291e-01  4.865469e-01  6.485846e-01
   outer loop
     vertex  1.780111e-01  4.014414e-02  5.137504e-01
     vertex  1.770528e-01  3.976661e-02  5.131688e-01
     vertex  1.785449e-01  3.976661e-02  5.145153e-01
   endloop
 endfacet
 facet normal -5.846085e-01  3.778082e-01  7.179790e-01
   outer loop
     vertex  1.780111e-01  4.014414e-02  5.137504e-01
     vertex  1.772112e-01  4.014414e-02  5.130990e-01
     vertex  1.770528e-01  3.976661e-02  5.131688e-01
   endloop
 endfacet
 facet normal -1.679120e-01  9.639914e-01  2.062189e-01
   outer loop
     vertex  1.780111e-01  4.014414e-02  5.137504e-01
     vertex  1.776044e-01  4.026998e-02  5.128309e-01
     vertex  1.772112e-01  4.014414e-02  5.130990e-01
   endloop
 endfacet
 facet normal -2.024688e-01  9.542183e-01  2.201679e-01
   outer loop
     vertex  1.780111e-01  4.014414e-02  5.137504e-01
     vertex  1.791038e-01  4.026998e-02  5.142098e-01
     vertex  1.776044e-01  4.026998e-02  5.128309e-01
   endloop
 endfacet
 facet normal -6.634410e-01  3.744706e-01  6.477791e-01
   outer loop
     vertex  1.786949e-01  4.014414e-02  5.144507e-01
     vertex  1.780111e-01  4.014414e-02  5.137504e-01
     vertex  1.785449e-01  3.976661e-02  5.145153e-01
   endloop
 endfacet
 facet normal -1.884794e-01  9.646805e-01  1.840299e-01
   outer loop
     vertex  1.786949e-01  4.014414e-02  5.144507e-01
     vertex  1.791038e-01  4.026998e-02  5.142098e-01
     vertex  1.780111e-01  4.014414e-02  5.137504e-01
   endloop
 endfacet
 facet normal -7.207429e-01  4.837568e-01  4.964968e-01
   outer loop
     vertex  1.792451e-01  4.014414e-02  5.151639e-01
     vertex  1.785449e-01  3.976661e-02  5.145153e-01
     vertex  1.795526e-01  3.976661e-02  5.159781e-01
   endloop
 endfacet
 facet normal -2.376938e-01  9.578140e-01  1.615366e-01
   outer loop
     vertex  1.792451e-01  4.014414e-02  5.151639e-01
     vertex  1.801182e-01  4.026998e-02  5.157024e-01
     vertex  1.791038e-01  4.026998e-02  5.142098e-01
   endloop
 endfacet
 facet normal -7.302318e-01  3.865517e-01  5.633288e-01
   outer loop
     vertex  1.792451e-01  4.014414e-02  5.151639e-01
     vertex  1.786949e-01  4.014414e-02  5.144507e-01
     vertex  1.785449e-01  3.976661e-02  5.145153e-01
   endloop
 endfacet
 facet normal -2.044271e-01  9.660949e-01  1.577029e-01
   outer loop
     vertex  1.792451e-01  4.014414e-02  5.151639e-01
     vertex  1.791038e-01  4.026998e-02  5.142098e-01
     vertex  1.786949e-01  4.014414e-02  5.144507e-01
   endloop
 endfacet
 facet normal -7.917717e-01  3.823859e-01  4.763178e-01
   outer loop
     vertex  1.796978e-01  4.014414e-02  5.159165e-01
     vertex  1.792451e-01  4.014414e-02  5.151639e-01
     vertex  1.795526e-01  3.976661e-02  5.159781e-01
   endloop
 endfacet
 facet normal -2.213931e-01  9.660468e-01  1.331867e-01
   outer loop
     vertex  1.796978e-01  4.014414e-02  5.159165e-01
     vertex  1.801182e-01  4.026998e-02  5.157024e-01
     vertex  1.792451e-01  4.014414e-02  5.151639e-01
   endloop
 endfacet
 facet normal -2.349954e-01  9.661414e-01  1.065269e-01
   outer loop
     vertex  1.800682e-01  4.014414e-02  5.167334e-01
     vertex  1.801182e-01  4.026998e-02  5.157024e-01
     vertex  1.796978e-01  4.014414e-02  5.159165e-01
   endloop
 endfacet
 facet normal -8.170439e-01  4.816106e-01  3.170024e-01
   outer loop
     vertex  1.800682e-01  4.014414e-02  5.167334e-01
     vertex  1.795526e-01  3.976661e-02  5.159781e-01
     vertex  1.802006e-01  3.976661e-02  5.176484e-01
   endloop
 endfacet
 facet normal -2.694771e-01  9.573977e-01  1.037865e-01
   outer loop
     vertex  1.800682e-01  4.014414e-02  5.167334e-01
     vertex  1.807730e-01  4.026998e-02  5.174026e-01
     vertex  1.801182e-01  4.026998e-02  5.157024e-01
   endloop
 endfacet
 facet normal -8.403813e-01  3.855265e-01  3.809574e-01
   outer loop
     vertex  1.800682e-01  4.014414e-02  5.167334e-01
     vertex  1.796978e-01  4.014414e-02  5.159165e-01
     vertex  1.795526e-01  3.976661e-02  5.159781e-01
   endloop
 endfacet
 facet normal -8.803637e-01  3.797637e-01  2.841466e-01
   outer loop
     vertex  1.803440e-01  4.014414e-02  5.175881e-01
     vertex  1.800682e-01  4.014414e-02  5.167334e-01
     vertex  1.802006e-01  3.976661e-02  5.176484e-01
   endloop
 endfacet
 facet normal -2.484997e-01  9.653056e-01  8.020590e-02
   outer loop
     vertex  1.803440e-01  4.014414e-02  5.175881e-01
     vertex  1.807730e-01  4.026998e-02  5.174026e-01
     vertex  1.800682e-01  4.014414e-02  5.167334e-01
   endloop
 endfacet
 facet normal -8.739983e-01  4.670102e-01  1.342702e-01
   outer loop
     vertex  1.805322e-01  4.014414e-02  5.184935e-01
     vertex  1.802006e-01  3.976661e-02  5.176484e-01
     vertex  1.804891e-01  3.976661e-02  5.195263e-01
   endloop
 endfacet
 facet normal -2.595405e-01  9.642248e-01  5.393818e-02
   outer loop
     vertex  1.805322e-01  4.014414e-02  5.184935e-01
     vertex  1.807730e-01  4.026998e-02  5.174026e-01
     vertex  1.803440e-01  4.014414e-02  5.175881e-01
   endloop
 endfacet
 facet normal -2.933546e-01  9.549251e-01  4.540035e-02
   outer loop
     vertex  1.805322e-01  4.014414e-02  5.184935e-01
     vertex  1.810683e-01  4.026998e-02  5.193105e-01
     vertex  1.807730e-01  4.026998e-02  5.174026e-01
   endloop
 endfacet
 facet normal -9.076748e-01  3.748913e-01  1.886346e-01
   outer loop
     vertex  1.805322e-01  4.014414e-02  5.184935e-01
     vertex  1.803440e-01  4.014414e-02  5.175881e-01
     vertex  1.802006e-01  3.976661e-02  5.176484e-01
   endloop
 endfacet
 facet normal -2.687119e-01  9.628131e-01  2.801497e-02
   outer loop
     vertex  1.806335e-01  4.014414e-02  5.194657e-01
     vertex  1.810683e-01  4.026998e-02  5.193105e-01
     vertex  1.805322e-01  4.014414e-02  5.184935e-01
   endloop
 endfacet
 facet normal -9.243864e-01  3.690826e-01  9.637332e-02
   outer loop
     vertex  1.806335e-01  4.014414e-02  5.194657e-01
     vertex  1.805322e-01  4.014414e-02  5.184935e-01
     vertex  1.804891e-01  3.976661e-02  5.195263e-01
   endloop
 endfacet
 facet normal -2.770438e-01  9.608523e-01  3.099845e-03
   outer loop
     vertex  1.806448e-01  4.014414e-02  5.204732e-01
     vertex  1.810683e-01  4.026998e-02  5.193105e-01
     vertex  1.806335e-01  4.014414e-02  5.194657e-01
   endloop
 endfacet
 facet normal -9.333808e-01  3.587356e-01  1.044360e-02
   outer loop
     vertex  1.806448e-01  4.014414e-02  5.204732e-01
     vertex  1.806335e-01  4.014414e-02  5.194657e-01
     vertex  1.804891e-01  3.976661e-02  5.195263e-01
   endloop
 endfacet
 facet normal -8.947724e-01  4.454804e-01 -3.048943e-02
   outer loop
     vertex  1.806448e-01  4.014414e-02  5.204732e-01
     vertex  1.804891e-01  3.976661e-02  5.195263e-01
     vertex  1.804181e-01  3.976661e-02  5.216118e-01
   endloop
 endfacet
 facet normal -3.084336e-01  9.511997e-01 -9.376014e-03
   outer loop
     vertex  1.806448e-01  4.014414e-02  5.204732e-01
     vertex  1.810040e-01  4.026998e-02  5.214259e-01
     vertex  1.810683e-01  4.026998e-02  5.193105e-01
   endloop
 endfacet
 facet normal -2.816720e-01  9.592910e-01 -2.053386e-02
   outer loop
     vertex  1.805664e-01  4.014414e-02  5.215493e-01
     vertex  1.810040e-01  4.026998e-02  5.214259e-01
     vertex  1.806448e-01  4.014414e-02  5.204732e-01
   endloop
 endfacet
 facet normal -9.323806e-01  3.550302e-01 -6.797045e-02
   outer loop
     vertex  1.805664e-01  4.014414e-02  5.215493e-01
     vertex  1.806448e-01  4.014414e-02  5.204732e-01
     vertex  1.804181e-01  3.976661e-02  5.216118e-01
   endloop
 endfacet
 facet normal -8.603853e-01  4.762973e-01 -1.813230e-01
   outer loop
     vertex  1.803261e-01  4.014414e-02  5.230400e-01
     vertex  1.804181e-01  3.976661e-02  5.216118e-01
     vertex  1.797640e-01  3.976661e-02  5.247154e-01
   endloop
 endfacet
 facet normal -3.404028e-01  9.376814e-01 -6.985320e-02
   outer loop
     vertex  1.803261e-01  4.014414e-02  5.230400e-01
     vertex  1.803589e-01  4.026998e-02  5.245693e-01
     vertex  1.810040e-01  4.026998e-02  5.214259e-01
   endloop
 endfacet
 facet normal -9.284566e-01  3.399536e-01 -1.496660e-01
   outer loop
     vertex  1.803261e-01  4.014414e-02  5.230400e-01
     vertex  1.805664e-01  4.014414e-02  5.215493e-01
     vertex  1.804181e-01  3.976661e-02  5.216118e-01
   endloop
 endfacet
 facet normal -2.881657e-01  9.564532e-01 -4.645194e-02
   outer loop
     vertex  1.803261e-01  4.014414e-02  5.230400e-01
     vertex  1.810040e-01  4.026998e-02  5.214259e-01
     vertex  1.805664e-01  4.014414e-02  5.215493e-01
   endloop
 endfacet
 facet normal -9.118972e-01  3.404453e-01 -2.292170e-01
   outer loop
     vertex  1.799220e-01  4.014414e-02  5.246477e-01
     vertex  1.803261e-01  4.014414e-02  5.230400e-01
     vertex  1.797640e-01  3.976661e-02  5.247154e-01
   endloop
 endfacet
 facet normal -2.880054e-01  9.548885e-01 -7.239382e-02
   outer loop
     vertex  1.799220e-01  4.014414e-02  5.246477e-01
     vertex  1.803589e-01  4.026998e-02  5.245693e-01
     vertex  1.803261e-01  4.014414e-02  5.230400e-01
   endloop
 endfacet
 facet normal -2.916370e-01  9.514836e-01 -9.811664e-02
   outer loop
     vertex  1.792869e-01  4.014414e-02  5.265353e-01
     vertex  1.803589e-01  4.026998e-02  5.245693e-01
     vertex  1.799220e-01  4.014414e-02  5.246477e-01
   endloop
 endfacet
 facet normal -8.231488e-01  4.731441e-01 -3.139438e-01
   outer loop
     vertex  1.792869e-01  4.014414e-02  5.265353e-01
     vertex  1.797640e-01  3.976661e-02  5.247154e-01
     vertex  1.782641e-01  3.976661e-02  5.286481e-01
   endloop
 endfacet
 facet normal -8.975196e-01  3.213737e-01 -3.019562e-01
   outer loop
     vertex  1.792869e-01  4.014414e-02  5.265353e-01
     vertex  1.799220e-01  4.014414e-02  5.246477e-01
     vertex  1.797640e-01  3.976661e-02  5.247154e-01
   endloop
 endfacet
 facet normal -3.480700e-01  9.283595e-01 -1.303681e-01
   outer loop
     vertex  1.792869e-01  4.014414e-02  5.265353e-01
     vertex  1.788691e-01  4.026998e-02  5.285469e-01
     vertex  1.803589e-01  4.026998e-02  5.245693e-01
   endloop
 endfacet
 facet normal -8.715118e-01  3.297088e-01 -3.629867e-01
   outer loop
     vertex  1.784390e-01  4.014414e-02  5.285710e-01
     vertex  1.792869e-01  4.014414e-02  5.265353e-01
     vertex  1.782641e-01  3.976661e-02  5.286481e-01
   endloop
 endfacet
 facet normal -8.461549e-01  3.024673e-01 -4.387887e-01
   outer loop
     vertex  1.784390e-01  4.014414e-02  5.285710e-01
     vertex  1.782641e-01  3.976661e-02  5.286481e-01
     vertex  1.762552e-01  4.014414e-02  5.327823e-01
   endloop
 endfacet
 facet normal -2.853680e-01  9.469246e-01 -1.479827e-01
   outer loop
     vertex  1.784390e-01  4.014414e-02  5.285710e-01
     vertex  1.762552e-01  4.014414e-02  5.327823e-01
     vertex  1.788691e-01  4.026998e-02  5.285469e-01
   endloop
 endfacet
 facet normal -2.849652e-01  9.511613e-01 -1.186887e-01
   outer loop
     vertex  1.784390e-01  4.014414e-02  5.285710e-01
     vertex  1.788691e-01  4.026998e-02  5.285469e-01
     vertex  1.792869e-01  4.014414e-02  5.265353e-01
   endloop
 endfacet
 facet normal -8.081863e-01  3.265616e-01 -4.900943e-01
   outer loop
     vertex  1.749912e-01  4.014414e-02  5.348666e-01
     vertex  1.762552e-01  4.014414e-02  5.327823e-01
     vertex  1.747932e-01  3.976661e-02  5.349417e-01
   endloop
 endfacet
 facet normal -2.678476e-01  9.496712e-01 -1.624262e-01
   outer loop
     vertex  1.749912e-01  4.014414e-02  5.348666e-01
     vertex  1.753897e-01  4.026998e-02  5.349454e-01
     vertex  1.762552e-01  4.014414e-02  5.327823e-01
   endloop
 endfacet
 facet normal -6.496328e-01  5.754294e-01 -4.968482e-01
   outer loop
     vertex  1.731524e-01  4.014414e-02  5.375243e-01
     vertex  1.747932e-01  3.976661e-02  5.349417e-01
     vertex  1.710881e-01  3.976661e-02  5.397860e-01
   endloop
 endfacet
 facet normal -2.632321e-01  9.473839e-01 -1.821333e-01
   outer loop
     vertex  1.731524e-01  4.014414e-02  5.375243e-01
     vertex  1.753897e-01  4.026998e-02  5.349454e-01
     vertex  1.749912e-01  4.014414e-02  5.348666e-01
   endloop
 endfacet
 facet normal -3.626416e-01  8.916269e-01 -2.710951e-01
   outer loop
     vertex  1.731524e-01  4.014414e-02  5.375243e-01
     vertex  1.716208e-01  4.026998e-02  5.399869e-01
     vertex  1.753897e-01  4.026998e-02  5.349454e-01
   endloop
 endfacet
 facet normal -7.836056e-01  3.033103e-01 -5.421855e-01
   outer loop
     vertex  1.731524e-01  4.014414e-02  5.375243e-01
     vertex  1.749912e-01  4.014414e-02  5.348666e-01
     vertex  1.747932e-01  3.976661e-02  5.349417e-01
   endloop
 endfacet
 facet normal -7.206507e-01  3.480141e-01 -5.996239e-01
   outer loop
     vertex  1.712844e-01  4.014414e-02  5.397692e-01
     vertex  1.731524e-01  4.014414e-02  5.375243e-01
     vertex  1.710881e-01  3.976661e-02  5.397860e-01
   endloop
 endfacet
 facet normal -2.318460e-01  9.534324e-01 -1.929095e-01
   outer loop
     vertex  1.712844e-01  4.014414e-02  5.397692e-01
     vertex  1.716208e-01  4.026998e-02  5.399869e-01
     vertex  1.731524e-01  4.014414e-02  5.375243e-01
   endloop
 endfacet
 facet normal -6.624269e-01  3.141650e-01 -6.800669e-01
   outer loop
     vertex  1.696840e-01  4.014414e-02  5.413282e-01
     vertex  1.712844e-01  4.014414e-02  5.397692e-01
     vertex  1.710881e-01  3.976661e-02  5.397860e-01
   endloop
 endfacet
 facet normal -5.279315e-01  5.780525e-01 -6.222087e-01
   outer loop
     vertex  1.696840e-01  4.014414e-02  5.413282e-01
     vertex  1.710881e-01  3.976661e-02  5.397860e-01
     vertex  1.678613e-01  3.976661e-02  5.425240e-01
   endloop
 endfacet
 facet normal -2.139453e-01  9.518322e-01 -2.196426e-01
   outer loop
     vertex  1.696840e-01  4.014414e-02  5.413282e-01
     vertex  1.716208e-01  4.026998e-02  5.399869e-01
     vertex  1.712844e-01  4.014414e-02  5.397692e-01
   endloop
 endfacet
 facet normal -2.714653e-01  9.123710e-01 -3.064079e-01
   outer loop
     vertex  1.696840e-01  4.014414e-02  5.413282e-01
     vertex  1.683406e-01  4.026998e-02  5.428931e-01
     vertex  1.716208e-01  4.026998e-02  5.399869e-01
   endloop
 endfacet
 facet normal -1.701243e-01  9.598061e-01 -2.232262e-01
   outer loop
     vertex  1.680571e-01  4.014414e-02  5.425680e-01
     vertex  1.683406e-01  4.026998e-02  5.428931e-01
     vertex  1.696840e-01  4.014414e-02  5.413282e-01
   endloop
 endfacet
 facet normal -5.613769e-01  3.771904e-01 -7.366026e-01
   outer loop
     vertex  1.680571e-01  4.014414e-02  5.425680e-01
     vertex  1.696840e-01  4.014414e-02  5.413282e-01
     vertex  1.678613e-01  3.976661e-02  5.425240e-01
   endloop
 endfacet
 facet normal -3.812417e-01  5.006871e-01 -7.771533e-01
   outer loop
     vertex  1.668568e-01  4.014414e-02  5.432599e-01
     vertex  1.678613e-01  3.976661e-02  5.425240e-01
     vertex  1.656831e-01  3.976661e-02  5.435925e-01
   endloop
 endfacet
 facet normal -4.698631e-01  3.388776e-01 -8.151016e-01
   outer loop
     vertex  1.668568e-01  4.014414e-02  5.432599e-01
     vertex  1.680571e-01  4.014414e-02  5.425680e-01
     vertex  1.678613e-01  3.976661e-02  5.425240e-01
   endloop
 endfacet
 facet normal -1.423515e-01  9.585164e-01 -2.469462e-01
   outer loop
     vertex  1.668568e-01  4.014414e-02  5.432599e-01
     vertex  1.683406e-01  4.026998e-02  5.428931e-01
     vertex  1.680571e-01  4.014414e-02  5.425680e-01
   endloop
 endfacet
 facet normal -1.529996e-01  9.430709e-01 -2.953106e-01
   outer loop
     vertex  1.668568e-01  4.014414e-02  5.432599e-01
     vertex  1.658804e-01  4.026998e-02  5.441677e-01
     vertex  1.683406e-01  4.026998e-02  5.428931e-01
   endloop
 endfacet
 facet normal -3.626825e-01  3.767439e-01 -8.523646e-01
   outer loop
     vertex  1.657586e-01  4.014414e-02  5.437272e-01
     vertex  1.668568e-01  4.014414e-02  5.432599e-01
     vertex  1.656831e-01  3.976661e-02  5.435925e-01
   endloop
 endfacet
 facet normal -1.048020e-01  9.635101e-01 -2.463023e-01
   outer loop
     vertex  1.657586e-01  4.014414e-02  5.437272e-01
     vertex  1.658804e-01  4.026998e-02  5.441677e-01
     vertex  1.668568e-01  4.014414e-02  5.432599e-01
   endloop
 endfacet
 facet normal -1.931523e-01  4.827980e-01 -8.541653e-01
   outer loop
     vertex  1.647584e-01  4.014414e-02  5.440150e-01
     vertex  1.656831e-01  3.976661e-02  5.435925e-01
     vertex  1.638680e-01  3.976661e-02  5.440029e-01
   endloop
 endfacet
 facet normal -7.340606e-02  9.641101e-01 -2.551534e-01
   outer loop
     vertex  1.647584e-01  4.014414e-02  5.440150e-01
     vertex  1.658804e-01  4.026998e-02  5.441677e-01
     vertex  1.657586e-01  4.014414e-02  5.437272e-01
   endloop
 endfacet
 facet normal -2.568572e-01  3.700093e-01 -8.928144e-01
   outer loop
     vertex  1.647584e-01  4.014414e-02  5.440150e-01
     vertex  1.657586e-01  4.014414e-02  5.437272e-01
     vertex  1.656831e-01  3.976661e-02  5.435925e-01
   endloop
 endfacet
 facet normal -6.710292e-02  9.537710e-01 -2.929471e-01
   outer loop
     vertex  1.647584e-01  4.014414e-02  5.440150e-01
     vertex  1.638303e-01  4.026998e-02  5.446373e-01
     vertex  1.658804e-01  4.026998e-02  5.441677e-01
   endloop
 endfacet
 facet normal -4.166995e-02  9.654136e-01 -2.573716e-01
   outer loop
     vertex  1.638433e-01  4.014414e-02  5.441631e-01
     vertex  1.638303e-01  4.026998e-02  5.446373e-01
     vertex  1.647584e-01  4.014414e-02  5.440150e-01
   endloop
 endfacet
 facet normal -1.479588e-01  3.781186e-01 -9.138570e-01
   outer loop
     vertex  1.638433e-01  4.014414e-02  5.441631e-01
     vertex  1.647584e-01  4.014414e-02  5.440150e-01
     vertex  1.638680e-01  3.976661e-02  5.440029e-01
   endloop
 endfacet
 facet normal  4.714979e-03  4.753878e-01 -8.797637e-01
   outer loop
     vertex  1.629959e-01  4.014414e-02  5.442023e-01
     vertex  1.638680e-01  3.976661e-02  5.440029e-01
     vertex  1.621873e-01  3.976661e-02  5.439939e-01
   endloop
 endfacet
 facet normal -1.185486e-02  9.663880e-01 -2.568144e-01
   outer loop
     vertex  1.629959e-01  4.014414e-02  5.442023e-01
     vertex  1.638303e-01  4.026998e-02  5.446373e-01
     vertex  1.638433e-01  4.014414e-02  5.441631e-01
   endloop
 endfacet
 facet normal -4.250085e-02  3.879375e-01 -9.207052e-01
   outer loop
     vertex  1.629959e-01  4.014414e-02  5.442023e-01
     vertex  1.638433e-01  4.014414e-02  5.441631e-01
     vertex  1.638680e-01  3.976661e-02  5.440029e-01
   endloop
 endfacet
 facet normal  5.928539e-03  9.575060e-01 -2.883522e-01
   outer loop
     vertex  1.629959e-01  4.014414e-02  5.442023e-01
     vertex  1.619852e-01  4.026998e-02  5.445994e-01
     vertex  1.638303e-01  4.026998e-02  5.446373e-01
   endloop
 endfacet
 facet normal  6.346305e-02  3.745455e-01 -9.250341e-01
   outer loop
     vertex  1.620957e-01  4.014414e-02  5.441405e-01
     vertex  1.629959e-01  4.014414e-02  5.442023e-01
     vertex  1.621873e-01  3.976661e-02  5.439939e-01
   endloop
 endfacet
 facet normal  1.786780e-02  9.653246e-01 -2.604402e-01
   outer loop
     vertex  1.620957e-01  4.014414e-02  5.441405e-01
     vertex  1.619852e-01  4.026998e-02  5.445994e-01
     vertex  1.629959e-01  4.014414e-02  5.442023e-01
   endloop
 endfacet
 facet normal  1.963671e-01  4.683113e-01 -8.614665e-01
   outer loop
     vertex  1.612484e-01  4.014414e-02  5.439851e-01
     vertex  1.621873e-01  3.976661e-02  5.439939e-01
     vertex  1.605067e-01  3.976661e-02  5.436108e-01
   endloop
 endfacet
 facet normal  4.653313e-02  9.661469e-01 -2.537614e-01
   outer loop
     vertex  1.612484e-01  4.014414e-02  5.439851e-01
     vertex  1.619852e-01  4.026998e-02  5.445994e-01
     vertex  1.620957e-01  4.014414e-02  5.441405e-01
   endloop
 endfacet
 facet normal  1.659567e-01  3.916590e-01 -9.050202e-01
   outer loop
     vertex  1.612484e-01  4.014414e-02  5.439851e-01
     vertex  1.620957e-01  4.014414e-02  5.441405e-01
     vertex  1.621873e-01  3.976661e-02  5.439939e-01
   endloop
 endfacet
 facet normal  7.281014e-02  9.562754e-01 -2.832598e-01
   outer loop
     vertex  1.612484e-01  4.014414e-02  5.439851e-01
     vertex  1.601401e-01  4.026998e-02  5.441251e-01
     vertex  1.619852e-01  4.026998e-02  5.445994e-01
   endloop
 endfacet
 facet normal  2.662931e-01  3.623803e-01 -8.931789e-01
   outer loop
     vertex  1.603481e-01  4.014414e-02  5.437167e-01
     vertex  1.612484e-01  4.014414e-02  5.439851e-01
     vertex  1.605067e-01  3.976661e-02  5.436108e-01
   endloop
 endfacet
 facet normal  7.682399e-02  9.631722e-01 -2.576768e-01
   outer loop
     vertex  1.603481e-01  4.014414e-02  5.437167e-01
     vertex  1.601401e-01  4.026998e-02  5.441251e-01
     vertex  1.612484e-01  4.014414e-02  5.439851e-01
   endloop
 endfacet
 facet normal  3.666273e-01  4.509629e-01 -8.137671e-01
   outer loop
     vertex  1.595008e-01  4.014414e-02  5.433668e-01
     vertex  1.605067e-01  3.976661e-02  5.436108e-01
     vertex  1.588260e-01  3.976661e-02  5.428536e-01
   endloop
 endfacet
 facet normal  1.013535e-01  9.640932e-01 -2.454625e-01
   outer loop
     vertex  1.595008e-01  4.014414e-02  5.433668e-01
     vertex  1.601401e-01  4.026998e-02  5.441251e-01
     vertex  1.603481e-01  4.014414e-02  5.437167e-01
   endloop
 endfacet
 facet normal  3.519323e-01  3.868911e-01 -8.523256e-01
   outer loop
     vertex  1.595008e-01  4.014414e-02  5.433668e-01
     vertex  1.603481e-01  4.014414e-02  5.437167e-01
     vertex  1.605067e-01  3.976661e-02  5.436108e-01
   endloop
 endfacet
 facet normal  1.337242e-01  9.532579e-01 -2.709561e-01
   outer loop
     vertex  1.595008e-01  4.014414e-02  5.433668e-01
     vertex  1.582949e-01  4.026998e-02  5.432145e-01
     vertex  1.601401e-01  4.026998e-02  5.441251e-01
   endloop
 endfacet
 facet normal  4.379486e-01  3.455008e-01 -8.299580e-01
   outer loop
     vertex  1.586005e-01  4.014414e-02  5.428918e-01
     vertex  1.595008e-01  4.014414e-02  5.433668e-01
     vertex  1.588260e-01  3.976661e-02  5.428536e-01
   endloop
 endfacet
 facet normal  1.316514e-01  9.593858e-01 -2.494931e-01
   outer loop
     vertex  1.586005e-01  4.014414e-02  5.428918e-01
     vertex  1.582949e-01  4.026998e-02  5.432145e-01
     vertex  1.595008e-01  4.014414e-02  5.433668e-01
   endloop
 endfacet
 facet normal  5.044846e-01  4.286976e-01 -7.494756e-01
   outer loop
     vertex  1.577532e-01  4.014414e-02  5.423474e-01
     vertex  1.588260e-01  3.976661e-02  5.428536e-01
     vertex  1.571454e-01  3.976661e-02  5.417223e-01
   endloop
 endfacet
 facet normal  1.496868e-01  9.608885e-01 -2.329962e-01
   outer loop
     vertex  1.577532e-01  4.014414e-02  5.423474e-01
     vertex  1.582949e-01  4.026998e-02  5.432145e-01
     vertex  1.586005e-01  4.014414e-02  5.428918e-01
   endloop
 endfacet
 facet normal  5.004757e-01  3.776937e-01 -7.790196e-01
   outer loop
     vertex  1.577532e-01  4.014414e-02  5.423474e-01
     vertex  1.586005e-01  4.014414e-02  5.428918e-01
     vertex  1.588260e-01  3.976661e-02  5.428536e-01
   endloop
 endfacet
 facet normal  1.849840e-01  9.495103e-01 -2.533990e-01
   outer loop
     vertex  1.577532e-01  4.014414e-02  5.423474e-01
     vertex  1.564498e-01  4.026998e-02  5.418675e-01
     vertex  1.582949e-01  4.026998e-02  5.432145e-01
   endloop
 endfacet
 facet normal  5.701232e-01  3.287284e-01 -7.529258e-01
   outer loop
     vertex  1.568530e-01  4.014414e-02  5.416658e-01
     vertex  1.577532e-01  4.014414e-02  5.423474e-01
     vertex  1.571454e-01  3.976661e-02  5.417223e-01
   endloop
 endfacet
 facet normal  1.794526e-01  9.547941e-01 -2.369917e-01
   outer loop
     vertex  1.568530e-01  4.014414e-02  5.416658e-01
     vertex  1.564498e-01  4.026998e-02  5.418675e-01
     vertex  1.577532e-01  4.014414e-02  5.423474e-01
   endloop
 endfacet
 facet normal  6.073485e-01  4.551851e-01 -6.511024e-01
   outer loop
     vertex  1.557232e-01  4.014414e-02  5.406597e-01
     vertex  1.571454e-01  3.976661e-02  5.417223e-01
     vertex  1.549045e-01  3.976661e-02  5.396321e-01
   endloop
 endfacet
 facet normal  2.485917e-01  9.365512e-01 -2.471315e-01
   outer loop
     vertex  1.557232e-01  4.014414e-02  5.406597e-01
     vertex  1.539897e-01  4.026998e-02  5.393928e-01
     vertex  1.564498e-01  4.026998e-02  5.418675e-01
   endloop
 endfacet
 facet normal  6.168054e-01  3.739181e-01 -6.926300e-01
   outer loop
     vertex  1.557232e-01  4.014414e-02  5.406597e-01
     vertex  1.568530e-01  4.014414e-02  5.416658e-01
     vertex  1.571454e-01  3.976661e-02  5.417223e-01
   endloop
 endfacet
 facet normal  1.913978e-01  9.576918e-01 -2.149265e-01
   outer loop
     vertex  1.557232e-01  4.014414e-02  5.406597e-01
     vertex  1.564498e-01  4.026998e-02  5.418675e-01
     vertex  1.568530e-01  4.014414e-02  5.416658e-01
   endloop
 endfacet
 facet normal  6.881544e-01  3.026342e-01 -6.594362e-01
   outer loop
     vertex  1.545229e-01  4.014414e-02  5.394071e-01
     vertex  1.557232e-01  4.014414e-02  5.406597e-01
     vertex  1.549045e-01  3.976661e-02  5.396321e-01
   endloop
 endfacet
 facet normal  2.296449e-01  9.480697e-01 -2.200613e-01
   outer loop
     vertex  1.545229e-01  4.014414e-02  5.394071e-01
     vertex  1.539897e-01  4.026998e-02  5.393928e-01
     vertex  1.557232e-01  4.014414e-02  5.406597e-01
   endloop
 endfacet
 facet normal  6.710791e-01  5.335886e-01 -5.147194e-01
   outer loop
     vertex  1.528282e-01  4.014414e-02  5.373164e-01
     vertex  1.549045e-01  3.976661e-02  5.396321e-01
     vertex  1.515432e-01  3.976661e-02  5.352496e-01
   endloop
 endfacet
 facet normal  3.526238e-01  9.012326e-01 -2.518656e-01
   outer loop
     vertex  1.528282e-01  4.014414e-02  5.373164e-01
     vertex  1.502994e-01  4.026998e-02  5.342263e-01
     vertex  1.539897e-01  4.026998e-02  5.393928e-01
   endloop
 endfacet
 facet normal  7.187732e-01  3.793515e-01 -5.826298e-01
   outer loop
     vertex  1.528282e-01  4.014414e-02  5.373164e-01
     vertex  1.545229e-01  4.014414e-02  5.394071e-01
     vertex  1.549045e-01  3.976661e-02  5.396321e-01
   endloop
 endfacet
 facet normal  2.303909e-01  9.550097e-01 -1.867524e-01
   outer loop
     vertex  1.528282e-01  4.014414e-02  5.373164e-01
     vertex  1.539897e-01  4.026998e-02  5.393928e-01
     vertex  1.545229e-01  4.014414e-02  5.394071e-01
   endloop
 endfacet
 facet normal  7.971285e-01  3.648155e-01 -4.811402e-01
   outer loop
     vertex  1.510277e-01  4.014414e-02  5.346820e-01
     vertex  1.515432e-01  3.976661e-02  5.352496e-01
     vertex  1.498811e-01  4.014414e-02  5.327823e-01
   endloop
 endfacet
 facet normal  2.640911e-01  9.512342e-01 -1.594032e-01
   outer loop
     vertex  1.510277e-01  4.014414e-02  5.346820e-01
     vertex  1.498811e-01  4.014414e-02  5.327823e-01
     vertex  1.502994e-01  4.026998e-02  5.342263e-01
   endloop
 endfacet
 facet normal  7.952908e-01  2.684983e-01 -5.435266e-01
   outer loop
     vertex  1.510277e-01  4.014414e-02  5.346820e-01
     vertex  1.528282e-01  4.014414e-02  5.373164e-01
     vertex  1.515432e-01  3.976661e-02  5.352496e-01
   endloop
 endfacet
 facet normal  2.835019e-01  9.391944e-01 -1.937540e-01
   outer loop
     vertex  1.510277e-01  4.014414e-02  5.346820e-01
     vertex  1.502994e-01  4.026998e-02  5.342263e-01
     vertex  1.528282e-01  4.014414e-02  5.373164e-01
   endloop
 endfacet
 facet normal  8.410544e-01  3.430888e-01 -4.182314e-01
   outer loop
     vertex  1.471258e-01  4.014414e-02  5.272414e-01
     vertex  1.498811e-01  4.014414e-02  5.327823e-01
     vertex  1.471992e-01  3.976661e-02  5.270794e-01
   endloop
 endfacet
 facet normal  2.757287e-01  9.514064e-01 -1.371117e-01
   outer loop
     vertex  1.471258e-01  4.014414e-02  5.272414e-01
     vertex  1.467918e-01  4.026998e-02  5.274430e-01
     vertex  1.498811e-01  4.014414e-02  5.327823e-01
   endloop
 endfacet
 facet normal  8.234640e-01  5.064063e-01 -2.558509e-01
   outer loop
     vertex  1.463686e-01  4.014414e-02  5.251531e-01
     vertex  1.471992e-01  3.976661e-02  5.270794e-01
     vertex  1.459593e-01  3.976661e-02  5.230887e-01
   endloop
 endfacet
 facet normal  4.350966e-01  8.910385e-01 -1.293884e-01
   outer loop
     vertex  1.463686e-01  4.014414e-02  5.251531e-01
     vertex  1.452429e-01  4.026998e-02  5.222344e-01
     vertex  1.467918e-01  4.026998e-02  5.274430e-01
   endloop
 endfacet
 facet normal  8.929671e-01  3.126815e-01 -3.237901e-01
   outer loop
     vertex  1.463686e-01  4.014414e-02  5.251531e-01
     vertex  1.471258e-01  4.014414e-02  5.272414e-01
     vertex  1.471992e-01  3.976661e-02  5.270794e-01
   endloop
 endfacet
 facet normal  2.936755e-01  9.499554e-01 -1.064868e-01
   outer loop
     vertex  1.463686e-01  4.014414e-02  5.251531e-01
     vertex  1.467918e-01  4.026998e-02  5.274430e-01
     vertex  1.471258e-01  4.014414e-02  5.272414e-01
   endloop
 endfacet
 facet normal  9.286468e-01  2.859032e-01 -2.363778e-01
   outer loop
     vertex  1.457405e-01  4.014414e-02  5.226855e-01
     vertex  1.463686e-01  4.014414e-02  5.251531e-01
     vertex  1.459593e-01  3.976661e-02  5.230887e-01
   endloop
 endfacet
 facet normal  3.113554e-01  9.469830e-01 -7.925242e-02
   outer loop
     vertex  1.457405e-01  4.014414e-02  5.226855e-01
     vertex  1.452429e-01  4.026998e-02  5.222344e-01
     vertex  1.463686e-01  4.014414e-02  5.251531e-01
   endloop
 endfacet
 facet normal  8.817448e-01  4.591404e-01 -1.082412e-01
   outer loop
     vertex  1.455476e-01  4.014414e-02  5.213358e-01
     vertex  1.459593e-01  3.976661e-02  5.230887e-01
     vertex  1.456348e-01  3.976661e-02  5.204452e-01
   endloop
 endfacet
 facet normal  3.408121e-01  9.399938e-01 -1.608748e-02
   outer loop
     vertex  1.455476e-01  4.014414e-02  5.213358e-01
     vertex  1.450903e-01  4.026998e-02  5.190011e-01
     vertex  1.452429e-01  4.026998e-02  5.222344e-01
   endloop
 endfacet
 facet normal  9.117992e-01  3.894085e-01 -1.303198e-01
   outer loop
     vertex  1.455476e-01  4.014414e-02  5.213358e-01
     vertex  1.457405e-01  4.014414e-02  5.226855e-01
     vertex  1.459593e-01  3.976661e-02  5.230887e-01
   endloop
 endfacet
 facet normal  2.788017e-01  9.595216e-01 -3.984801e-02
   outer loop
     vertex  1.455476e-01  4.014414e-02  5.213358e-01
     vertex  1.452429e-01  4.026998e-02  5.222344e-01
     vertex  1.457405e-01  4.014414e-02  5.226855e-01
   endloop
 endfacet
 facet normal  8.816540e-01  4.664460e-01  7.151534e-02
   outer loop
     vertex  1.454900e-01  4.014414e-02  5.197680e-01
     vertex  1.456348e-01  3.976661e-02  5.204452e-01
     vertex  1.458221e-01  3.976661e-02  5.181361e-01
   endloop
 endfacet
 facet normal  9.524692e-01  3.026217e-01 -3.496367e-02
   outer loop
     vertex  1.454900e-01  4.014414e-02  5.197680e-01
     vertex  1.455476e-01  4.014414e-02  5.213358e-01
     vertex  1.456348e-01  3.976661e-02  5.204452e-01
   endloop
 endfacet
 facet normal  3.207431e-01  9.470930e-01 -1.177398e-02
   outer loop
     vertex  1.454900e-01  4.014414e-02  5.197680e-01
     vertex  1.450903e-01  4.026998e-02  5.190011e-01
     vertex  1.455476e-01  4.014414e-02  5.213358e-01
   endloop
 endfacet
 facet normal  2.881471e-01  9.558227e-01  5.808743e-02
   outer loop
     vertex  1.455874e-01  4.014414e-02  5.186056e-01
     vertex  1.455162e-01  4.026998e-02  5.168881e-01
     vertex  1.450903e-01  4.026998e-02  5.190011e-01
   endloop
 endfacet
 facet normal  8.856988e-01  4.582882e-01  7.422573e-02
   outer loop
     vertex  1.455874e-01  4.014414e-02  5.186056e-01
     vertex  1.454900e-01  4.014414e-02  5.197680e-01
     vertex  1.458221e-01  3.976661e-02  5.181361e-01
   endloop
 endfacet
 facet normal  2.616843e-01  9.649043e-01  2.193038e-02
   outer loop
     vertex  1.455874e-01  4.014414e-02  5.186056e-01
     vertex  1.450903e-01  4.026998e-02  5.190011e-01
     vertex  1.454900e-01  4.014414e-02  5.197680e-01
   endloop
 endfacet
 facet normal  8.378211e-01  4.703885e-01  2.771108e-01
   outer loop
     vertex  1.457957e-01  4.014414e-02  5.175750e-01
     vertex  1.458221e-01  3.976661e-02  5.181361e-01
     vertex  1.464437e-01  3.976661e-02  5.162568e-01
   endloop
 endfacet
 facet normal  2.875515e-01  9.559998e-01  5.812510e-02
   outer loop
     vertex  1.457957e-01  4.014414e-02  5.175750e-01
     vertex  1.455162e-01  4.026998e-02  5.168881e-01
     vertex  1.455874e-01  4.014414e-02  5.186056e-01
   endloop
 endfacet
 facet normal  9.213697e-01  3.411614e-01  1.862439e-01
   outer loop
     vertex  1.457957e-01  4.014414e-02  5.175750e-01
     vertex  1.455874e-01  4.014414e-02  5.186056e-01
     vertex  1.458221e-01  3.976661e-02  5.181361e-01
   endloop
 endfacet
 facet normal  2.561588e-01  9.591085e-01  1.203889e-01
   outer loop
     vertex  1.461097e-01  4.014414e-02  5.166278e-01
     vertex  1.463236e-01  4.026998e-02  5.151701e-01
     vertex  1.455162e-01  4.026998e-02  5.168881e-01
   endloop
 endfacet
 facet normal  8.385267e-01  4.686254e-01  2.779626e-01
   outer loop
     vertex  1.461097e-01  4.014414e-02  5.166278e-01
     vertex  1.457957e-01  4.014414e-02  5.175750e-01
     vertex  1.464437e-01  3.976661e-02  5.162568e-01
   endloop
 endfacet
 facet normal  2.400365e-01  9.674974e-01  7.956952e-02
   outer loop
     vertex  1.461097e-01  4.014414e-02  5.166278e-01
     vertex  1.455162e-01  4.026998e-02  5.168881e-01
     vertex  1.457957e-01  4.014414e-02  5.175750e-01
   endloop
 endfacet
 facet normal  2.536104e-01  9.598246e-01  1.200767e-01
   outer loop
     vertex  1.465060e-01  4.014414e-02  5.157909e-01
     vertex  1.463236e-01  4.026998e-02  5.151701e-01
     vertex  1.461097e-01  4.014414e-02  5.166278e-01
   endloop
 endfacet
 facet normal  8.451484e-01  3.544048e-01  4.001518e-01
   outer loop
     vertex  1.465060e-01  4.014414e-02  5.157909e-01
     vertex  1.461097e-01  4.014414e-02  5.166278e-01
     vertex  1.464437e-01  3.976661e-02  5.162568e-01
   endloop
 endfacet
 facet normal  2.124690e-01  9.679628e-01  1.338092e-01
   outer loop
     vertex  1.469885e-01  4.014414e-02  5.150247e-01
     vertex  1.463236e-01  4.026998e-02  5.151701e-01
     vertex  1.465060e-01  4.014414e-02  5.157909e-01
   endloop
 endfacet
 facet normal  7.487065e-01  4.641504e-01  4.732895e-01
   outer loop
     vertex  1.469885e-01  4.014414e-02  5.150247e-01
     vertex  1.464437e-01  3.976661e-02  5.162568e-01
     vertex  1.474034e-01  3.976661e-02  5.147385e-01
   endloop
 endfacet
 facet normal  2.205147e-01  9.589255e-01  1.784240e-01
   outer loop
     vertex  1.469885e-01  4.014414e-02  5.150247e-01
     vertex  1.475282e-01  4.026998e-02  5.136814e-01
     vertex  1.463236e-01  4.026998e-02  5.151701e-01
   endloop
 endfacet
 facet normal  7.513374e-01  4.599932e-01  4.731790e-01
   outer loop
     vertex  1.469885e-01  4.014414e-02  5.150247e-01
     vertex  1.465060e-01  4.014414e-02  5.157909e-01
     vertex  1.464437e-01  3.976661e-02  5.162568e-01
   endloop
 endfacet
 facet normal  7.271247e-01  3.527778e-01  5.889291e-01
   outer loop
     vertex  1.475766e-01  4.014414e-02  5.142986e-01
     vertex  1.469885e-01  4.014414e-02  5.150247e-01
     vertex  1.474034e-01  3.976661e-02  5.147385e-01
   endloop
 endfacet
 facet normal  2.201016e-01  9.590491e-01  1.782696e-01
   outer loop
     vertex  1.475766e-01  4.014414e-02  5.142986e-01
     vertex  1.475282e-01  4.026998e-02  5.136814e-01
     vertex  1.469885e-01  4.014414e-02  5.150247e-01
   endloop
 endfacet
 facet normal  6.240378e-01  4.544823e-01  6.356278e-01
   outer loop
     vertex  1.475766e-01  4.014414e-02  5.142986e-01
     vertex  1.474034e-01  3.976661e-02  5.147385e-01
     vertex  1.487326e-01  3.976661e-02  5.134336e-01
   endloop
 endfacet
 facet normal  1.794373e-01  9.665987e-01  1.830004e-01
   outer loop
     vertex  1.482473e-01  4.014414e-02  5.136410e-01
     vertex  1.475282e-01  4.026998e-02  5.136814e-01
     vertex  1.475766e-01  4.014414e-02  5.142986e-01
   endloop
 endfacet
 facet normal  6.242396e-01  4.527920e-01  6.366352e-01
   outer loop
     vertex  1.482473e-01  4.014414e-02  5.136410e-01
     vertex  1.475766e-01  4.014414e-02  5.142986e-01
     vertex  1.487326e-01  3.976661e-02  5.134336e-01
   endloop
 endfacet
 facet normal  1.802634e-01  9.567106e-01  2.284950e-01
   outer loop
     vertex  1.490273e-01  4.014414e-02  5.130256e-01
     vertex  1.475282e-01  4.026998e-02  5.136814e-01
     vertex  1.482473e-01  4.014414e-02  5.136410e-01
   endloop
 endfacet
 facet normal  4.860515e-01  4.379081e-01  7.563005e-01
   outer loop
     vertex  1.490273e-01  4.014414e-02  5.130256e-01
     vertex  1.487326e-01  3.976661e-02  5.134336e-01
     vertex  1.504313e-01  3.976661e-02  5.123419e-01
   endloop
 endfacet
 facet normal  1.809144e-01  9.562078e-01  2.300797e-01
   outer loop
     vertex  1.490273e-01  4.014414e-02  5.130256e-01
     vertex  1.491299e-01  4.026998e-02  5.124220e-01
     vertex  1.475282e-01  4.026998e-02  5.136814e-01
   endloop
 endfacet
 facet normal  5.818328e-01  3.428574e-01  7.375089e-01
   outer loop
     vertex  1.490273e-01  4.014414e-02  5.130256e-01
     vertex  1.482473e-01  4.014414e-02  5.136410e-01
     vertex  1.487326e-01  3.976661e-02  5.134336e-01
   endloop
 endfacet
 facet normal  4.861065e-01  4.306852e-01  7.604017e-01
   outer loop
     vertex  1.498860e-01  4.014414e-02  5.124766e-01
     vertex  1.490273e-01  4.014414e-02  5.130256e-01
     vertex  1.504313e-01  3.976661e-02  5.123419e-01
   endloop
 endfacet
 facet normal  1.440613e-01  9.635680e-01  2.253508e-01
   outer loop
     vertex  1.498860e-01  4.014414e-02  5.124766e-01
     vertex  1.491299e-01  4.026998e-02  5.124220e-01
     vertex  1.490273e-01  4.014414e-02  5.130256e-01
   endloop
 endfacet
 facet normal  4.350799e-01  3.292944e-01  8.380159e-01
   outer loop
     vertex  1.508579e-01  4.014414e-02  5.119721e-01
     vertex  1.498860e-01  4.014414e-02  5.124766e-01
     vertex  1.504313e-01  3.976661e-02  5.123419e-01
   endloop
 endfacet
 facet normal  1.392452e-01  9.532460e-01  2.682029e-01
   outer loop
     vertex  1.508579e-01  4.014414e-02  5.119721e-01
     vertex  1.491299e-01  4.026998e-02  5.124220e-01
     vertex  1.498860e-01  4.014414e-02  5.124766e-01
   endloop
 endfacet
 facet normal  3.551649e-01  4.178407e-01  8.362219e-01
   outer loop
     vertex  1.508579e-01  4.014414e-02  5.119721e-01
     vertex  1.504313e-01  3.976661e-02  5.123419e-01
     vertex  1.524994e-01  3.976661e-02  5.114636e-01
   endloop
 endfacet
 facet normal  1.401151e-01  9.520788e-01  2.718707e-01
   outer loop
     vertex  1.508579e-01  4.014414e-02  5.119721e-01
     vertex  1.511287e-01  4.026998e-02  5.113918e-01
     vertex  1.491299e-01  4.026998e-02  5.124220e-01
   endloop
 endfacet
 facet normal  3.543506e-01  4.060251e-01  8.423653e-01
   outer loop
     vertex  1.519048e-01  4.014414e-02  5.115317e-01
     vertex  1.508579e-01  4.014414e-02  5.119721e-01
     vertex  1.524994e-01  3.976661e-02  5.114636e-01
   endloop
 endfacet
 facet normal  1.089433e-01  9.597188e-01  2.589810e-01
   outer loop
     vertex  1.519048e-01  4.014414e-02  5.115317e-01
     vertex  1.511287e-01  4.026998e-02  5.113918e-01
     vertex  1.508579e-01  4.014414e-02  5.119721e-01
   endloop
 endfacet
 facet normal  2.953947e-01  3.015968e-01  9.065216e-01
   outer loop
     vertex  1.534779e-01  4.014414e-02  5.110191e-01
     vertex  1.519048e-01  4.014414e-02  5.115317e-01
     vertex  1.524994e-01  3.976661e-02  5.114636e-01
   endloop
 endfacet
 facet normal  9.893903e-02  9.476395e-01  3.036289e-01
   outer loop
     vertex  1.534779e-01  4.014414e-02  5.110191e-01
     vertex  1.511287e-01  4.026998e-02  5.113918e-01
     vertex  1.519048e-01  4.014414e-02  5.115317e-01
   endloop
 endfacet
 facet normal  2.177343e-01  4.532711e-01  8.643709e-01
   outer loop
     vertex  1.534779e-01  4.014414e-02  5.110191e-01
     vertex  1.524994e-01  3.976661e-02  5.114636e-01
     vertex  1.558315e-01  3.976661e-02  5.106242e-01
   endloop
 endfacet
 facet normal  1.029621e-01  9.374988e-01  3.324075e-01
   outer loop
     vertex  1.534779e-01  4.014414e-02  5.110191e-01
     vertex  1.544115e-01  4.026998e-02  5.103750e-01
     vertex  1.511287e-01  4.026998e-02  5.113918e-01
   endloop
 endfacet
 facet normal  6.766656e-02  9.561671e-01  2.848959e-01
   outer loop
     vertex  1.551876e-01  4.014414e-02  5.106130e-01
     vertex  1.544115e-01  4.026998e-02  5.103750e-01
     vertex  1.534779e-01  4.014414e-02  5.110191e-01
   endloop
 endfacet
 facet normal  2.128315e-01  3.895375e-01  8.960822e-01
   outer loop
     vertex  1.551876e-01  4.014414e-02  5.106130e-01
     vertex  1.534779e-01  4.014414e-02  5.110191e-01
     vertex  1.558315e-01  3.976661e-02  5.106242e-01
   endloop
 endfacet
 facet normal  5.356267e-02  9.443279e-01  3.246166e-01
   outer loop
     vertex  1.570964e-01  4.014414e-02  5.102980e-01
     vertex  1.544115e-01  4.026998e-02  5.103750e-01
     vertex  1.551876e-01  4.014414e-02  5.106130e-01
   endloop
 endfacet
 facet normal  1.556377e-01  2.933793e-01  9.432420e-01
   outer loop
     vertex  1.570964e-01  4.014414e-02  5.102980e-01
     vertex  1.551876e-01  4.014414e-02  5.106130e-01
     vertex  1.558315e-01  3.976661e-02  5.106242e-01
   endloop
 endfacet
 facet normal  1.120423e-01  4.075275e-01  9.062935e-01
   outer loop
     vertex  1.570964e-01  4.014414e-02  5.102980e-01
     vertex  1.558315e-01  3.976661e-02  5.106242e-01
     vertex  1.592088e-01  3.976661e-02  5.102067e-01
   endloop
 endfacet
 facet normal  5.388887e-02  9.342862e-01  3.524277e-01
   outer loop
     vertex  1.570964e-01  4.014414e-02  5.102980e-01
     vertex  1.583887e-01  4.026998e-02  5.097668e-01
     vertex  1.544115e-01  4.026998e-02  5.103750e-01
   endloop
 endfacet
 facet normal  1.012634e-01  3.403071e-01  9.348459e-01
   outer loop
     vertex  1.588371e-01  4.014414e-02  5.101095e-01
     vertex  1.570964e-01  4.014414e-02  5.102980e-01
     vertex  1.592088e-01  3.976661e-02  5.102067e-01
   endloop
 endfacet
 facet normal  3.315070e-02  9.514409e-01  3.060413e-01
   outer loop
     vertex  1.588371e-01  4.014414e-02  5.101095e-01
     vertex  1.583887e-01  4.026998e-02  5.097668e-01
     vertex  1.570964e-01  4.014414e-02  5.102980e-01
   endloop
 endfacet
 facet normal  3.388208e-02  3.406697e-01  9.395723e-01
   outer loop
     vertex  1.610678e-01  4.008577e-02  5.100239e-01
     vertex  1.592088e-01  3.976661e-02  5.102067e-01
     vertex  1.630681e-01  3.976661e-02  5.100675e-01
   endloop
 endfacet
 facet normal -1.832235e-03  1.240345e-01  9.922762e-01
   outer loop
     vertex  1.610678e-01  4.008577e-02  5.100239e-01
     vertex  1.630681e-01  3.976661e-02  5.100675e-01
     vertex  1.630681e-01  3.996547e-02  5.100426e-01
   endloop
 endfacet
 facet normal  1.470625e-02  3.880150e-01  9.215357e-01
   outer loop
     vertex  1.610678e-01  4.008577e-02  5.100239e-01
     vertex  1.630681e-01  3.996547e-02  5.100426e-01
     vertex  1.630681e-01  4.007043e-02  5.099984e-01
   endloop
 endfacet
 facet normal  5.681294e-02  3.009532e-01  9.519451e-01
   outer loop
     vertex  1.610616e-01  4.014414e-02  5.099767e-01
     vertex  1.588371e-01  4.014414e-02  5.101095e-01
     vertex  1.592088e-01  3.976661e-02  5.102067e-01
   endloop
 endfacet
 facet normal -3.093617e-02  6.262706e-01  7.789917e-01
   outer loop
     vertex  1.610616e-01  4.014414e-02  5.099767e-01
     vertex  1.592088e-01  3.976661e-02  5.102067e-01
     vertex  1.610678e-01  4.008577e-02  5.100239e-01
   endloop
 endfacet
 facet normal  1.471732e-02  6.294528e-01  7.768993e-01
   outer loop
     vertex  1.610616e-01  4.014414e-02  5.099767e-01
     vertex  1.610678e-01  4.008577e-02  5.100239e-01
     vertex  1.630681e-01  4.007043e-02  5.099984e-01
   endloop
 endfacet
 facet normal  1.924090e-02  9.464092e-01  3.223962e-01
   outer loop
     vertex  1.610616e-01  4.014414e-02  5.099767e-01
     vertex  1.583887e-01  4.026998e-02  5.097668e-01
     vertex  1.588371e-01  4.014414e-02  5.101095e-01
   endloop
 endfacet
 facet normal  1.664195e-02  6.712768e-01  7.410199e-01
   outer loop
     vertex  1.610616e-01  4.014414e-02  5.099767e-01
     vertex  1.630681e-01  4.007043e-02  5.099984e-01
     vertex  1.630681e-01  4.018129e-02  5.098980e-01
   endloop
 endfacet
 facet normal -4.458315e-04  9.086768e-01  4.175001e-01
   outer loop
     vertex  1.610616e-01  4.014414e-02  5.099767e-01
     vertex  1.630681e-01  4.018129e-02  5.098980e-01
     vertex  1.630681e-01  4.024781e-02  5.097532e-01
   endloop
 endfacet
 facet normal -3.831711e-02  9.924679e-01  1.163583e-01
   outer loop
     vertex  1.610616e-01  4.014414e-02  5.099767e-01
     vertex  1.630681e-01  4.024781e-02  5.097532e-01
     vertex  1.630681e-01  4.026998e-02  5.095641e-01
   endloop
 endfacet
 facet normal  1.561170e-02  9.326760e-01  3.603772e-01
   outer loop
     vertex  1.610616e-01  4.014414e-02  5.099767e-01
     vertex  1.630681e-01  4.026998e-02  5.095641e-01
     vertex  1.583887e-01  4.026998e-02  5.097668e-01
   endloop
 endfacet
 facet normal -6.925679e-02  8.820702e-01  4.659997e-01
   outer loop
     vertex  1.649330e-01  4.002723e-02  5.100508e-01
     vertex  1.667264e-01  4.019386e-02  5.100020e-01
     vertex  1.667380e-01  4.022009e-02  5.099540e-01
   endloop
 endfacet
 facet normal -6.221416e-02  5.076625e-01  8.593068e-01
   outer loop
     vertex  1.684003e-01  4.002723e-02  5.102996e-01
     vertex  1.630681e-01  3.976661e-02  5.100675e-01
     vertex  1.699742e-01  3.976661e-02  5.105675e-01
   endloop
 endfacet
 facet normal -6.201081e-02  4.989672e-01  8.643995e-01
   outer loop
     vertex  1.684003e-01  4.002723e-02  5.102996e-01
     vertex  1.649330e-01  4.002723e-02  5.100508e-01
     vertex  1.630681e-01  3.976661e-02  5.100675e-01
   endloop
 endfacet
 facet normal -4.903818e-02  7.282381e-01  6.835675e-01
   outer loop
     vertex  1.684003e-01  4.002723e-02  5.102996e-01
     vertex  1.667264e-01  4.019386e-02  5.100020e-01
     vertex  1.649330e-01  4.002723e-02  5.100508e-01
   endloop
 endfacet
 facet normal  1.894823e-03  8.770419e-01  4.804101e-01
   outer loop
     vertex  1.684003e-01  4.002723e-02  5.102996e-01
     vertex  1.667380e-01  4.022009e-02  5.099540e-01
     vertex  1.667264e-01  4.019386e-02  5.100020e-01
   endloop
 endfacet
 facet normal  2.691985e-02  9.928373e-01  1.164016e-01
   outer loop
     vertex  1.640241e-01  4.020929e-02  5.098607e-01
     vertex  1.630681e-01  4.026998e-02  5.095641e-01
     vertex  1.630681e-01  4.024781e-02  5.097532e-01
   endloop
 endfacet
 facet normal -2.871448e-02  6.499228e-01  7.594576e-01
   outer loop
     vertex  1.640241e-01  4.020929e-02  5.098607e-01
     vertex  1.649330e-01  4.002723e-02  5.100508e-01
     vertex  1.667380e-01  4.022009e-02  5.099540e-01
   endloop
 endfacet
 facet normal -1.203918e-02  9.712913e-01  2.375885e-01
   outer loop
     vertex  1.640241e-01  4.020929e-02  5.098607e-01
     vertex  1.667380e-01  4.022009e-02  5.099540e-01
     vertex  1.630681e-01  4.026998e-02  5.095641e-01
   endloop
 endfacet
 facet normal -8.158212e-02  6.501994e-01  7.553709e-01
   outer loop
     vertex  1.692282e-01  4.020929e-02  5.102323e-01
     vertex  1.667380e-01  4.022009e-02  5.099540e-01
     vertex  1.684003e-01  4.002723e-02  5.102996e-01
   endloop
 endfacet
 facet normal -2.211604e-02  9.715881e-01  2.356425e-01
   outer loop
     vertex  1.692282e-01  4.020929e-02  5.102323e-01
     vertex  1.701027e-01  4.026998e-02  5.100641e-01
     vertex  1.667380e-01  4.022009e-02  5.099540e-01
   endloop
 endfacet
 facet normal  3.613800e-02  1.239537e-01  9.916297e-01
   outer loop
     vertex  1.635444e-01  4.004158e-02  5.100158e-01
     vertex  1.630681e-01  3.996547e-02  5.100426e-01
     vertex  1.630681e-01  3.976661e-02  5.100675e-01
   endloop
 endfacet
 facet normal -1.001186e-02  3.880376e-01  9.215892e-01
   outer loop
     vertex  1.635444e-01  4.004158e-02  5.100158e-01
     vertex  1.630681e-01  4.007043e-02  5.099984e-01
     vertex  1.630681e-01  3.996547e-02  5.100426e-01
   endloop
 endfacet
 facet normal  1.371522e-02  6.713067e-01  7.410528e-01
   outer loop
     vertex  1.635444e-01  4.004158e-02  5.100158e-01
     vertex  1.630681e-01  4.018129e-02  5.098980e-01
     vertex  1.630681e-01  4.007043e-02  5.099984e-01
   endloop
 endfacet
 facet normal  1.612081e-01  8.967917e-01  4.120395e-01
   outer loop
     vertex  1.635444e-01  4.004158e-02  5.100158e-01
     vertex  1.630681e-01  4.024781e-02  5.097532e-01
     vertex  1.630681e-01  4.018129e-02  5.098980e-01
   endloop
 endfacet
 facet normal -2.232277e-02  2.220430e-01  9.747813e-01
   outer loop
     vertex  1.635444e-01  4.004158e-02  5.100158e-01
     vertex  1.630681e-01  3.976661e-02  5.100675e-01
     vertex  1.649330e-01  4.002723e-02  5.100508e-01
   endloop
 endfacet
 facet normal -4.486825e-02  7.444234e-01  6.661987e-01
   outer loop
     vertex  1.635444e-01  4.004158e-02  5.100158e-01
     vertex  1.640241e-01  4.020929e-02  5.098607e-01
     vertex  1.630681e-01  4.024781e-02  5.097532e-01
   endloop
 endfacet
 facet normal -1.095324e-02  6.956202e-01  7.183262e-01
   outer loop
     vertex  1.635444e-01  4.004158e-02  5.100158e-01
     vertex  1.649330e-01  4.002723e-02  5.100508e-01
     vertex  1.640241e-01  4.020929e-02  5.098607e-01
   endloop
 endfacet
 facet normal -5.452175e-02  3.257730e-01  9.438747e-01
   outer loop
     vertex  1.695851e-01  4.004158e-02  5.104501e-01
     vertex  1.699742e-01  3.976661e-02  5.105675e-01
     vertex  1.699822e-01  4.014414e-02  5.104377e-01
   endloop
 endfacet
 facet normal -1.253308e-01  2.341991e-01  9.640762e-01
   outer loop
     vertex  1.695851e-01  4.004158e-02  5.104501e-01
     vertex  1.684003e-01  4.002723e-02  5.102996e-01
     vertex  1.699742e-01  3.976661e-02  5.105675e-01
   endloop
 endfacet
 facet normal -9.782779e-02  7.046438e-01  7.027850e-01
   outer loop
     vertex  1.695851e-01  4.004158e-02  5.104501e-01
     vertex  1.692282e-01  4.020929e-02  5.102323e-01
     vertex  1.684003e-01  4.002723e-02  5.102996e-01
   endloop
 endfacet
 facet normal -1.737865e-01  7.503049e-01  6.378408e-01
   outer loop
     vertex  1.698170e-01  4.021288e-02  5.103118e-01
     vertex  1.695851e-01  4.004158e-02  5.104501e-01
     vertex  1.699822e-01  4.014414e-02  5.104377e-01
   endloop
 endfacet
 facet normal -3.160859e-02  9.813152e-01  1.897931e-01
   outer loop
     vertex  1.698170e-01  4.021288e-02  5.103118e-01
     vertex  1.701027e-01  4.026998e-02  5.100641e-01
     vertex  1.692282e-01  4.020929e-02  5.102323e-01
   endloop
 endfacet
 facet normal -9.936924e-02  7.030956e-01  7.041181e-01
   outer loop
     vertex  1.698170e-01  4.021288e-02  5.103118e-01
     vertex  1.692282e-01  4.020929e-02  5.102323e-01
     vertex  1.695851e-01  4.004158e-02  5.104501e-01
   endloop
 endfacet
 facet normal  1.188520e-01  9.287164e-01  3.512265e-01
   outer loop
     vertex  1.698170e-01  4.021288e-02  5.103118e-01
     vertex  1.699822e-01  4.014414e-02  5.104377e-01
     vertex  1.701027e-01  4.026998e-02  5.100641e-01
   endloop
 endfacet
 facet normal -1.231514e-01  0.000000e+00 -9.923879e-01
   outer loop
     vertex  1.593770e-01  3.976661e-02  5.105256e-01
     vertex  1.630681e-01  3.976661e-02  5.100675e-01
     vertex  1.630681e-01  1.510124e-02  5.100675e-01
   endloop
 endfacet
 facet normal -1.231514e-01 -1.385805e-16 -9.923879e-01
   outer loop
     vertex  1.593770e-01  3.976661e-02  5.105256e-01
     vertex  1.630681e-01  1.510124e-02  5.100675e-01
     vertex  1.593770e-01  1.510124e-02  5.105256e-01
   endloop
 endfacet
 facet normal -3.619483e-01 -0.000000e+00 -9.321982e-01
   outer loop
     vertex  1.559107e-01  3.976661e-02  5.118714e-01
     vertex  1.593770e-01  1.510124e-02  5.105256e-01
     vertex  1.559107e-01  1.510124e-02  5.118714e-01
   endloop
 endfacet
 facet normal -3.619483e-01 -4.063632e-16 -9.321982e-01
   outer loop
     vertex  1.559107e-01  3.976661e-02  5.118714e-01
     vertex  1.593770e-01  3.976661e-02  5.105256e-01
     vertex  1.593770e-01  1.510124e-02  5.105256e-01
   endloop
 endfacet
 facet normal -5.752262e-01 -4.329202e-15 -8.179944e-01
   outer loop
     vertex  1.529754e-01  3.976661e-02  5.139356e-01
     vertex  1.559107e-01  1.510124e-02  5.118714e-01
     vertex  1.529754e-01  1.510124e-02  5.139356e-01
   endloop
 endfacet
 facet normal -5.752262e-01  0.000000e+00 -8.179944e-01
   outer loop
     vertex  1.529754e-01  3.976661e-02  5.139356e-01
     vertex  1.559107e-01  3.976661e-02  5.118714e-01
     vertex  1.559107e-01  1.510124e-02  5.118714e-01
   endloop
 endfacet
 facet normal -7.550529e-01 -4.650536e-15 -6.556639e-01
   outer loop
     vertex  1.505309e-01  3.976661e-02  5.167506e-01
     vertex  1.529754e-01  1.510124e-02  5.139356e-01
     vertex  1.505309e-01  1.510124e-02  5.167506e-01
   endloop
 endfacet
 facet normal -7.550529e-01 -3.794922e-15 -6.556639e-01
   outer loop
     vertex  1.505309e-01  3.976661e-02  5.167506e-01
     vertex  1.529754e-01  3.976661e-02  5.139356e-01
     vertex  1.529754e-01  1.510124e-02  5.139356e-01
   endloop
 endfacet
 facet normal -8.931458e-01 -2.010088e-15 -4.497672e-01
   outer loop
     vertex  1.488400e-01  3.976661e-02  5.201084e-01
     vertex  1.505309e-01  1.510124e-02  5.167506e-01
     vertex  1.488400e-01  1.510124e-02  5.201084e-01
   endloop
 endfacet
 facet normal -8.931458e-01 -4.037475e-15 -4.497672e-01
   outer loop
     vertex  1.488400e-01  3.976661e-02  5.201084e-01
     vertex  1.505309e-01  3.976661e-02  5.167506e-01
     vertex  1.505309e-01  1.510124e-02  5.167506e-01
   endloop
 endfacet
 facet normal -9.759692e-01 -0.000000e+00 -2.179084e-01
   outer loop
     vertex  1.480388e-01  3.976661e-02  5.236967e-01
     vertex  1.488400e-01  1.510124e-02  5.201084e-01
     vertex  1.480388e-01  1.510124e-02  5.236967e-01
   endloop
 endfacet
 facet normal -9.759692e-01 -2.194987e-15 -2.179084e-01
   outer loop
     vertex  1.480388e-01  3.976661e-02  5.236967e-01
     vertex  1.488400e-01  3.976661e-02  5.201084e-01
     vertex  1.488400e-01  1.510124e-02  5.201084e-01
   endloop
 endfacet
 facet normal -9.998324e-01  1.042694e-15  1.830708e-02
   outer loop
     vertex  1.481028e-01  3.976661e-02  5.271900e-01
     vertex  1.480388e-01  1.510124e-02  5.236967e-01
     vertex  1.481028e-01  1.510124e-02  5.271900e-01
   endloop
 endfacet
 facet normal -9.998324e-01  0.000000e+00  1.830708e-02
   outer loop
     vertex  1.481028e-01  3.976661e-02  5.271900e-01
     vertex  1.480388e-01  3.976661e-02  5.236967e-01
     vertex  1.480388e-01  1.510124e-02  5.236967e-01
   endloop
 endfacet
 facet normal -9.709265e-01  1.060004e-17  2.393777e-01
   outer loop
     vertex  1.488783e-01  3.976661e-02  5.303355e-01
     vertex  1.481028e-01  3.976661e-02  5.271900e-01
     vertex  1.481028e-01  1.510124e-02  5.271900e-01
   endloop
 endfacet
 facet normal -9.709265e-01  1.092569e-15  2.393777e-01
   outer loop
     vertex  1.488783e-01  3.976661e-02  5.303355e-01
     vertex  1.481028e-01  1.510124e-02  5.271900e-01
     vertex  1.488783e-01  1.510124e-02  5.303355e-01
   endloop
 endfacet
 facet normal -9.017313e-01  1.012657e-15  4.322970e-01
   outer loop
     vertex  1.501537e-01  3.976661e-02  5.329959e-01
     vertex  1.488783e-01  3.976661e-02  5.303355e-01
     vertex  1.488783e-01  1.510124e-02  5.303355e-01
   endloop
 endfacet
 facet normal -9.017313e-01  2.960535e-15  4.322970e-01
   outer loop
     vertex  1.501537e-01  3.976661e-02  5.329959e-01
     vertex  1.488783e-01  1.510124e-02  5.303355e-01
     vertex  1.501537e-01  1.510124e-02  5.329959e-01
   endloop
 endfacet
 facet normal -7.991888e-01  3.599985e-15  6.010800e-01
   outer loop
     vertex  1.519656e-01  3.976661e-02  5.354050e-01
     vertex  1.501537e-01  3.976661e-02  5.329959e-01
     vertex  1.501537e-01  1.510124e-02  5.329959e-01
   endloop
 endfacet
 facet normal -7.991888e-01  2.697947e-15  6.010800e-01
   outer loop
     vertex  1.519656e-01  3.976661e-02  5.354050e-01
     vertex  1.501537e-01  1.510124e-02  5.329959e-01
     vertex  1.519656e-01  1.510124e-02  5.354050e-01
   endloop
 endfacet
 facet normal -6.567026e-01  2.215488e-15  7.541496e-01
   outer loop
     vertex  1.544555e-01  3.976661e-02  5.375732e-01
     vertex  1.519656e-01  3.976661e-02  5.354050e-01
     vertex  1.519656e-01  1.510124e-02  5.354050e-01
   endloop
 endfacet
 facet normal -6.567026e-01  2.955912e-15  7.541496e-01
   outer loop
     vertex  1.544555e-01  3.976661e-02  5.375732e-01
     vertex  1.519656e-01  1.510124e-02  5.354050e-01
     vertex  1.544555e-01  1.510124e-02  5.375732e-01
   endloop
 endfacet
 facet normal -4.700437e-01 -1.328235e-15  8.826432e-01
   outer loop
     vertex  1.575823e-01  3.976661e-02  5.392383e-01
     vertex  1.544555e-01  1.510124e-02  5.375732e-01
     vertex  1.575823e-01  1.510124e-02  5.392383e-01
   endloop
 endfacet
 facet normal -4.700437e-01  2.113265e-15  8.826432e-01
   outer loop
     vertex  1.575823e-01  3.976661e-02  5.392383e-01
     vertex  1.544555e-01  3.976661e-02  5.375732e-01
     vertex  1.544555e-01  1.510124e-02  5.375732e-01
   endloop
 endfacet
 facet normal -2.462422e-01  1.662556e-15  9.692083e-01
   outer loop
     vertex  1.611730e-01  3.976661e-02  5.401506e-01
     vertex  1.575823e-01  1.510124e-02  5.392383e-01
     vertex  1.611730e-01  1.510124e-02  5.401506e-01
   endloop
 endfacet
 facet normal -2.462422e-01 -2.980082e-15  9.692083e-01
   outer loop
     vertex  1.611730e-01  3.976661e-02  5.401506e-01
     vertex  1.575823e-01  3.976661e-02  5.392383e-01
     vertex  1.575823e-01  1.510124e-02  5.392383e-01
   endloop
 endfacet
 facet normal -9.251327e-04  4.507386e-15  9.999996e-01
   outer loop
     vertex  1.649355e-01  3.976661e-02  5.401541e-01
     vertex  1.611730e-01  1.510124e-02  5.401506e-01
     vertex  1.649355e-01  1.510124e-02  5.401541e-01
   endloop
 endfacet
 facet normal -9.251327e-04  6.257088e-18  9.999996e-01
   outer loop
     vertex  1.649355e-01  3.976661e-02  5.401541e-01
     vertex  1.611730e-01  3.976661e-02  5.401506e-01
     vertex  1.611730e-01  1.510124e-02  5.401506e-01
   endloop
 endfacet
 facet normal  2.444756e-01 -1.375524e-15  9.696555e-01
   outer loop
     vertex  1.685287e-01  3.976661e-02  5.392481e-01
     vertex  1.649355e-01  1.510124e-02  5.401541e-01
     vertex  1.685287e-01  1.510124e-02  5.392481e-01
   endloop
 endfacet
 facet normal  2.444756e-01  2.715292e-15  9.696555e-01
   outer loop
     vertex  1.685287e-01  3.976661e-02  5.392481e-01
     vertex  1.649355e-01  3.976661e-02  5.401541e-01
     vertex  1.649355e-01  1.510124e-02  5.401541e-01
   endloop
 endfacet
 facet normal  4.685043e-01 -3.163207e-15  8.834612e-01
   outer loop
     vertex  1.716598e-01  3.976661e-02  5.375877e-01
     vertex  1.685287e-01  1.510124e-02  5.392481e-01
     vertex  1.716598e-01  1.510124e-02  5.375877e-01
   endloop
 endfacet
 facet normal  4.685043e-01 -2.635593e-15  8.834612e-01
   outer loop
     vertex  1.716598e-01  3.976661e-02  5.375877e-01
     vertex  1.685287e-01  3.976661e-02  5.392481e-01
     vertex  1.685287e-01  1.510124e-02  5.392481e-01
   endloop
 endfacet
 facet normal  6.554759e-01 -2.950390e-15  7.552161e-01
   outer loop
     vertex  1.741547e-01  3.976661e-02  5.354223e-01
     vertex  1.716598e-01  1.510124e-02  5.375877e-01
     vertex  1.741547e-01  1.510124e-02  5.354223e-01
   endloop
 endfacet
 facet normal  6.554759e-01 -4.428293e-15  7.552161e-01
   outer loop
     vertex  1.741547e-01  3.976661e-02  5.354223e-01
     vertex  1.716598e-01  3.976661e-02  5.375877e-01
     vertex  1.716598e-01  1.510124e-02  5.375877e-01
   endloop
 endfacet
 facet normal  7.982955e-01 -2.694931e-15  6.022660e-01
   outer loop
     vertex  1.759715e-01  3.976661e-02  5.330142e-01
     vertex  1.741547e-01  1.510124e-02  5.354223e-01
     vertex  1.759715e-01  1.510124e-02  5.330142e-01
   endloop
 endfacet
 facet normal  7.982955e-01 -3.597329e-15  6.022660e-01
   outer loop
     vertex  1.759715e-01  3.976661e-02  5.330142e-01
     vertex  1.741547e-01  3.976661e-02  5.354223e-01
     vertex  1.741547e-01  1.510124e-02  5.354223e-01
   endloop
 endfacet
 facet normal  9.010957e-01 -1.090184e-15  4.336202e-01
   outer loop
     vertex  1.772501e-01  3.976661e-02  5.303572e-01
     vertex  1.759715e-01  1.510124e-02  5.330142e-01
     vertex  1.772501e-01  1.510124e-02  5.303572e-01
   endloop
 endfacet
 facet normal  9.010957e-01 -3.039742e-15  4.336202e-01
   outer loop
     vertex  1.772501e-01  3.976661e-02  5.303572e-01
     vertex  1.759715e-01  3.976661e-02  5.330142e-01
     vertex  1.759715e-01  1.510124e-02  5.330142e-01
   endloop
 endfacet
 facet normal  9.705437e-01  1.076739e-15  2.409253e-01
   outer loop
     vertex  1.780301e-01  3.976661e-02  5.272149e-01
     vertex  1.772501e-01  1.510124e-02  5.303572e-01
     vertex  1.780301e-01  1.510124e-02  5.272149e-01
   endloop
 endfacet
 facet normal  9.705437e-01 -2.190311e-15  2.409253e-01
   outer loop
     vertex  1.780301e-01  3.976661e-02  5.272149e-01
     vertex  1.772501e-01  3.976661e-02  5.303572e-01
     vertex  1.772501e-01  1.510124e-02  5.303572e-01
   endloop
 endfacet
 facet normal  9.997995e-01  1.395472e-15  2.002545e-02
   outer loop
     vertex  1.781001e-01  3.976661e-02  5.237233e-01
     vertex  1.780301e-01  1.510124e-02  5.272149e-01
     vertex  1.781001e-01  1.510124e-02  5.237233e-01
   endloop
 endfacet
 facet normal  9.997995e-01 -9.452326e-16  2.002545e-02
   outer loop
     vertex  1.781001e-01  3.976661e-02  5.237233e-01
     vertex  1.780301e-01  3.976661e-02  5.272149e-01
     vertex  1.780301e-01  1.510124e-02  5.272149e-01
   endloop
 endfacet
 facet normal  9.763616e-01  2.574751e-15 -2.161434e-01
   outer loop
     vertex  1.773056e-01  3.976661e-02  5.201346e-01
     vertex  1.781001e-01  1.510124e-02  5.237233e-01
     vertex  1.773056e-01  1.510124e-02  5.201346e-01
   endloop
 endfacet
 facet normal  9.763616e-01 -1.821876e-15 -2.161434e-01
   outer loop
     vertex  1.773056e-01  3.976661e-02  5.201346e-01
     vertex  1.781001e-01  3.976661e-02  5.237233e-01
     vertex  1.781001e-01  1.510124e-02  5.237233e-01
   endloop
 endfacet
 facet normal  8.939758e-01 -1.023125e-15 -4.481152e-01
   outer loop
     vertex  1.756210e-01  3.976661e-02  5.167739e-01
     vertex  1.773056e-01  3.976661e-02  5.201346e-01
     vertex  1.773056e-01  1.510124e-02  5.201346e-01
   endloop
 endfacet
 facet normal  8.939758e-01  3.012860e-15 -4.481152e-01
   outer loop
     vertex  1.756210e-01  3.976661e-02  5.167739e-01
     vertex  1.773056e-01  1.510124e-02  5.201346e-01
     vertex  1.756210e-01  1.510124e-02  5.167739e-01
   endloop
 endfacet
 facet normal  7.562539e-01  2.161010e-15 -6.542782e-01
   outer loop
     vertex  1.731813e-01  3.976661e-02  5.139539e-01
     vertex  1.756210e-01  1.510124e-02  5.167739e-01
     vertex  1.731813e-01  1.510124e-02  5.139539e-01
   endloop
 endfacet
 facet normal  7.562539e-01  1.307730e-15 -6.542782e-01
   outer loop
     vertex  1.731813e-01  3.976661e-02  5.139539e-01
     vertex  1.756210e-01  3.976661e-02  5.167739e-01
     vertex  1.756210e-01  1.510124e-02  5.167739e-01
   endloop
 endfacet
 facet normal  5.766696e-01  2.200185e-16 -8.169775e-01
   outer loop
     vertex  1.702484e-01  3.976661e-02  5.118837e-01
     vertex  1.731813e-01  3.976661e-02  5.139539e-01
     vertex  1.731813e-01  1.510124e-02  5.139539e-01
   endloop
 endfacet
 facet normal  5.766696e-01  1.514011e-15 -8.169775e-01
   outer loop
     vertex  1.702484e-01  3.976661e-02  5.118837e-01
     vertex  1.731813e-01  1.510124e-02  5.139539e-01
     vertex  1.702484e-01  1.510124e-02  5.118837e-01
   endloop
 endfacet
 facet normal  3.745009e-01 -8.062302e-16 -9.272266e-01
   outer loop
     vertex  1.671283e-01  3.976661e-02  5.106235e-01
     vertex  1.702484e-01  3.976661e-02  5.118837e-01
     vertex  1.702484e-01  1.510124e-02  5.118837e-01
   endloop
 endfacet
 facet normal  3.745009e-01  4.214204e-15 -9.272266e-01
   outer loop
     vertex  1.671283e-01  3.976661e-02  5.106235e-01
     vertex  1.702484e-01  1.510124e-02  5.118837e-01
     vertex  1.671283e-01  1.510124e-02  5.106235e-01
   endloop
 endfacet
 facet normal  2.005153e-01  1.128185e-15 -9.796906e-01
   outer loop
     vertex  1.650491e-01  3.976661e-02  5.101980e-01
     vertex  1.671283e-01  1.510124e-02  5.106235e-01
     vertex  1.650491e-01  1.510124e-02  5.101980e-01
   endloop
 endfacet
 facet normal  2.005153e-01  2.257183e-15 -9.796906e-01
   outer loop
     vertex  1.650491e-01  3.976661e-02  5.101980e-01
     vertex  1.671283e-01  3.976661e-02  5.106235e-01
     vertex  1.671283e-01  1.510124e-02  5.106235e-01
   endloop
 endfacet
 facet normal  6.572991e-02  0.000000e+00 -9.978375e-01
   outer loop
     vertex  1.630681e-01  3.976661e-02  5.100675e-01
     vertex  1.650491e-01  1.510124e-02  5.101980e-01
     vertex  1.630681e-01  1.510124e-02  5.100675e-01
   endloop
 endfacet
 facet normal  6.572991e-02  3.697542e-16 -9.978375e-01
   outer loop
     vertex  1.630681e-01  3.976661e-02  5.100675e-01
     vertex  1.650491e-01  3.976661e-02  5.101980e-01
     vertex  1.650491e-01  1.510124e-02  5.101980e-01
   endloop
 endfacet
 facet normal  4.824718e-02 -9.043031e-02  9.947334e-01
   outer loop
     vertex  1.630681e-01  1.202507e-02  5.349566e-01
     vertex  1.663925e-01  1.510124e-02  5.350750e-01
     vertex  1.630681e-01  1.510124e-02  5.352362e-01
   endloop
 endfacet
 facet normal -9.031769e-02 -9.016573e-02  9.918230e-01
   outer loop
     vertex  1.576210e-01  1.216559e-02  5.344733e-01
     vertex  1.630681e-01  1.202507e-02  5.349566e-01
     vertex  1.630681e-01  1.510124e-02  5.352362e-01
   endloop
 endfacet
 facet normal -9.049872e-02 -8.983337e-02  9.918367e-01
   outer loop
     vertex  1.576210e-01  1.216559e-02  5.344733e-01
     vertex  1.630681e-01  1.510124e-02  5.352362e-01
     vertex  1.575883e-01  1.510124e-02  5.347362e-01
   endloop
 endfacet
 facet normal -2.584087e-01 -8.902455e-02  9.619249e-01
   outer loop
     vertex  1.555779e-01  1.308806e-02  5.340098e-01
     vertex  1.576210e-01  1.216559e-02  5.344733e-01
     vertex  1.575883e-01  1.510124e-02  5.347362e-01
   endloop
 endfacet
 facet normal -2.859484e-01 -5.952672e-02  9.563943e-01
   outer loop
     vertex  1.555779e-01  1.308806e-02  5.340098e-01
     vertex  1.575883e-01  1.510124e-02  5.347362e-01
     vertex  1.554979e-01  1.510124e-02  5.341112e-01
   endloop
 endfacet
 facet normal -4.752938e-01 -6.307548e-02  8.775633e-01
   outer loop
     vertex  1.555779e-01  1.308806e-02  5.340098e-01
     vertex  1.554979e-01  1.510124e-02  5.341112e-01
     vertex  1.537077e-01  1.510124e-02  5.331416e-01
   endloop
 endfacet
 facet normal -2.476332e-01 -6.269719e-02  9.668231e-01
   outer loop
     vertex  1.567423e-01  1.216559e-02  5.342483e-01
     vertex  1.576210e-01  1.216559e-02  5.344733e-01
     vertex  1.555779e-01  1.308806e-02  5.340098e-01
   endloop
 endfacet
 facet normal -5.297370e-02 -3.032095e-01  9.514504e-01
   outer loop
     vertex  1.587443e-01  1.067241e-02  5.342848e-01
     vertex  1.630681e-01  9.734710e-03  5.342267e-01
     vertex  1.630681e-01  1.202507e-02  5.349566e-01
   endloop
 endfacet
 facet normal -1.004245e-01 -5.157749e-01  8.508179e-01
   outer loop
     vertex  1.587443e-01  1.067241e-02  5.342848e-01
     vertex  1.630681e-01  8.211621e-03  5.333034e-01
     vertex  1.630681e-01  9.734710e-03  5.342267e-01
   endloop
 endfacet
 facet normal -9.164188e-02 -1.923163e-01  9.770446e-01
   outer loop
     vertex  1.587443e-01  1.067241e-02  5.342848e-01
     vertex  1.630681e-01  1.202507e-02  5.349566e-01
     vertex  1.576210e-01  1.216559e-02  5.344733e-01
   endloop
 endfacet
 facet normal -2.409583e-01 -2.385467e-01  9.407627e-01
   outer loop
     vertex  1.568911e-01  1.117322e-02  5.340347e-01
     vertex  1.576210e-01  1.216559e-02  5.344733e-01
     vertex  1.567423e-01  1.216559e-02  5.342483e-01
   endloop
 endfacet
 facet normal -1.998881e-01 -2.693342e-01  9.420742e-01
   outer loop
     vertex  1.568911e-01  1.117322e-02  5.340347e-01
     vertex  1.587443e-01  1.067241e-02  5.342848e-01
     vertex  1.576210e-01  1.216559e-02  5.344733e-01
   endloop
 endfacet
 facet normal -6.685764e-01 -1.603845e-01  7.261421e-01
   outer loop
     vertex  1.547488e-01  1.237518e-02  5.334981e-01
     vertex  1.537077e-01  1.510124e-02  5.331416e-01
     vertex  1.527048e-01  1.510124e-02  5.322183e-01
   endloop
 endfacet
 facet normal -3.638098e-01 -2.256617e-01  9.037252e-01
   outer loop
     vertex  1.547488e-01  1.237518e-02  5.334981e-01
     vertex  1.567423e-01  1.216559e-02  5.342483e-01
     vertex  1.555779e-01  1.308806e-02  5.340098e-01
   endloop
 endfacet
 facet normal -4.803038e-01 -6.910420e-02  8.743757e-01
   outer loop
     vertex  1.547488e-01  1.237518e-02  5.334981e-01
     vertex  1.555779e-01  1.308806e-02  5.340098e-01
     vertex  1.537077e-01  1.510124e-02  5.331416e-01
   endloop
 endfacet
 facet normal -3.009843e-01 -2.435113e-01  9.220145e-01
   outer loop
     vertex  1.561584e-01  1.117322e-02  5.337956e-01
     vertex  1.568911e-01  1.117322e-02  5.340347e-01
     vertex  1.567423e-01  1.216559e-02  5.342483e-01
   endloop
 endfacet
 facet normal -3.634564e-01 -2.011119e-01  9.096447e-01
   outer loop
     vertex  1.561584e-01  1.117322e-02  5.337956e-01
     vertex  1.567423e-01  1.216559e-02  5.342483e-01
     vertex  1.547488e-01  1.237518e-02  5.334981e-01
   endloop
 endfacet
 facet normal -2.573639e-01 -5.587519e-01  7.883909e-01
   outer loop
     vertex  1.561584e-01  1.117322e-02  5.337956e-01
     vertex  1.587443e-01  1.067241e-02  5.342848e-01
     vertex  1.568911e-01  1.117322e-02  5.340347e-01
   endloop
 endfacet
 facet normal -5.303372e-01 -4.430876e-01  7.227834e-01
   outer loop
     vertex  1.531940e-01  9.789138e-03  5.307719e-01
     vertex  1.561584e-01  1.117322e-02  5.337956e-01
     vertex  1.547488e-01  1.237518e-02  5.334981e-01
   endloop
 endfacet
 facet normal -9.729328e-01 -1.683040e-01  1.583528e-01
   outer loop
     vertex  1.517913e-01  1.202507e-02  5.278005e-01
     vertex  1.516474e-01  1.510124e-02  5.301857e-01
     vertex  1.514611e-01  1.510124e-02  5.290413e-01
   endloop
 endfacet
 facet normal -9.947363e-01 -1.016896e-01 -1.260921e-02
   outer loop
     vertex  1.517913e-01  1.202507e-02  5.278005e-01
     vertex  1.514611e-01  1.510124e-02  5.290413e-01
     vertex  1.514771e-01  1.510124e-02  5.277800e-01
   endloop
 endfacet
 facet normal -1.304380e-01 -6.909579e-01  7.110296e-01
   outer loop
     vertex  1.564877e-01  7.598896e-03  5.315008e-01
     vertex  1.630681e-01  7.094980e-03  5.322183e-01
     vertex  1.630681e-01  8.211621e-03  5.333034e-01
   endloop
 endfacet
 facet normal -1.602076e-01 -5.954652e-01  7.872450e-01
   outer loop
     vertex  1.564877e-01  7.598896e-03  5.315008e-01
     vertex  1.630681e-01  8.211621e-03  5.333034e-01
     vertex  1.587443e-01  1.067241e-02  5.342848e-01
   endloop
 endfacet
 facet normal -2.561785e-01 -5.388339e-01  8.025152e-01
   outer loop
     vertex  1.564877e-01  7.598896e-03  5.315008e-01
     vertex  1.587443e-01  1.067241e-02  5.342848e-01
     vertex  1.561584e-01  1.117322e-02  5.337956e-01
   endloop
 endfacet
 facet normal -4.913778e-01 -5.021422e-01  7.116186e-01
   outer loop
     vertex  1.564877e-01  7.598896e-03  5.315008e-01
     vertex  1.561584e-01  1.117322e-02  5.337956e-01
     vertex  1.531940e-01  9.789138e-03  5.307719e-01
   endloop
 endfacet
 facet normal -9.870422e-01 -1.016466e-01 -1.241600e-01
   outer loop
     vertex  1.519014e-01  1.202507e-02  5.269255e-01
     vertex  1.517913e-01  1.202507e-02  5.278005e-01
     vertex  1.514771e-01  1.510124e-02  5.277800e-01
   endloop
 endfacet
 facet normal -9.804762e-01 -8.612550e-02 -1.767734e-01
   outer loop
     vertex  1.519014e-01  1.202507e-02  5.269255e-01
     vertex  1.514771e-01  1.510124e-02  5.277800e-01
     vertex  1.518130e-01  1.510124e-02  5.259168e-01
   endloop
 endfacet
 facet normal -9.734637e-01 -9.606590e-02 -2.077013e-01
   outer loop
     vertex  1.520989e-01  1.202507e-02  5.260000e-01
     vertex  1.519014e-01  1.202507e-02  5.269255e-01
     vertex  1.518130e-01  1.510124e-02  5.259168e-01
   endloop
 endfacet
 facet normal -1.012332e-01 -8.300924e-01  5.483598e-01
   outer loop
     vertex  1.571636e-01  6.911474e-03  5.308504e-01
     vertex  1.630681e-01  6.219101e-03  5.308924e-01
     vertex  1.630681e-01  7.094980e-03  5.322183e-01
   endloop
 endfacet
 facet normal -1.284102e-01 -7.452580e-01  6.542945e-01
   outer loop
     vertex  1.571636e-01  6.911474e-03  5.308504e-01
     vertex  1.630681e-01  7.094980e-03  5.322183e-01
     vertex  1.564877e-01  7.598896e-03  5.315008e-01
   endloop
 endfacet
 facet normal -9.538808e-01 -9.631989e-02 -2.843131e-01
   outer loop
     vertex  1.524397e-01  1.202507e-02  5.248565e-01
     vertex  1.520989e-01  1.202507e-02  5.260000e-01
     vertex  1.518130e-01  1.510124e-02  5.259168e-01
   endloop
 endfacet
 facet normal -9.424206e-01 -8.006400e-02 -3.247047e-01
   outer loop
     vertex  1.524397e-01  1.202507e-02  5.248565e-01
     vertex  1.518130e-01  1.510124e-02  5.259168e-01
     vertex  1.526208e-01  1.510124e-02  5.235725e-01
   endloop
 endfacet
 facet normal -8.823410e-01 -1.361098e-01 -4.504980e-01
   outer loop
     vertex  1.524397e-01  1.202507e-02  5.248565e-01
     vertex  1.526208e-01  1.510124e-02  5.235725e-01
     vertex  1.545585e-01  1.510124e-02  5.197772e-01
   endloop
 endfacet
 facet normal -8.849633e-01 -4.601396e-01  7.149483e-02
   outer loop
     vertex  1.523746e-01  1.069672e-02  5.264712e-01
     vertex  1.531940e-01  9.789138e-03  5.307719e-01
     vertex  1.517913e-01  1.202507e-02  5.278005e-01
   endloop
 endfacet
 facet normal -9.424852e-01 -2.669903e-01 -2.010917e-01
   outer loop
     vertex  1.523746e-01  1.069672e-02  5.264712e-01
     vertex  1.519014e-01  1.202507e-02  5.269255e-01
     vertex  1.520989e-01  1.202507e-02  5.260000e-01
   endloop
 endfacet
 facet normal -9.474793e-01 -2.967797e-01 -1.191834e-01
   outer loop
     vertex  1.523746e-01  1.069672e-02  5.264712e-01
     vertex  1.517913e-01  1.202507e-02  5.278005e-01
     vertex  1.519014e-01  1.202507e-02  5.269255e-01
   endloop
 endfacet
 facet normal -5.305876e-01 -5.980130e-01  6.007140e-01
   outer loop
     vertex  1.545678e-01  7.871499e-03  5.300764e-01
     vertex  1.564877e-01  7.598896e-03  5.315008e-01
     vertex  1.531940e-01  9.789138e-03  5.307719e-01
   endloop
 endfacet
 facet normal -9.353937e-01 -2.736343e-01 -2.239707e-01
   outer loop
     vertex  1.525377e-01  1.069672e-02  5.257902e-01
     vertex  1.523746e-01  1.069672e-02  5.264712e-01
     vertex  1.520989e-01  1.202507e-02  5.260000e-01
   endloop
 endfacet
 facet normal -1.013323e-01 -8.310248e-01  5.469274e-01
   outer loop
     vertex  1.579321e-01  6.331057e-03  5.301109e-01
     vertex  1.630681e-01  6.219101e-03  5.308924e-01
     vertex  1.571636e-01  6.911474e-03  5.308504e-01
   endloop
 endfacet
 facet normal -9.249759e-01 -2.615536e-01 -2.756978e-01
   outer loop
     vertex  1.527481e-01  1.069672e-02  5.250819e-01
     vertex  1.520989e-01  1.202507e-02  5.260000e-01
     vertex  1.524397e-01  1.202507e-02  5.248565e-01
   endloop
 endfacet
 facet normal -9.250527e-01 -2.621842e-01 -2.748399e-01
   outer loop
     vertex  1.527481e-01  1.069672e-02  5.250819e-01
     vertex  1.525377e-01  1.069672e-02  5.257902e-01
     vertex  1.520989e-01  1.202507e-02  5.260000e-01
   endloop
 endfacet
 facet normal -4.038709e-01 -8.061694e-01  4.324110e-01
   outer loop
     vertex  1.551594e-01  7.317118e-03  5.297348e-01
     vertex  1.571636e-01  6.911474e-03  5.308504e-01
     vertex  1.564877e-01  7.598896e-03  5.315008e-01
   endloop
 endfacet
 facet normal -4.504761e-01 -7.646544e-01  4.608415e-01
   outer loop
     vertex  1.551594e-01  7.317118e-03  5.297348e-01
     vertex  1.564877e-01  7.598896e-03  5.315008e-01
     vertex  1.545678e-01  7.871499e-03  5.300764e-01
   endloop
 endfacet
 facet normal -9.098788e-01 -2.653759e-01 -3.188983e-01
   outer loop
     vertex  1.530060e-01  1.069672e-02  5.243461e-01
     vertex  1.527481e-01  1.069672e-02  5.250819e-01
     vertex  1.524397e-01  1.202507e-02  5.248565e-01
   endloop
 endfacet
 facet normal -3.911774e-01 -8.280425e-01  4.016539e-01
   outer loop
     vertex  1.558162e-01  6.822929e-03  5.293557e-01
     vertex  1.571636e-01  6.911474e-03  5.308504e-01
     vertex  1.551594e-01  7.317118e-03  5.297348e-01
   endloop
 endfacet
 facet normal -3.283404e-01 -8.781244e-01  3.479800e-01
   outer loop
     vertex  1.558162e-01  6.822929e-03  5.293557e-01
     vertex  1.579321e-01  6.331057e-03  5.301109e-01
     vertex  1.571636e-01  6.911474e-03  5.308504e-01
   endloop
 endfacet
 facet normal -6.301516e-02 -9.248995e-01  3.749534e-01
   outer loop
     vertex  1.588247e-01  5.843229e-03  5.292520e-01
     vertex  1.630681e-01  5.583984e-03  5.293257e-01
     vertex  1.630681e-01  6.219101e-03  5.308924e-01
   endloop
 endfacet
 facet normal -8.424095e-02 -9.014996e-01  4.245020e-01
   outer loop
     vertex  1.588247e-01  5.843229e-03  5.292520e-01
     vertex  1.630681e-01  6.219101e-03  5.308924e-01
     vertex  1.579321e-01  6.331057e-03  5.301109e-01
   endloop
 endfacet
 facet normal -3.280467e-01 -8.787106e-01  3.467752e-01
   outer loop
     vertex  1.565381e-01  6.388929e-03  5.289389e-01
     vertex  1.579321e-01  6.331057e-03  5.301109e-01
     vertex  1.558162e-01  6.822929e-03  5.293557e-01
   endloop
 endfacet
 facet normal -2.465607e-01 -9.301487e-01  2.720870e-01
   outer loop
     vertex  1.573819e-01  5.991559e-03  5.284517e-01
     vertex  1.588247e-01  5.843229e-03  5.292520e-01
     vertex  1.579321e-01  6.331057e-03  5.301109e-01
   endloop
 endfacet
 facet normal -2.726719e-01 -9.208151e-01  2.788361e-01
   outer loop
     vertex  1.573819e-01  5.991559e-03  5.284517e-01
     vertex  1.579321e-01  6.331057e-03  5.301109e-01
     vertex  1.565381e-01  6.388929e-03  5.289389e-01
   endloop
 endfacet
 facet normal -2.169233e-01 -9.523194e-01  2.145506e-01
   outer loop
     vertex  1.583001e-01  5.662967e-03  5.279216e-01
     vertex  1.588247e-01  5.843229e-03  5.292520e-01
     vertex  1.573819e-01  5.991559e-03  5.284517e-01
   endloop
 endfacet
 facet normal -1.704080e-01 -9.652823e-01  1.979679e-01
   outer loop
     vertex  1.583001e-01  5.662967e-03  5.279216e-01
     vertex  1.598511e-01  5.459442e-03  5.282643e-01
     vertex  1.588247e-01  5.843229e-03  5.292520e-01
   endloop
 endfacet
 facet normal -8.146154e-01 -1.629015e-01 -5.566550e-01
   outer loop
     vertex  1.581856e-01  1.202507e-02  5.153696e-01
     vertex  1.545585e-01  1.510124e-02  5.197772e-01
     vertex  1.568449e-01  1.510124e-02  5.164313e-01
   endloop
 endfacet
 facet normal -7.035991e-01 -6.233311e-02 -7.078580e-01
   outer loop
     vertex  1.581856e-01  1.202507e-02  5.153696e-01
     vertex  1.568449e-01  1.510124e-02  5.164313e-01
     vertex  1.592845e-01  1.510124e-02  5.140064e-01
   endloop
 endfacet
 facet normal -8.510055e-01 -2.091977e-01 -4.816907e-01
   outer loop
     vertex  1.572077e-01  1.069672e-02  5.170098e-01
     vertex  1.524397e-01  1.202507e-02  5.248565e-01
     vertex  1.545585e-01  1.510124e-02  5.197772e-01
   endloop
 endfacet
 facet normal -8.063276e-01 -1.212426e-01 -5.789094e-01
   outer loop
     vertex  1.572077e-01  1.069672e-02  5.170098e-01
     vertex  1.545585e-01  1.510124e-02  5.197772e-01
     vertex  1.581856e-01  1.202507e-02  5.153696e-01
   endloop
 endfacet
 facet normal -8.541844e-01 -1.761881e-01 -4.892104e-01
   outer loop
     vertex  1.572077e-01  1.069672e-02  5.170098e-01
     vertex  1.530060e-01  1.069672e-02  5.243461e-01
     vertex  1.524397e-01  1.202507e-02  5.248565e-01
   endloop
 endfacet
 facet normal -7.744934e-01 -4.510055e-01 -4.435696e-01
   outer loop
     vertex  1.572077e-01  1.069672e-02  5.170098e-01
     vertex  1.565291e-01  7.550623e-03  5.213934e-01
     vertex  1.530060e-01  1.069672e-02  5.243461e-01
   endloop
 endfacet
 facet normal -6.718061e-01 -8.603461e-02 -7.357136e-01
   outer loop
     vertex  1.590131e-01  1.202507e-02  5.146139e-01
     vertex  1.581856e-01  1.202507e-02  5.153696e-01
     vertex  1.592845e-01  1.510124e-02  5.140064e-01
   endloop
 endfacet
 facet normal -7.428427e-01 -2.296427e-01 -6.288474e-01
   outer loop
     vertex  1.577794e-01  1.069672e-02  5.163344e-01
     vertex  1.572077e-01  1.069672e-02  5.170098e-01
     vertex  1.581856e-01  1.202507e-02  5.153696e-01
   endloop
 endfacet
 facet normal -5.309943e-01 -9.371988e-02 -8.421767e-01
   outer loop
     vertex  1.598456e-01  1.202507e-02  5.139949e-01
     vertex  1.592845e-01  1.510124e-02  5.140064e-01
     vertex  1.605042e-01  1.510124e-02  5.132373e-01
   endloop
 endfacet
 facet normal -3.484844e-01 -1.531258e-01 -9.247222e-01
   outer loop
     vertex  1.598456e-01  1.202507e-02  5.139949e-01
     vertex  1.605042e-01  1.510124e-02  5.132373e-01
     vertex  1.618381e-01  1.510124e-02  5.127347e-01
   endloop
 endfacet
 facet normal -5.933577e-01 -1.052608e-01 -7.980268e-01
   outer loop
     vertex  1.598456e-01  1.202507e-02  5.139949e-01
     vertex  1.590131e-01  1.202507e-02  5.146139e-01
     vertex  1.592845e-01  1.510124e-02  5.140064e-01
   endloop
 endfacet
 facet normal -6.990873e-01 -2.678170e-01 -6.629864e-01
   outer loop
     vertex  1.584047e-01  1.069672e-02  5.156751e-01
     vertex  1.577794e-01  1.069672e-02  5.163344e-01
     vertex  1.581856e-01  1.202507e-02  5.153696e-01
   endloop
 endfacet
 facet normal -6.498918e-01 -2.666512e-01 -7.117147e-01
   outer loop
     vertex  1.589836e-01  1.069672e-02  5.151386e-01
     vertex  1.581856e-01  1.202507e-02  5.153696e-01
     vertex  1.590131e-01  1.202507e-02  5.146139e-01
   endloop
 endfacet
 facet normal -5.709262e-01 -2.905815e-01 -7.678579e-01
   outer loop
     vertex  1.589836e-01  1.069672e-02  5.151386e-01
     vertex  1.590131e-01  1.202507e-02  5.146139e-01
     vertex  1.598456e-01  1.202507e-02  5.139949e-01
   endloop
 endfacet
 facet normal -6.544626e-01 -2.703737e-01 -7.060997e-01
   outer loop
     vertex  1.589836e-01  1.069672e-02  5.151386e-01
     vertex  1.584047e-01  1.069672e-02  5.156751e-01
     vertex  1.581856e-01  1.202507e-02  5.153696e-01
   endloop
 endfacet
 facet normal  3.103998e-01 -1.750258e-01 -9.343543e-01
   outer loop
     vertex  1.662571e-01  1.202507e-02  5.139729e-01
     vertex  1.641846e-01  1.510124e-02  5.127082e-01
     vertex  1.652962e-01  1.510124e-02  5.130774e-01
   endloop
 endfacet
 facet normal  4.813736e-01 -1.030127e-01 -8.704412e-01
   outer loop
     vertex  1.662571e-01  1.202507e-02  5.139729e-01
     vertex  1.652962e-01  1.510124e-02  5.130774e-01
     vertex  1.664077e-01  1.510124e-02  5.136921e-01
   endloop
 endfacet
 facet normal -3.631824e-01 -4.612696e-01 -8.095239e-01
   outer loop
     vertex  1.630696e-01  9.508191e-03  5.139826e-01
     vertex  1.589836e-01  1.069672e-02  5.151386e-01
     vertex  1.598456e-01  1.202507e-02  5.139949e-01
   endloop
 endfacet
 facet normal  6.093597e-01 -9.273750e-02 -7.874519e-01
   outer loop
     vertex  1.669775e-01  1.202507e-02  5.144954e-01
     vertex  1.664077e-01  1.510124e-02  5.136921e-01
     vertex  1.675192e-01  1.510124e-02  5.145523e-01
   endloop
 endfacet
 facet normal  5.840153e-01 -1.020920e-01 -8.052971e-01
   outer loop
     vertex  1.669775e-01  1.202507e-02  5.144954e-01
     vertex  1.662571e-01  1.202507e-02  5.139729e-01
     vertex  1.664077e-01  1.510124e-02  5.136921e-01
   endloop
 endfacet
 facet normal  6.540240e-01 -1.013016e-01 -7.496604e-01
   outer loop
     vertex  1.676980e-01  1.202507e-02  5.151239e-01
     vertex  1.669775e-01  1.202507e-02  5.144954e-01
     vertex  1.675192e-01  1.510124e-02  5.145523e-01
   endloop
 endfacet
 facet normal  7.153471e-01 -8.538913e-02 -6.935324e-01
   outer loop
     vertex  1.684184e-01  1.202507e-02  5.158585e-01
     vertex  1.675192e-01  1.510124e-02  5.145523e-01
     vertex  1.690012e-01  1.510124e-02  5.160809e-01
   endloop
 endfacet
 facet normal  8.085647e-01 -1.114233e-01 -5.777611e-01
   outer loop
     vertex  1.684184e-01  1.202507e-02  5.158585e-01
     vertex  1.690012e-01  1.510124e-02  5.160809e-01
     vertex  1.712243e-01  1.510124e-02  5.191921e-01
   endloop
 endfacet
 facet normal  7.111606e-01 -8.828254e-02 -6.974646e-01
   outer loop
     vertex  1.684184e-01  1.202507e-02  5.158585e-01
     vertex  1.676980e-01  1.202507e-02  5.151239e-01
     vertex  1.675192e-01  1.510124e-02  5.145523e-01
   endloop
 endfacet
 facet normal  6.333642e-01 -2.679617e-01 -7.259795e-01
   outer loop
     vertex  1.671574e-01  1.069672e-02  5.151426e-01
     vertex  1.669775e-01  1.202507e-02  5.144954e-01
     vertex  1.676980e-01  1.202507e-02  5.151239e-01
   endloop
 endfacet
 facet normal  5.599694e-01 -3.003893e-01 -7.721403e-01
   outer loop
     vertex  1.671574e-01  1.069672e-02  5.151426e-01
     vertex  1.662571e-01  1.202507e-02  5.139729e-01
     vertex  1.669775e-01  1.202507e-02  5.144954e-01
   endloop
 endfacet
 facet normal  3.640905e-01 -4.642175e-01 -8.074282e-01
   outer loop
     vertex  1.671574e-01  1.069672e-02  5.151426e-01
     vertex  1.630696e-01  9.508191e-03  5.139826e-01
     vertex  1.662571e-01  1.202507e-02  5.139729e-01
   endloop
 endfacet
 facet normal  6.515896e-01 -2.751109e-01 -7.069265e-01
   outer loop
     vertex  1.676784e-01  1.069672e-02  5.156228e-01
     vertex  1.671574e-01  1.069672e-02  5.151426e-01
     vertex  1.676980e-01  1.202507e-02  5.151239e-01
   endloop
 endfacet
 facet normal  6.886558e-01 -2.638130e-01 -6.753932e-01
   outer loop
     vertex  1.676784e-01  1.069672e-02  5.156228e-01
     vertex  1.676980e-01  1.202507e-02  5.151239e-01
     vertex  1.684184e-01  1.202507e-02  5.158585e-01
   endloop
 endfacet
 facet normal  6.921978e-01 -2.666276e-01 -6.706503e-01
   outer loop
     vertex  1.681994e-01  1.069672e-02  5.161606e-01
     vertex  1.676784e-01  1.069672e-02  5.156228e-01
     vertex  1.684184e-01  1.202507e-02  5.158585e-01
   endloop
 endfacet
 facet normal  7.257675e-01 -2.641043e-01 -6.352247e-01
   outer loop
     vertex  1.687204e-01  1.069672e-02  5.167559e-01
     vertex  1.681994e-01  1.069672e-02  5.161606e-01
     vertex  1.684184e-01  1.202507e-02  5.158585e-01
   endloop
 endfacet
 facet normal  8.182223e-01 -1.428771e-01 -5.568648e-01
   outer loop
     vertex  1.692415e-01  1.069672e-02  5.174087e-01
     vertex  1.684184e-01  1.202507e-02  5.158585e-01
     vertex  1.712243e-01  1.510124e-02  5.191921e-01
   endloop
 endfacet
 facet normal  7.593624e-01 -2.367637e-01 -6.060625e-01
   outer loop
     vertex  1.692415e-01  1.069672e-02  5.174087e-01
     vertex  1.687204e-01  1.069672e-02  5.167559e-01
     vertex  1.684184e-01  1.202507e-02  5.158585e-01
   endloop
 endfacet
 facet normal  8.662734e-01 -1.981558e-01 -4.585900e-01
   outer loop
     vertex  1.739486e-01  1.202507e-02  5.256674e-01
     vertex  1.712243e-01  1.510124e-02  5.191921e-01
     vertex  1.734020e-01  1.510124e-02  5.233058e-01
   endloop
 endfacet
 facet normal  9.507754e-01 -6.386576e-02 -3.032281e-01
   outer loop
     vertex  1.739486e-01  1.202507e-02  5.256674e-01
     vertex  1.734020e-01  1.510124e-02  5.233058e-01
     vertex  1.745309e-01  1.510124e-02  5.268453e-01
   endloop
 endfacet
 facet normal  8.521483e-01 -1.854982e-01 -4.893196e-01
   outer loop
     vertex  1.729255e-01  1.069672e-02  5.238245e-01
     vertex  1.692415e-01  1.069672e-02  5.174087e-01
     vertex  1.712243e-01  1.510124e-02  5.191921e-01
   endloop
 endfacet
 facet normal  8.989655e-01 -1.010371e-01 -4.262071e-01
   outer loop
     vertex  1.729255e-01  1.069672e-02  5.238245e-01
     vertex  1.712243e-01  1.510124e-02  5.191921e-01
     vertex  1.739486e-01  1.202507e-02  5.256674e-01
   endloop
 endfacet
 facet normal  7.662660e-01 -4.682227e-01 -4.400044e-01
   outer loop
     vertex  1.729255e-01  1.069672e-02  5.238245e-01
     vertex  1.696072e-01  7.550623e-03  5.213934e-01
     vertex  1.692415e-01  1.069672e-02  5.174087e-01
   endloop
 endfacet
 facet normal  9.711294e-01 -1.010907e-01 -2.160748e-01
   outer loop
     vertex  1.742534e-01  1.202507e-02  5.270373e-01
     vertex  1.739486e-01  1.202507e-02  5.256674e-01
     vertex  1.745309e-01  1.510124e-02  5.268453e-01
   endloop
 endfacet
 facet normal  9.117997e-01 -2.366178e-01 -3.356088e-01
   outer loop
     vertex  1.733868e-01  1.069672e-02  5.250776e-01
     vertex  1.729255e-01  1.069672e-02  5.238245e-01
     vertex  1.739486e-01  1.202507e-02  5.256674e-01
   endloop
 endfacet
 facet normal  9.945422e-01 -8.098310e-02 -6.578402e-02
   outer loop
     vertex  1.743625e-01  1.202507e-02  5.280858e-01
     vertex  1.745309e-01  1.510124e-02  5.268453e-01
     vertex  1.746757e-01  1.510124e-02  5.290342e-01
   endloop
 endfacet
 facet normal  9.710658e-01 -1.549077e-01  1.817548e-01
   outer loop
     vertex  1.743625e-01  1.202507e-02  5.280858e-01
     vertex  1.746757e-01  1.510124e-02  5.290342e-01
     vertex  1.744090e-01  1.510124e-02  5.304591e-01
   endloop
 endfacet
 facet normal  9.900642e-01 -9.574024e-02 -1.029883e-01
   outer loop
     vertex  1.743625e-01  1.202507e-02  5.280858e-01
     vertex  1.742534e-01  1.202507e-02  5.270373e-01
     vertex  1.745309e-01  1.510124e-02  5.268453e-01
   endloop
 endfacet
 facet normal  9.418602e-01 -2.626461e-01 -2.095624e-01
   outer loop
     vertex  1.736447e-01  1.069672e-02  5.259667e-01
     vertex  1.739486e-01  1.202507e-02  5.256674e-01
     vertex  1.742534e-01  1.202507e-02  5.270373e-01
   endloop
 endfacet
 facet normal  9.242279e-01 -2.718165e-01 -2.681764e-01
   outer loop
     vertex  1.736447e-01  1.069672e-02  5.259667e-01
     vertex  1.733868e-01  1.069672e-02  5.250776e-01
     vertex  1.739486e-01  1.202507e-02  5.256674e-01
   endloop
 endfacet
 facet normal  9.513875e-01 -2.916638e-01 -9.896508e-02
   outer loop
     vertex  1.738164e-01  1.069672e-02  5.267510e-01
     vertex  1.742534e-01  1.202507e-02  5.270373e-01
     vertex  1.743625e-01  1.202507e-02  5.280858e-01
   endloop
 endfacet
 facet normal  9.418439e-01 -2.654350e-01 -2.060931e-01
   outer loop
     vertex  1.738164e-01  1.069672e-02  5.267510e-01
     vertex  1.736447e-01  1.069672e-02  5.259667e-01
     vertex  1.742534e-01  1.202507e-02  5.270373e-01
   endloop
 endfacet
 facet normal  6.274340e-01 -1.586137e-01  7.623440e-01
   outer loop
     vertex  1.710926e-01  1.237518e-02  5.336487e-01
     vertex  1.731590e-01  1.510124e-02  5.325152e-01
     vertex  1.722194e-01  1.510124e-02  5.332885e-01
   endloop
 endfacet
 facet normal  4.828996e-01 -8.443326e-02  8.715957e-01
   outer loop
     vertex  1.710926e-01  1.237518e-02  5.336487e-01
     vertex  1.722194e-01  1.510124e-02  5.332885e-01
     vertex  1.710565e-01  1.510124e-02  5.339328e-01
   endloop
 endfacet
 facet normal  3.263102e-01 -9.370119e-02  9.406071e-01
   outer loop
     vertex  1.710926e-01  1.237518e-02  5.336487e-01
     vertex  1.710565e-01  1.510124e-02  5.339328e-01
     vertex  1.691584e-01  1.510124e-02  5.345913e-01
   endloop
 endfacet
 facet normal  8.812562e-01 -4.620831e-01  9.933135e-02
   outer loop
     vertex  1.728738e-01  9.789138e-03  5.308916e-01
     vertex  1.738164e-01  1.069672e-02  5.267510e-01
     vertex  1.743625e-01  1.202507e-02  5.280858e-01
   endloop
 endfacet
 facet normal  3.320101e-01 -8.912072e-02  9.390563e-01
   outer loop
     vertex  1.691358e-01  1.216559e-02  5.343206e-01
     vertex  1.710926e-01  1.237518e-02  5.336487e-01
     vertex  1.691584e-01  1.510124e-02  5.345913e-01
   endloop
 endfacet
 facet normal  1.065151e-01 -1.529280e-01  9.824803e-01
   outer loop
     vertex  1.691358e-01  1.216559e-02  5.343206e-01
     vertex  1.663925e-01  1.510124e-02  5.350750e-01
     vertex  1.630681e-01  1.202507e-02  5.349566e-01
   endloop
 endfacet
 facet normal  1.715515e-01 -9.174565e-02  9.808939e-01
   outer loop
     vertex  1.691358e-01  1.216559e-02  5.343206e-01
     vertex  1.691584e-01  1.510124e-02  5.345913e-01
     vertex  1.663925e-01  1.510124e-02  5.350750e-01
   endloop
 endfacet
 facet normal  3.374294e-01 -2.042813e-01  9.189181e-01
   outer loop
     vertex  1.697060e-01  1.117322e-02  5.338907e-01
     vertex  1.710926e-01  1.237518e-02  5.336487e-01
     vertex  1.691358e-01  1.216559e-02  5.343206e-01
   endloop
 endfacet
 facet normal  5.093585e-01 -4.385610e-01  7.404176e-01
   outer loop
     vertex  1.697060e-01  1.117322e-02  5.338907e-01
     vertex  1.728738e-01  9.789138e-03  5.308916e-01
     vertex  1.710926e-01  1.237518e-02  5.336487e-01
   endloop
 endfacet
 facet normal  2.798846e-01 -2.417530e-01  9.290964e-01
   outer loop
     vertex  1.689931e-01  1.117322e-02  5.341054e-01
     vertex  1.697060e-01  1.117322e-02  5.338907e-01
     vertex  1.691358e-01  1.216559e-02  5.343206e-01
   endloop
 endfacet
 facet normal  4.833280e-02 -3.032809e-01  9.516746e-01
   outer loop
     vertex  1.671999e-01  1.067241e-02  5.343157e-01
     vertex  1.630681e-01  1.202507e-02  5.349566e-01
     vertex  1.630681e-01  9.734710e-03  5.342267e-01
   endloop
 endfacet
 facet normal  9.874772e-02 -5.158619e-01  8.509614e-01
   outer loop
     vertex  1.671999e-01  1.067241e-02  5.343157e-01
     vertex  1.630681e-01  9.734710e-03  5.342267e-01
     vertex  1.630681e-01  8.211621e-03  5.333034e-01
   endloop
 endfacet
 facet normal  1.064287e-01 -1.412534e-01  9.842359e-01
   outer loop
     vertex  1.671999e-01  1.067241e-02  5.343157e-01
     vertex  1.691358e-01  1.216559e-02  5.343206e-01
     vertex  1.630681e-01  1.202507e-02  5.349566e-01
   endloop
 endfacet
 facet normal  2.439592e-01 -5.335202e-01  8.098396e-01
   outer loop
     vertex  1.671999e-01  1.067241e-02  5.343157e-01
     vertex  1.697060e-01  1.117322e-02  5.338907e-01
     vertex  1.689931e-01  1.117322e-02  5.341054e-01
   endloop
 endfacet
 facet normal  1.771618e-01 -2.328681e-01  9.562354e-01
   outer loop
     vertex  1.671999e-01  1.067241e-02  5.343157e-01
     vertex  1.689931e-01  1.117322e-02  5.341054e-01
     vertex  1.691358e-01  1.216559e-02  5.343206e-01
   endloop
 endfacet
 facet normal  1.304380e-01 -6.909579e-01  7.110296e-01
   outer loop
     vertex  1.696486e-01  7.598896e-03  5.315008e-01
     vertex  1.630681e-01  8.211621e-03  5.333034e-01
     vertex  1.630681e-01  7.094980e-03  5.322183e-01
   endloop
 endfacet
 facet normal  4.736232e-01 -4.947749e-01  7.286144e-01
   outer loop
     vertex  1.696486e-01  7.598896e-03  5.315008e-01
     vertex  1.728738e-01  9.789138e-03  5.308916e-01
     vertex  1.697060e-01  1.117322e-02  5.338907e-01
   endloop
 endfacet
 facet normal  1.606299e-01 -5.939785e-01  7.882814e-01
   outer loop
     vertex  1.696486e-01  7.598896e-03  5.315008e-01
     vertex  1.671999e-01  1.067241e-02  5.343157e-01
     vertex  1.630681e-01  8.211621e-03  5.333034e-01
   endloop
 endfacet
 facet normal  5.261724e-01 -6.100235e-01  5.924643e-01
   outer loop
     vertex  1.696486e-01  7.598896e-03  5.315008e-01
     vertex  1.715685e-01  7.871499e-03  5.300764e-01
     vertex  1.728738e-01  9.789138e-03  5.308916e-01
   endloop
 endfacet
 facet normal  4.504761e-01 -7.646544e-01  4.608415e-01
   outer loop
     vertex  1.696486e-01  7.598896e-03  5.315008e-01
     vertex  1.709769e-01  7.317118e-03  5.297348e-01
     vertex  1.715685e-01  7.871499e-03  5.300764e-01
   endloop
 endfacet
 facet normal  2.446310e-01 -5.416509e-01  8.042201e-01
   outer loop
     vertex  1.696486e-01  7.598896e-03  5.315008e-01
     vertex  1.697060e-01  1.117322e-02  5.338907e-01
     vertex  1.671999e-01  1.067241e-02  5.343157e-01
   endloop
 endfacet
 facet normal  1.012332e-01 -8.300924e-01  5.483598e-01
   outer loop
     vertex  1.689727e-01  6.911474e-03  5.308504e-01
     vertex  1.630681e-01  7.094980e-03  5.322183e-01
     vertex  1.630681e-01  6.219101e-03  5.308924e-01
   endloop
 endfacet
 facet normal  1.284102e-01 -7.452580e-01  6.542945e-01
   outer loop
     vertex  1.689727e-01  6.911474e-03  5.308504e-01
     vertex  1.696486e-01  7.598896e-03  5.315008e-01
     vertex  1.630681e-01  7.094980e-03  5.322183e-01
   endloop
 endfacet
 facet normal  3.911774e-01 -8.280425e-01  4.016539e-01
   outer loop
     vertex  1.689727e-01  6.911474e-03  5.308504e-01
     vertex  1.703201e-01  6.822929e-03  5.293557e-01
     vertex  1.709769e-01  7.317118e-03  5.297348e-01
   endloop
 endfacet
 facet normal  4.038709e-01 -8.061694e-01  4.324110e-01
   outer loop
     vertex  1.689727e-01  6.911474e-03  5.308504e-01
     vertex  1.709769e-01  7.317118e-03  5.297348e-01
     vertex  1.696486e-01  7.598896e-03  5.315008e-01
   endloop
 endfacet
 facet normal  3.280467e-01 -8.787106e-01  3.467752e-01
   outer loop
     vertex  1.682042e-01  6.331057e-03  5.301109e-01
     vertex  1.695982e-01  6.388929e-03  5.289389e-01
     vertex  1.703201e-01  6.822929e-03  5.293557e-01
   endloop
 endfacet
 facet normal  1.013323e-01 -8.310248e-01  5.469274e-01
   outer loop
     vertex  1.682042e-01  6.331057e-03  5.301109e-01
     vertex  1.689727e-01  6.911474e-03  5.308504e-01
     vertex  1.630681e-01  6.219101e-03  5.308924e-01
   endloop
 endfacet
 facet normal  2.726719e-01 -9.208151e-01  2.788361e-01
   outer loop
     vertex  1.682042e-01  6.331057e-03  5.301109e-01
     vertex  1.687544e-01  5.991559e-03  5.284517e-01
     vertex  1.695982e-01  6.388929e-03  5.289389e-01
   endloop
 endfacet
 facet normal  3.283404e-01 -8.781244e-01  3.479800e-01
   outer loop
     vertex  1.682042e-01  6.331057e-03  5.301109e-01
     vertex  1.703201e-01  6.822929e-03  5.293557e-01
     vertex  1.689727e-01  6.911474e-03  5.308504e-01
   endloop
 endfacet
 facet normal  2.169233e-01 -9.523194e-01  2.145506e-01
   outer loop
     vertex  1.673116e-01  5.843229e-03  5.292520e-01
     vertex  1.678362e-01  5.662967e-03  5.279216e-01
     vertex  1.687544e-01  5.991559e-03  5.284517e-01
   endloop
 endfacet
 facet normal  6.301516e-02 -9.248995e-01  3.749534e-01
   outer loop
     vertex  1.673116e-01  5.843229e-03  5.292520e-01
     vertex  1.630681e-01  6.219101e-03  5.308924e-01
     vertex  1.630681e-01  5.583984e-03  5.293257e-01
   endloop
 endfacet
 facet normal  8.424095e-02 -9.014996e-01  4.245020e-01
   outer loop
     vertex  1.673116e-01  5.843229e-03  5.292520e-01
     vertex  1.682042e-01  6.331057e-03  5.301109e-01
     vertex  1.630681e-01  6.219101e-03  5.308924e-01
   endloop
 endfacet
 facet normal  2.465607e-01 -9.301487e-01  2.720870e-01
   outer loop
     vertex  1.673116e-01  5.843229e-03  5.292520e-01
     vertex  1.687544e-01  5.991559e-03  5.284517e-01
     vertex  1.682042e-01  6.331057e-03  5.301109e-01
   endloop
 endfacet
 facet normal  1.704080e-01 -9.652823e-01  1.979679e-01
   outer loop
     vertex  1.662852e-01  5.459442e-03  5.282643e-01
     vertex  1.678362e-01  5.662967e-03  5.279216e-01
     vertex  1.673116e-01  5.843229e-03  5.292520e-01
   endloop
 endfacet
 facet normal -9.213432e-01 -3.481743e-01  1.729200e-01
   outer loop
     vertex  1.523569e-01  1.219905e-02  5.311642e-01
     vertex  1.517913e-01  1.202507e-02  5.278005e-01
     vertex  1.531940e-01  9.789138e-03  5.307719e-01
   endloop
 endfacet
 facet normal -8.281940e-01 -1.009257e-01  5.512791e-01
   outer loop
     vertex  1.523569e-01  1.219905e-02  5.311642e-01
     vertex  1.527048e-01  1.510124e-02  5.322183e-01
     vertex  1.520359e-01  1.510124e-02  5.312134e-01
   endloop
 endfacet
 facet normal -9.298333e-01 -1.087857e-01  3.515334e-01
   outer loop
     vertex  1.523569e-01  1.219905e-02  5.311642e-01
     vertex  1.520359e-01  1.510124e-02  5.312134e-01
     vertex  1.516474e-01  1.510124e-02  5.301857e-01
   endloop
 endfacet
 facet normal -6.806981e-01 -1.766012e-01  7.109586e-01
   outer loop
     vertex  1.523569e-01  1.219905e-02  5.311642e-01
     vertex  1.547488e-01  1.237518e-02  5.334981e-01
     vertex  1.527048e-01  1.510124e-02  5.322183e-01
   endloop
 endfacet
 facet normal -6.450332e-01 -3.357963e-01  6.864204e-01
   outer loop
     vertex  1.523569e-01  1.219905e-02  5.311642e-01
     vertex  1.531940e-01  9.789138e-03  5.307719e-01
     vertex  1.547488e-01  1.237518e-02  5.334981e-01
   endloop
 endfacet
 facet normal -9.687156e-01 -1.787839e-01  1.721233e-01
   outer loop
     vertex  1.523569e-01  1.219905e-02  5.311642e-01
     vertex  1.516474e-01  1.510124e-02  5.301857e-01
     vertex  1.517913e-01  1.202507e-02  5.278005e-01
   endloop
 endfacet
 facet normal -2.135992e-02 -9.779124e-01  2.079211e-01
   outer loop
     vertex  1.614078e-01  5.191053e-03  5.273071e-01
     vertex  1.630681e-01  5.171308e-03  5.273848e-01
     vertex  1.630681e-01  5.583984e-03  5.293257e-01
   endloop
 endfacet
 facet normal -1.476761e-02 -9.979701e-01  6.194779e-02
   outer loop
     vertex  1.614078e-01  5.191053e-03  5.273071e-01
     vertex  1.630681e-01  5.033749e-03  5.251687e-01
     vertex  1.630681e-01  5.171308e-03  5.273848e-01
   endloop
 endfacet
 facet normal -6.334925e-02 -9.685465e-01  2.406337e-01
   outer loop
     vertex  1.614078e-01  5.191053e-03  5.273071e-01
     vertex  1.630681e-01  5.583984e-03  5.293257e-01
     vertex  1.588247e-01  5.843229e-03  5.292520e-01
   endloop
 endfacet
 facet normal  1.573862e-01 -8.542434e-01  4.954774e-01
   outer loop
     vertex  1.614078e-01  5.191053e-03  5.273071e-01
     vertex  1.588247e-01  5.843229e-03  5.292520e-01
     vertex  1.598511e-01  5.459442e-03  5.282643e-01
   endloop
 endfacet
 facet normal -8.376152e-01 -5.444299e-01  4.468640e-02
   outer loop
     vertex  1.543115e-01  7.708655e-03  5.263725e-01
     vertex  1.531940e-01  9.789138e-03  5.307719e-01
     vertex  1.523746e-01  1.069672e-02  5.264712e-01
   endloop
 endfacet
 facet normal -7.959795e-01 -5.998180e-01  8.145557e-02
   outer loop
     vertex  1.543115e-01  7.708655e-03  5.263725e-01
     vertex  1.545678e-01  7.871499e-03  5.300764e-01
     vertex  1.531940e-01  9.789138e-03  5.307719e-01
   endloop
 endfacet
 facet normal -8.255415e-01 -5.285913e-01 -1.976677e-01
   outer loop
     vertex  1.543115e-01  7.708655e-03  5.263725e-01
     vertex  1.523746e-01  1.069672e-02  5.264712e-01
     vertex  1.525377e-01  1.069672e-02  5.257902e-01
   endloop
 endfacet
 facet normal -8.130436e-01 -5.297247e-01 -2.415612e-01
   outer loop
     vertex  1.543115e-01  7.708655e-03  5.263725e-01
     vertex  1.525377e-01  1.069672e-02  5.257902e-01
     vertex  1.527481e-01  1.069672e-02  5.250819e-01
   endloop
 endfacet
 facet normal -6.571848e-01 -7.496371e-01  7.843732e-02
   outer loop
     vertex  1.543115e-01  7.708655e-03  5.263725e-01
     vertex  1.551594e-01  7.317118e-03  5.297348e-01
     vertex  1.545678e-01  7.871499e-03  5.300764e-01
   endloop
 endfacet
 facet normal -7.960845e-01 -5.370288e-01 -2.790152e-01
   outer loop
     vertex  1.543115e-01  7.708655e-03  5.263725e-01
     vertex  1.527481e-01  1.069672e-02  5.250819e-01
     vertex  1.530060e-01  1.069672e-02  5.243461e-01
   endloop
 endfacet
 facet normal -7.665772e-01 -5.545243e-01 -3.238245e-01
   outer loop
     vertex  1.543115e-01  7.708655e-03  5.263725e-01
     vertex  1.530060e-01  1.069672e-02  5.243461e-01
     vertex  1.565291e-01  7.550623e-03  5.213934e-01
   endloop
 endfacet
 facet normal -6.589520e-01 -7.015846e-01 -2.712218e-01
   outer loop
     vertex  1.546232e-01  7.432450e-03  5.263296e-01
     vertex  1.543115e-01  7.708655e-03  5.263725e-01
     vertex  1.565291e-01  7.550623e-03  5.213934e-01
   endloop
 endfacet
 facet normal -6.551817e-01 -7.514629e-01  7.771957e-02
   outer loop
     vertex  1.546232e-01  7.432450e-03  5.263296e-01
     vertex  1.551594e-01  7.317118e-03  5.297348e-01
     vertex  1.543115e-01  7.708655e-03  5.263725e-01
   endloop
 endfacet
 facet normal -6.223829e-01 -7.389702e-01 -2.579973e-01
   outer loop
     vertex  1.549520e-01  7.171292e-03  5.262844e-01
     vertex  1.546232e-01  7.432450e-03  5.263296e-01
     vertex  1.565291e-01  7.550623e-03  5.213934e-01
   endloop
 endfacet
 facet normal -6.144769e-01 -7.858102e-01  7.014650e-02
   outer loop
     vertex  1.549520e-01  7.171292e-03  5.262844e-01
     vertex  1.551594e-01  7.317118e-03  5.297348e-01
     vertex  1.546232e-01  7.432450e-03  5.263296e-01
   endloop
 endfacet
 facet normal -5.740898e-01 -8.158807e-01  6.898975e-02
   outer loop
     vertex  1.549520e-01  7.171292e-03  5.262844e-01
     vertex  1.558162e-01  6.822929e-03  5.293557e-01
     vertex  1.551594e-01  7.317118e-03  5.297348e-01
   endloop
 endfacet
 facet normal -3.539503e-01 -9.327803e-01 -6.811777e-02
   outer loop
     vertex  1.552980e-01  6.925182e-03  5.262369e-01
     vertex  1.592537e-01  5.662967e-03  5.229665e-01
     vertex  1.583001e-01  5.662967e-03  5.279216e-01
   endloop
 endfacet
 facet normal -5.839937e-01 -7.728676e-01 -2.482478e-01
   outer loop
     vertex  1.552980e-01  6.925182e-03  5.262369e-01
     vertex  1.549520e-01  7.171292e-03  5.262844e-01
     vertex  1.565291e-01  7.550623e-03  5.213934e-01
   endloop
 endfacet
 facet normal -5.721152e-01 -8.173270e-01  6.827009e-02
   outer loop
     vertex  1.552980e-01  6.925182e-03  5.262369e-01
     vertex  1.558162e-01  6.822929e-03  5.293557e-01
     vertex  1.549520e-01  7.171292e-03  5.262844e-01
   endloop
 endfacet
 facet normal -4.200245e-01 -9.074240e-01  1.269071e-02
   outer loop
     vertex  1.552980e-01  6.925182e-03  5.262369e-01
     vertex  1.573819e-01  5.991559e-03  5.284517e-01
     vertex  1.565381e-01  6.388929e-03  5.289389e-01
   endloop
 endfacet
 facet normal -4.917565e-01 -8.691049e-01  5.321943e-02
   outer loop
     vertex  1.552980e-01  6.925182e-03  5.262369e-01
     vertex  1.565381e-01  6.388929e-03  5.289389e-01
     vertex  1.558162e-01  6.822929e-03  5.293557e-01
   endloop
 endfacet
 facet normal -3.625401e-01 -9.305635e-01 -5.114999e-02
   outer loop
     vertex  1.552980e-01  6.925182e-03  5.262369e-01
     vertex  1.583001e-01  5.662967e-03  5.279216e-01
     vertex  1.573819e-01  5.991559e-03  5.284517e-01
   endloop
 endfacet
 facet normal -4.620522e-01 -8.570125e-01 -2.281171e-01
   outer loop
     vertex  1.552980e-01  6.925182e-03  5.262369e-01
     vertex  1.565291e-01  7.550623e-03  5.213934e-01
     vertex  1.592537e-01  5.662967e-03  5.229665e-01
   endloop
 endfacet
 facet normal -2.329751e-01 -9.714486e-01 -4.483609e-02
   outer loop
     vertex  1.605138e-01  5.191053e-03  5.266435e-01
     vertex  1.583001e-01  5.662967e-03  5.279216e-01
     vertex  1.592537e-01  5.662967e-03  5.229665e-01
   endloop
 endfacet
 facet normal -9.313875e-02 -9.877155e-01  1.254719e-01
   outer loop
     vertex  1.605138e-01  5.191053e-03  5.266435e-01
     vertex  1.614078e-01  5.191053e-03  5.273071e-01
     vertex  1.598511e-01  5.459442e-03  5.282643e-01
   endloop
 endfacet
 facet normal -3.458266e-02 -9.983154e-01  4.658805e-02
   outer loop
     vertex  1.605138e-01  5.191053e-03  5.266435e-01
     vertex  1.630681e-01  5.033749e-03  5.251687e-01
     vertex  1.614078e-01  5.191053e-03  5.273071e-01
   endloop
 endfacet
 facet normal -1.513358e-01 -9.833142e-01  1.009486e-01
   outer loop
     vertex  1.605138e-01  5.191053e-03  5.266435e-01
     vertex  1.598511e-01  5.459442e-03  5.282643e-01
     vertex  1.583001e-01  5.662967e-03  5.279216e-01
   endloop
 endfacet
 facet normal -2.919395e-01 -3.696564e-01 -8.821142e-01
   outer loop
     vertex  1.630513e-01  1.202507e-02  5.129340e-01
     vertex  1.630696e-01  9.508191e-03  5.139826e-01
     vertex  1.598456e-01  1.202507e-02  5.139949e-01
   endloop
 endfacet
 facet normal  2.868299e-01 -3.666714e-01 -8.850315e-01
   outer loop
     vertex  1.630513e-01  1.202507e-02  5.129340e-01
     vertex  1.662571e-01  1.202507e-02  5.139729e-01
     vertex  1.630696e-01  9.508191e-03  5.139826e-01
   endloop
 endfacet
 facet normal -3.089281e-01 -1.823209e-01 -9.334466e-01
   outer loop
     vertex  1.630513e-01  1.202507e-02  5.129340e-01
     vertex  1.598456e-01  1.202507e-02  5.139949e-01
     vertex  1.618381e-01  1.510124e-02  5.127347e-01
   endloop
 endfacet
 facet normal -1.200481e-01 -1.112632e-01 -9.865135e-01
   outer loop
     vertex  1.630513e-01  1.202507e-02  5.129340e-01
     vertex  1.618381e-01  1.510124e-02  5.127347e-01
     vertex  1.630731e-01  1.510124e-02  5.125844e-01
   endloop
 endfacet
 facet normal  1.099991e-01 -1.130009e-01 -9.874872e-01
   outer loop
     vertex  1.630513e-01  1.202507e-02  5.129340e-01
     vertex  1.630731e-01  1.510124e-02  5.125844e-01
     vertex  1.641846e-01  1.510124e-02  5.127082e-01
   endloop
 endfacet
 facet normal  3.032453e-01 -1.803918e-01 -9.356822e-01
   outer loop
     vertex  1.630513e-01  1.202507e-02  5.129340e-01
     vertex  1.641846e-01  1.510124e-02  5.127082e-01
     vertex  1.662571e-01  1.202507e-02  5.139729e-01
   endloop
 endfacet
 facet normal -5.714855e-01 -5.415154e-01 -6.165756e-01
   outer loop
     vertex  1.597986e-01  7.550623e-03  5.171462e-01
     vertex  1.584047e-01  1.069672e-02  5.156751e-01
     vertex  1.589836e-01  1.069672e-02  5.151386e-01
   endloop
 endfacet
 facet normal -3.726589e-01 -5.658748e-01 -7.354666e-01
   outer loop
     vertex  1.597986e-01  7.550623e-03  5.171462e-01
     vertex  1.589836e-01  1.069672e-02  5.151386e-01
     vertex  1.630696e-01  9.508191e-03  5.139826e-01
   endloop
 endfacet
 facet normal -3.074096e-01 -6.336370e-01 -7.099321e-01
   outer loop
     vertex  1.597986e-01  7.550623e-03  5.171462e-01
     vertex  1.630696e-01  9.508191e-03  5.139826e-01
     vertex  1.630681e-01  7.550623e-03  5.157305e-01
   endloop
 endfacet
 facet normal -6.555572e-01 -5.617606e-01 -5.046482e-01
   outer loop
     vertex  1.597986e-01  7.550623e-03  5.171462e-01
     vertex  1.565291e-01  7.550623e-03  5.213934e-01
     vertex  1.572077e-01  1.069672e-02  5.170098e-01
   endloop
 endfacet
 facet normal -6.380102e-01 -5.488464e-01 -5.401024e-01
   outer loop
     vertex  1.597986e-01  7.550623e-03  5.171462e-01
     vertex  1.572077e-01  1.069672e-02  5.170098e-01
     vertex  1.577794e-01  1.069672e-02  5.163344e-01
   endloop
 endfacet
 facet normal -6.102438e-01 -5.409928e-01 -5.787308e-01
   outer loop
     vertex  1.597986e-01  7.550623e-03  5.171462e-01
     vertex  1.577794e-01  1.069672e-02  5.163344e-01
     vertex  1.584047e-01  1.069672e-02  5.156751e-01
   endloop
 endfacet
 facet normal -4.891554e-01 -7.867246e-01 -3.765520e-01
   outer loop
     vertex  1.604117e-01  6.449490e-03  5.186504e-01
     vertex  1.565291e-01  7.550623e-03  5.213934e-01
     vertex  1.597986e-01  7.550623e-03  5.171462e-01
   endloop
 endfacet
 facet normal -4.362148e-01 -8.573454e-01 -2.732683e-01
   outer loop
     vertex  1.604117e-01  6.449490e-03  5.186504e-01
     vertex  1.592537e-01  5.662967e-03  5.229665e-01
     vertex  1.565291e-01  7.550623e-03  5.213934e-01
   endloop
 endfacet
 facet normal -2.230008e-01 -8.276759e-01 -5.149983e-01
   outer loop
     vertex  1.604117e-01  6.449490e-03  5.186504e-01
     vertex  1.597986e-01  7.550623e-03  5.171462e-01
     vertex  1.630681e-01  7.550623e-03  5.157305e-01
   endloop
 endfacet
 facet normal  3.731382e-01 -5.655925e-01 -7.354407e-01
   outer loop
     vertex  1.663377e-01  7.550623e-03  5.171462e-01
     vertex  1.630696e-01  9.508191e-03  5.139826e-01
     vertex  1.671574e-01  1.069672e-02  5.151426e-01
   endloop
 endfacet
 facet normal  5.695808e-01 -5.419518e-01 -6.179530e-01
   outer loop
     vertex  1.663377e-01  7.550623e-03  5.171462e-01
     vertex  1.671574e-01  1.069672e-02  5.151426e-01
     vertex  1.676784e-01  1.069672e-02  5.156228e-01
   endloop
 endfacet
 facet normal  6.304474e-01 -5.459460e-01 -5.517962e-01
   outer loop
     vertex  1.663377e-01  7.550623e-03  5.171462e-01
     vertex  1.681994e-01  1.069672e-02  5.161606e-01
     vertex  1.687204e-01  1.069672e-02  5.167559e-01
   endloop
 endfacet
 facet normal  6.040926e-01 -5.408423e-01 -5.852877e-01
   outer loop
     vertex  1.663377e-01  7.550623e-03  5.171462e-01
     vertex  1.676784e-01  1.069672e-02  5.156228e-01
     vertex  1.681994e-01  1.069672e-02  5.161606e-01
   endloop
 endfacet
 facet normal  6.551130e-01 -5.625853e-01 -5.043062e-01
   outer loop
     vertex  1.663377e-01  7.550623e-03  5.171462e-01
     vertex  1.692415e-01  1.069672e-02  5.174087e-01
     vertex  1.696072e-01  7.550623e-03  5.213934e-01
   endloop
 endfacet
 facet normal  6.495132e-01 -5.562416e-01 -5.183896e-01
   outer loop
     vertex  1.663377e-01  7.550623e-03  5.171462e-01
     vertex  1.687204e-01  1.069672e-02  5.167559e-01
     vertex  1.692415e-01  1.069672e-02  5.174087e-01
   endloop
 endfacet
 facet normal  3.073197e-01 -6.339132e-01 -7.097244e-01
   outer loop
     vertex  1.663377e-01  7.550623e-03  5.171462e-01
     vertex  1.630681e-01  7.550623e-03  5.157305e-01
     vertex  1.630696e-01  9.508191e-03  5.139826e-01
   endloop
 endfacet
 facet normal  9.028768e-01 -1.017283e-01  4.176898e-01
   outer loop
     vertex  1.736519e-01  1.219905e-02  5.313886e-01
     vertex  1.744090e-01  1.510124e-02  5.304591e-01
     vertex  1.738752e-01  1.510124e-02  5.316129e-01
   endloop
 endfacet
 facet normal  7.786951e-01 -1.076596e-01  6.180966e-01
   outer loop
     vertex  1.736519e-01  1.219905e-02  5.313886e-01
     vertex  1.738752e-01  1.510124e-02  5.316129e-01
     vertex  1.731590e-01  1.510124e-02  5.325152e-01
   endloop
 endfacet
 facet normal  6.442491e-01 -1.791829e-01  7.435298e-01
   outer loop
     vertex  1.736519e-01  1.219905e-02  5.313886e-01
     vertex  1.731590e-01  1.510124e-02  5.325152e-01
     vertex  1.710926e-01  1.237518e-02  5.336487e-01
   endloop
 endfacet
 facet normal  9.594630e-01 -1.811076e-01  2.159414e-01
   outer loop
     vertex  1.736519e-01  1.219905e-02  5.313886e-01
     vertex  1.743625e-01  1.202507e-02  5.280858e-01
     vertex  1.744090e-01  1.510124e-02  5.304591e-01
   endloop
 endfacet
 facet normal  9.155701e-01 -3.399469e-01  2.148664e-01
   outer loop
     vertex  1.736519e-01  1.219905e-02  5.313886e-01
     vertex  1.728738e-01  9.789138e-03  5.308916e-01
     vertex  1.743625e-01  1.202507e-02  5.280858e-01
   endloop
 endfacet
 facet normal  6.081298e-01 -3.439280e-01  7.154660e-01
   outer loop
     vertex  1.736519e-01  1.219905e-02  5.313886e-01
     vertex  1.710926e-01  1.237518e-02  5.336487e-01
     vertex  1.728738e-01  9.789138e-03  5.308916e-01
   endloop
 endfacet
 facet normal  4.891554e-01 -7.867246e-01 -3.765520e-01
   outer loop
     vertex  1.683811e-01  6.449490e-03  5.221013e-01
     vertex  1.663377e-01  7.550623e-03  5.171462e-01
     vertex  1.696072e-01  7.550623e-03  5.213934e-01
   endloop
 endfacet
 facet normal  3.621775e-01 -8.670830e-01 -3.420446e-01
   outer loop
     vertex  1.683811e-01  6.449490e-03  5.221013e-01
     vertex  1.649754e-01  5.662967e-03  5.204889e-01
     vertex  1.663377e-01  7.550623e-03  5.171462e-01
   endloop
 endfacet
 facet normal  7.649509e-01 -5.572361e-01 -3.230141e-01
   outer loop
     vertex  1.718248e-01  7.708655e-03  5.263725e-01
     vertex  1.696072e-01  7.550623e-03  5.213934e-01
     vertex  1.729255e-01  1.069672e-02  5.238245e-01
   endloop
 endfacet
 facet normal  8.152132e-01 -5.286531e-01 -2.365444e-01
   outer loop
     vertex  1.718248e-01  7.708655e-03  5.263725e-01
     vertex  1.733868e-01  1.069672e-02  5.250776e-01
     vertex  1.736447e-01  1.069672e-02  5.259667e-01
   endloop
 endfacet
 facet normal  8.287587e-01 -5.294071e-01 -1.813480e-01
   outer loop
     vertex  1.718248e-01  7.708655e-03  5.263725e-01
     vertex  1.736447e-01  1.069672e-02  5.259667e-01
     vertex  1.738164e-01  1.069672e-02  5.267510e-01
   endloop
 endfacet
 facet normal  8.264613e-01 -5.591611e-01  6.557860e-02
   outer loop
     vertex  1.718248e-01  7.708655e-03  5.263725e-01
     vertex  1.738164e-01  1.069672e-02  5.267510e-01
     vertex  1.728738e-01  9.789138e-03  5.308916e-01
   endloop
 endfacet
 facet normal  7.903377e-01 -5.392053e-01 -2.909019e-01
   outer loop
     vertex  1.718248e-01  7.708655e-03  5.263725e-01
     vertex  1.729255e-01  1.069672e-02  5.238245e-01
     vertex  1.733868e-01  1.069672e-02  5.250776e-01
   endloop
 endfacet
 facet normal  8.074333e-01 -5.842932e-01  8.156566e-02
   outer loop
     vertex  1.718248e-01  7.708655e-03  5.263725e-01
     vertex  1.728738e-01  9.789138e-03  5.308916e-01
     vertex  1.715685e-01  7.871499e-03  5.300764e-01
   endloop
 endfacet
 facet normal  6.571848e-01 -7.496371e-01  7.843732e-02
   outer loop
     vertex  1.718248e-01  7.708655e-03  5.263725e-01
     vertex  1.715685e-01  7.871499e-03  5.300764e-01
     vertex  1.709769e-01  7.317118e-03  5.297348e-01
   endloop
 endfacet
 facet normal  6.551817e-01 -7.514629e-01  7.771957e-02
   outer loop
     vertex  1.715131e-01  7.432450e-03  5.263296e-01
     vertex  1.718248e-01  7.708655e-03  5.263725e-01
     vertex  1.709769e-01  7.317118e-03  5.297348e-01
   endloop
 endfacet
 facet normal  6.589520e-01 -7.015846e-01 -2.712218e-01
   outer loop
     vertex  1.715131e-01  7.432450e-03  5.263296e-01
     vertex  1.696072e-01  7.550623e-03  5.213934e-01
     vertex  1.718248e-01  7.708655e-03  5.263725e-01
   endloop
 endfacet
 facet normal  6.144769e-01 -7.858102e-01  7.014650e-02
   outer loop
     vertex  1.711843e-01  7.171292e-03  5.262844e-01
     vertex  1.715131e-01  7.432450e-03  5.263296e-01
     vertex  1.709769e-01  7.317118e-03  5.297348e-01
   endloop
 endfacet
 facet normal  6.223829e-01 -7.389702e-01 -2.579973e-01
   outer loop
     vertex  1.711843e-01  7.171292e-03  5.262844e-01
     vertex  1.696072e-01  7.550623e-03  5.213934e-01
     vertex  1.715131e-01  7.432450e-03  5.263296e-01
   endloop
 endfacet
 facet normal  5.740898e-01 -8.158807e-01  6.898975e-02
   outer loop
     vertex  1.711843e-01  7.171292e-03  5.262844e-01
     vertex  1.709769e-01  7.317118e-03  5.297348e-01
     vertex  1.703201e-01  6.822929e-03  5.293557e-01
   endloop
 endfacet
 facet normal  5.839937e-01 -7.728676e-01 -2.482478e-01
   outer loop
     vertex  1.708383e-01  6.925182e-03  5.262369e-01
     vertex  1.696072e-01  7.550623e-03  5.213934e-01
     vertex  1.711843e-01  7.171292e-03  5.262844e-01
   endloop
 endfacet
 facet normal  5.721152e-01 -8.173270e-01  6.827009e-02
   outer loop
     vertex  1.708383e-01  6.925182e-03  5.262369e-01
     vertex  1.711843e-01  7.171292e-03  5.262844e-01
     vertex  1.703201e-01  6.822929e-03  5.293557e-01
   endloop
 endfacet
 facet normal  5.654764e-01 -7.874048e-01 -2.454181e-01
   outer loop
     vertex  1.708383e-01  6.925182e-03  5.262369e-01
     vertex  1.683811e-01  6.449490e-03  5.221013e-01
     vertex  1.696072e-01  7.550623e-03  5.213934e-01
   endloop
 endfacet
 facet normal  5.286037e-01 -8.467402e-01  6.007552e-02
   outer loop
     vertex  1.704496e-01  6.678739e-03  5.261834e-01
     vertex  1.708383e-01  6.925182e-03  5.262369e-01
     vertex  1.703201e-01  6.822929e-03  5.293557e-01
   endloop
 endfacet
 facet normal  5.434719e-01 -8.072870e-01 -2.300567e-01
   outer loop
     vertex  1.704496e-01  6.678739e-03  5.261834e-01
     vertex  1.683811e-01  6.449490e-03  5.221013e-01
     vertex  1.708383e-01  6.925182e-03  5.262369e-01
   endloop
 endfacet
 facet normal  4.888542e-01 -8.703324e-01  5.952452e-02
   outer loop
     vertex  1.704496e-01  6.678739e-03  5.261834e-01
     vertex  1.703201e-01  6.822929e-03  5.293557e-01
     vertex  1.695982e-01  6.388929e-03  5.289389e-01
   endloop
 endfacet
 facet normal  3.365192e-01 -9.416763e-01  8.074244e-04
   outer loop
     vertex  1.700414e-01  6.449490e-03  5.261273e-01
     vertex  1.687544e-01  5.991559e-03  5.284517e-01
     vertex  1.678362e-01  5.662967e-03  5.279216e-01
   endloop
 endfacet
 facet normal  5.005121e-01 -8.407636e-01 -2.064077e-01
   outer loop
     vertex  1.700414e-01  6.449490e-03  5.261273e-01
     vertex  1.683811e-01  6.449490e-03  5.221013e-01
     vertex  1.704496e-01  6.678739e-03  5.261834e-01
   endloop
 endfacet
 facet normal  4.828341e-01 -8.738355e-01  5.729576e-02
   outer loop
     vertex  1.700414e-01  6.449490e-03  5.261273e-01
     vertex  1.704496e-01  6.678739e-03  5.261834e-01
     vertex  1.695982e-01  6.388929e-03  5.289389e-01
   endloop
 endfacet
 facet normal  4.046865e-01 -9.133904e-01  4.412384e-02
   outer loop
     vertex  1.700414e-01  6.449490e-03  5.261273e-01
     vertex  1.695982e-01  6.388929e-03  5.289389e-01
     vertex  1.687544e-01  5.991559e-03  5.284517e-01
   endloop
 endfacet
 facet normal  2.848266e-01 -9.484524e-01 -1.389674e-01
   outer loop
     vertex  1.651116e-01  5.191053e-03  5.239890e-01
     vertex  1.649754e-01  5.662967e-03  5.204889e-01
     vertex  1.683811e-01  6.449490e-03  5.221013e-01
   endloop
 endfacet
 facet normal  3.078816e-01 -9.506525e-01 -3.832425e-02
   outer loop
     vertex  1.663982e-01  5.313401e-03  5.250406e-01
     vertex  1.700414e-01  6.449490e-03  5.261273e-01
     vertex  1.678362e-01  5.662967e-03  5.279216e-01
   endloop
 endfacet
 facet normal  3.318772e-01 -9.333412e-01 -1.368638e-01
   outer loop
     vertex  1.663982e-01  5.313401e-03  5.250406e-01
     vertex  1.683811e-01  6.449490e-03  5.221013e-01
     vertex  1.700414e-01  6.449490e-03  5.261273e-01
   endloop
 endfacet
 facet normal  2.510812e-01 -9.477221e-01 -1.969293e-01
   outer loop
     vertex  1.663982e-01  5.313401e-03  5.250406e-01
     vertex  1.651116e-01  5.191053e-03  5.239890e-01
     vertex  1.683811e-01  6.449490e-03  5.221013e-01
   endloop
 endfacet
 facet normal -1.573862e-01 -8.542434e-01  4.954774e-01
   outer loop
     vertex  1.647284e-01  5.191053e-03  5.273071e-01
     vertex  1.662852e-01  5.459442e-03  5.282643e-01
     vertex  1.673116e-01  5.843229e-03  5.292520e-01
   endloop
 endfacet
 facet normal  2.135992e-02 -9.779124e-01  2.079211e-01
   outer loop
     vertex  1.647284e-01  5.191053e-03  5.273071e-01
     vertex  1.630681e-01  5.583984e-03  5.293257e-01
     vertex  1.630681e-01  5.171308e-03  5.273848e-01
   endloop
 endfacet
 facet normal  1.476761e-02 -9.979701e-01  6.194779e-02
   outer loop
     vertex  1.647284e-01  5.191053e-03  5.273071e-01
     vertex  1.630681e-01  5.171308e-03  5.273848e-01
     vertex  1.630681e-01  5.033749e-03  5.251687e-01
   endloop
 endfacet
 facet normal  6.334925e-02 -9.685465e-01  2.406337e-01
   outer loop
     vertex  1.647284e-01  5.191053e-03  5.273071e-01
     vertex  1.673116e-01  5.843229e-03  5.292520e-01
     vertex  1.630681e-01  5.583984e-03  5.293257e-01
   endloop
 endfacet
 facet normal -1.712273e-01 -9.829186e-01 -6.746948e-02
   outer loop
     vertex  1.620124e-01  5.073075e-03  5.245592e-01
     vertex  1.605138e-01  5.191053e-03  5.266435e-01
     vertex  1.592537e-01  5.662967e-03  5.229665e-01
   endloop
 endfacet
 facet normal -4.934506e-02 -9.985601e-01  2.104492e-02
   outer loop
     vertex  1.620124e-01  5.073075e-03  5.245592e-01
     vertex  1.630681e-01  5.033749e-03  5.251687e-01
     vertex  1.605138e-01  5.191053e-03  5.266435e-01
   endloop
 endfacet
 facet normal -1.730839e-01 -9.828115e-01 -6.421409e-02
   outer loop
     vertex  1.620464e-01  5.191053e-03  5.226617e-01
     vertex  1.620124e-01  5.073075e-03  5.245592e-01
     vertex  1.592537e-01  5.662967e-03  5.229665e-01
   endloop
 endfacet
 facet normal -1.861193e-01 -9.565923e-01 -2.242561e-01
   outer loop
     vertex  1.620464e-01  5.191053e-03  5.226617e-01
     vertex  1.592537e-01  5.662967e-03  5.229665e-01
     vertex  1.604117e-01  6.449490e-03  5.186504e-01
   endloop
 endfacet
 facet normal -3.132840e-01 -9.350941e-01 -1.656867e-01
   outer loop
     vertex  1.620464e-01  5.191053e-03  5.226617e-01
     vertex  1.604117e-01  6.449490e-03  5.186504e-01
     vertex  1.621145e-01  5.662967e-03  5.198695e-01
   endloop
 endfacet
 facet normal  2.035562e-01 -8.588234e-01 -4.700928e-01
   outer loop
     vertex  1.630681e-01  6.016903e-03  5.185325e-01
     vertex  1.630681e-01  7.550623e-03  5.157305e-01
     vertex  1.663377e-01  7.550623e-03  5.171462e-01
   endloop
 endfacet
 facet normal -1.654844e-01 -9.177796e-01 -3.609647e-01
   outer loop
     vertex  1.630681e-01  6.016903e-03  5.185325e-01
     vertex  1.621145e-01  5.662967e-03  5.198695e-01
     vertex  1.604117e-01  6.449490e-03  5.186504e-01
   endloop
 endfacet
 facet normal  2.453080e-01 -8.835429e-01 -3.989687e-01
   outer loop
     vertex  1.630681e-01  6.016903e-03  5.185325e-01
     vertex  1.663377e-01  7.550623e-03  5.171462e-01
     vertex  1.649754e-01  5.662967e-03  5.204889e-01
   endloop
 endfacet
 facet normal -1.619990e-01 -8.656020e-01 -4.738032e-01
   outer loop
     vertex  1.630681e-01  6.016903e-03  5.185325e-01
     vertex  1.604117e-01  6.449490e-03  5.186504e-01
     vertex  1.630681e-01  7.550623e-03  5.157305e-01
   endloop
 endfacet
 facet normal -1.026622e-01 -9.803916e-01 -1.682044e-01
   outer loop
     vertex  1.630681e-01  5.387684e-03  5.208920e-01
     vertex  1.620464e-01  5.191053e-03  5.226617e-01
     vertex  1.621145e-01  5.662967e-03  5.198695e-01
   endloop
 endfacet
 facet normal -2.656448e-03 -9.662315e-01 -2.576617e-01
   outer loop
     vertex  1.630681e-01  5.387684e-03  5.208920e-01
     vertex  1.621145e-01  5.662967e-03  5.198695e-01
     vertex  1.630681e-01  6.016903e-03  5.185325e-01
   endloop
 endfacet
 facet normal  8.470115e-02 -9.627627e-01 -2.567367e-01
   outer loop
     vertex  1.630681e-01  5.387684e-03  5.208920e-01
     vertex  1.630681e-01  6.016903e-03  5.185325e-01
     vertex  1.649754e-01  5.662967e-03  5.204889e-01
   endloop
 endfacet
 facet normal  1.403247e-01 -9.888452e-01  4.994168e-02
   outer loop
     vertex  1.643879e-01  5.073075e-03  5.259307e-01
     vertex  1.663982e-01  5.313401e-03  5.250406e-01
     vertex  1.678362e-01  5.662967e-03  5.279216e-01
   endloop
 endfacet
 facet normal  1.102563e-01 -9.937161e-01 -1.928298e-02
   outer loop
     vertex  1.643879e-01  5.073075e-03  5.259307e-01
     vertex  1.651116e-01  5.191053e-03  5.239890e-01
     vertex  1.663982e-01  5.313401e-03  5.250406e-01
   endloop
 endfacet
 facet normal  1.433890e-01 -9.876984e-01  6.238210e-02
   outer loop
     vertex  1.646638e-01  5.103662e-03  5.263580e-01
     vertex  1.678362e-01  5.662967e-03  5.279216e-01
     vertex  1.662852e-01  5.459442e-03  5.282643e-01
   endloop
 endfacet
 facet normal  2.021995e-01 -9.774676e-01 -6.059985e-02
   outer loop
     vertex  1.646638e-01  5.103662e-03  5.263580e-01
     vertex  1.643879e-01  5.073075e-03  5.259307e-01
     vertex  1.678362e-01  5.662967e-03  5.279216e-01
   endloop
 endfacet
 facet normal  1.195656e-01 -9.893547e-01  8.295340e-02
   outer loop
     vertex  1.646638e-01  5.103662e-03  5.263580e-01
     vertex  1.662852e-01  5.459442e-03  5.282643e-01
     vertex  1.647284e-01  5.191053e-03  5.273071e-01
   endloop
 endfacet
 facet normal -2.601497e-02 -9.952873e-01  9.341551e-02
   outer loop
     vertex  1.646638e-01  5.103662e-03  5.263580e-01
     vertex  1.647284e-01  5.191053e-03  5.273071e-01
     vertex  1.630681e-01  5.033749e-03  5.251687e-01
   endloop
 endfacet
 facet normal -1.831453e-02 -9.963690e-01  8.314720e-02
   outer loop
     vertex  1.646638e-01  5.103662e-03  5.263580e-01
     vertex  1.630681e-01  5.033749e-03  5.251687e-01
     vertex  1.643879e-01  5.073075e-03  5.259307e-01
   endloop
 endfacet
 facet normal -5.124979e-02 -9.967037e-01 -6.289108e-02
   outer loop
     vertex  1.630681e-01  5.122233e-03  5.229198e-01
     vertex  1.620124e-01  5.073075e-03  5.245592e-01
     vertex  1.620464e-01  5.191053e-03  5.226617e-01
   endloop
 endfacet
 facet normal -3.398137e-02 -9.909673e-01 -1.297266e-01
   outer loop
     vertex  1.630681e-01  5.122233e-03  5.229198e-01
     vertex  1.620464e-01  5.191053e-03  5.226617e-01
     vertex  1.630681e-01  5.387684e-03  5.208920e-01
   endloop
 endfacet
 facet normal  1.407445e-01 -9.816701e-01 -1.285095e-01
   outer loop
     vertex  1.635960e-01  5.073075e-03  5.238734e-01
     vertex  1.630681e-01  5.122233e-03  5.229198e-01
     vertex  1.630681e-01  5.387684e-03  5.208920e-01
   endloop
 endfacet
 facet normal -1.595074e-02 -9.991940e-01 -3.683664e-02
   outer loop
     vertex  1.635960e-01  5.073075e-03  5.238734e-01
     vertex  1.630681e-01  5.033749e-03  5.251687e-01
     vertex  1.620124e-01  5.073075e-03  5.245592e-01
   endloop
 endfacet
 facet normal  0.000000e+00  0.000000e+00  0.000000e+00
   outer loop
     vertex  1.635960e-01  5.073075e-03  5.238734e-01
     vertex  1.630681e-01  5.033749e-03  5.251687e-01
     vertex  1.630681e-01  5.033749e-03  5.251687e-01
   endloop
 endfacet
 facet normal  8.721786e-02 -9.868006e-01 -1.364465e-01
   outer loop
     vertex  1.635960e-01  5.073075e-03  5.238734e-01
     vertex  1.649754e-01  5.662967e-03  5.204889e-01
     vertex  1.651116e-01  5.191053e-03  5.239890e-01
   endloop
 endfacet
 facet normal -1.798623e-02 -9.989750e-01 -4.153742e-02
   outer loop
     vertex  1.635960e-01  5.073075e-03  5.238734e-01
     vertex  1.620124e-01  5.073075e-03  5.245592e-01
     vertex  1.630681e-01  5.122233e-03  5.229198e-01
   endloop
 endfacet
 facet normal  1.159183e-01 -9.854239e-01 -1.245099e-01
   outer loop
     vertex  1.635960e-01  5.073075e-03  5.238734e-01
     vertex  1.630681e-01  5.387684e-03  5.208920e-01
     vertex  1.649754e-01  5.662967e-03  5.204889e-01
   endloop
 endfacet
 facet normal  7.990337e-02 -9.963281e-01 -3.075482e-02
   outer loop
     vertex  1.635960e-01  5.073075e-03  5.238734e-01
     vertex  1.651116e-01  5.191053e-03  5.239890e-01
     vertex  1.643879e-01  5.073075e-03  5.259307e-01
   endloop
 endfacet
 facet normal  3.828040e-02 -9.991584e-01 -1.473413e-02
   outer loop
     vertex  1.635960e-01  5.073075e-03  5.238734e-01
     vertex  1.643879e-01  5.073075e-03  5.259307e-01
     vertex  1.630681e-01  5.033749e-03  5.251687e-01
   endloop
 endfacet
 facet normal -1.221176e-01  0.000000e+00 -9.925156e-01
   outer loop
     vertex  1.606277e-01  4.530373e-02  5.154015e-01
     vertex  1.630681e-01  4.530373e-02  5.151012e-01
     vertex  1.630681e-01  1.510124e-02  5.151012e-01
   endloop
 endfacet
 facet normal -1.221176e-01 -0.000000e+00 -9.925156e-01
   outer loop
     vertex  1.606277e-01  4.530373e-02  5.154015e-01
     vertex  1.630681e-01  1.510124e-02  5.151012e-01
     vertex  1.606277e-01  1.510124e-02  5.154015e-01
   endloop
 endfacet
 facet normal -3.589632e-01 -0.000000e+00 -9.333517e-01
   outer loop
     vertex  1.583349e-01  4.530373e-02  5.162833e-01
     vertex  1.606277e-01  1.510124e-02  5.154015e-01
     vertex  1.583349e-01  1.510124e-02  5.162833e-01
   endloop
 endfacet
 facet normal -3.589632e-01  0.000000e+00 -9.333517e-01
   outer loop
     vertex  1.583349e-01  4.530373e-02  5.162833e-01
     vertex  1.606277e-01  4.530373e-02  5.154015e-01
     vertex  1.606277e-01  1.510124e-02  5.154015e-01
   endloop
 endfacet
 facet normal -5.707972e-01 -0.000000e+00 -8.210911e-01
   outer loop
     vertex  1.563884e-01  4.530373e-02  5.176365e-01
     vertex  1.583349e-01  1.510124e-02  5.162833e-01
     vertex  1.563884e-01  1.510124e-02  5.176365e-01
   endloop
 endfacet
 facet normal -5.707972e-01  0.000000e+00 -8.210911e-01
   outer loop
     vertex  1.563884e-01  4.530373e-02  5.176365e-01
     vertex  1.583349e-01  4.530373e-02  5.162833e-01
     vertex  1.583349e-01  1.510124e-02  5.162833e-01
   endloop
 endfacet
 facet normal -7.500718e-01 -0.000000e+00 -6.613565e-01
   outer loop
     vertex  1.547587e-01  4.530373e-02  5.194847e-01
     vertex  1.563884e-01  1.510124e-02  5.176365e-01
     vertex  1.547587e-01  1.510124e-02  5.194847e-01
   endloop
 endfacet
 facet normal -7.500718e-01  0.000000e+00 -6.613565e-01
   outer loop
     vertex  1.547587e-01  4.530373e-02  5.194847e-01
     vertex  1.563884e-01  4.530373e-02  5.176365e-01
     vertex  1.563884e-01  1.510124e-02  5.176365e-01
   endloop
 endfacet
 facet normal -8.887885e-01  0.000000e+00 -4.583176e-01
   outer loop
     vertex  1.536188e-01  4.530373e-02  5.216952e-01
     vertex  1.547587e-01  4.530373e-02  5.194847e-01
     vertex  1.547587e-01  1.510124e-02  5.194847e-01
   endloop
 endfacet
 facet normal -8.887885e-01 -0.000000e+00 -4.583176e-01
   outer loop
     vertex  1.536188e-01  4.530373e-02  5.216952e-01
     vertex  1.547587e-01  1.510124e-02  5.194847e-01
     vertex  1.536188e-01  1.510124e-02  5.216952e-01
   endloop
 endfacet
 facet normal -9.734404e-01  0.000000e+00 -2.289404e-01
   outer loop
     vertex  1.530612e-01  4.530373e-02  5.240664e-01
     vertex  1.536188e-01  4.530373e-02  5.216952e-01
     vertex  1.536188e-01  1.510124e-02  5.216952e-01
   endloop
 endfacet
 facet normal -9.734404e-01 -0.000000e+00 -2.289404e-01
   outer loop
     vertex  1.530612e-01  4.530373e-02  5.240664e-01
     vertex  1.536188e-01  1.510124e-02  5.216952e-01
     vertex  1.530612e-01  1.510124e-02  5.240664e-01
   endloop
 endfacet
 facet normal -9.999837e-01  0.000000e+00  5.706482e-03
   outer loop
     vertex  1.530744e-01  4.530373e-02  5.263852e-01
     vertex  1.530612e-01  1.510124e-02  5.240664e-01
     vertex  1.530744e-01  1.510124e-02  5.263852e-01
   endloop
 endfacet
 facet normal -9.999837e-01  0.000000e+00  5.706482e-03
   outer loop
     vertex  1.530744e-01  4.530373e-02  5.263852e-01
     vertex  1.530612e-01  4.530373e-02  5.240664e-01
     vertex  1.530612e-01  1.510124e-02  5.240664e-01
   endloop
 endfacet
 facet normal -9.740478e-01  0.000000e+00  2.263423e-01
   outer loop
     vertex  1.535620e-01  4.530373e-02  5.284835e-01
     vertex  1.530744e-01  4.530373e-02  5.263852e-01
     vertex  1.530744e-01  1.510124e-02  5.263852e-01
   endloop
 endfacet
 facet normal -9.740478e-01  0.000000e+00  2.263423e-01
   outer loop
     vertex  1.535620e-01  4.530373e-02  5.284835e-01
     vertex  1.530744e-01  1.510124e-02  5.263852e-01
     vertex  1.535620e-01  1.510124e-02  5.284835e-01
   endloop
 endfacet
 facet normal -9.076422e-01  0.000000e+00  4.197447e-01
   outer loop
     vertex  1.543860e-01  4.530373e-02  5.302653e-01
     vertex  1.535620e-01  1.510124e-02  5.284835e-01
     vertex  1.543860e-01  1.510124e-02  5.302653e-01
   endloop
 endfacet
 facet normal -9.076422e-01  0.000000e+00  4.197447e-01
   outer loop
     vertex  1.543860e-01  4.530373e-02  5.302653e-01
     vertex  1.535620e-01  4.530373e-02  5.284835e-01
     vertex  1.535620e-01  1.510124e-02  5.284835e-01
   endloop
 endfacet
 facet normal -8.084891e-01  0.000000e+00  5.885112e-01
   outer loop
     vertex  1.555501e-01  4.530373e-02  5.318645e-01
     vertex  1.543860e-01  1.510124e-02  5.302653e-01
     vertex  1.555501e-01  1.510124e-02  5.318645e-01
   endloop
 endfacet
 facet normal -8.084891e-01  0.000000e+00  5.885112e-01
   outer loop
     vertex  1.555501e-01  4.530373e-02  5.318645e-01
     vertex  1.543860e-01  4.530373e-02  5.302653e-01
     vertex  1.543860e-01  1.510124e-02  5.302653e-01
   endloop
 endfacet
 facet normal -6.708025e-01  0.000000e+00  7.416360e-01
   outer loop
     vertex  1.571581e-01  4.530373e-02  5.333189e-01
     vertex  1.555501e-01  1.510124e-02  5.318645e-01
     vertex  1.571581e-01  1.510124e-02  5.333189e-01
   endloop
 endfacet
 facet normal -6.708025e-01  0.000000e+00  7.416360e-01
   outer loop
     vertex  1.571581e-01  4.530373e-02  5.333189e-01
     vertex  1.555501e-01  4.530373e-02  5.318645e-01
     vertex  1.555501e-01  1.510124e-02  5.318645e-01
   endloop
 endfacet
 facet normal -4.894223e-01  0.000000e+00  8.720469e-01
   outer loop
     vertex  1.591899e-01  4.530373e-02  5.344592e-01
     vertex  1.571581e-01  1.510124e-02  5.333189e-01
     vertex  1.591899e-01  1.510124e-02  5.344592e-01
   endloop
 endfacet
 facet normal -4.894223e-01  0.000000e+00  8.720469e-01
   outer loop
     vertex  1.591899e-01  4.530373e-02  5.344592e-01
     vertex  1.571581e-01  4.530373e-02  5.333189e-01
     vertex  1.571581e-01  1.510124e-02  5.333189e-01
   endloop
 endfacet
 facet normal -2.704451e-01  0.000000e+00  9.627354e-01
   outer loop
     vertex  1.615412e-01  4.530373e-02  5.351198e-01
     vertex  1.591899e-01  1.510124e-02  5.344592e-01
     vertex  1.615412e-01  1.510124e-02  5.351198e-01
   endloop
 endfacet
 facet normal -2.704451e-01  0.000000e+00  9.627354e-01
   outer loop
     vertex  1.615412e-01  4.530373e-02  5.351198e-01
     vertex  1.591899e-01  4.530373e-02  5.344592e-01
     vertex  1.591899e-01  1.510124e-02  5.344592e-01
   endloop
 endfacet
 facet normal -2.836914e-02  0.000000e+00  9.995975e-01
   outer loop
     vertex  1.640282e-01  4.530373e-02  5.351903e-01
     vertex  1.615412e-01  1.510124e-02  5.351198e-01
     vertex  1.640282e-01  1.510124e-02  5.351903e-01
   endloop
 endfacet
 facet normal -2.836914e-02  0.000000e+00  9.995975e-01
   outer loop
     vertex  1.640282e-01  4.530373e-02  5.351903e-01
     vertex  1.615412e-01  4.530373e-02  5.351198e-01
     vertex  1.615412e-01  1.510124e-02  5.351198e-01
   endloop
 endfacet
 facet normal  2.162319e-01  0.000000e+00  9.763420e-01
   outer loop
     vertex  1.664293e-01  4.530373e-02  5.346586e-01
     vertex  1.640282e-01  1.510124e-02  5.351903e-01
     vertex  1.664293e-01  1.510124e-02  5.346586e-01
   endloop
 endfacet
 facet normal  2.162319e-01  0.000000e+00  9.763420e-01
   outer loop
     vertex  1.664293e-01  4.530373e-02  5.346586e-01
     vertex  1.640282e-01  4.530373e-02  5.351903e-01
     vertex  1.640282e-01  1.510124e-02  5.351903e-01
   endloop
 endfacet
 facet normal  4.420789e-01  0.000000e+00  8.969762e-01
   outer loop
     vertex  1.685469e-01  4.530373e-02  5.336149e-01
     vertex  1.664293e-01  1.510124e-02  5.346586e-01
     vertex  1.685469e-01  1.510124e-02  5.336149e-01
   endloop
 endfacet
 facet normal  4.420789e-01  0.000000e+00  8.969762e-01
   outer loop
     vertex  1.685469e-01  4.530373e-02  5.336149e-01
     vertex  1.664293e-01  4.530373e-02  5.346586e-01
     vertex  1.664293e-01  1.510124e-02  5.346586e-01
   endloop
 endfacet
 facet normal  6.329383e-01  0.000000e+00  7.742023e-01
   outer loop
     vertex  1.702567e-01  4.530373e-02  5.322171e-01
     vertex  1.685469e-01  1.510124e-02  5.336149e-01
     vertex  1.702567e-01  1.510124e-02  5.322171e-01
   endloop
 endfacet
 facet normal  6.329383e-01  0.000000e+00  7.742023e-01
   outer loop
     vertex  1.702567e-01  4.530373e-02  5.322171e-01
     vertex  1.685469e-01  4.530373e-02  5.336149e-01
     vertex  1.685469e-01  1.510124e-02  5.336149e-01
   endloop
 endfacet
 facet normal  7.807720e-01  0.000000e+00  6.248160e-01
   outer loop
     vertex  1.715208e-01  4.530373e-02  5.306374e-01
     vertex  1.702567e-01  1.510124e-02  5.322171e-01
     vertex  1.715208e-01  1.510124e-02  5.306374e-01
   endloop
 endfacet
 facet normal  7.807720e-01  0.000000e+00  6.248160e-01
   outer loop
     vertex  1.715208e-01  4.530373e-02  5.306374e-01
     vertex  1.702567e-01  4.530373e-02  5.322171e-01
     vertex  1.702567e-01  1.510124e-02  5.322171e-01
   endloop
 endfacet
 facet normal  8.878397e-01  0.000000e+00  4.601529e-01
   outer loop
     vertex  1.724097e-01  4.530373e-02  5.289225e-01
     vertex  1.715208e-01  4.530373e-02  5.306374e-01
     vertex  1.715208e-01  1.510124e-02  5.306374e-01
   endloop
 endfacet
 facet normal  8.878397e-01  0.000000e+00  4.601529e-01
   outer loop
     vertex  1.724097e-01  4.530373e-02  5.289225e-01
     vertex  1.715208e-01  1.510124e-02  5.306374e-01
     vertex  1.724097e-01  1.510124e-02  5.289225e-01
   endloop
 endfacet
 facet normal  9.618771e-01  0.000000e+00  2.734821e-01
   outer loop
     vertex  1.729872e-01  4.530373e-02  5.268912e-01
     vertex  1.724097e-01  1.510124e-02  5.289225e-01
     vertex  1.729872e-01  1.510124e-02  5.268912e-01
   endloop
 endfacet
 facet normal  9.618771e-01  0.000000e+00  2.734821e-01
   outer loop
     vertex  1.729872e-01  4.530373e-02  5.268912e-01
     vertex  1.724097e-01  4.530373e-02  5.289225e-01
     vertex  1.724097e-01  1.510124e-02  5.289225e-01
   endloop
 endfacet
 facet normal  9.983052e-01  0.000000e+00  5.819530e-02
   outer loop
     vertex  1.731202e-01  4.530373e-02  5.246105e-01
     vertex  1.729872e-01  1.510124e-02  5.268912e-01
     vertex  1.731202e-01  1.510124e-02  5.246105e-01
   endloop
 endfacet
 facet normal  9.983052e-01  0.000000e+00  5.819530e-02
   outer loop
     vertex  1.731202e-01  4.530373e-02  5.246105e-01
     vertex  1.729872e-01  4.530373e-02  5.268912e-01
     vertex  1.729872e-01  1.510124e-02  5.268912e-01
   endloop
 endfacet
 facet normal  9.846097e-01  0.000000e+00 -1.747679e-01
   outer loop
     vertex  1.726982e-01  4.530373e-02  5.222334e-01
     vertex  1.731202e-01  4.530373e-02  5.246105e-01
     vertex  1.731202e-01  1.510124e-02  5.246105e-01
   endloop
 endfacet
 facet normal  9.846097e-01  0.000000e+00 -1.747679e-01
   outer loop
     vertex  1.726982e-01  4.530373e-02  5.222334e-01
     vertex  1.731202e-01  1.510124e-02  5.246105e-01
     vertex  1.726982e-01  1.510124e-02  5.222334e-01
   endloop
 endfacet
 facet normal  9.133187e-01  0.000000e+00 -4.072455e-01
   outer loop
     vertex  1.716875e-01  4.530373e-02  5.199667e-01
     vertex  1.726982e-01  1.510124e-02  5.222334e-01
     vertex  1.716875e-01  1.510124e-02  5.199667e-01
   endloop
 endfacet
 facet normal  9.133187e-01  0.000000e+00 -4.072455e-01
   outer loop
     vertex  1.716875e-01  4.530373e-02  5.199667e-01
     vertex  1.726982e-01  4.530373e-02  5.222334e-01
     vertex  1.726982e-01  1.510124e-02  5.222334e-01
   endloop
 endfacet
 facet normal  7.861212e-01  0.000000e+00 -6.180724e-01
   outer loop
     vertex  1.701572e-01  4.530373e-02  5.180203e-01
     vertex  1.716875e-01  1.510124e-02  5.199667e-01
     vertex  1.701572e-01  1.510124e-02  5.180203e-01
   endloop
 endfacet
 facet normal  7.861212e-01  0.000000e+00 -6.180724e-01
   outer loop
     vertex  1.701572e-01  4.530373e-02  5.180203e-01
     vertex  1.716875e-01  4.530373e-02  5.199667e-01
     vertex  1.716875e-01  1.510124e-02  5.199667e-01
   endloop
 endfacet
 facet normal  6.145912e-01  0.000000e+00 -7.888458e-01
   outer loop
     vertex  1.682658e-01  4.530373e-02  5.165468e-01
     vertex  1.701572e-01  1.510124e-02  5.180203e-01
     vertex  1.682658e-01  1.510124e-02  5.165468e-01
   endloop
 endfacet
 facet normal  6.145912e-01  0.000000e+00 -7.888458e-01
   outer loop
     vertex  1.682658e-01  4.530373e-02  5.165468e-01
     vertex  1.701572e-01  4.530373e-02  5.180203e-01
     vertex  1.701572e-01  1.510124e-02  5.180203e-01
   endloop
 endfacet
 facet normal  4.169042e-01  0.000000e+00 -9.089504e-01
   outer loop
     vertex  1.662118e-01  4.530373e-02  5.156046e-01
     vertex  1.682658e-01  1.510124e-02  5.165468e-01
     vertex  1.662118e-01  1.510124e-02  5.156046e-01
   endloop
 endfacet
 facet normal  4.169042e-01  0.000000e+00 -9.089504e-01
   outer loop
     vertex  1.662118e-01  4.530373e-02  5.156046e-01
     vertex  1.682658e-01  4.530373e-02  5.165468e-01
     vertex  1.682658e-01  1.510124e-02  5.165468e-01
   endloop
 endfacet
 facet normal  2.330015e-01  0.000000e+00 -9.724764e-01
   outer loop
     vertex  1.646001e-01  4.530373e-02  5.152185e-01
     vertex  1.662118e-01  1.510124e-02  5.156046e-01
     vertex  1.646001e-01  1.510124e-02  5.152185e-01
   endloop
 endfacet
 facet normal  2.330015e-01  0.000000e+00 -9.724764e-01
   outer loop
     vertex  1.646001e-01  4.530373e-02  5.152185e-01
     vertex  1.662118e-01  4.530373e-02  5.156046e-01
     vertex  1.662118e-01  1.510124e-02  5.156046e-01
   endloop
 endfacet
 facet normal  7.630511e-02  0.000000e+00 -9.970845e-01
   outer loop
     vertex  1.630681e-01  4.530373e-02  5.151012e-01
     vertex  1.646001e-01  1.510124e-02  5.152185e-01
     vertex  1.630681e-01  1.510124e-02  5.151012e-01
   endloop
 endfacet
 facet normal  7.630511e-02  0.000000e+00 -9.970845e-01
   outer loop
     vertex  1.630681e-01  4.530373e-02  5.151012e-01
     vertex  1.646001e-01  4.530373e-02  5.152185e-01
     vertex  1.646001e-01  1.510124e-02  5.152185e-01
   endloop
 endfacet
 facet normal  0.000000e+00 -1.000000e+00  0.000000e+00
   outer loop
     vertex  1.697437e-01  4.530400e-02  5.176337e-01
     vertex  1.630680e-01  4.530400e-02  5.151020e-01
     vertex  1.654772e-01  4.530400e-02  5.153945e-01
   endloop
 endfacet
 facet normal  0.000000e+00 -1.000000e+00  0.000000e+00
   outer loop
     vertex  1.697437e-01  4.530400e-02  5.176337e-01
     vertex  1.654772e-01  4.530400e-02  5.153945e-01
     vertex  1.677464e-01  4.530400e-02  5.162551e-01
   endloop
 endfacet
 facet normal  0.000000e+00 -1.000000e+00  0.000000e+00
   outer loop
     vertex  1.697437e-01  4.530400e-02  5.176337e-01
     vertex  1.713530e-01  4.530400e-02  5.194503e-01
     vertex  1.724808e-01  4.530400e-02  5.215992e-01
   endloop
 endfacet
 facet normal  0.000000e+00 -1.000000e+00  0.000000e+00
   outer loop
     vertex  1.697437e-01  4.530400e-02  5.176337e-01
     vertex  1.724808e-01  4.530400e-02  5.215992e-01
     vertex  1.730616e-01  4.530400e-02  5.239556e-01
   endloop
 endfacet
 facet normal  0.000000e+00 -1.000000e+00  0.000000e+00
   outer loop
     vertex  1.697437e-01  4.530400e-02  5.176337e-01
     vertex  1.730616e-01  4.530400e-02  5.239556e-01
     vertex  1.730616e-01  4.530400e-02  5.263824e-01
   endloop
 endfacet
 facet normal  0.000000e+00 -1.000000e+00  0.000000e+00
   outer loop
     vertex  1.697437e-01  4.530400e-02  5.176337e-01
     vertex  1.730616e-01  4.530400e-02  5.263824e-01
     vertex  1.724808e-01  4.530400e-02  5.287388e-01
   endloop
 endfacet
 facet normal  0.000000e+00 -1.000000e+00  0.000000e+00
   outer loop
     vertex  1.697437e-01  4.530400e-02  5.176337e-01
     vertex  1.724808e-01  4.530400e-02  5.287388e-01
     vertex  1.713530e-01  4.530400e-02  5.308877e-01
   endloop
 endfacet
 facet normal  0.000000e+00 -1.000000e+00  0.000000e+00
   outer loop
     vertex  1.697437e-01  4.530400e-02  5.176337e-01
     vertex  1.713530e-01  4.530400e-02  5.308877e-01
     vertex  1.697437e-01  4.530400e-02  5.327043e-01
   endloop
 endfacet
 facet normal  0.000000e+00 -1.000000e+00  0.000000e+00
   outer loop
     vertex  1.697437e-01  4.530400e-02  5.176337e-01
     vertex  1.697437e-01  4.530400e-02  5.327043e-01
     vertex  1.677464e-01  4.530400e-02  5.340829e-01
   endloop
 endfacet
 facet normal  0.000000e+00 -1.000000e+00  0.000000e+00
   outer loop
     vertex  1.697437e-01  4.530400e-02  5.176337e-01
     vertex  1.677464e-01  4.530400e-02  5.340829e-01
     vertex  1.654772e-01  4.530400e-02  5.349435e-01
   endloop
 endfacet
 facet normal  0.000000e+00 -1.000000e+00  0.000000e+00
   outer loop
     vertex  1.697437e-01  4.530400e-02  5.176337e-01
     vertex  1.654772e-01  4.530400e-02  5.349435e-01
     vertex  1.630680e-01  4.530400e-02  5.352360e-01
   endloop
 endfacet
 facet normal  0.000000e+00 -1.000000e+00  0.000000e+00
   outer loop
     vertex  1.697437e-01  4.530400e-02  5.176337e-01
     vertex  1.630680e-01  4.530400e-02  5.352360e-01
     vertex  1.606588e-01  4.530400e-02  5.349435e-01
   endloop
 endfacet
 facet normal  0.000000e+00 -1.000000e+00  0.000000e+00
   outer loop
     vertex  1.697437e-01  4.530400e-02  5.176337e-01
     vertex  1.606588e-01  4.530400e-02  5.349435e-01
     vertex  1.583896e-01  4.530400e-02  5.340829e-01
   endloop
 endfacet
 facet normal  0.000000e+00 -1.000000e+00  0.000000e+00
   outer loop
     vertex  1.697437e-01  4.530400e-02  5.176337e-01
     vertex  1.583896e-01  4.530400e-02  5.340829e-01
     vertex  1.563923e-01  4.530400e-02  5.327043e-01
   endloop
 endfacet
 facet normal  0.000000e+00 -1.000000e+00  0.000000e+00
   outer loop
     vertex  1.697437e-01  4.530400e-02  5.176337e-01
     vertex  1.563923e-01  4.530400e-02  5.327043e-01
     vertex  1.547830e-01  4.530400e-02  5.308877e-01
   endloop
 endfacet
 facet normal  0.000000e+00 -1.000000e+00  0.000000e+00
   outer loop
     vertex  1.697437e-01  4.530400e-02  5.176337e-01
     vertex  1.547830e-01  4.530400e-02  5.308877e-01
     vertex  1.536552e-01  4.530400e-02  5.287388e-01
   endloop
 endfacet
 facet normal  0.000000e+00 -1.000000e+00  0.000000e+00
   outer loop
     vertex  1.697437e-01  4.530400e-02  5.176337e-01
     vertex  1.536552e-01  4.530400e-02  5.287388e-01
     vertex  1.530744e-01  4.530400e-02  5.263824e-01
   endloop
 endfacet
 facet normal  0.000000e+00 -1.000000e+00  0.000000e+00
   outer loop
     vertex  1.697437e-01  4.530400e-02  5.176337e-01
     vertex  1.530744e-01  4.530400e-02  5.263824e-01
     vertex  1.530744e-01  4.530400e-02  5.239556e-01
   endloop
 endfacet
 facet normal  0.000000e+00 -1.000000e+00  0.000000e+00
   outer loop
     vertex  1.697437e-01  4.530400e-02  5.176337e-01
     vertex  1.530744e-01  4.530400e-02  5.239556e-01
     vertex  1.536552e-01  4.530400e-02  5.215992e-01
   endloop
 endfacet
 facet normal  0.000000e+00 -1.000000e+00  0.000000e+00
   outer loop
     vertex  1.697437e-01  4.530400e-02  5.176337e-01
     vertex  1.536552e-01  4.530400e-02  5.215992e-01
     vertex  1.547830e-01  4.530400e-02  5.194503e-01
   endloop
 endfacet
 facet normal  0.000000e+00 -1.000000e+00  0.000000e+00
   outer loop
     vertex  1.697437e-01  4.530400e-02  5.176337e-01
     vertex  1.547830e-01  4.530400e-02  5.194503e-01
     vertex  1.563923e-01  4.530400e-02  5.176337e-01
   endloop
 endfacet
 facet normal -0.000000e+00 -1.000000e+00  0.000000e+00
   outer loop
     vertex  1.697437e-01  4.530400e-02  5.176337e-01
     vertex  1.563923e-01  4.530400e-02  5.176337e-01
     vertex  1.583896e-01  4.530400e-02  5.162551e-01
   endloop
 endfacet
 facet normal  0.000000e+00 -1.000000e+00  0.000000e+00
   outer loop
     vertex  1.697437e-01  4.530400e-02  5.176337e-01
     vertex  1.583896e-01  4.530400e-02  5.162551e-01
     vertex  1.606588e-01  4.530400e-02  5.153945e-01
   endloop
 endfacet
 facet normal  0.000000e+00 -1.000000e+00  0.000000e+00
   outer loop
     vertex  1.697437e-01  4.530400e-02  5.176337e-01
     vertex  1.606588e-01  4.530400e-02  5.153945e-01
     vertex  1.630680e-01  4.530400e-02  5.151020e-01
   endloop
 endfacet
endsolid
