ISO-10303-21;
HEADER;
FILE_DESCRIPTION(('Open CASCADE Model'),'2;1');
FILE_NAME('Open CASCADE Shape Model','2026-06-29T02:10:35',('Author'),(
    'Open CASCADE'),'Open CASCADE STEP processor 7.9','Open CASCADE 7.9'
  ,'Unknown');
FILE_SCHEMA(('AUTOMOTIVE_DESIGN { 1 0 10303 214 1 1 1 1 }'));
ENDSEC;
DATA;
#1 = APPLICATION_PROTOCOL_DEFINITION('international standard',
  'automotive_design',2000,#2);
#2 = APPLICATION_CONTEXT(
  'core data for automotive mechanical design processes');
#3 = SHAPE_DEFINITION_REPRESENTATION(#4,#10);
#4 = PRODUCT_DEFINITION_SHAPE('','',#5);
#5 = PRODUCT_DEFINITION('design','',#6,#9);
#6 = PRODUCT_DEFINITION_FORMATION('','',#7);
#7 = PRODUCT('Open CASCADE STEP translator 7.9 1',
  'Open CASCADE STEP translator 7.9 1','',(#8));
#8 = PRODUCT_CONTEXT('',#2,'mechanical');
#9 = PRODUCT_DEFINITION_CONTEXT('part definition',#2,'design');
#10 = SHAPE_REPRESENTATION('',(#11,#15,#19,#23,#27,#31,#35,#39,#43,#47,
    #51,#55,#59,#63,#67,#71,#75,#79,#83,#87,#91,#95,#99,#103,#107,#111,
    #115,#119,#123,#127,#131),#135);
#11 = AXIS2_PLACEMENT_3D('',#12,#13,#14);
#12 = CARTESIAN_POINT('',(0.,0.,0.));
#13 = DIRECTION('',(0.,0.,1.));
#14 = DIRECTION('',(1.,0.,-0.));
#15 = AXIS2_PLACEMENT_3D('',#16,#17,#18);
#16 = CARTESIAN_POINT('',(0.,0.,0.));
#17 = DIRECTION('',(0.,0.,1.));
#18 = DIRECTION('',(1.,0.,-0.));
#19 = AXIS2_PLACEMENT_3D('',#20,#21,#22);
#20 = CARTESIAN_POINT('',(0.,0.,0.));
#21 = DIRECTION('',(0.,0.,1.));
#22 = DIRECTION('',(1.,0.,-0.));
#23 = AXIS2_PLACEMENT_3D('',#24,#25,#26);
#24 = CARTESIAN_POINT('',(0.,0.,0.));
#25 = DIRECTION('',(0.,0.,1.));
#26 = DIRECTION('',(1.,0.,-0.));
#27 = AXIS2_PLACEMENT_3D('',#28,#29,#30);
#28 = CARTESIAN_POINT('',(0.,0.,0.));
#29 = DIRECTION('',(0.,0.,1.));
#30 = DIRECTION('',(1.,0.,-0.));
#31 = AXIS2_PLACEMENT_3D('',#32,#33,#34);
#32 = CARTESIAN_POINT('',(0.,0.,0.));
#33 = DIRECTION('',(0.,0.,1.));
#34 = DIRECTION('',(1.,0.,-0.));
#35 = AXIS2_PLACEMENT_3D('',#36,#37,#38);
#36 = CARTESIAN_POINT('',(0.,0.,0.));
#37 = DIRECTION('',(0.,0.,1.));
#38 = DIRECTION('',(1.,0.,-0.));
#39 = AXIS2_PLACEMENT_3D('',#40,#41,#42);
#40 = CARTESIAN_POINT('',(0.,0.,0.));
#41 = DIRECTION('',(0.,0.,1.));
#42 = DIRECTION('',(1.,0.,-0.));
#43 = AXIS2_PLACEMENT_3D('',#44,#45,#46);
#44 = CARTESIAN_POINT('',(0.,0.,0.));
#45 = DIRECTION('',(0.,0.,1.));
#46 = DIRECTION('',(1.,0.,-0.));
#47 = AXIS2_PLACEMENT_3D('',#48,#49,#50);
#48 = CARTESIAN_POINT('',(0.,0.,0.));
#49 = DIRECTION('',(0.,0.,1.));
#50 = DIRECTION('',(1.,0.,-0.));
#51 = AXIS2_PLACEMENT_3D('',#52,#53,#54);
#52 = CARTESIAN_POINT('',(0.,0.,0.));
#53 = DIRECTION('',(0.,0.,1.));
#54 = DIRECTION('',(1.,0.,-0.));
#55 = AXIS2_PLACEMENT_3D('',#56,#57,#58);
#56 = CARTESIAN_POINT('',(0.,0.,0.));
#57 = DIRECTION('',(0.,0.,1.));
#58 = DIRECTION('',(1.,0.,-0.));
#59 = AXIS2_PLACEMENT_3D('',#60,#61,#62);
#60 = CARTESIAN_POINT('',(0.,0.,0.));
#61 = DIRECTION('',(0.,0.,1.));
#62 = DIRECTION('',(1.,0.,-0.));
#63 = AXIS2_PLACEMENT_3D('',#64,#65,#66);
#64 = CARTESIAN_POINT('',(0.,0.,0.));
#65 = DIRECTION('',(0.,0.,1.));
#66 = DIRECTION('',(1.,0.,-0.));
#67 = AXIS2_PLACEMENT_3D('',#68,#69,#70);
#68 = CARTESIAN_POINT('',(0.,0.,0.));
#69 = DIRECTION('',(0.,0.,1.));
#70 = DIRECTION('',(1.,0.,-0.));
#71 = AXIS2_PLACEMENT_3D('',#72,#73,#74);
#72 = CARTESIAN_POINT('',(0.,0.,0.));
#73 = DIRECTION('',(0.,0.,1.));
#74 = DIRECTION('',(1.,0.,-0.));
#75 = AXIS2_PLACEMENT_3D('',#76,#77,#78);
#76 = CARTESIAN_POINT('',(0.,0.,0.));
#77 = DIRECTION('',(0.,0.,1.));
#78 = DIRECTION('',(1.,0.,-0.));
#79 = AXIS2_PLACEMENT_3D('',#80,#81,#82);
#80 = CARTESIAN_POINT('',(0.,0.,0.));
#81 = DIRECTION('',(0.,0.,1.));
#82 = DIRECTION('',(1.,0.,-0.));
#83 = AXIS2_PLACEMENT_3D('',#84,#85,#86);
#84 = CARTESIAN_POINT('',(0.,0.,0.));
#85 = DIRECTION('',(0.,0.,1.));
#86 = DIRECTION('',(1.,0.,-0.));
#87 = AXIS2_PLACEMENT_3D('',#88,#89,#90);
#88 = CARTESIAN_POINT('',(0.,0.,0.));
#89 = DIRECTION('',(0.,0.,1.));
#90 = DIRECTION('',(1.,0.,-0.));
#91 = AXIS2_PLACEMENT_3D('',#92,#93,#94);
#92 = CARTESIAN_POINT('',(0.,0.,0.));
#93 = DIRECTION('',(0.,0.,1.));
#94 = DIRECTION('',(1.,0.,-0.));
#95 = AXIS2_PLACEMENT_3D('',#96,#97,#98);
#96 = CARTESIAN_POINT('',(0.,0.,0.));
#97 = DIRECTION('',(0.,0.,1.));
#98 = DIRECTION('',(1.,0.,-0.));
#99 = AXIS2_PLACEMENT_3D('',#100,#101,#102);
#100 = CARTESIAN_POINT('',(0.,0.,0.));
#101 = DIRECTION('',(0.,0.,1.));
#102 = DIRECTION('',(1.,0.,-0.));
#103 = AXIS2_PLACEMENT_3D('',#104,#105,#106);
#104 = CARTESIAN_POINT('',(0.,0.,0.));
#105 = DIRECTION('',(0.,0.,1.));
#106 = DIRECTION('',(1.,0.,-0.));
#107 = AXIS2_PLACEMENT_3D('',#108,#109,#110);
#108 = CARTESIAN_POINT('',(0.,0.,0.));
#109 = DIRECTION('',(0.,0.,1.));
#110 = DIRECTION('',(1.,0.,-0.));
#111 = AXIS2_PLACEMENT_3D('',#112,#113,#114);
#112 = CARTESIAN_POINT('',(0.,0.,0.));
#113 = DIRECTION('',(0.,0.,1.));
#114 = DIRECTION('',(1.,0.,-0.));
#115 = AXIS2_PLACEMENT_3D('',#116,#117,#118);
#116 = CARTESIAN_POINT('',(0.,0.,0.));
#117 = DIRECTION('',(0.,0.,1.));
#118 = DIRECTION('',(1.,0.,-0.));
#119 = AXIS2_PLACEMENT_3D('',#120,#121,#122);
#120 = CARTESIAN_POINT('',(0.,0.,0.));
#121 = DIRECTION('',(0.,0.,1.));
#122 = DIRECTION('',(1.,0.,-0.));
#123 = AXIS2_PLACEMENT_3D('',#124,#125,#126);
#124 = CARTESIAN_POINT('',(0.,0.,0.));
#125 = DIRECTION('',(0.,0.,1.));
#126 = DIRECTION('',(1.,0.,-0.));
#127 = AXIS2_PLACEMENT_3D('',#128,#129,#130);
#128 = CARTESIAN_POINT('',(0.,0.,0.));
#129 = DIRECTION('',(0.,0.,1.));
#130 = DIRECTION('',(1.,0.,-0.));
#131 = AXIS2_PLACEMENT_3D('',#132,#133,#134);
#132 = CARTESIAN_POINT('',(0.,0.,0.));
#133 = DIRECTION('',(0.,0.,1.));
#134 = DIRECTION('',(1.,0.,-0.));
#135 = ( GEOMETRIC_REPRESENTATION_CONTEXT(3) 
GLOBAL_UNCERTAINTY_ASSIGNED_CONTEXT((#139)) GLOBAL_UNIT_ASSIGNED_CONTEXT
((#136,#137,#138)) REPRESENTATION_CONTEXT('Context #1',
  '3D Context with UNIT and UNCERTAINTY') );
#136 = ( LENGTH_UNIT() NAMED_UNIT(*) SI_UNIT(.MILLI.,.METRE.) );
#137 = ( NAMED_UNIT(*) PLANE_ANGLE_UNIT() SI_UNIT($,.RADIAN.) );
#138 = ( NAMED_UNIT(*) SI_UNIT($,.STERADIAN.) SOLID_ANGLE_UNIT() );
#139 = UNCERTAINTY_MEASURE_WITH_UNIT(LENGTH_MEASURE(1.E-07),#136,
  'distance_accuracy_value','confusion accuracy');
#140 = PRODUCT_RELATED_PRODUCT_CATEGORY('part',$,(#7));
#141 = SHAPE_DEFINITION_REPRESENTATION(#142,#148);
#142 = PRODUCT_DEFINITION_SHAPE('','',#143);
#143 = PRODUCT_DEFINITION('design','',#144,#147);
#144 = PRODUCT_DEFINITION_FORMATION('','',#145);
#145 = PRODUCT('Open CASCADE STEP translator 7.9 1.1',
  'Open CASCADE STEP translator 7.9 1.1','',(#146));
#146 = PRODUCT_CONTEXT('',#2,'mechanical');
#147 = PRODUCT_DEFINITION_CONTEXT('part definition',#2,'design');
#148 = MANIFOLD_SURFACE_SHAPE_REPRESENTATION('',(#11,#149),#219);
#149 = SHELL_BASED_SURFACE_MODEL('',(#150));
#150 = OPEN_SHELL('',(#151));
#151 = ADVANCED_FACE('',(#152),#165,.T.);
#152 = FACE_BOUND('',#153,.T.);
#153 = EDGE_LOOP('',(#154,#176,#191,#206));
#154 = ORIENTED_EDGE('',*,*,#155,.F.);
#155 = EDGE_CURVE('',#156,#158,#160,.T.);
#156 = VERTEX_POINT('',#157);
#157 = CARTESIAN_POINT('',(0.1,5.000000000472E-02,0.1));
#158 = VERTEX_POINT('',#159);
#159 = CARTESIAN_POINT('',(0.2,5.000000000472E-02,0.1));
#160 = SURFACE_CURVE('',#161,(#164),.PCURVE_S1.);
#161 = B_SPLINE_CURVE_WITH_KNOTS('',1,(#162,#163),.UNSPECIFIED.,.F.,.F.,
  (2,2),(-0.3,-0.2),.PIECEWISE_BEZIER_KNOTS.);
#162 = CARTESIAN_POINT('',(0.1,5.000000000472E-02,0.1));
#163 = CARTESIAN_POINT('',(0.2,5.000000000472E-02,0.1));
#164 = PCURVE('',#165,#170);
#165 = B_SPLINE_SURFACE_WITH_KNOTS('',1,1,(
    (#166,#167)
    ,(#168,#169
    )),.UNSPECIFIED.,.F.,.F.,.F.,(2,2),(2,2),(-0.1,0.),(-0.3,-0.2),
  .PIECEWISE_BEZIER_KNOTS.);
#166 = CARTESIAN_POINT('',(0.1,5.000000000472E-02,0.1));
#167 = CARTESIAN_POINT('',(0.2,5.000000000472E-02,0.1));
#168 = CARTESIAN_POINT('',(0.1,5.000000000472E-02,0.2));
#169 = CARTESIAN_POINT('',(0.2,5.000000000472E-02,0.2));
#170 = DEFINITIONAL_REPRESENTATION('',(#171),#175);
#171 = LINE('',#172,#173);
#172 = CARTESIAN_POINT('',(-0.1,0.));
#173 = VECTOR('',#174,1.);
#174 = DIRECTION('',(0.,1.));
#175 = ( GEOMETRIC_REPRESENTATION_CONTEXT(2) 
PARAMETRIC_REPRESENTATION_CONTEXT() REPRESENTATION_CONTEXT('2D SPACE',''
  ) );
#176 = ORIENTED_EDGE('',*,*,#177,.T.);
#177 = EDGE_CURVE('',#156,#178,#180,.T.);
#178 = VERTEX_POINT('',#179);
#179 = CARTESIAN_POINT('',(0.1,5.000000000472E-02,0.2));
#180 = SURFACE_CURVE('',#181,(#184),.PCURVE_S1.);
#181 = B_SPLINE_CURVE_WITH_KNOTS('',1,(#182,#183),.UNSPECIFIED.,.F.,.F.,
  (2,2),(-0.1,0.),.PIECEWISE_BEZIER_KNOTS.);
#182 = CARTESIAN_POINT('',(0.1,5.000000000472E-02,0.1));
#183 = CARTESIAN_POINT('',(0.1,5.000000000472E-02,0.2));
#184 = PCURVE('',#165,#185);
#185 = DEFINITIONAL_REPRESENTATION('',(#186),#190);
#186 = LINE('',#187,#188);
#187 = CARTESIAN_POINT('',(0.,-0.3));
#188 = VECTOR('',#189,1.);
#189 = DIRECTION('',(1.,0.));
#190 = ( GEOMETRIC_REPRESENTATION_CONTEXT(2) 
PARAMETRIC_REPRESENTATION_CONTEXT() REPRESENTATION_CONTEXT('2D SPACE',''
  ) );
#191 = ORIENTED_EDGE('',*,*,#192,.T.);
#192 = EDGE_CURVE('',#178,#193,#195,.T.);
#193 = VERTEX_POINT('',#194);
#194 = CARTESIAN_POINT('',(0.2,5.000000000472E-02,0.2));
#195 = SURFACE_CURVE('',#196,(#199),.PCURVE_S1.);
#196 = B_SPLINE_CURVE_WITH_KNOTS('',1,(#197,#198),.UNSPECIFIED.,.F.,.F.,
  (2,2),(-0.3,-0.2),.PIECEWISE_BEZIER_KNOTS.);
#197 = CARTESIAN_POINT('',(0.1,5.000000000472E-02,0.2));
#198 = CARTESIAN_POINT('',(0.2,5.000000000472E-02,0.2));
#199 = PCURVE('',#165,#200);
#200 = DEFINITIONAL_REPRESENTATION('',(#201),#205);
#201 = LINE('',#202,#203);
#202 = CARTESIAN_POINT('',(0.,0.));
#203 = VECTOR('',#204,1.);
#204 = DIRECTION('',(0.,1.));
#205 = ( GEOMETRIC_REPRESENTATION_CONTEXT(2) 
PARAMETRIC_REPRESENTATION_CONTEXT() REPRESENTATION_CONTEXT('2D SPACE',''
  ) );
#206 = ORIENTED_EDGE('',*,*,#207,.F.);
#207 = EDGE_CURVE('',#158,#193,#208,.T.);
#208 = SURFACE_CURVE('',#209,(#212),.PCURVE_S1.);
#209 = B_SPLINE_CURVE_WITH_KNOTS('',1,(#210,#211),.UNSPECIFIED.,.F.,.F.,
  (2,2),(-0.1,0.),.PIECEWISE_BEZIER_KNOTS.);
#210 = CARTESIAN_POINT('',(0.2,5.000000000472E-02,0.1));
#211 = CARTESIAN_POINT('',(0.2,5.000000000472E-02,0.2));
#212 = PCURVE('',#165,#213);
#213 = DEFINITIONAL_REPRESENTATION('',(#214),#218);
#214 = LINE('',#215,#216);
#215 = CARTESIAN_POINT('',(0.,-0.2));
#216 = VECTOR('',#217,1.);
#217 = DIRECTION('',(1.,0.));
#218 = ( GEOMETRIC_REPRESENTATION_CONTEXT(2) 
PARAMETRIC_REPRESENTATION_CONTEXT() REPRESENTATION_CONTEXT('2D SPACE',''
  ) );
#219 = ( GEOMETRIC_REPRESENTATION_CONTEXT(3) 
GLOBAL_UNCERTAINTY_ASSIGNED_CONTEXT((#223)) GLOBAL_UNIT_ASSIGNED_CONTEXT
((#220,#221,#222)) REPRESENTATION_CONTEXT('Context #1',
  '3D Context with UNIT and UNCERTAINTY') );
#220 = ( LENGTH_UNIT() NAMED_UNIT(*) SI_UNIT(.MILLI.,.METRE.) );
#221 = ( NAMED_UNIT(*) PLANE_ANGLE_UNIT() SI_UNIT($,.RADIAN.) );
#222 = ( NAMED_UNIT(*) SI_UNIT($,.STERADIAN.) SOLID_ANGLE_UNIT() );
#223 = UNCERTAINTY_MEASURE_WITH_UNIT(LENGTH_MEASURE(1.E-07),#220,
  'distance_accuracy_value','confusion accuracy');
#224 = CONTEXT_DEPENDENT_SHAPE_REPRESENTATION(#225,#227);
#225 = ( REPRESENTATION_RELATIONSHIP('','',#148,#10) 
REPRESENTATION_RELATIONSHIP_WITH_TRANSFORMATION(#226) 
SHAPE_REPRESENTATION_RELATIONSHIP() );
#226 = ITEM_DEFINED_TRANSFORMATION('','',#11,#15);
#227 = PRODUCT_DEFINITION_SHAPE('Placement','Placement of an item',#228
  );
#228 = NEXT_ASSEMBLY_USAGE_OCCURRENCE('1','','',#5,#143,$);
#229 = PRODUCT_RELATED_PRODUCT_CATEGORY('part',$,(#145));
#230 = SHAPE_DEFINITION_REPRESENTATION(#231,#237);
#231 = PRODUCT_DEFINITION_SHAPE('','',#232);
#232 = PRODUCT_DEFINITION('design','',#233,#236);
#233 = PRODUCT_DEFINITION_FORMATION('','',#234);
#234 = PRODUCT('Open CASCADE STEP translator 7.9 1.2',
  'Open CASCADE STEP translator 7.9 1.2','',(#235));
#235 = PRODUCT_CONTEXT('',#2,'mechanical');
#236 = PRODUCT_DEFINITION_CONTEXT('part definition',#2,'design');
#237 = MANIFOLD_SURFACE_SHAPE_REPRESENTATION('',(#11,#238),#308);
#238 = SHELL_BASED_SURFACE_MODEL('',(#239));
#239 = OPEN_SHELL('',(#240));
#240 = ADVANCED_FACE('',(#241),#254,.T.);
#241 = FACE_BOUND('',#242,.T.);
#242 = EDGE_LOOP('',(#243,#265,#280,#295));
#243 = ORIENTED_EDGE('',*,*,#244,.F.);
#244 = EDGE_CURVE('',#245,#247,#249,.T.);
#245 = VERTEX_POINT('',#246);
#246 = CARTESIAN_POINT('',(0.1,5.000000000472E-02,0.2));
#247 = VERTEX_POINT('',#248);
#248 = CARTESIAN_POINT('',(0.2,5.000000000472E-02,0.2));
#249 = SURFACE_CURVE('',#250,(#253),.PCURVE_S1.);
#250 = B_SPLINE_CURVE_WITH_KNOTS('',1,(#251,#252),.UNSPECIFIED.,.F.,.F.,
  (2,2),(-0.3,-0.2),.PIECEWISE_BEZIER_KNOTS.);
#251 = CARTESIAN_POINT('',(0.1,5.000000000472E-02,0.2));
#252 = CARTESIAN_POINT('',(0.2,5.000000000472E-02,0.2));
#253 = PCURVE('',#254,#259);
#254 = B_SPLINE_SURFACE_WITH_KNOTS('',1,1,(
    (#255,#256)
    ,(#257,#258
    )),.UNSPECIFIED.,.F.,.F.,.F.,(2,2),(2,2),(-0.1,0.),(-0.3,-0.2),
  .PIECEWISE_BEZIER_KNOTS.);
#255 = CARTESIAN_POINT('',(0.1,5.000000000472E-02,0.2));
#256 = CARTESIAN_POINT('',(0.2,5.000000000472E-02,0.2));
#257 = CARTESIAN_POINT('',(0.1,5.000000000472E-02,0.3));
#258 = CARTESIAN_POINT('',(0.2,5.000000000472E-02,0.3));
#259 = DEFINITIONAL_REPRESENTATION('',(#260),#264);
#260 = LINE('',#261,#262);
#261 = CARTESIAN_POINT('',(-0.1,0.));
#262 = VECTOR('',#263,1.);
#263 = DIRECTION('',(0.,1.));
#264 = ( GEOMETRIC_REPRESENTATION_CONTEXT(2) 
PARAMETRIC_REPRESENTATION_CONTEXT() REPRESENTATION_CONTEXT('2D SPACE',''
  ) );
#265 = ORIENTED_EDGE('',*,*,#266,.T.);
#266 = EDGE_CURVE('',#245,#267,#269,.T.);
#267 = VERTEX_POINT('',#268);
#268 = CARTESIAN_POINT('',(0.1,5.000000000472E-02,0.3));
#269 = SURFACE_CURVE('',#270,(#273),.PCURVE_S1.);
#270 = B_SPLINE_CURVE_WITH_KNOTS('',1,(#271,#272),.UNSPECIFIED.,.F.,.F.,
  (2,2),(-0.1,0.),.PIECEWISE_BEZIER_KNOTS.);
#271 = CARTESIAN_POINT('',(0.1,5.000000000472E-02,0.2));
#272 = CARTESIAN_POINT('',(0.1,5.000000000472E-02,0.3));
#273 = PCURVE('',#254,#274);
#274 = DEFINITIONAL_REPRESENTATION('',(#275),#279);
#275 = LINE('',#276,#277);
#276 = CARTESIAN_POINT('',(0.,-0.3));
#277 = VECTOR('',#278,1.);
#278 = DIRECTION('',(1.,0.));
#279 = ( GEOMETRIC_REPRESENTATION_CONTEXT(2) 
PARAMETRIC_REPRESENTATION_CONTEXT() REPRESENTATION_CONTEXT('2D SPACE',''
  ) );
#280 = ORIENTED_EDGE('',*,*,#281,.T.);
#281 = EDGE_CURVE('',#267,#282,#284,.T.);
#282 = VERTEX_POINT('',#283);
#283 = CARTESIAN_POINT('',(0.2,5.000000000472E-02,0.3));
#284 = SURFACE_CURVE('',#285,(#288),.PCURVE_S1.);
#285 = B_SPLINE_CURVE_WITH_KNOTS('',1,(#286,#287),.UNSPECIFIED.,.F.,.F.,
  (2,2),(-0.3,-0.2),.PIECEWISE_BEZIER_KNOTS.);
#286 = CARTESIAN_POINT('',(0.1,5.000000000472E-02,0.3));
#287 = CARTESIAN_POINT('',(0.2,5.000000000472E-02,0.3));
#288 = PCURVE('',#254,#289);
#289 = DEFINITIONAL_REPRESENTATION('',(#290),#294);
#290 = LINE('',#291,#292);
#291 = CARTESIAN_POINT('',(0.,0.));
#292 = VECTOR('',#293,1.);
#293 = DIRECTION('',(0.,1.));
#294 = ( GEOMETRIC_REPRESENTATION_CONTEXT(2) 
PARAMETRIC_REPRESENTATION_CONTEXT() REPRESENTATION_CONTEXT('2D SPACE',''
  ) );
#295 = ORIENTED_EDGE('',*,*,#296,.F.);
#296 = EDGE_CURVE('',#247,#282,#297,.T.);
#297 = SURFACE_CURVE('',#298,(#301),.PCURVE_S1.);
#298 = B_SPLINE_CURVE_WITH_KNOTS('',1,(#299,#300),.UNSPECIFIED.,.F.,.F.,
  (2,2),(-0.1,0.),.PIECEWISE_BEZIER_KNOTS.);
#299 = CARTESIAN_POINT('',(0.2,5.000000000472E-02,0.2));
#300 = CARTESIAN_POINT('',(0.2,5.000000000472E-02,0.3));
#301 = PCURVE('',#254,#302);
#302 = DEFINITIONAL_REPRESENTATION('',(#303),#307);
#303 = LINE('',#304,#305);
#304 = CARTESIAN_POINT('',(0.,-0.2));
#305 = VECTOR('',#306,1.);
#306 = DIRECTION('',(1.,0.));
#307 = ( GEOMETRIC_REPRESENTATION_CONTEXT(2) 
PARAMETRIC_REPRESENTATION_CONTEXT() REPRESENTATION_CONTEXT('2D SPACE',''
  ) );
#308 = ( GEOMETRIC_REPRESENTATION_CONTEXT(3) 
GLOBAL_UNCERTAINTY_ASSIGNED_CONTEXT((#312)) GLOBAL_UNIT_ASSIGNED_CONTEXT
((#309,#310,#311)) REPRESENTATION_CONTEXT('Context #1',
  '3D Context with UNIT and UNCERTAINTY') );
#309 = ( LENGTH_UNIT() NAMED_UNIT(*) SI_UNIT(.MILLI.,.METRE.) );
#310 = ( NAMED_UNIT(*) PLANE_ANGLE_UNIT() SI_UNIT($,.RADIAN.) );
#311 = ( NAMED_UNIT(*) SI_UNIT($,.STERADIAN.) SOLID_ANGLE_UNIT() );
#312 = UNCERTAINTY_MEASURE_WITH_UNIT(LENGTH_MEASURE(1.E-07),#309,
  'distance_accuracy_value','confusion accuracy');
#313 = CONTEXT_DEPENDENT_SHAPE_REPRESENTATION(#314,#316);
#314 = ( REPRESENTATION_RELATIONSHIP('','',#237,#10) 
REPRESENTATION_RELATIONSHIP_WITH_TRANSFORMATION(#315) 
SHAPE_REPRESENTATION_RELATIONSHIP() );
#315 = ITEM_DEFINED_TRANSFORMATION('','',#11,#19);
#316 = PRODUCT_DEFINITION_SHAPE('Placement','Placement of an item',#317
  );
#317 = NEXT_ASSEMBLY_USAGE_OCCURRENCE('2','','',#5,#232,$);
#318 = PRODUCT_RELATED_PRODUCT_CATEGORY('part',$,(#234));
#319 = SHAPE_DEFINITION_REPRESENTATION(#320,#326);
#320 = PRODUCT_DEFINITION_SHAPE('','',#321);
#321 = PRODUCT_DEFINITION('design','',#322,#325);
#322 = PRODUCT_DEFINITION_FORMATION('','',#323);
#323 = PRODUCT('Open CASCADE STEP translator 7.9 1.3',
  'Open CASCADE STEP translator 7.9 1.3','',(#324));
#324 = PRODUCT_CONTEXT('',#2,'mechanical');
#325 = PRODUCT_DEFINITION_CONTEXT('part definition',#2,'design');
#326 = MANIFOLD_SURFACE_SHAPE_REPRESENTATION('',(#11,#327),#397);
#327 = SHELL_BASED_SURFACE_MODEL('',(#328));
#328 = OPEN_SHELL('',(#329));
#329 = ADVANCED_FACE('',(#330),#343,.T.);
#330 = FACE_BOUND('',#331,.T.);
#331 = EDGE_LOOP('',(#332,#354,#369,#384));
#332 = ORIENTED_EDGE('',*,*,#333,.F.);
#333 = EDGE_CURVE('',#334,#336,#338,.T.);
#334 = VERTEX_POINT('',#335);
#335 = CARTESIAN_POINT('',(0.1,5.000000000472E-02,0.1));
#336 = VERTEX_POINT('',#337);
#337 = CARTESIAN_POINT('',(0.1,5.000000000472E-02,0.2));
#338 = SURFACE_CURVE('',#339,(#342),.PCURVE_S1.);
#339 = B_SPLINE_CURVE_WITH_KNOTS('',1,(#340,#341),.UNSPECIFIED.,.F.,.F.,
  (2,2),(-0.1,0.),.PIECEWISE_BEZIER_KNOTS.);
#340 = CARTESIAN_POINT('',(0.1,5.000000000472E-02,0.1));
#341 = CARTESIAN_POINT('',(0.1,5.000000000472E-02,0.2));
#342 = PCURVE('',#343,#348);
#343 = B_SPLINE_SURFACE_WITH_KNOTS('',1,1,(
    (#344,#345)
    ,(#346,#347
    )),.UNSPECIFIED.,.F.,.F.,.F.,(2,2),(2,2),(2.5E-02,7.5E-02),(-0.1,0.)
  ,.PIECEWISE_BEZIER_KNOTS.);
#344 = CARTESIAN_POINT('',(0.1,5.000000000472E-02,0.1));
#345 = CARTESIAN_POINT('',(0.1,5.000000000472E-02,0.2));
#346 = CARTESIAN_POINT('',(0.1,5.000000413702E-12,0.1));
#347 = CARTESIAN_POINT('',(0.1,5.000000413702E-12,0.2));
#348 = DEFINITIONAL_REPRESENTATION('',(#349),#353);
#349 = LINE('',#350,#351);
#350 = CARTESIAN_POINT('',(2.5E-02,0.));
#351 = VECTOR('',#352,1.);
#352 = DIRECTION('',(0.,1.));
#353 = ( GEOMETRIC_REPRESENTATION_CONTEXT(2) 
PARAMETRIC_REPRESENTATION_CONTEXT() REPRESENTATION_CONTEXT('2D SPACE',''
  ) );
#354 = ORIENTED_EDGE('',*,*,#355,.T.);
#355 = EDGE_CURVE('',#334,#356,#358,.T.);
#356 = VERTEX_POINT('',#357);
#357 = CARTESIAN_POINT('',(0.1,5.000000413702E-12,0.1));
#358 = SURFACE_CURVE('',#359,(#362),.PCURVE_S1.);
#359 = B_SPLINE_CURVE_WITH_KNOTS('',1,(#360,#361),.UNSPECIFIED.,.F.,.F.,
  (2,2),(2.5E-02,7.5E-02),.PIECEWISE_BEZIER_KNOTS.);
#360 = CARTESIAN_POINT('',(0.1,5.000000000472E-02,0.1));
#361 = CARTESIAN_POINT('',(0.1,5.000000413702E-12,0.1));
#362 = PCURVE('',#343,#363);
#363 = DEFINITIONAL_REPRESENTATION('',(#364),#368);
#364 = LINE('',#365,#366);
#365 = CARTESIAN_POINT('',(0.,-0.1));
#366 = VECTOR('',#367,1.);
#367 = DIRECTION('',(1.,0.));
#368 = ( GEOMETRIC_REPRESENTATION_CONTEXT(2) 
PARAMETRIC_REPRESENTATION_CONTEXT() REPRESENTATION_CONTEXT('2D SPACE',''
  ) );
#369 = ORIENTED_EDGE('',*,*,#370,.T.);
#370 = EDGE_CURVE('',#356,#371,#373,.T.);
#371 = VERTEX_POINT('',#372);
#372 = CARTESIAN_POINT('',(0.1,5.000000413702E-12,0.2));
#373 = SURFACE_CURVE('',#374,(#377),.PCURVE_S1.);
#374 = B_SPLINE_CURVE_WITH_KNOTS('',1,(#375,#376),.UNSPECIFIED.,.F.,.F.,
  (2,2),(-0.1,0.),.PIECEWISE_BEZIER_KNOTS.);
#375 = CARTESIAN_POINT('',(0.1,5.000000413702E-12,0.1));
#376 = CARTESIAN_POINT('',(0.1,5.000000413702E-12,0.2));
#377 = PCURVE('',#343,#378);
#378 = DEFINITIONAL_REPRESENTATION('',(#379),#383);
#379 = LINE('',#380,#381);
#380 = CARTESIAN_POINT('',(7.5E-02,0.));
#381 = VECTOR('',#382,1.);
#382 = DIRECTION('',(0.,1.));
#383 = ( GEOMETRIC_REPRESENTATION_CONTEXT(2) 
PARAMETRIC_REPRESENTATION_CONTEXT() REPRESENTATION_CONTEXT('2D SPACE',''
  ) );
#384 = ORIENTED_EDGE('',*,*,#385,.F.);
#385 = EDGE_CURVE('',#336,#371,#386,.T.);
#386 = SURFACE_CURVE('',#387,(#390),.PCURVE_S1.);
#387 = B_SPLINE_CURVE_WITH_KNOTS('',1,(#388,#389),.UNSPECIFIED.,.F.,.F.,
  (2,2),(2.5E-02,7.5E-02),.PIECEWISE_BEZIER_KNOTS.);
#388 = CARTESIAN_POINT('',(0.1,5.000000000472E-02,0.2));
#389 = CARTESIAN_POINT('',(0.1,5.000000413702E-12,0.2));
#390 = PCURVE('',#343,#391);
#391 = DEFINITIONAL_REPRESENTATION('',(#392),#396);
#392 = LINE('',#393,#394);
#393 = CARTESIAN_POINT('',(0.,0.));
#394 = VECTOR('',#395,1.);
#395 = DIRECTION('',(1.,0.));
#396 = ( GEOMETRIC_REPRESENTATION_CONTEXT(2) 
PARAMETRIC_REPRESENTATION_CONTEXT() REPRESENTATION_CONTEXT('2D SPACE',''
  ) );
#397 = ( GEOMETRIC_REPRESENTATION_CONTEXT(3) 
GLOBAL_UNCERTAINTY_ASSIGNED_CONTEXT((#401)) GLOBAL_UNIT_ASSIGNED_CONTEXT
((#398,#399,#400)) REPRESENTATION_CONTEXT('Context #1',
  '3D Context with UNIT and UNCERTAINTY') );
#398 = ( LENGTH_UNIT() NAMED_UNIT(*) SI_UNIT(.MILLI.,.METRE.) );
#399 = ( NAMED_UNIT(*) PLANE_ANGLE_UNIT() SI_UNIT($,.RADIAN.) );
#400 = ( NAMED_UNIT(*) SI_UNIT($,.STERADIAN.) SOLID_ANGLE_UNIT() );
#401 = UNCERTAINTY_MEASURE_WITH_UNIT(LENGTH_MEASURE(1.E-07),#398,
  'distance_accuracy_value','confusion accuracy');
#402 = CONTEXT_DEPENDENT_SHAPE_REPRESENTATION(#403,#405);
#403 = ( REPRESENTATION_RELATIONSHIP('','',#326,#10) 
REPRESENTATION_RELATIONSHIP_WITH_TRANSFORMATION(#404) 
SHAPE_REPRESENTATION_RELATIONSHIP() );
#404 = ITEM_DEFINED_TRANSFORMATION('','',#11,#23);
#405 = PRODUCT_DEFINITION_SHAPE('Placement','Placement of an item',#406
  );
#406 = NEXT_ASSEMBLY_USAGE_OCCURRENCE('3','','',#5,#321,$);
#407 = PRODUCT_RELATED_PRODUCT_CATEGORY('part',$,(#323));
#408 = SHAPE_DEFINITION_REPRESENTATION(#409,#415);
#409 = PRODUCT_DEFINITION_SHAPE('','',#410);
#410 = PRODUCT_DEFINITION('design','',#411,#414);
#411 = PRODUCT_DEFINITION_FORMATION('','',#412);
#412 = PRODUCT('Open CASCADE STEP translator 7.9 1.4',
  'Open CASCADE STEP translator 7.9 1.4','',(#413));
#413 = PRODUCT_CONTEXT('',#2,'mechanical');
#414 = PRODUCT_DEFINITION_CONTEXT('part definition',#2,'design');
#415 = MANIFOLD_SURFACE_SHAPE_REPRESENTATION('',(#11,#416),#486);
#416 = SHELL_BASED_SURFACE_MODEL('',(#417));
#417 = OPEN_SHELL('',(#418));
#418 = ADVANCED_FACE('',(#419),#432,.T.);
#419 = FACE_BOUND('',#420,.T.);
#420 = EDGE_LOOP('',(#421,#443,#458,#473));
#421 = ORIENTED_EDGE('',*,*,#422,.F.);
#422 = EDGE_CURVE('',#423,#425,#427,.T.);
#423 = VERTEX_POINT('',#424);
#424 = CARTESIAN_POINT('',(0.1,4.989999798932E-11,0.1));
#425 = VERTEX_POINT('',#426);
#426 = CARTESIAN_POINT('',(0.1,4.989999798932E-11,0.2));
#427 = SURFACE_CURVE('',#428,(#431),.PCURVE_S1.);
#428 = B_SPLINE_CURVE_WITH_KNOTS('',1,(#429,#430),.UNSPECIFIED.,.F.,.F.,
  (2,2),(-0.1,0.),.PIECEWISE_BEZIER_KNOTS.);
#429 = CARTESIAN_POINT('',(0.1,4.989999798932E-11,0.1));
#430 = CARTESIAN_POINT('',(0.1,4.989999798932E-11,0.2));
#431 = PCURVE('',#432,#437);
#432 = B_SPLINE_SURFACE_WITH_KNOTS('',1,1,(
    (#433,#434)
    ,(#435,#436
    )),.UNSPECIFIED.,.F.,.F.,.F.,(2,2),(2,2),(-0.3,-0.2),(-0.1,0.),
  .PIECEWISE_BEZIER_KNOTS.);
#433 = CARTESIAN_POINT('',(0.1,4.989999798932E-11,0.1));
#434 = CARTESIAN_POINT('',(0.1,4.989999798932E-11,0.2));
#435 = CARTESIAN_POINT('',(0.2,4.990001023579E-11,0.1));
#436 = CARTESIAN_POINT('',(0.2,4.990001023579E-11,0.2));
#437 = DEFINITIONAL_REPRESENTATION('',(#438),#442);
#438 = LINE('',#439,#440);
#439 = CARTESIAN_POINT('',(-0.3,0.));
#440 = VECTOR('',#441,1.);
#441 = DIRECTION('',(0.,1.));
#442 = ( GEOMETRIC_REPRESENTATION_CONTEXT(2) 
PARAMETRIC_REPRESENTATION_CONTEXT() REPRESENTATION_CONTEXT('2D SPACE',''
  ) );
#443 = ORIENTED_EDGE('',*,*,#444,.T.);
#444 = EDGE_CURVE('',#423,#445,#447,.T.);
#445 = VERTEX_POINT('',#446);
#446 = CARTESIAN_POINT('',(0.2,4.990001023579E-11,0.1));
#447 = SURFACE_CURVE('',#448,(#451),.PCURVE_S1.);
#448 = B_SPLINE_CURVE_WITH_KNOTS('',1,(#449,#450),.UNSPECIFIED.,.F.,.F.,
  (2,2),(-0.3,-0.2),.PIECEWISE_BEZIER_KNOTS.);
#449 = CARTESIAN_POINT('',(0.1,4.989999798932E-11,0.1));
#450 = CARTESIAN_POINT('',(0.2,4.990001023579E-11,0.1));
#451 = PCURVE('',#432,#452);
#452 = DEFINITIONAL_REPRESENTATION('',(#453),#457);
#453 = LINE('',#454,#455);
#454 = CARTESIAN_POINT('',(0.,-0.1));
#455 = VECTOR('',#456,1.);
#456 = DIRECTION('',(1.,0.));
#457 = ( GEOMETRIC_REPRESENTATION_CONTEXT(2) 
PARAMETRIC_REPRESENTATION_CONTEXT() REPRESENTATION_CONTEXT('2D SPACE',''
  ) );
#458 = ORIENTED_EDGE('',*,*,#459,.T.);
#459 = EDGE_CURVE('',#445,#460,#462,.T.);
#460 = VERTEX_POINT('',#461);
#461 = CARTESIAN_POINT('',(0.2,4.990001023579E-11,0.2));
#462 = SURFACE_CURVE('',#463,(#466),.PCURVE_S1.);
#463 = B_SPLINE_CURVE_WITH_KNOTS('',1,(#464,#465),.UNSPECIFIED.,.F.,.F.,
  (2,2),(-0.1,0.),.PIECEWISE_BEZIER_KNOTS.);
#464 = CARTESIAN_POINT('',(0.2,4.990001023579E-11,0.1));
#465 = CARTESIAN_POINT('',(0.2,4.990001023579E-11,0.2));
#466 = PCURVE('',#432,#467);
#467 = DEFINITIONAL_REPRESENTATION('',(#468),#472);
#468 = LINE('',#469,#470);
#469 = CARTESIAN_POINT('',(-0.2,0.));
#470 = VECTOR('',#471,1.);
#471 = DIRECTION('',(0.,1.));
#472 = ( GEOMETRIC_REPRESENTATION_CONTEXT(2) 
PARAMETRIC_REPRESENTATION_CONTEXT() REPRESENTATION_CONTEXT('2D SPACE',''
  ) );
#473 = ORIENTED_EDGE('',*,*,#474,.F.);
#474 = EDGE_CURVE('',#425,#460,#475,.T.);
#475 = SURFACE_CURVE('',#476,(#479),.PCURVE_S1.);
#476 = B_SPLINE_CURVE_WITH_KNOTS('',1,(#477,#478),.UNSPECIFIED.,.F.,.F.,
  (2,2),(-0.3,-0.2),.PIECEWISE_BEZIER_KNOTS.);
#477 = CARTESIAN_POINT('',(0.1,4.989999798932E-11,0.2));
#478 = CARTESIAN_POINT('',(0.2,4.990001023579E-11,0.2));
#479 = PCURVE('',#432,#480);
#480 = DEFINITIONAL_REPRESENTATION('',(#481),#485);
#481 = LINE('',#482,#483);
#482 = CARTESIAN_POINT('',(0.,0.));
#483 = VECTOR('',#484,1.);
#484 = DIRECTION('',(1.,0.));
#485 = ( GEOMETRIC_REPRESENTATION_CONTEXT(2) 
PARAMETRIC_REPRESENTATION_CONTEXT() REPRESENTATION_CONTEXT('2D SPACE',''
  ) );
#486 = ( GEOMETRIC_REPRESENTATION_CONTEXT(3) 
GLOBAL_UNCERTAINTY_ASSIGNED_CONTEXT((#490)) GLOBAL_UNIT_ASSIGNED_CONTEXT
((#487,#488,#489)) REPRESENTATION_CONTEXT('Context #1',
  '3D Context with UNIT and UNCERTAINTY') );
#487 = ( LENGTH_UNIT() NAMED_UNIT(*) SI_UNIT(.MILLI.,.METRE.) );
#488 = ( NAMED_UNIT(*) PLANE_ANGLE_UNIT() SI_UNIT($,.RADIAN.) );
#489 = ( NAMED_UNIT(*) SI_UNIT($,.STERADIAN.) SOLID_ANGLE_UNIT() );
#490 = UNCERTAINTY_MEASURE_WITH_UNIT(LENGTH_MEASURE(1.E-07),#487,
  'distance_accuracy_value','confusion accuracy');
#491 = CONTEXT_DEPENDENT_SHAPE_REPRESENTATION(#492,#494);
#492 = ( REPRESENTATION_RELATIONSHIP('','',#415,#10) 
REPRESENTATION_RELATIONSHIP_WITH_TRANSFORMATION(#493) 
SHAPE_REPRESENTATION_RELATIONSHIP() );
#493 = ITEM_DEFINED_TRANSFORMATION('','',#11,#27);
#494 = PRODUCT_DEFINITION_SHAPE('Placement','Placement of an item',#495
  );
#495 = NEXT_ASSEMBLY_USAGE_OCCURRENCE('4','','',#5,#410,$);
#496 = PRODUCT_RELATED_PRODUCT_CATEGORY('part',$,(#412));
#497 = SHAPE_DEFINITION_REPRESENTATION(#498,#504);
#498 = PRODUCT_DEFINITION_SHAPE('','',#499);
#499 = PRODUCT_DEFINITION('design','',#500,#503);
#500 = PRODUCT_DEFINITION_FORMATION('','',#501);
#501 = PRODUCT('Open CASCADE STEP translator 7.9 1.5',
  'Open CASCADE STEP translator 7.9 1.5','',(#502));
#502 = PRODUCT_CONTEXT('',#2,'mechanical');
#503 = PRODUCT_DEFINITION_CONTEXT('part definition',#2,'design');
#504 = MANIFOLD_SURFACE_SHAPE_REPRESENTATION('',(#11,#505),#575);
#505 = SHELL_BASED_SURFACE_MODEL('',(#506));
#506 = OPEN_SHELL('',(#507));
#507 = ADVANCED_FACE('',(#508),#521,.T.);
#508 = FACE_BOUND('',#509,.T.);
#509 = EDGE_LOOP('',(#510,#532,#547,#562));
#510 = ORIENTED_EDGE('',*,*,#511,.F.);
#511 = EDGE_CURVE('',#512,#514,#516,.T.);
#512 = VERTEX_POINT('',#513);
#513 = CARTESIAN_POINT('',(0.2,5.000000000472E-02,0.1));
#514 = VERTEX_POINT('',#515);
#515 = CARTESIAN_POINT('',(0.2,5.000000000472E-02,0.2));
#516 = SURFACE_CURVE('',#517,(#520),.PCURVE_S1.);
#517 = B_SPLINE_CURVE_WITH_KNOTS('',1,(#518,#519),.UNSPECIFIED.,.F.,.F.,
  (2,2),(-0.1,0.),.PIECEWISE_BEZIER_KNOTS.);
#518 = CARTESIAN_POINT('',(0.2,5.000000000472E-02,0.1));
#519 = CARTESIAN_POINT('',(0.2,5.000000000472E-02,0.2));
#520 = PCURVE('',#521,#526);
#521 = B_SPLINE_SURFACE_WITH_KNOTS('',1,1,(
    (#522,#523)
    ,(#524,#525
    )),.UNSPECIFIED.,.F.,.F.,.F.,(2,2),(2,2),(2.5E-02,7.5E-02),(-0.1,0.)
  ,.PIECEWISE_BEZIER_KNOTS.);
#522 = CARTESIAN_POINT('',(0.2,5.000000000472E-02,0.1));
#523 = CARTESIAN_POINT('',(0.2,5.000000000472E-02,0.2));
#524 = CARTESIAN_POINT('',(0.2,5.000000413702E-12,0.1));
#525 = CARTESIAN_POINT('',(0.2,5.000000413702E-12,0.2));
#526 = DEFINITIONAL_REPRESENTATION('',(#527),#531);
#527 = LINE('',#528,#529);
#528 = CARTESIAN_POINT('',(2.5E-02,0.));
#529 = VECTOR('',#530,1.);
#530 = DIRECTION('',(0.,1.));
#531 = ( GEOMETRIC_REPRESENTATION_CONTEXT(2) 
PARAMETRIC_REPRESENTATION_CONTEXT() REPRESENTATION_CONTEXT('2D SPACE',''
  ) );
#532 = ORIENTED_EDGE('',*,*,#533,.T.);
#533 = EDGE_CURVE('',#512,#534,#536,.T.);
#534 = VERTEX_POINT('',#535);
#535 = CARTESIAN_POINT('',(0.2,5.000000413702E-12,0.1));
#536 = SURFACE_CURVE('',#537,(#540),.PCURVE_S1.);
#537 = B_SPLINE_CURVE_WITH_KNOTS('',1,(#538,#539),.UNSPECIFIED.,.F.,.F.,
  (2,2),(2.5E-02,7.5E-02),.PIECEWISE_BEZIER_KNOTS.);
#538 = CARTESIAN_POINT('',(0.2,5.000000000472E-02,0.1));
#539 = CARTESIAN_POINT('',(0.2,5.000000413702E-12,0.1));
#540 = PCURVE('',#521,#541);
#541 = DEFINITIONAL_REPRESENTATION('',(#542),#546);
#542 = LINE('',#543,#544);
#543 = CARTESIAN_POINT('',(0.,-0.1));
#544 = VECTOR('',#545,1.);
#545 = DIRECTION('',(1.,0.));
#546 = ( GEOMETRIC_REPRESENTATION_CONTEXT(2) 
PARAMETRIC_REPRESENTATION_CONTEXT() REPRESENTATION_CONTEXT('2D SPACE',''
  ) );
#547 = ORIENTED_EDGE('',*,*,#548,.T.);
#548 = EDGE_CURVE('',#534,#549,#551,.T.);
#549 = VERTEX_POINT('',#550);
#550 = CARTESIAN_POINT('',(0.2,5.000000413702E-12,0.2));
#551 = SURFACE_CURVE('',#552,(#555),.PCURVE_S1.);
#552 = B_SPLINE_CURVE_WITH_KNOTS('',1,(#553,#554),.UNSPECIFIED.,.F.,.F.,
  (2,2),(-0.1,0.),.PIECEWISE_BEZIER_KNOTS.);
#553 = CARTESIAN_POINT('',(0.2,5.000000413702E-12,0.1));
#554 = CARTESIAN_POINT('',(0.2,5.000000413702E-12,0.2));
#555 = PCURVE('',#521,#556);
#556 = DEFINITIONAL_REPRESENTATION('',(#557),#561);
#557 = LINE('',#558,#559);
#558 = CARTESIAN_POINT('',(7.5E-02,0.));
#559 = VECTOR('',#560,1.);
#560 = DIRECTION('',(0.,1.));
#561 = ( GEOMETRIC_REPRESENTATION_CONTEXT(2) 
PARAMETRIC_REPRESENTATION_CONTEXT() REPRESENTATION_CONTEXT('2D SPACE',''
  ) );
#562 = ORIENTED_EDGE('',*,*,#563,.F.);
#563 = EDGE_CURVE('',#514,#549,#564,.T.);
#564 = SURFACE_CURVE('',#565,(#568),.PCURVE_S1.);
#565 = B_SPLINE_CURVE_WITH_KNOTS('',1,(#566,#567),.UNSPECIFIED.,.F.,.F.,
  (2,2),(2.5E-02,7.5E-02),.PIECEWISE_BEZIER_KNOTS.);
#566 = CARTESIAN_POINT('',(0.2,5.000000000472E-02,0.2));
#567 = CARTESIAN_POINT('',(0.2,5.000000413702E-12,0.2));
#568 = PCURVE('',#521,#569);
#569 = DEFINITIONAL_REPRESENTATION('',(#570),#574);
#570 = LINE('',#571,#572);
#571 = CARTESIAN_POINT('',(0.,0.));
#572 = VECTOR('',#573,1.);
#573 = DIRECTION('',(1.,0.));
#574 = ( GEOMETRIC_REPRESENTATION_CONTEXT(2) 
PARAMETRIC_REPRESENTATION_CONTEXT() REPRESENTATION_CONTEXT('2D SPACE',''
  ) );
#575 = ( GEOMETRIC_REPRESENTATION_CONTEXT(3) 
GLOBAL_UNCERTAINTY_ASSIGNED_CONTEXT((#579)) GLOBAL_UNIT_ASSIGNED_CONTEXT
((#576,#577,#578)) REPRESENTATION_CONTEXT('Context #1',
  '3D Context with UNIT and UNCERTAINTY') );
#576 = ( LENGTH_UNIT() NAMED_UNIT(*) SI_UNIT(.MILLI.,.METRE.) );
#577 = ( NAMED_UNIT(*) PLANE_ANGLE_UNIT() SI_UNIT($,.RADIAN.) );
#578 = ( NAMED_UNIT(*) SI_UNIT($,.STERADIAN.) SOLID_ANGLE_UNIT() );
#579 = UNCERTAINTY_MEASURE_WITH_UNIT(LENGTH_MEASURE(1.E-07),#576,
  'distance_accuracy_value','confusion accuracy');
#580 = CONTEXT_DEPENDENT_SHAPE_REPRESENTATION(#581,#583);
#581 = ( REPRESENTATION_RELATIONSHIP('','',#504,#10) 
REPRESENTATION_RELATIONSHIP_WITH_TRANSFORMATION(#582) 
SHAPE_REPRESENTATION_RELATIONSHIP() );
#582 = ITEM_DEFINED_TRANSFORMATION('','',#11,#31);
#583 = PRODUCT_DEFINITION_SHAPE('Placement','Placement of an item',#584
  );
#584 = NEXT_ASSEMBLY_USAGE_OCCURRENCE('5','','',#5,#499,$);
#585 = PRODUCT_RELATED_PRODUCT_CATEGORY('part',$,(#501));
#586 = SHAPE_DEFINITION_REPRESENTATION(#587,#593);
#587 = PRODUCT_DEFINITION_SHAPE('','',#588);
#588 = PRODUCT_DEFINITION('design','',#589,#592);
#589 = PRODUCT_DEFINITION_FORMATION('','',#590);
#590 = PRODUCT('Open CASCADE STEP translator 7.9 1.6',
  'Open CASCADE STEP translator 7.9 1.6','',(#591));
#591 = PRODUCT_CONTEXT('',#2,'mechanical');
#592 = PRODUCT_DEFINITION_CONTEXT('part definition',#2,'design');
#593 = MANIFOLD_SURFACE_SHAPE_REPRESENTATION('',(#11,#594),#664);
#594 = SHELL_BASED_SURFACE_MODEL('',(#595));
#595 = OPEN_SHELL('',(#596));
#596 = ADVANCED_FACE('',(#597),#610,.T.);
#597 = FACE_BOUND('',#598,.T.);
#598 = EDGE_LOOP('',(#599,#621,#636,#651));
#599 = ORIENTED_EDGE('',*,*,#600,.F.);
#600 = EDGE_CURVE('',#601,#603,#605,.T.);
#601 = VERTEX_POINT('',#602);
#602 = CARTESIAN_POINT('',(0.1,4.989999798932E-11,0.1));
#603 = VERTEX_POINT('',#604);
#604 = CARTESIAN_POINT('',(0.1,5.000000004962E-02,0.1));
#605 = SURFACE_CURVE('',#606,(#609),.PCURVE_S1.);
#606 = B_SPLINE_CURVE_WITH_KNOTS('',1,(#607,#608),.UNSPECIFIED.,.F.,.F.,
  (2,2),(-7.5E-02,-2.5E-02),.PIECEWISE_BEZIER_KNOTS.);
#607 = CARTESIAN_POINT('',(0.1,4.989999798932E-11,0.1));
#608 = CARTESIAN_POINT('',(0.1,5.000000004962E-02,0.1));
#609 = PCURVE('',#610,#615);
#610 = B_SPLINE_SURFACE_WITH_KNOTS('',1,1,(
    (#611,#612)
    ,(#613,#614
    )),.UNSPECIFIED.,.F.,.F.,.F.,(2,2),(2,2),(-0.3,-0.2),(-7.5E-02,
    -2.5E-02),.PIECEWISE_BEZIER_KNOTS.);
#611 = CARTESIAN_POINT('',(0.1,4.989999798932E-11,0.1));
#612 = CARTESIAN_POINT('',(0.1,5.000000004962E-02,0.1));
#613 = CARTESIAN_POINT('',(0.2,4.989999798932E-11,0.1));
#614 = CARTESIAN_POINT('',(0.2,5.000000004962E-02,0.1));
#615 = DEFINITIONAL_REPRESENTATION('',(#616),#620);
#616 = LINE('',#617,#618);
#617 = CARTESIAN_POINT('',(-0.3,0.));
#618 = VECTOR('',#619,1.);
#619 = DIRECTION('',(0.,1.));
#620 = ( GEOMETRIC_REPRESENTATION_CONTEXT(2) 
PARAMETRIC_REPRESENTATION_CONTEXT() REPRESENTATION_CONTEXT('2D SPACE',''
  ) );
#621 = ORIENTED_EDGE('',*,*,#622,.T.);
#622 = EDGE_CURVE('',#601,#623,#625,.T.);
#623 = VERTEX_POINT('',#624);
#624 = CARTESIAN_POINT('',(0.2,4.989999798932E-11,0.1));
#625 = SURFACE_CURVE('',#626,(#629),.PCURVE_S1.);
#626 = B_SPLINE_CURVE_WITH_KNOTS('',1,(#627,#628),.UNSPECIFIED.,.F.,.F.,
  (2,2),(-0.3,-0.2),.PIECEWISE_BEZIER_KNOTS.);
#627 = CARTESIAN_POINT('',(0.1,4.989999798932E-11,0.1));
#628 = CARTESIAN_POINT('',(0.2,4.989999798932E-11,0.1));
#629 = PCURVE('',#610,#630);
#630 = DEFINITIONAL_REPRESENTATION('',(#631),#635);
#631 = LINE('',#632,#633);
#632 = CARTESIAN_POINT('',(0.,-7.5E-02));
#633 = VECTOR('',#634,1.);
#634 = DIRECTION('',(1.,0.));
#635 = ( GEOMETRIC_REPRESENTATION_CONTEXT(2) 
PARAMETRIC_REPRESENTATION_CONTEXT() REPRESENTATION_CONTEXT('2D SPACE',''
  ) );
#636 = ORIENTED_EDGE('',*,*,#637,.T.);
#637 = EDGE_CURVE('',#623,#638,#640,.T.);
#638 = VERTEX_POINT('',#639);
#639 = CARTESIAN_POINT('',(0.2,5.000000004962E-02,0.1));
#640 = SURFACE_CURVE('',#641,(#644),.PCURVE_S1.);
#641 = B_SPLINE_CURVE_WITH_KNOTS('',1,(#642,#643),.UNSPECIFIED.,.F.,.F.,
  (2,2),(-7.5E-02,-2.5E-02),.PIECEWISE_BEZIER_KNOTS.);
#642 = CARTESIAN_POINT('',(0.2,4.989999798932E-11,0.1));
#643 = CARTESIAN_POINT('',(0.2,5.000000004962E-02,0.1));
#644 = PCURVE('',#610,#645);
#645 = DEFINITIONAL_REPRESENTATION('',(#646),#650);
#646 = LINE('',#647,#648);
#647 = CARTESIAN_POINT('',(-0.2,0.));
#648 = VECTOR('',#649,1.);
#649 = DIRECTION('',(0.,1.));
#650 = ( GEOMETRIC_REPRESENTATION_CONTEXT(2) 
PARAMETRIC_REPRESENTATION_CONTEXT() REPRESENTATION_CONTEXT('2D SPACE',''
  ) );
#651 = ORIENTED_EDGE('',*,*,#652,.F.);
#652 = EDGE_CURVE('',#603,#638,#653,.T.);
#653 = SURFACE_CURVE('',#654,(#657),.PCURVE_S1.);
#654 = B_SPLINE_CURVE_WITH_KNOTS('',1,(#655,#656),.UNSPECIFIED.,.F.,.F.,
  (2,2),(-0.3,-0.2),.PIECEWISE_BEZIER_KNOTS.);
#655 = CARTESIAN_POINT('',(0.1,5.000000004962E-02,0.1));
#656 = CARTESIAN_POINT('',(0.2,5.000000004962E-02,0.1));
#657 = PCURVE('',#610,#658);
#658 = DEFINITIONAL_REPRESENTATION('',(#659),#663);
#659 = LINE('',#660,#661);
#660 = CARTESIAN_POINT('',(0.,-2.5E-02));
#661 = VECTOR('',#662,1.);
#662 = DIRECTION('',(1.,0.));
#663 = ( GEOMETRIC_REPRESENTATION_CONTEXT(2) 
PARAMETRIC_REPRESENTATION_CONTEXT() REPRESENTATION_CONTEXT('2D SPACE',''
  ) );
#664 = ( GEOMETRIC_REPRESENTATION_CONTEXT(3) 
GLOBAL_UNCERTAINTY_ASSIGNED_CONTEXT((#668)) GLOBAL_UNIT_ASSIGNED_CONTEXT
((#665,#666,#667)) REPRESENTATION_CONTEXT('Context #1',
  '3D Context with UNIT and UNCERTAINTY') );
#665 = ( LENGTH_UNIT() NAMED_UNIT(*) SI_UNIT(.MILLI.,.METRE.) );
#666 = ( NAMED_UNIT(*) PLANE_ANGLE_UNIT() SI_UNIT($,.RADIAN.) );
#667 = ( NAMED_UNIT(*) SI_UNIT($,.STERADIAN.) SOLID_ANGLE_UNIT() );
#668 = UNCERTAINTY_MEASURE_WITH_UNIT(LENGTH_MEASURE(1.E-07),#665,
  'distance_accuracy_value','confusion accuracy');
#669 = CONTEXT_DEPENDENT_SHAPE_REPRESENTATION(#670,#672);
#670 = ( REPRESENTATION_RELATIONSHIP('','',#593,#10) 
REPRESENTATION_RELATIONSHIP_WITH_TRANSFORMATION(#671) 
SHAPE_REPRESENTATION_RELATIONSHIP() );
#671 = ITEM_DEFINED_TRANSFORMATION('','',#11,#35);
#672 = PRODUCT_DEFINITION_SHAPE('Placement','Placement of an item',#673
  );
#673 = NEXT_ASSEMBLY_USAGE_OCCURRENCE('6','','',#5,#588,$);
#674 = PRODUCT_RELATED_PRODUCT_CATEGORY('part',$,(#590));
#675 = SHAPE_DEFINITION_REPRESENTATION(#676,#682);
#676 = PRODUCT_DEFINITION_SHAPE('','',#677);
#677 = PRODUCT_DEFINITION('design','',#678,#681);
#678 = PRODUCT_DEFINITION_FORMATION('','',#679);
#679 = PRODUCT('Open CASCADE STEP translator 7.9 1.7',
  'Open CASCADE STEP translator 7.9 1.7','',(#680));
#680 = PRODUCT_CONTEXT('',#2,'mechanical');
#681 = PRODUCT_DEFINITION_CONTEXT('part definition',#2,'design');
#682 = MANIFOLD_SURFACE_SHAPE_REPRESENTATION('',(#11,#683),#753);
#683 = SHELL_BASED_SURFACE_MODEL('',(#684));
#684 = OPEN_SHELL('',(#685));
#685 = ADVANCED_FACE('',(#686),#699,.T.);
#686 = FACE_BOUND('',#687,.T.);
#687 = EDGE_LOOP('',(#688,#710,#725,#740));
#688 = ORIENTED_EDGE('',*,*,#689,.F.);
#689 = EDGE_CURVE('',#690,#692,#694,.T.);
#690 = VERTEX_POINT('',#691);
#691 = CARTESIAN_POINT('',(0.1,4.989999798932E-11,0.2));
#692 = VERTEX_POINT('',#693);
#693 = CARTESIAN_POINT('',(0.1,5.000000004962E-02,0.2));
#694 = SURFACE_CURVE('',#695,(#698),.PCURVE_S1.);
#695 = B_SPLINE_CURVE_WITH_KNOTS('',1,(#696,#697),.UNSPECIFIED.,.F.,.F.,
  (2,2),(-7.5E-02,-2.5E-02),.PIECEWISE_BEZIER_KNOTS.);
#696 = CARTESIAN_POINT('',(0.1,4.989999798932E-11,0.2));
#697 = CARTESIAN_POINT('',(0.1,5.000000004962E-02,0.2));
#698 = PCURVE('',#699,#704);
#699 = B_SPLINE_SURFACE_WITH_KNOTS('',1,1,(
    (#700,#701)
    ,(#702,#703
    )),.UNSPECIFIED.,.F.,.F.,.F.,(2,2),(2,2),(-0.3,-0.2),(-7.5E-02,
    -2.5E-02),.PIECEWISE_BEZIER_KNOTS.);
#700 = CARTESIAN_POINT('',(0.1,4.989999798932E-11,0.2));
#701 = CARTESIAN_POINT('',(0.1,5.000000004962E-02,0.2));
#702 = CARTESIAN_POINT('',(0.2,4.989999798932E-11,0.2));
#703 = CARTESIAN_POINT('',(0.2,5.000000004962E-02,0.2));
#704 = DEFINITIONAL_REPRESENTATION('',(#705),#709);
#705 = LINE('',#706,#707);
#706 = CARTESIAN_POINT('',(-0.3,0.));
#707 = VECTOR('',#708,1.);
#708 = DIRECTION('',(0.,1.));
#709 = ( GEOMETRIC_REPRESENTATION_CONTEXT(2) 
PARAMETRIC_REPRESENTATION_CONTEXT() REPRESENTATION_CONTEXT('2D SPACE',''
  ) );
#710 = ORIENTED_EDGE('',*,*,#711,.T.);
#711 = EDGE_CURVE('',#690,#712,#714,.T.);
#712 = VERTEX_POINT('',#713);
#713 = CARTESIAN_POINT('',(0.2,4.989999798932E-11,0.2));
#714 = SURFACE_CURVE('',#715,(#718),.PCURVE_S1.);
#715 = B_SPLINE_CURVE_WITH_KNOTS('',1,(#716,#717),.UNSPECIFIED.,.F.,.F.,
  (2,2),(-0.3,-0.2),.PIECEWISE_BEZIER_KNOTS.);
#716 = CARTESIAN_POINT('',(0.1,4.989999798932E-11,0.2));
#717 = CARTESIAN_POINT('',(0.2,4.989999798932E-11,0.2));
#718 = PCURVE('',#699,#719);
#719 = DEFINITIONAL_REPRESENTATION('',(#720),#724);
#720 = LINE('',#721,#722);
#721 = CARTESIAN_POINT('',(0.,-7.5E-02));
#722 = VECTOR('',#723,1.);
#723 = DIRECTION('',(1.,0.));
#724 = ( GEOMETRIC_REPRESENTATION_CONTEXT(2) 
PARAMETRIC_REPRESENTATION_CONTEXT() REPRESENTATION_CONTEXT('2D SPACE',''
  ) );
#725 = ORIENTED_EDGE('',*,*,#726,.T.);
#726 = EDGE_CURVE('',#712,#727,#729,.T.);
#727 = VERTEX_POINT('',#728);
#728 = CARTESIAN_POINT('',(0.2,5.000000004962E-02,0.2));
#729 = SURFACE_CURVE('',#730,(#733),.PCURVE_S1.);
#730 = B_SPLINE_CURVE_WITH_KNOTS('',1,(#731,#732),.UNSPECIFIED.,.F.,.F.,
  (2,2),(-7.5E-02,-2.5E-02),.PIECEWISE_BEZIER_KNOTS.);
#731 = CARTESIAN_POINT('',(0.2,4.989999798932E-11,0.2));
#732 = CARTESIAN_POINT('',(0.2,5.000000004962E-02,0.2));
#733 = PCURVE('',#699,#734);
#734 = DEFINITIONAL_REPRESENTATION('',(#735),#739);
#735 = LINE('',#736,#737);
#736 = CARTESIAN_POINT('',(-0.2,0.));
#737 = VECTOR('',#738,1.);
#738 = DIRECTION('',(0.,1.));
#739 = ( GEOMETRIC_REPRESENTATION_CONTEXT(2) 
PARAMETRIC_REPRESENTATION_CONTEXT() REPRESENTATION_CONTEXT('2D SPACE',''
  ) );
#740 = ORIENTED_EDGE('',*,*,#741,.F.);
#741 = EDGE_CURVE('',#692,#727,#742,.T.);
#742 = SURFACE_CURVE('',#743,(#746),.PCURVE_S1.);
#743 = B_SPLINE_CURVE_WITH_KNOTS('',1,(#744,#745),.UNSPECIFIED.,.F.,.F.,
  (2,2),(-0.3,-0.2),.PIECEWISE_BEZIER_KNOTS.);
#744 = CARTESIAN_POINT('',(0.1,5.000000004962E-02,0.2));
#745 = CARTESIAN_POINT('',(0.2,5.000000004962E-02,0.2));
#746 = PCURVE('',#699,#747);
#747 = DEFINITIONAL_REPRESENTATION('',(#748),#752);
#748 = LINE('',#749,#750);
#749 = CARTESIAN_POINT('',(0.,-2.5E-02));
#750 = VECTOR('',#751,1.);
#751 = DIRECTION('',(1.,0.));
#752 = ( GEOMETRIC_REPRESENTATION_CONTEXT(2) 
PARAMETRIC_REPRESENTATION_CONTEXT() REPRESENTATION_CONTEXT('2D SPACE',''
  ) );
#753 = ( GEOMETRIC_REPRESENTATION_CONTEXT(3) 
GLOBAL_UNCERTAINTY_ASSIGNED_CONTEXT((#757)) GLOBAL_UNIT_ASSIGNED_CONTEXT
((#754,#755,#756)) REPRESENTATION_CONTEXT('Context #1',
  '3D Context with UNIT and UNCERTAINTY') );
#754 = ( LENGTH_UNIT() NAMED_UNIT(*) SI_UNIT(.MILLI.,.METRE.) );
#755 = ( NAMED_UNIT(*) PLANE_ANGLE_UNIT() SI_UNIT($,.RADIAN.) );
#756 = ( NAMED_UNIT(*) SI_UNIT($,.STERADIAN.) SOLID_ANGLE_UNIT() );
#757 = UNCERTAINTY_MEASURE_WITH_UNIT(LENGTH_MEASURE(1.E-07),#754,
  'distance_accuracy_value','confusion accuracy');
#758 = CONTEXT_DEPENDENT_SHAPE_REPRESENTATION(#759,#761);
#759 = ( REPRESENTATION_RELATIONSHIP('','',#682,#10) 
REPRESENTATION_RELATIONSHIP_WITH_TRANSFORMATION(#760) 
SHAPE_REPRESENTATION_RELATIONSHIP() );
#760 = ITEM_DEFINED_TRANSFORMATION('','',#11,#39);
#761 = PRODUCT_DEFINITION_SHAPE('Placement','Placement of an item',#762
  );
#762 = NEXT_ASSEMBLY_USAGE_OCCURRENCE('7','','',#5,#677,$);
#763 = PRODUCT_RELATED_PRODUCT_CATEGORY('part',$,(#679));
#764 = SHAPE_DEFINITION_REPRESENTATION(#765,#771);
#765 = PRODUCT_DEFINITION_SHAPE('','',#766);
#766 = PRODUCT_DEFINITION('design','',#767,#770);
#767 = PRODUCT_DEFINITION_FORMATION('','',#768);
#768 = PRODUCT('Open CASCADE STEP translator 7.9 1.8',
  'Open CASCADE STEP translator 7.9 1.8','',(#769));
#769 = PRODUCT_CONTEXT('',#2,'mechanical');
#770 = PRODUCT_DEFINITION_CONTEXT('part definition',#2,'design');
#771 = MANIFOLD_SURFACE_SHAPE_REPRESENTATION('',(#11,#772),#842);
#772 = SHELL_BASED_SURFACE_MODEL('',(#773));
#773 = OPEN_SHELL('',(#774));
#774 = ADVANCED_FACE('',(#775),#788,.T.);
#775 = FACE_BOUND('',#776,.T.);
#776 = EDGE_LOOP('',(#777,#799,#814,#829));
#777 = ORIENTED_EDGE('',*,*,#778,.F.);
#778 = EDGE_CURVE('',#779,#781,#783,.T.);
#779 = VERTEX_POINT('',#780);
#780 = CARTESIAN_POINT('',(0.1,4.989999798932E-11,0.3));
#781 = VERTEX_POINT('',#782);
#782 = CARTESIAN_POINT('',(0.1,5.000000004962E-02,0.3));
#783 = SURFACE_CURVE('',#784,(#787),.PCURVE_S1.);
#784 = B_SPLINE_CURVE_WITH_KNOTS('',1,(#785,#786),.UNSPECIFIED.,.F.,.F.,
  (2,2),(-7.5E-02,-2.5E-02),.PIECEWISE_BEZIER_KNOTS.);
#785 = CARTESIAN_POINT('',(0.1,4.989999798932E-11,0.3));
#786 = CARTESIAN_POINT('',(0.1,5.000000004962E-02,0.3));
#787 = PCURVE('',#788,#793);
#788 = B_SPLINE_SURFACE_WITH_KNOTS('',1,1,(
    (#789,#790)
    ,(#791,#792
    )),.UNSPECIFIED.,.F.,.F.,.F.,(2,2),(2,2),(-0.3,-0.2),(-7.5E-02,
    -2.5E-02),.PIECEWISE_BEZIER_KNOTS.);
#789 = CARTESIAN_POINT('',(0.1,4.989999798932E-11,0.3));
#790 = CARTESIAN_POINT('',(0.1,5.000000004962E-02,0.3));
#791 = CARTESIAN_POINT('',(0.2,4.989999798932E-11,0.3));
#792 = CARTESIAN_POINT('',(0.2,5.000000004962E-02,0.3));
#793 = DEFINITIONAL_REPRESENTATION('',(#794),#798);
#794 = LINE('',#795,#796);
#795 = CARTESIAN_POINT('',(-0.3,0.));
#796 = VECTOR('',#797,1.);
#797 = DIRECTION('',(0.,1.));
#798 = ( GEOMETRIC_REPRESENTATION_CONTEXT(2) 
PARAMETRIC_REPRESENTATION_CONTEXT() REPRESENTATION_CONTEXT('2D SPACE',''
  ) );
#799 = ORIENTED_EDGE('',*,*,#800,.T.);
#800 = EDGE_CURVE('',#779,#801,#803,.T.);
#801 = VERTEX_POINT('',#802);
#802 = CARTESIAN_POINT('',(0.2,4.989999798932E-11,0.3));
#803 = SURFACE_CURVE('',#804,(#807),.PCURVE_S1.);
#804 = B_SPLINE_CURVE_WITH_KNOTS('',1,(#805,#806),.UNSPECIFIED.,.F.,.F.,
  (2,2),(-0.3,-0.2),.PIECEWISE_BEZIER_KNOTS.);
#805 = CARTESIAN_POINT('',(0.1,4.989999798932E-11,0.3));
#806 = CARTESIAN_POINT('',(0.2,4.989999798932E-11,0.3));
#807 = PCURVE('',#788,#808);
#808 = DEFINITIONAL_REPRESENTATION('',(#809),#813);
#809 = LINE('',#810,#811);
#810 = CARTESIAN_POINT('',(0.,-7.5E-02));
#811 = VECTOR('',#812,1.);
#812 = DIRECTION('',(1.,0.));
#813 = ( GEOMETRIC_REPRESENTATION_CONTEXT(2) 
PARAMETRIC_REPRESENTATION_CONTEXT() REPRESENTATION_CONTEXT('2D SPACE',''
  ) );
#814 = ORIENTED_EDGE('',*,*,#815,.T.);
#815 = EDGE_CURVE('',#801,#816,#818,.T.);
#816 = VERTEX_POINT('',#817);
#817 = CARTESIAN_POINT('',(0.2,5.000000004962E-02,0.3));
#818 = SURFACE_CURVE('',#819,(#822),.PCURVE_S1.);
#819 = B_SPLINE_CURVE_WITH_KNOTS('',1,(#820,#821),.UNSPECIFIED.,.F.,.F.,
  (2,2),(-7.5E-02,-2.5E-02),.PIECEWISE_BEZIER_KNOTS.);
#820 = CARTESIAN_POINT('',(0.2,4.989999798932E-11,0.3));
#821 = CARTESIAN_POINT('',(0.2,5.000000004962E-02,0.3));
#822 = PCURVE('',#788,#823);
#823 = DEFINITIONAL_REPRESENTATION('',(#824),#828);
#824 = LINE('',#825,#826);
#825 = CARTESIAN_POINT('',(-0.2,0.));
#826 = VECTOR('',#827,1.);
#827 = DIRECTION('',(0.,1.));
#828 = ( GEOMETRIC_REPRESENTATION_CONTEXT(2) 
PARAMETRIC_REPRESENTATION_CONTEXT() REPRESENTATION_CONTEXT('2D SPACE',''
  ) );
#829 = ORIENTED_EDGE('',*,*,#830,.F.);
#830 = EDGE_CURVE('',#781,#816,#831,.T.);
#831 = SURFACE_CURVE('',#832,(#835),.PCURVE_S1.);
#832 = B_SPLINE_CURVE_WITH_KNOTS('',1,(#833,#834),.UNSPECIFIED.,.F.,.F.,
  (2,2),(-0.3,-0.2),.PIECEWISE_BEZIER_KNOTS.);
#833 = CARTESIAN_POINT('',(0.1,5.000000004962E-02,0.3));
#834 = CARTESIAN_POINT('',(0.2,5.000000004962E-02,0.3));
#835 = PCURVE('',#788,#836);
#836 = DEFINITIONAL_REPRESENTATION('',(#837),#841);
#837 = LINE('',#838,#839);
#838 = CARTESIAN_POINT('',(0.,-2.5E-02));
#839 = VECTOR('',#840,1.);
#840 = DIRECTION('',(1.,0.));
#841 = ( GEOMETRIC_REPRESENTATION_CONTEXT(2) 
PARAMETRIC_REPRESENTATION_CONTEXT() REPRESENTATION_CONTEXT('2D SPACE',''
  ) );
#842 = ( GEOMETRIC_REPRESENTATION_CONTEXT(3) 
GLOBAL_UNCERTAINTY_ASSIGNED_CONTEXT((#846)) GLOBAL_UNIT_ASSIGNED_CONTEXT
((#843,#844,#845)) REPRESENTATION_CONTEXT('Context #1',
  '3D Context with UNIT and UNCERTAINTY') );
#843 = ( LENGTH_UNIT() NAMED_UNIT(*) SI_UNIT(.MILLI.,.METRE.) );
#844 = ( NAMED_UNIT(*) PLANE_ANGLE_UNIT() SI_UNIT($,.RADIAN.) );
#845 = ( NAMED_UNIT(*) SI_UNIT($,.STERADIAN.) SOLID_ANGLE_UNIT() );
#846 = UNCERTAINTY_MEASURE_WITH_UNIT(LENGTH_MEASURE(1.E-07),#843,
  'distance_accuracy_value','confusion accuracy');
#847 = CONTEXT_DEPENDENT_SHAPE_REPRESENTATION(#848,#850);
#848 = ( REPRESENTATION_RELATIONSHIP('','',#771,#10) 
REPRESENTATION_RELATIONSHIP_WITH_TRANSFORMATION(#849) 
SHAPE_REPRESENTATION_RELATIONSHIP() );
#849 = ITEM_DEFINED_TRANSFORMATION('','',#11,#43);
#850 = PRODUCT_DEFINITION_SHAPE('Placement','Placement of an item',#851
  );
#851 = NEXT_ASSEMBLY_USAGE_OCCURRENCE('8','','',#5,#766,$);
#852 = PRODUCT_RELATED_PRODUCT_CATEGORY('part',$,(#768));
#853 = SHAPE_DEFINITION_REPRESENTATION(#854,#860);
#854 = PRODUCT_DEFINITION_SHAPE('','',#855);
#855 = PRODUCT_DEFINITION('design','',#856,#859);
#856 = PRODUCT_DEFINITION_FORMATION('','',#857);
#857 = PRODUCT('Open CASCADE STEP translator 7.9 1.9',
  'Open CASCADE STEP translator 7.9 1.9','',(#858));
#858 = PRODUCT_CONTEXT('',#2,'mechanical');
#859 = PRODUCT_DEFINITION_CONTEXT('part definition',#2,'design');
#860 = MANIFOLD_SURFACE_SHAPE_REPRESENTATION('',(#11,#861),#931);
#861 = SHELL_BASED_SURFACE_MODEL('',(#862));
#862 = OPEN_SHELL('',(#863));
#863 = ADVANCED_FACE('',(#864),#877,.T.);
#864 = FACE_BOUND('',#865,.T.);
#865 = EDGE_LOOP('',(#866,#888,#903,#918));
#866 = ORIENTED_EDGE('',*,*,#867,.F.);
#867 = EDGE_CURVE('',#868,#870,#872,.T.);
#868 = VERTEX_POINT('',#869);
#869 = CARTESIAN_POINT('',(0.1,4.989999798932E-11,0.4));
#870 = VERTEX_POINT('',#871);
#871 = CARTESIAN_POINT('',(0.1,5.000000004962E-02,0.4));
#872 = SURFACE_CURVE('',#873,(#876),.PCURVE_S1.);
#873 = B_SPLINE_CURVE_WITH_KNOTS('',1,(#874,#875),.UNSPECIFIED.,.F.,.F.,
  (2,2),(-7.5E-02,-2.5E-02),.PIECEWISE_BEZIER_KNOTS.);
#874 = CARTESIAN_POINT('',(0.1,4.989999798932E-11,0.4));
#875 = CARTESIAN_POINT('',(0.1,5.000000004962E-02,0.4));
#876 = PCURVE('',#877,#882);
#877 = B_SPLINE_SURFACE_WITH_KNOTS('',1,1,(
    (#878,#879)
    ,(#880,#881
    )),.UNSPECIFIED.,.F.,.F.,.F.,(2,2),(2,2),(-0.3,-0.2),(-7.5E-02,
    -2.5E-02),.PIECEWISE_BEZIER_KNOTS.);
#878 = CARTESIAN_POINT('',(0.1,4.989999798932E-11,0.4));
#879 = CARTESIAN_POINT('',(0.1,5.000000004962E-02,0.4));
#880 = CARTESIAN_POINT('',(0.2,4.989999798932E-11,0.4));
#881 = CARTESIAN_POINT('',(0.2,5.000000004962E-02,0.4));
#882 = DEFINITIONAL_REPRESENTATION('',(#883),#887);
#883 = LINE('',#884,#885);
#884 = CARTESIAN_POINT('',(-0.3,0.));
#885 = VECTOR('',#886,1.);
#886 = DIRECTION('',(0.,1.));
#887 = ( GEOMETRIC_REPRESENTATION_CONTEXT(2) 
PARAMETRIC_REPRESENTATION_CONTEXT() REPRESENTATION_CONTEXT('2D SPACE',''
  ) );
#888 = ORIENTED_EDGE('',*,*,#889,.T.);
#889 = EDGE_CURVE('',#868,#890,#892,.T.);
#890 = VERTEX_POINT('',#891);
#891 = CARTESIAN_POINT('',(0.2,4.989999798932E-11,0.4));
#892 = SURFACE_CURVE('',#893,(#896),.PCURVE_S1.);
#893 = B_SPLINE_CURVE_WITH_KNOTS('',1,(#894,#895),.UNSPECIFIED.,.F.,.F.,
  (2,2),(-0.3,-0.2),.PIECEWISE_BEZIER_KNOTS.);
#894 = CARTESIAN_POINT('',(0.1,4.989999798932E-11,0.4));
#895 = CARTESIAN_POINT('',(0.2,4.989999798932E-11,0.4));
#896 = PCURVE('',#877,#897);
#897 = DEFINITIONAL_REPRESENTATION('',(#898),#902);
#898 = LINE('',#899,#900);
#899 = CARTESIAN_POINT('',(0.,-7.5E-02));
#900 = VECTOR('',#901,1.);
#901 = DIRECTION('',(1.,0.));
#902 = ( GEOMETRIC_REPRESENTATION_CONTEXT(2) 
PARAMETRIC_REPRESENTATION_CONTEXT() REPRESENTATION_CONTEXT('2D SPACE',''
  ) );
#903 = ORIENTED_EDGE('',*,*,#904,.T.);
#904 = EDGE_CURVE('',#890,#905,#907,.T.);
#905 = VERTEX_POINT('',#906);
#906 = CARTESIAN_POINT('',(0.2,5.000000004962E-02,0.4));
#907 = SURFACE_CURVE('',#908,(#911),.PCURVE_S1.);
#908 = B_SPLINE_CURVE_WITH_KNOTS('',1,(#909,#910),.UNSPECIFIED.,.F.,.F.,
  (2,2),(-7.5E-02,-2.5E-02),.PIECEWISE_BEZIER_KNOTS.);
#909 = CARTESIAN_POINT('',(0.2,4.989999798932E-11,0.4));
#910 = CARTESIAN_POINT('',(0.2,5.000000004962E-02,0.4));
#911 = PCURVE('',#877,#912);
#912 = DEFINITIONAL_REPRESENTATION('',(#913),#917);
#913 = LINE('',#914,#915);
#914 = CARTESIAN_POINT('',(-0.2,0.));
#915 = VECTOR('',#916,1.);
#916 = DIRECTION('',(0.,1.));
#917 = ( GEOMETRIC_REPRESENTATION_CONTEXT(2) 
PARAMETRIC_REPRESENTATION_CONTEXT() REPRESENTATION_CONTEXT('2D SPACE',''
  ) );
#918 = ORIENTED_EDGE('',*,*,#919,.F.);
#919 = EDGE_CURVE('',#870,#905,#920,.T.);
#920 = SURFACE_CURVE('',#921,(#924),.PCURVE_S1.);
#921 = B_SPLINE_CURVE_WITH_KNOTS('',1,(#922,#923),.UNSPECIFIED.,.F.,.F.,
  (2,2),(-0.3,-0.2),.PIECEWISE_BEZIER_KNOTS.);
#922 = CARTESIAN_POINT('',(0.1,5.000000004962E-02,0.4));
#923 = CARTESIAN_POINT('',(0.2,5.000000004962E-02,0.4));
#924 = PCURVE('',#877,#925);
#925 = DEFINITIONAL_REPRESENTATION('',(#926),#930);
#926 = LINE('',#927,#928);
#927 = CARTESIAN_POINT('',(0.,-2.5E-02));
#928 = VECTOR('',#929,1.);
#929 = DIRECTION('',(1.,0.));
#930 = ( GEOMETRIC_REPRESENTATION_CONTEXT(2) 
PARAMETRIC_REPRESENTATION_CONTEXT() REPRESENTATION_CONTEXT('2D SPACE',''
  ) );
#931 = ( GEOMETRIC_REPRESENTATION_CONTEXT(3) 
GLOBAL_UNCERTAINTY_ASSIGNED_CONTEXT((#935)) GLOBAL_UNIT_ASSIGNED_CONTEXT
((#932,#933,#934)) REPRESENTATION_CONTEXT('Context #1',
  '3D Context with UNIT and UNCERTAINTY') );
#932 = ( LENGTH_UNIT() NAMED_UNIT(*) SI_UNIT(.MILLI.,.METRE.) );
#933 = ( NAMED_UNIT(*) PLANE_ANGLE_UNIT() SI_UNIT($,.RADIAN.) );
#934 = ( NAMED_UNIT(*) SI_UNIT($,.STERADIAN.) SOLID_ANGLE_UNIT() );
#935 = UNCERTAINTY_MEASURE_WITH_UNIT(LENGTH_MEASURE(1.E-07),#932,
  'distance_accuracy_value','confusion accuracy');
#936 = CONTEXT_DEPENDENT_SHAPE_REPRESENTATION(#937,#939);
#937 = ( REPRESENTATION_RELATIONSHIP('','',#860,#10) 
REPRESENTATION_RELATIONSHIP_WITH_TRANSFORMATION(#938) 
SHAPE_REPRESENTATION_RELATIONSHIP() );
#938 = ITEM_DEFINED_TRANSFORMATION('','',#11,#47);
#939 = PRODUCT_DEFINITION_SHAPE('Placement','Placement of an item',#940
  );
#940 = NEXT_ASSEMBLY_USAGE_OCCURRENCE('9','','',#5,#855,$);
#941 = PRODUCT_RELATED_PRODUCT_CATEGORY('part',$,(#857));
#942 = SHAPE_DEFINITION_REPRESENTATION(#943,#949);
#943 = PRODUCT_DEFINITION_SHAPE('','',#944);
#944 = PRODUCT_DEFINITION('design','',#945,#948);
#945 = PRODUCT_DEFINITION_FORMATION('','',#946);
#946 = PRODUCT('Open CASCADE STEP translator 7.9 1.10',
  'Open CASCADE STEP translator 7.9 1.10','',(#947));
#947 = PRODUCT_CONTEXT('',#2,'mechanical');
#948 = PRODUCT_DEFINITION_CONTEXT('part definition',#2,'design');
#949 = MANIFOLD_SURFACE_SHAPE_REPRESENTATION('',(#11,#950),#1020);
#950 = SHELL_BASED_SURFACE_MODEL('',(#951));
#951 = OPEN_SHELL('',(#952));
#952 = ADVANCED_FACE('',(#953),#966,.T.);
#953 = FACE_BOUND('',#954,.T.);
#954 = EDGE_LOOP('',(#955,#977,#992,#1007));
#955 = ORIENTED_EDGE('',*,*,#956,.F.);
#956 = EDGE_CURVE('',#957,#959,#961,.T.);
#957 = VERTEX_POINT('',#958);
#958 = CARTESIAN_POINT('',(0.1,4.989999798932E-11,0.5));
#959 = VERTEX_POINT('',#960);
#960 = CARTESIAN_POINT('',(0.1,5.000000004962E-02,0.5));
#961 = SURFACE_CURVE('',#962,(#965),.PCURVE_S1.);
#962 = B_SPLINE_CURVE_WITH_KNOTS('',1,(#963,#964),.UNSPECIFIED.,.F.,.F.,
  (2,2),(-7.5E-02,-2.5E-02),.PIECEWISE_BEZIER_KNOTS.);
#963 = CARTESIAN_POINT('',(0.1,4.989999798932E-11,0.5));
#964 = CARTESIAN_POINT('',(0.1,5.000000004962E-02,0.5));
#965 = PCURVE('',#966,#971);
#966 = B_SPLINE_SURFACE_WITH_KNOTS('',1,1,(
    (#967,#968)
    ,(#969,#970
    )),.UNSPECIFIED.,.F.,.F.,.F.,(2,2),(2,2),(-0.3,-0.2),(-7.5E-02,
    -2.5E-02),.PIECEWISE_BEZIER_KNOTS.);
#967 = CARTESIAN_POINT('',(0.1,4.989999798932E-11,0.5));
#968 = CARTESIAN_POINT('',(0.1,5.000000004962E-02,0.5));
#969 = CARTESIAN_POINT('',(0.2,4.989999798932E-11,0.5));
#970 = CARTESIAN_POINT('',(0.2,5.000000004962E-02,0.5));
#971 = DEFINITIONAL_REPRESENTATION('',(#972),#976);
#972 = LINE('',#973,#974);
#973 = CARTESIAN_POINT('',(-0.3,0.));
#974 = VECTOR('',#975,1.);
#975 = DIRECTION('',(0.,1.));
#976 = ( GEOMETRIC_REPRESENTATION_CONTEXT(2) 
PARAMETRIC_REPRESENTATION_CONTEXT() REPRESENTATION_CONTEXT('2D SPACE',''
  ) );
#977 = ORIENTED_EDGE('',*,*,#978,.T.);
#978 = EDGE_CURVE('',#957,#979,#981,.T.);
#979 = VERTEX_POINT('',#980);
#980 = CARTESIAN_POINT('',(0.2,4.989999798932E-11,0.5));
#981 = SURFACE_CURVE('',#982,(#985),.PCURVE_S1.);
#982 = B_SPLINE_CURVE_WITH_KNOTS('',1,(#983,#984),.UNSPECIFIED.,.F.,.F.,
  (2,2),(-0.3,-0.2),.PIECEWISE_BEZIER_KNOTS.);
#983 = CARTESIAN_POINT('',(0.1,4.989999798932E-11,0.5));
#984 = CARTESIAN_POINT('',(0.2,4.989999798932E-11,0.5));
#985 = PCURVE('',#966,#986);
#986 = DEFINITIONAL_REPRESENTATION('',(#987),#991);
#987 = LINE('',#988,#989);
#988 = CARTESIAN_POINT('',(0.,-7.5E-02));
#989 = VECTOR('',#990,1.);
#990 = DIRECTION('',(1.,0.));
#991 = ( GEOMETRIC_REPRESENTATION_CONTEXT(2) 
PARAMETRIC_REPRESENTATION_CONTEXT() REPRESENTATION_CONTEXT('2D SPACE',''
  ) );
#992 = ORIENTED_EDGE('',*,*,#993,.T.);
#993 = EDGE_CURVE('',#979,#994,#996,.T.);
#994 = VERTEX_POINT('',#995);
#995 = CARTESIAN_POINT('',(0.2,5.000000004962E-02,0.5));
#996 = SURFACE_CURVE('',#997,(#1000),.PCURVE_S1.);
#997 = B_SPLINE_CURVE_WITH_KNOTS('',1,(#998,#999),.UNSPECIFIED.,.F.,.F.,
  (2,2),(-7.5E-02,-2.5E-02),.PIECEWISE_BEZIER_KNOTS.);
#998 = CARTESIAN_POINT('',(0.2,4.989999798932E-11,0.5));
#999 = CARTESIAN_POINT('',(0.2,5.000000004962E-02,0.5));
#1000 = PCURVE('',#966,#1001);
#1001 = DEFINITIONAL_REPRESENTATION('',(#1002),#1006);
#1002 = LINE('',#1003,#1004);
#1003 = CARTESIAN_POINT('',(-0.2,0.));
#1004 = VECTOR('',#1005,1.);
#1005 = DIRECTION('',(0.,1.));
#1006 = ( GEOMETRIC_REPRESENTATION_CONTEXT(2) 
PARAMETRIC_REPRESENTATION_CONTEXT() REPRESENTATION_CONTEXT('2D SPACE',''
  ) );
#1007 = ORIENTED_EDGE('',*,*,#1008,.F.);
#1008 = EDGE_CURVE('',#959,#994,#1009,.T.);
#1009 = SURFACE_CURVE('',#1010,(#1013),.PCURVE_S1.);
#1010 = B_SPLINE_CURVE_WITH_KNOTS('',1,(#1011,#1012),.UNSPECIFIED.,.F.,
  .F.,(2,2),(-0.3,-0.2),.PIECEWISE_BEZIER_KNOTS.);
#1011 = CARTESIAN_POINT('',(0.1,5.000000004962E-02,0.5));
#1012 = CARTESIAN_POINT('',(0.2,5.000000004962E-02,0.5));
#1013 = PCURVE('',#966,#1014);
#1014 = DEFINITIONAL_REPRESENTATION('',(#1015),#1019);
#1015 = LINE('',#1016,#1017);
#1016 = CARTESIAN_POINT('',(0.,-2.5E-02));
#1017 = VECTOR('',#1018,1.);
#1018 = DIRECTION('',(1.,0.));
#1019 = ( GEOMETRIC_REPRESENTATION_CONTEXT(2) 
PARAMETRIC_REPRESENTATION_CONTEXT() REPRESENTATION_CONTEXT('2D SPACE',''
  ) );
#1020 = ( GEOMETRIC_REPRESENTATION_CONTEXT(3) 
GLOBAL_UNCERTAINTY_ASSIGNED_CONTEXT((#1024)) 
GLOBAL_UNIT_ASSIGNED_CONTEXT((#1021,#1022,#1023)) REPRESENTATION_CONTEXT
('Context #1','3D Context with UNIT and UNCERTAINTY') );
#1021 = ( LENGTH_UNIT() NAMED_UNIT(*) SI_UNIT(.MILLI.,.METRE.) );
#1022 = ( NAMED_UNIT(*) PLANE_ANGLE_UNIT() SI_UNIT($,.RADIAN.) );
#1023 = ( NAMED_UNIT(*) SI_UNIT($,.STERADIAN.) SOLID_ANGLE_UNIT() );
#1024 = UNCERTAINTY_MEASURE_WITH_UNIT(LENGTH_MEASURE(1.E-07),#1021,
  'distance_accuracy_value','confusion accuracy');
#1025 = CONTEXT_DEPENDENT_SHAPE_REPRESENTATION(#1026,#1028);
#1026 = ( REPRESENTATION_RELATIONSHIP('','',#949,#10) 
REPRESENTATION_RELATIONSHIP_WITH_TRANSFORMATION(#1027) 
SHAPE_REPRESENTATION_RELATIONSHIP() );
#1027 = ITEM_DEFINED_TRANSFORMATION('','',#11,#51);
#1028 = PRODUCT_DEFINITION_SHAPE('Placement','Placement of an item',
  #1029);
#1029 = NEXT_ASSEMBLY_USAGE_OCCURRENCE('10','','',#5,#944,$);
#1030 = PRODUCT_RELATED_PRODUCT_CATEGORY('part',$,(#946));
#1031 = SHAPE_DEFINITION_REPRESENTATION(#1032,#1038);
#1032 = PRODUCT_DEFINITION_SHAPE('','',#1033);
#1033 = PRODUCT_DEFINITION('design','',#1034,#1037);
#1034 = PRODUCT_DEFINITION_FORMATION('','',#1035);
#1035 = PRODUCT('Open CASCADE STEP translator 7.9 1.11',
  'Open CASCADE STEP translator 7.9 1.11','',(#1036));
#1036 = PRODUCT_CONTEXT('',#2,'mechanical');
#1037 = PRODUCT_DEFINITION_CONTEXT('part definition',#2,'design');
#1038 = MANIFOLD_SURFACE_SHAPE_REPRESENTATION('',(#11,#1039),#1109);
#1039 = SHELL_BASED_SURFACE_MODEL('',(#1040));
#1040 = OPEN_SHELL('',(#1041));
#1041 = ADVANCED_FACE('',(#1042),#1055,.T.);
#1042 = FACE_BOUND('',#1043,.T.);
#1043 = EDGE_LOOP('',(#1044,#1066,#1081,#1096));
#1044 = ORIENTED_EDGE('',*,*,#1045,.F.);
#1045 = EDGE_CURVE('',#1046,#1048,#1050,.T.);
#1046 = VERTEX_POINT('',#1047);
#1047 = CARTESIAN_POINT('',(0.1,4.989999798932E-11,0.6));
#1048 = VERTEX_POINT('',#1049);
#1049 = CARTESIAN_POINT('',(0.1,5.000000004962E-02,0.6));
#1050 = SURFACE_CURVE('',#1051,(#1054),.PCURVE_S1.);
#1051 = B_SPLINE_CURVE_WITH_KNOTS('',1,(#1052,#1053),.UNSPECIFIED.,.F.,
  .F.,(2,2),(-7.5E-02,-2.5E-02),.PIECEWISE_BEZIER_KNOTS.);
#1052 = CARTESIAN_POINT('',(0.1,4.989999798932E-11,0.6));
#1053 = CARTESIAN_POINT('',(0.1,5.000000004962E-02,0.6));
#1054 = PCURVE('',#1055,#1060);
#1055 = B_SPLINE_SURFACE_WITH_KNOTS('',1,1,(
    (#1056,#1057)
    ,(#1058,#1059
    )),.UNSPECIFIED.,.F.,.F.,.F.,(2,2),(2,2),(-0.3,-0.2),(-7.5E-02,
    -2.5E-02),.PIECEWISE_BEZIER_KNOTS.);
#1056 = CARTESIAN_POINT('',(0.1,4.989999798932E-11,0.6));
#1057 = CARTESIAN_POINT('',(0.1,5.000000004962E-02,0.6));
#1058 = CARTESIAN_POINT('',(0.2,4.989999798932E-11,0.6));
#1059 = CARTESIAN_POINT('',(0.2,5.000000004962E-02,0.6));
#1060 = DEFINITIONAL_REPRESENTATION('',(#1061),#1065);
#1061 = LINE('',#1062,#1063);
#1062 = CARTESIAN_POINT('',(-0.3,0.));
#1063 = VECTOR('',#1064,1.);
#1064 = DIRECTION('',(0.,1.));
#1065 = ( GEOMETRIC_REPRESENTATION_CONTEXT(2) 
PARAMETRIC_REPRESENTATION_CONTEXT() REPRESENTATION_CONTEXT('2D SPACE',''
  ) );
#1066 = ORIENTED_EDGE('',*,*,#1067,.T.);
#1067 = EDGE_CURVE('',#1046,#1068,#1070,.T.);
#1068 = VERTEX_POINT('',#1069);
#1069 = CARTESIAN_POINT('',(0.2,4.989999798932E-11,0.6));
#1070 = SURFACE_CURVE('',#1071,(#1074),.PCURVE_S1.);
#1071 = B_SPLINE_CURVE_WITH_KNOTS('',1,(#1072,#1073),.UNSPECIFIED.,.F.,
  .F.,(2,2),(-0.3,-0.2),.PIECEWISE_BEZIER_KNOTS.);
#1072 = CARTESIAN_POINT('',(0.1,4.989999798932E-11,0.6));
#1073 = CARTESIAN_POINT('',(0.2,4.989999798932E-11,0.6));
#1074 = PCURVE('',#1055,#1075);
#1075 = DEFINITIONAL_REPRESENTATION('',(#1076),#1080);
#1076 = LINE('',#1077,#1078);
#1077 = CARTESIAN_POINT('',(0.,-7.5E-02));
#1078 = VECTOR('',#1079,1.);
#1079 = DIRECTION('',(1.,0.));
#1080 = ( GEOMETRIC_REPRESENTATION_CONTEXT(2) 
PARAMETRIC_REPRESENTATION_CONTEXT() REPRESENTATION_CONTEXT('2D SPACE',''
  ) );
#1081 = ORIENTED_EDGE('',*,*,#1082,.T.);
#1082 = EDGE_CURVE('',#1068,#1083,#1085,.T.);
#1083 = VERTEX_POINT('',#1084);
#1084 = CARTESIAN_POINT('',(0.2,5.000000004962E-02,0.6));
#1085 = SURFACE_CURVE('',#1086,(#1089),.PCURVE_S1.);
#1086 = B_SPLINE_CURVE_WITH_KNOTS('',1,(#1087,#1088),.UNSPECIFIED.,.F.,
  .F.,(2,2),(-7.5E-02,-2.5E-02),.PIECEWISE_BEZIER_KNOTS.);
#1087 = CARTESIAN_POINT('',(0.2,4.989999798932E-11,0.6));
#1088 = CARTESIAN_POINT('',(0.2,5.000000004962E-02,0.6));
#1089 = PCURVE('',#1055,#1090);
#1090 = DEFINITIONAL_REPRESENTATION('',(#1091),#1095);
#1091 = LINE('',#1092,#1093);
#1092 = CARTESIAN_POINT('',(-0.2,0.));
#1093 = VECTOR('',#1094,1.);
#1094 = DIRECTION('',(0.,1.));
#1095 = ( GEOMETRIC_REPRESENTATION_CONTEXT(2) 
PARAMETRIC_REPRESENTATION_CONTEXT() REPRESENTATION_CONTEXT('2D SPACE',''
  ) );
#1096 = ORIENTED_EDGE('',*,*,#1097,.F.);
#1097 = EDGE_CURVE('',#1048,#1083,#1098,.T.);
#1098 = SURFACE_CURVE('',#1099,(#1102),.PCURVE_S1.);
#1099 = B_SPLINE_CURVE_WITH_KNOTS('',1,(#1100,#1101),.UNSPECIFIED.,.F.,
  .F.,(2,2),(-0.3,-0.2),.PIECEWISE_BEZIER_KNOTS.);
#1100 = CARTESIAN_POINT('',(0.1,5.000000004962E-02,0.6));
#1101 = CARTESIAN_POINT('',(0.2,5.000000004962E-02,0.6));
#1102 = PCURVE('',#1055,#1103);
#1103 = DEFINITIONAL_REPRESENTATION('',(#1104),#1108);
#1104 = LINE('',#1105,#1106);
#1105 = CARTESIAN_POINT('',(0.,-2.5E-02));
#1106 = VECTOR('',#1107,1.);
#1107 = DIRECTION('',(1.,0.));
#1108 = ( GEOMETRIC_REPRESENTATION_CONTEXT(2) 
PARAMETRIC_REPRESENTATION_CONTEXT() REPRESENTATION_CONTEXT('2D SPACE',''
  ) );
#1109 = ( GEOMETRIC_REPRESENTATION_CONTEXT(3) 
GLOBAL_UNCERTAINTY_ASSIGNED_CONTEXT((#1113)) 
GLOBAL_UNIT_ASSIGNED_CONTEXT((#1110,#1111,#1112)) REPRESENTATION_CONTEXT
('Context #1','3D Context with UNIT and UNCERTAINTY') );
#1110 = ( LENGTH_UNIT() NAMED_UNIT(*) SI_UNIT(.MILLI.,.METRE.) );
#1111 = ( NAMED_UNIT(*) PLANE_ANGLE_UNIT() SI_UNIT($,.RADIAN.) );
#1112 = ( NAMED_UNIT(*) SI_UNIT($,.STERADIAN.) SOLID_ANGLE_UNIT() );
#1113 = UNCERTAINTY_MEASURE_WITH_UNIT(LENGTH_MEASURE(1.E-07),#1110,
  'distance_accuracy_value','confusion accuracy');
#1114 = CONTEXT_DEPENDENT_SHAPE_REPRESENTATION(#1115,#1117);
#1115 = ( REPRESENTATION_RELATIONSHIP('','',#1038,#10) 
REPRESENTATION_RELATIONSHIP_WITH_TRANSFORMATION(#1116) 
SHAPE_REPRESENTATION_RELATIONSHIP() );
#1116 = ITEM_DEFINED_TRANSFORMATION('','',#11,#55);
#1117 = PRODUCT_DEFINITION_SHAPE('Placement','Placement of an item',
  #1118);
#1118 = NEXT_ASSEMBLY_USAGE_OCCURRENCE('11','','',#5,#1033,$);
#1119 = PRODUCT_RELATED_PRODUCT_CATEGORY('part',$,(#1035));
#1120 = SHAPE_DEFINITION_REPRESENTATION(#1121,#1127);
#1121 = PRODUCT_DEFINITION_SHAPE('','',#1122);
#1122 = PRODUCT_DEFINITION('design','',#1123,#1126);
#1123 = PRODUCT_DEFINITION_FORMATION('','',#1124);
#1124 = PRODUCT('Open CASCADE STEP translator 7.9 1.12',
  'Open CASCADE STEP translator 7.9 1.12','',(#1125));
#1125 = PRODUCT_CONTEXT('',#2,'mechanical');
#1126 = PRODUCT_DEFINITION_CONTEXT('part definition',#2,'design');
#1127 = MANIFOLD_SURFACE_SHAPE_REPRESENTATION('',(#11,#1128),#1198);
#1128 = SHELL_BASED_SURFACE_MODEL('',(#1129));
#1129 = OPEN_SHELL('',(#1130));
#1130 = ADVANCED_FACE('',(#1131),#1144,.T.);
#1131 = FACE_BOUND('',#1132,.T.);
#1132 = EDGE_LOOP('',(#1133,#1155,#1170,#1185));
#1133 = ORIENTED_EDGE('',*,*,#1134,.F.);
#1134 = EDGE_CURVE('',#1135,#1137,#1139,.T.);
#1135 = VERTEX_POINT('',#1136);
#1136 = CARTESIAN_POINT('',(0.1,4.989999798932E-11,0.7));
#1137 = VERTEX_POINT('',#1138);
#1138 = CARTESIAN_POINT('',(0.1,5.000000004962E-02,0.7));
#1139 = SURFACE_CURVE('',#1140,(#1143),.PCURVE_S1.);
#1140 = B_SPLINE_CURVE_WITH_KNOTS('',1,(#1141,#1142),.UNSPECIFIED.,.F.,
  .F.,(2,2),(-7.5E-02,-2.5E-02),.PIECEWISE_BEZIER_KNOTS.);
#1141 = CARTESIAN_POINT('',(0.1,4.989999798932E-11,0.7));
#1142 = CARTESIAN_POINT('',(0.1,5.000000004962E-02,0.7));
#1143 = PCURVE('',#1144,#1149);
#1144 = B_SPLINE_SURFACE_WITH_KNOTS('',1,1,(
    (#1145,#1146)
    ,(#1147,#1148
    )),.UNSPECIFIED.,.F.,.F.,.F.,(2,2),(2,2),(-0.3,-0.2),(-7.5E-02,
    -2.5E-02),.PIECEWISE_BEZIER_KNOTS.);
#1145 = CARTESIAN_POINT('',(0.1,4.989999798932E-11,0.7));
#1146 = CARTESIAN_POINT('',(0.1,5.000000004962E-02,0.7));
#1147 = CARTESIAN_POINT('',(0.2,4.989999798932E-11,0.7));
#1148 = CARTESIAN_POINT('',(0.2,5.000000004962E-02,0.7));
#1149 = DEFINITIONAL_REPRESENTATION('',(#1150),#1154);
#1150 = LINE('',#1151,#1152);
#1151 = CARTESIAN_POINT('',(-0.3,0.));
#1152 = VECTOR('',#1153,1.);
#1153 = DIRECTION('',(0.,1.));
#1154 = ( GEOMETRIC_REPRESENTATION_CONTEXT(2) 
PARAMETRIC_REPRESENTATION_CONTEXT() REPRESENTATION_CONTEXT('2D SPACE',''
  ) );
#1155 = ORIENTED_EDGE('',*,*,#1156,.T.);
#1156 = EDGE_CURVE('',#1135,#1157,#1159,.T.);
#1157 = VERTEX_POINT('',#1158);
#1158 = CARTESIAN_POINT('',(0.2,4.989999798932E-11,0.7));
#1159 = SURFACE_CURVE('',#1160,(#1163),.PCURVE_S1.);
#1160 = B_SPLINE_CURVE_WITH_KNOTS('',1,(#1161,#1162),.UNSPECIFIED.,.F.,
  .F.,(2,2),(-0.3,-0.2),.PIECEWISE_BEZIER_KNOTS.);
#1161 = CARTESIAN_POINT('',(0.1,4.989999798932E-11,0.7));
#1162 = CARTESIAN_POINT('',(0.2,4.989999798932E-11,0.7));
#1163 = PCURVE('',#1144,#1164);
#1164 = DEFINITIONAL_REPRESENTATION('',(#1165),#1169);
#1165 = LINE('',#1166,#1167);
#1166 = CARTESIAN_POINT('',(0.,-7.5E-02));
#1167 = VECTOR('',#1168,1.);
#1168 = DIRECTION('',(1.,0.));
#1169 = ( GEOMETRIC_REPRESENTATION_CONTEXT(2) 
PARAMETRIC_REPRESENTATION_CONTEXT() REPRESENTATION_CONTEXT('2D SPACE',''
  ) );
#1170 = ORIENTED_EDGE('',*,*,#1171,.T.);
#1171 = EDGE_CURVE('',#1157,#1172,#1174,.T.);
#1172 = VERTEX_POINT('',#1173);
#1173 = CARTESIAN_POINT('',(0.2,5.000000004962E-02,0.7));
#1174 = SURFACE_CURVE('',#1175,(#1178),.PCURVE_S1.);
#1175 = B_SPLINE_CURVE_WITH_KNOTS('',1,(#1176,#1177),.UNSPECIFIED.,.F.,
  .F.,(2,2),(-7.5E-02,-2.5E-02),.PIECEWISE_BEZIER_KNOTS.);
#1176 = CARTESIAN_POINT('',(0.2,4.989999798932E-11,0.7));
#1177 = CARTESIAN_POINT('',(0.2,5.000000004962E-02,0.7));
#1178 = PCURVE('',#1144,#1179);
#1179 = DEFINITIONAL_REPRESENTATION('',(#1180),#1184);
#1180 = LINE('',#1181,#1182);
#1181 = CARTESIAN_POINT('',(-0.2,0.));
#1182 = VECTOR('',#1183,1.);
#1183 = DIRECTION('',(0.,1.));
#1184 = ( GEOMETRIC_REPRESENTATION_CONTEXT(2) 
PARAMETRIC_REPRESENTATION_CONTEXT() REPRESENTATION_CONTEXT('2D SPACE',''
  ) );
#1185 = ORIENTED_EDGE('',*,*,#1186,.F.);
#1186 = EDGE_CURVE('',#1137,#1172,#1187,.T.);
#1187 = SURFACE_CURVE('',#1188,(#1191),.PCURVE_S1.);
#1188 = B_SPLINE_CURVE_WITH_KNOTS('',1,(#1189,#1190),.UNSPECIFIED.,.F.,
  .F.,(2,2),(-0.3,-0.2),.PIECEWISE_BEZIER_KNOTS.);
#1189 = CARTESIAN_POINT('',(0.1,5.000000004962E-02,0.7));
#1190 = CARTESIAN_POINT('',(0.2,5.000000004962E-02,0.7));
#1191 = PCURVE('',#1144,#1192);
#1192 = DEFINITIONAL_REPRESENTATION('',(#1193),#1197);
#1193 = LINE('',#1194,#1195);
#1194 = CARTESIAN_POINT('',(0.,-2.5E-02));
#1195 = VECTOR('',#1196,1.);
#1196 = DIRECTION('',(1.,0.));
#1197 = ( GEOMETRIC_REPRESENTATION_CONTEXT(2) 
PARAMETRIC_REPRESENTATION_CONTEXT() REPRESENTATION_CONTEXT('2D SPACE',''
  ) );
#1198 = ( GEOMETRIC_REPRESENTATION_CONTEXT(3) 
GLOBAL_UNCERTAINTY_ASSIGNED_CONTEXT((#1202)) 
GLOBAL_UNIT_ASSIGNED_CONTEXT((#1199,#1200,#1201)) REPRESENTATION_CONTEXT
('Context #1','3D Context with UNIT and UNCERTAINTY') );
#1199 = ( LENGTH_UNIT() NAMED_UNIT(*) SI_UNIT(.MILLI.,.METRE.) );
#1200 = ( NAMED_UNIT(*) PLANE_ANGLE_UNIT() SI_UNIT($,.RADIAN.) );
#1201 = ( NAMED_UNIT(*) SI_UNIT($,.STERADIAN.) SOLID_ANGLE_UNIT() );
#1202 = UNCERTAINTY_MEASURE_WITH_UNIT(LENGTH_MEASURE(1.E-07),#1199,
  'distance_accuracy_value','confusion accuracy');
#1203 = CONTEXT_DEPENDENT_SHAPE_REPRESENTATION(#1204,#1206);
#1204 = ( REPRESENTATION_RELATIONSHIP('','',#1127,#10) 
REPRESENTATION_RELATIONSHIP_WITH_TRANSFORMATION(#1205) 
SHAPE_REPRESENTATION_RELATIONSHIP() );
#1205 = ITEM_DEFINED_TRANSFORMATION('','',#11,#59);
#1206 = PRODUCT_DEFINITION_SHAPE('Placement','Placement of an item',
  #1207);
#1207 = NEXT_ASSEMBLY_USAGE_OCCURRENCE('12','','',#5,#1122,$);
#1208 = PRODUCT_RELATED_PRODUCT_CATEGORY('part',$,(#1124));
#1209 = SHAPE_DEFINITION_REPRESENTATION(#1210,#1216);
#1210 = PRODUCT_DEFINITION_SHAPE('','',#1211);
#1211 = PRODUCT_DEFINITION('design','',#1212,#1215);
#1212 = PRODUCT_DEFINITION_FORMATION('','',#1213);
#1213 = PRODUCT('Open CASCADE STEP translator 7.9 1.13',
  'Open CASCADE STEP translator 7.9 1.13','',(#1214));
#1214 = PRODUCT_CONTEXT('',#2,'mechanical');
#1215 = PRODUCT_DEFINITION_CONTEXT('part definition',#2,'design');
#1216 = MANIFOLD_SURFACE_SHAPE_REPRESENTATION('',(#11,#1217),#1287);
#1217 = SHELL_BASED_SURFACE_MODEL('',(#1218));
#1218 = OPEN_SHELL('',(#1219));
#1219 = ADVANCED_FACE('',(#1220),#1233,.T.);
#1220 = FACE_BOUND('',#1221,.T.);
#1221 = EDGE_LOOP('',(#1222,#1244,#1259,#1274));
#1222 = ORIENTED_EDGE('',*,*,#1223,.F.);
#1223 = EDGE_CURVE('',#1224,#1226,#1228,.T.);
#1224 = VERTEX_POINT('',#1225);
#1225 = CARTESIAN_POINT('',(0.1,4.989999798932E-11,0.8));
#1226 = VERTEX_POINT('',#1227);
#1227 = CARTESIAN_POINT('',(0.1,5.000000004962E-02,0.8));
#1228 = SURFACE_CURVE('',#1229,(#1232),.PCURVE_S1.);
#1229 = B_SPLINE_CURVE_WITH_KNOTS('',1,(#1230,#1231),.UNSPECIFIED.,.F.,
  .F.,(2,2),(-7.5E-02,-2.5E-02),.PIECEWISE_BEZIER_KNOTS.);
#1230 = CARTESIAN_POINT('',(0.1,4.989999798932E-11,0.8));
#1231 = CARTESIAN_POINT('',(0.1,5.000000004962E-02,0.8));
#1232 = PCURVE('',#1233,#1238);
#1233 = B_SPLINE_SURFACE_WITH_KNOTS('',1,1,(
    (#1234,#1235)
    ,(#1236,#1237
    )),.UNSPECIFIED.,.F.,.F.,.F.,(2,2),(2,2),(-0.3,-0.2),(-7.5E-02,
    -2.5E-02),.PIECEWISE_BEZIER_KNOTS.);
#1234 = CARTESIAN_POINT('',(0.1,4.989999798932E-11,0.8));
#1235 = CARTESIAN_POINT('',(0.1,5.000000004962E-02,0.8));
#1236 = CARTESIAN_POINT('',(0.2,4.989999798932E-11,0.8));
#1237 = CARTESIAN_POINT('',(0.2,5.000000004962E-02,0.8));
#1238 = DEFINITIONAL_REPRESENTATION('',(#1239),#1243);
#1239 = LINE('',#1240,#1241);
#1240 = CARTESIAN_POINT('',(-0.3,0.));
#1241 = VECTOR('',#1242,1.);
#1242 = DIRECTION('',(0.,1.));
#1243 = ( GEOMETRIC_REPRESENTATION_CONTEXT(2) 
PARAMETRIC_REPRESENTATION_CONTEXT() REPRESENTATION_CONTEXT('2D SPACE',''
  ) );
#1244 = ORIENTED_EDGE('',*,*,#1245,.T.);
#1245 = EDGE_CURVE('',#1224,#1246,#1248,.T.);
#1246 = VERTEX_POINT('',#1247);
#1247 = CARTESIAN_POINT('',(0.2,4.989999798932E-11,0.8));
#1248 = SURFACE_CURVE('',#1249,(#1252),.PCURVE_S1.);
#1249 = B_SPLINE_CURVE_WITH_KNOTS('',1,(#1250,#1251),.UNSPECIFIED.,.F.,
  .F.,(2,2),(-0.3,-0.2),.PIECEWISE_BEZIER_KNOTS.);
#1250 = CARTESIAN_POINT('',(0.1,4.989999798932E-11,0.8));
#1251 = CARTESIAN_POINT('',(0.2,4.989999798932E-11,0.8));
#1252 = PCURVE('',#1233,#1253);
#1253 = DEFINITIONAL_REPRESENTATION('',(#1254),#1258);
#1254 = LINE('',#1255,#1256);
#1255 = CARTESIAN_POINT('',(0.,-7.5E-02));
#1256 = VECTOR('',#1257,1.);
#1257 = DIRECTION('',(1.,0.));
#1258 = ( GEOMETRIC_REPRESENTATION_CONTEXT(2) 
PARAMETRIC_REPRESENTATION_CONTEXT() REPRESENTATION_CONTEXT('2D SPACE',''
  ) );
#1259 = ORIENTED_EDGE('',*,*,#1260,.T.);
#1260 = EDGE_CURVE('',#1246,#1261,#1263,.T.);
#1261 = VERTEX_POINT('',#1262);
#1262 = CARTESIAN_POINT('',(0.2,5.000000004962E-02,0.8));
#1263 = SURFACE_CURVE('',#1264,(#1267),.PCURVE_S1.);
#1264 = B_SPLINE_CURVE_WITH_KNOTS('',1,(#1265,#1266),.UNSPECIFIED.,.F.,
  .F.,(2,2),(-7.5E-02,-2.5E-02),.PIECEWISE_BEZIER_KNOTS.);
#1265 = CARTESIAN_POINT('',(0.2,4.989999798932E-11,0.8));
#1266 = CARTESIAN_POINT('',(0.2,5.000000004962E-02,0.8));
#1267 = PCURVE('',#1233,#1268);
#1268 = DEFINITIONAL_REPRESENTATION('',(#1269),#1273);
#1269 = LINE('',#1270,#1271);
#1270 = CARTESIAN_POINT('',(-0.2,0.));
#1271 = VECTOR('',#1272,1.);
#1272 = DIRECTION('',(0.,1.));
#1273 = ( GEOMETRIC_REPRESENTATION_CONTEXT(2) 
PARAMETRIC_REPRESENTATION_CONTEXT() REPRESENTATION_CONTEXT('2D SPACE',''
  ) );
#1274 = ORIENTED_EDGE('',*,*,#1275,.F.);
#1275 = EDGE_CURVE('',#1226,#1261,#1276,.T.);
#1276 = SURFACE_CURVE('',#1277,(#1280),.PCURVE_S1.);
#1277 = B_SPLINE_CURVE_WITH_KNOTS('',1,(#1278,#1279),.UNSPECIFIED.,.F.,
  .F.,(2,2),(-0.3,-0.2),.PIECEWISE_BEZIER_KNOTS.);
#1278 = CARTESIAN_POINT('',(0.1,5.000000004962E-02,0.8));
#1279 = CARTESIAN_POINT('',(0.2,5.000000004962E-02,0.8));
#1280 = PCURVE('',#1233,#1281);
#1281 = DEFINITIONAL_REPRESENTATION('',(#1282),#1286);
#1282 = LINE('',#1283,#1284);
#1283 = CARTESIAN_POINT('',(0.,-2.5E-02));
#1284 = VECTOR('',#1285,1.);
#1285 = DIRECTION('',(1.,0.));
#1286 = ( GEOMETRIC_REPRESENTATION_CONTEXT(2) 
PARAMETRIC_REPRESENTATION_CONTEXT() REPRESENTATION_CONTEXT('2D SPACE',''
  ) );
#1287 = ( GEOMETRIC_REPRESENTATION_CONTEXT(3) 
GLOBAL_UNCERTAINTY_ASSIGNED_CONTEXT((#1291)) 
GLOBAL_UNIT_ASSIGNED_CONTEXT((#1288,#1289,#1290)) REPRESENTATION_CONTEXT
('Context #1','3D Context with UNIT and UNCERTAINTY') );
#1288 = ( LENGTH_UNIT() NAMED_UNIT(*) SI_UNIT(.MILLI.,.METRE.) );
#1289 = ( NAMED_UNIT(*) PLANE_ANGLE_UNIT() SI_UNIT($,.RADIAN.) );
#1290 = ( NAMED_UNIT(*) SI_UNIT($,.STERADIAN.) SOLID_ANGLE_UNIT() );
#1291 = UNCERTAINTY_MEASURE_WITH_UNIT(LENGTH_MEASURE(1.E-07),#1288,
  'distance_accuracy_value','confusion accuracy');
#1292 = CONTEXT_DEPENDENT_SHAPE_REPRESENTATION(#1293,#1295);
#1293 = ( REPRESENTATION_RELATIONSHIP('','',#1216,#10) 
REPRESENTATION_RELATIONSHIP_WITH_TRANSFORMATION(#1294) 
SHAPE_REPRESENTATION_RELATIONSHIP() );
#1294 = ITEM_DEFINED_TRANSFORMATION('','',#11,#63);
#1295 = PRODUCT_DEFINITION_SHAPE('Placement','Placement of an item',
  #1296);
#1296 = NEXT_ASSEMBLY_USAGE_OCCURRENCE('13','','',#5,#1211,$);
#1297 = PRODUCT_RELATED_PRODUCT_CATEGORY('part',$,(#1213));
#1298 = SHAPE_DEFINITION_REPRESENTATION(#1299,#1305);
#1299 = PRODUCT_DEFINITION_SHAPE('','',#1300);
#1300 = PRODUCT_DEFINITION('design','',#1301,#1304);
#1301 = PRODUCT_DEFINITION_FORMATION('','',#1302);
#1302 = PRODUCT('Open CASCADE STEP translator 7.9 1.14',
  'Open CASCADE STEP translator 7.9 1.14','',(#1303));
#1303 = PRODUCT_CONTEXT('',#2,'mechanical');
#1304 = PRODUCT_DEFINITION_CONTEXT('part definition',#2,'design');
#1305 = MANIFOLD_SURFACE_SHAPE_REPRESENTATION('',(#11,#1306),#1376);
#1306 = SHELL_BASED_SURFACE_MODEL('',(#1307));
#1307 = OPEN_SHELL('',(#1308));
#1308 = ADVANCED_FACE('',(#1309),#1322,.T.);
#1309 = FACE_BOUND('',#1310,.T.);
#1310 = EDGE_LOOP('',(#1311,#1333,#1348,#1363));
#1311 = ORIENTED_EDGE('',*,*,#1312,.F.);
#1312 = EDGE_CURVE('',#1313,#1315,#1317,.T.);
#1313 = VERTEX_POINT('',#1314);
#1314 = CARTESIAN_POINT('',(0.1,4.989999798932E-11,0.9));
#1315 = VERTEX_POINT('',#1316);
#1316 = CARTESIAN_POINT('',(0.1,5.000000004962E-02,0.9));
#1317 = SURFACE_CURVE('',#1318,(#1321),.PCURVE_S1.);
#1318 = B_SPLINE_CURVE_WITH_KNOTS('',1,(#1319,#1320),.UNSPECIFIED.,.F.,
  .F.,(2,2),(-7.5E-02,-2.5E-02),.PIECEWISE_BEZIER_KNOTS.);
#1319 = CARTESIAN_POINT('',(0.1,4.989999798932E-11,0.9));
#1320 = CARTESIAN_POINT('',(0.1,5.000000004962E-02,0.9));
#1321 = PCURVE('',#1322,#1327);
#1322 = B_SPLINE_SURFACE_WITH_KNOTS('',1,1,(
    (#1323,#1324)
    ,(#1325,#1326
    )),.UNSPECIFIED.,.F.,.F.,.F.,(2,2),(2,2),(-0.3,-0.2),(-7.5E-02,
    -2.5E-02),.PIECEWISE_BEZIER_KNOTS.);
#1323 = CARTESIAN_POINT('',(0.1,4.989999798932E-11,0.9));
#1324 = CARTESIAN_POINT('',(0.1,5.000000004962E-02,0.9));
#1325 = CARTESIAN_POINT('',(0.2,4.989999798932E-11,0.9));
#1326 = CARTESIAN_POINT('',(0.2,5.000000004962E-02,0.9));
#1327 = DEFINITIONAL_REPRESENTATION('',(#1328),#1332);
#1328 = LINE('',#1329,#1330);
#1329 = CARTESIAN_POINT('',(-0.3,0.));
#1330 = VECTOR('',#1331,1.);
#1331 = DIRECTION('',(0.,1.));
#1332 = ( GEOMETRIC_REPRESENTATION_CONTEXT(2) 
PARAMETRIC_REPRESENTATION_CONTEXT() REPRESENTATION_CONTEXT('2D SPACE',''
  ) );
#1333 = ORIENTED_EDGE('',*,*,#1334,.T.);
#1334 = EDGE_CURVE('',#1313,#1335,#1337,.T.);
#1335 = VERTEX_POINT('',#1336);
#1336 = CARTESIAN_POINT('',(0.2,4.989999798932E-11,0.9));
#1337 = SURFACE_CURVE('',#1338,(#1341),.PCURVE_S1.);
#1338 = B_SPLINE_CURVE_WITH_KNOTS('',1,(#1339,#1340),.UNSPECIFIED.,.F.,
  .F.,(2,2),(-0.3,-0.2),.PIECEWISE_BEZIER_KNOTS.);
#1339 = CARTESIAN_POINT('',(0.1,4.989999798932E-11,0.9));
#1340 = CARTESIAN_POINT('',(0.2,4.989999798932E-11,0.9));
#1341 = PCURVE('',#1322,#1342);
#1342 = DEFINITIONAL_REPRESENTATION('',(#1343),#1347);
#1343 = LINE('',#1344,#1345);
#1344 = CARTESIAN_POINT('',(0.,-7.5E-02));
#1345 = VECTOR('',#1346,1.);
#1346 = DIRECTION('',(1.,0.));
#1347 = ( GEOMETRIC_REPRESENTATION_CONTEXT(2) 
PARAMETRIC_REPRESENTATION_CONTEXT() REPRESENTATION_CONTEXT('2D SPACE',''
  ) );
#1348 = ORIENTED_EDGE('',*,*,#1349,.T.);
#1349 = EDGE_CURVE('',#1335,#1350,#1352,.T.);
#1350 = VERTEX_POINT('',#1351);
#1351 = CARTESIAN_POINT('',(0.2,5.000000004962E-02,0.9));
#1352 = SURFACE_CURVE('',#1353,(#1356),.PCURVE_S1.);
#1353 = B_SPLINE_CURVE_WITH_KNOTS('',1,(#1354,#1355),.UNSPECIFIED.,.F.,
  .F.,(2,2),(-7.5E-02,-2.5E-02),.PIECEWISE_BEZIER_KNOTS.);
#1354 = CARTESIAN_POINT('',(0.2,4.989999798932E-11,0.9));
#1355 = CARTESIAN_POINT('',(0.2,5.000000004962E-02,0.9));
#1356 = PCURVE('',#1322,#1357);
#1357 = DEFINITIONAL_REPRESENTATION('',(#1358),#1362);
#1358 = LINE('',#1359,#1360);
#1359 = CARTESIAN_POINT('',(-0.2,0.));
#1360 = VECTOR('',#1361,1.);
#1361 = DIRECTION('',(0.,1.));
#1362 = ( GEOMETRIC_REPRESENTATION_CONTEXT(2) 
PARAMETRIC_REPRESENTATION_CONTEXT() REPRESENTATION_CONTEXT('2D SPACE',''
  ) );
#1363 = ORIENTED_EDGE('',*,*,#1364,.F.);
#1364 = EDGE_CURVE('',#1315,#1350,#1365,.T.);
#1365 = SURFACE_CURVE('',#1366,(#1369),.PCURVE_S1.);
#1366 = B_SPLINE_CURVE_WITH_KNOTS('',1,(#1367,#1368),.UNSPECIFIED.,.F.,
  .F.,(2,2),(-0.3,-0.2),.PIECEWISE_BEZIER_KNOTS.);
#1367 = CARTESIAN_POINT('',(0.1,5.000000004962E-02,0.9));
#1368 = CARTESIAN_POINT('',(0.2,5.000000004962E-02,0.9));
#1369 = PCURVE('',#1322,#1370);
#1370 = DEFINITIONAL_REPRESENTATION('',(#1371),#1375);
#1371 = LINE('',#1372,#1373);
#1372 = CARTESIAN_POINT('',(0.,-2.5E-02));
#1373 = VECTOR('',#1374,1.);
#1374 = DIRECTION('',(1.,0.));
#1375 = ( GEOMETRIC_REPRESENTATION_CONTEXT(2) 
PARAMETRIC_REPRESENTATION_CONTEXT() REPRESENTATION_CONTEXT('2D SPACE',''
  ) );
#1376 = ( GEOMETRIC_REPRESENTATION_CONTEXT(3) 
GLOBAL_UNCERTAINTY_ASSIGNED_CONTEXT((#1380)) 
GLOBAL_UNIT_ASSIGNED_CONTEXT((#1377,#1378,#1379)) REPRESENTATION_CONTEXT
('Context #1','3D Context with UNIT and UNCERTAINTY') );
#1377 = ( LENGTH_UNIT() NAMED_UNIT(*) SI_UNIT(.MILLI.,.METRE.) );
#1378 = ( NAMED_UNIT(*) PLANE_ANGLE_UNIT() SI_UNIT($,.RADIAN.) );
#1379 = ( NAMED_UNIT(*) SI_UNIT($,.STERADIAN.) SOLID_ANGLE_UNIT() );
#1380 = UNCERTAINTY_MEASURE_WITH_UNIT(LENGTH_MEASURE(1.E-07),#1377,
  'distance_accuracy_value','confusion accuracy');
#1381 = CONTEXT_DEPENDENT_SHAPE_REPRESENTATION(#1382,#1384);
#1382 = ( REPRESENTATION_RELATIONSHIP('','',#1305,#10) 
REPRESENTATION_RELATIONSHIP_WITH_TRANSFORMATION(#1383) 
SHAPE_REPRESENTATION_RELATIONSHIP() );
#1383 = ITEM_DEFINED_TRANSFORMATION('','',#11,#67);
#1384 = PRODUCT_DEFINITION_SHAPE('Placement','Placement of an item',
  #1385);
#1385 = NEXT_ASSEMBLY_USAGE_OCCURRENCE('14','','',#5,#1300,$);
#1386 = PRODUCT_RELATED_PRODUCT_CATEGORY('part',$,(#1302));
#1387 = SHAPE_DEFINITION_REPRESENTATION(#1388,#1394);
#1388 = PRODUCT_DEFINITION_SHAPE('','',#1389);
#1389 = PRODUCT_DEFINITION('design','',#1390,#1393);
#1390 = PRODUCT_DEFINITION_FORMATION('','',#1391);
#1391 = PRODUCT('Open CASCADE STEP translator 7.9 1.15',
  'Open CASCADE STEP translator 7.9 1.15','',(#1392));
#1392 = PRODUCT_CONTEXT('',#2,'mechanical');
#1393 = PRODUCT_DEFINITION_CONTEXT('part definition',#2,'design');
#1394 = MANIFOLD_SURFACE_SHAPE_REPRESENTATION('',(#11,#1395),#1465);
#1395 = SHELL_BASED_SURFACE_MODEL('',(#1396));
#1396 = OPEN_SHELL('',(#1397));
#1397 = ADVANCED_FACE('',(#1398),#1411,.T.);
#1398 = FACE_BOUND('',#1399,.T.);
#1399 = EDGE_LOOP('',(#1400,#1422,#1437,#1452));
#1400 = ORIENTED_EDGE('',*,*,#1401,.F.);
#1401 = EDGE_CURVE('',#1402,#1404,#1406,.T.);
#1402 = VERTEX_POINT('',#1403);
#1403 = CARTESIAN_POINT('',(0.1,4.989999798932E-11,0.99999999995));
#1404 = VERTEX_POINT('',#1405);
#1405 = CARTESIAN_POINT('',(0.1,5.000000004962E-02,0.99999999995));
#1406 = SURFACE_CURVE('',#1407,(#1410),.PCURVE_S1.);
#1407 = B_SPLINE_CURVE_WITH_KNOTS('',1,(#1408,#1409),.UNSPECIFIED.,.F.,
  .F.,(2,2),(-7.5E-02,-2.5E-02),.PIECEWISE_BEZIER_KNOTS.);
#1408 = CARTESIAN_POINT('',(0.1,4.989999798932E-11,0.99999999995));
#1409 = CARTESIAN_POINT('',(0.1,5.000000004962E-02,0.99999999995));
#1410 = PCURVE('',#1411,#1416);
#1411 = B_SPLINE_SURFACE_WITH_KNOTS('',1,1,(
    (#1412,#1413)
    ,(#1414,#1415
    )),.UNSPECIFIED.,.F.,.F.,.F.,(2,2),(2,2),(-0.3,-0.2),(-7.5E-02,
    -2.5E-02),.PIECEWISE_BEZIER_KNOTS.);
#1412 = CARTESIAN_POINT('',(0.1,4.989999798932E-11,0.99999999995));
#1413 = CARTESIAN_POINT('',(0.1,5.000000004962E-02,0.99999999995));
#1414 = CARTESIAN_POINT('',(0.2,4.989999798932E-11,0.99999999995));
#1415 = CARTESIAN_POINT('',(0.2,5.000000004962E-02,0.99999999995));
#1416 = DEFINITIONAL_REPRESENTATION('',(#1417),#1421);
#1417 = LINE('',#1418,#1419);
#1418 = CARTESIAN_POINT('',(-0.3,0.));
#1419 = VECTOR('',#1420,1.);
#1420 = DIRECTION('',(0.,1.));
#1421 = ( GEOMETRIC_REPRESENTATION_CONTEXT(2) 
PARAMETRIC_REPRESENTATION_CONTEXT() REPRESENTATION_CONTEXT('2D SPACE',''
  ) );
#1422 = ORIENTED_EDGE('',*,*,#1423,.T.);
#1423 = EDGE_CURVE('',#1402,#1424,#1426,.T.);
#1424 = VERTEX_POINT('',#1425);
#1425 = CARTESIAN_POINT('',(0.2,4.989999798932E-11,0.99999999995));
#1426 = SURFACE_CURVE('',#1427,(#1430),.PCURVE_S1.);
#1427 = B_SPLINE_CURVE_WITH_KNOTS('',1,(#1428,#1429),.UNSPECIFIED.,.F.,
  .F.,(2,2),(-0.3,-0.2),.PIECEWISE_BEZIER_KNOTS.);
#1428 = CARTESIAN_POINT('',(0.1,4.989999798932E-11,0.99999999995));
#1429 = CARTESIAN_POINT('',(0.2,4.989999798932E-11,0.99999999995));
#1430 = PCURVE('',#1411,#1431);
#1431 = DEFINITIONAL_REPRESENTATION('',(#1432),#1436);
#1432 = LINE('',#1433,#1434);
#1433 = CARTESIAN_POINT('',(0.,-7.5E-02));
#1434 = VECTOR('',#1435,1.);
#1435 = DIRECTION('',(1.,0.));
#1436 = ( GEOMETRIC_REPRESENTATION_CONTEXT(2) 
PARAMETRIC_REPRESENTATION_CONTEXT() REPRESENTATION_CONTEXT('2D SPACE',''
  ) );
#1437 = ORIENTED_EDGE('',*,*,#1438,.T.);
#1438 = EDGE_CURVE('',#1424,#1439,#1441,.T.);
#1439 = VERTEX_POINT('',#1440);
#1440 = CARTESIAN_POINT('',(0.2,5.000000004962E-02,0.99999999995));
#1441 = SURFACE_CURVE('',#1442,(#1445),.PCURVE_S1.);
#1442 = B_SPLINE_CURVE_WITH_KNOTS('',1,(#1443,#1444),.UNSPECIFIED.,.F.,
  .F.,(2,2),(-7.5E-02,-2.5E-02),.PIECEWISE_BEZIER_KNOTS.);
#1443 = CARTESIAN_POINT('',(0.2,4.989999798932E-11,0.99999999995));
#1444 = CARTESIAN_POINT('',(0.2,5.000000004962E-02,0.99999999995));
#1445 = PCURVE('',#1411,#1446);
#1446 = DEFINITIONAL_REPRESENTATION('',(#1447),#1451);
#1447 = LINE('',#1448,#1449);
#1448 = CARTESIAN_POINT('',(-0.2,0.));
#1449 = VECTOR('',#1450,1.);
#1450 = DIRECTION('',(0.,1.));
#1451 = ( GEOMETRIC_REPRESENTATION_CONTEXT(2) 
PARAMETRIC_REPRESENTATION_CONTEXT() REPRESENTATION_CONTEXT('2D SPACE',''
  ) );
#1452 = ORIENTED_EDGE('',*,*,#1453,.F.);
#1453 = EDGE_CURVE('',#1404,#1439,#1454,.T.);
#1454 = SURFACE_CURVE('',#1455,(#1458),.PCURVE_S1.);
#1455 = B_SPLINE_CURVE_WITH_KNOTS('',1,(#1456,#1457),.UNSPECIFIED.,.F.,
  .F.,(2,2),(-0.3,-0.2),.PIECEWISE_BEZIER_KNOTS.);
#1456 = CARTESIAN_POINT('',(0.1,5.000000004962E-02,0.99999999995));
#1457 = CARTESIAN_POINT('',(0.2,5.000000004962E-02,0.99999999995));
#1458 = PCURVE('',#1411,#1459);
#1459 = DEFINITIONAL_REPRESENTATION('',(#1460),#1464);
#1460 = LINE('',#1461,#1462);
#1461 = CARTESIAN_POINT('',(0.,-2.5E-02));
#1462 = VECTOR('',#1463,1.);
#1463 = DIRECTION('',(1.,0.));
#1464 = ( GEOMETRIC_REPRESENTATION_CONTEXT(2) 
PARAMETRIC_REPRESENTATION_CONTEXT() REPRESENTATION_CONTEXT('2D SPACE',''
  ) );
#1465 = ( GEOMETRIC_REPRESENTATION_CONTEXT(3) 
GLOBAL_UNCERTAINTY_ASSIGNED_CONTEXT((#1469)) 
GLOBAL_UNIT_ASSIGNED_CONTEXT((#1466,#1467,#1468)) REPRESENTATION_CONTEXT
('Context #1','3D Context with UNIT and UNCERTAINTY') );
#1466 = ( LENGTH_UNIT() NAMED_UNIT(*) SI_UNIT(.MILLI.,.METRE.) );
#1467 = ( NAMED_UNIT(*) PLANE_ANGLE_UNIT() SI_UNIT($,.RADIAN.) );
#1468 = ( NAMED_UNIT(*) SI_UNIT($,.STERADIAN.) SOLID_ANGLE_UNIT() );
#1469 = UNCERTAINTY_MEASURE_WITH_UNIT(LENGTH_MEASURE(1.E-07),#1466,
  'distance_accuracy_value','confusion accuracy');
#1470 = CONTEXT_DEPENDENT_SHAPE_REPRESENTATION(#1471,#1473);
#1471 = ( REPRESENTATION_RELATIONSHIP('','',#1394,#10) 
REPRESENTATION_RELATIONSHIP_WITH_TRANSFORMATION(#1472) 
SHAPE_REPRESENTATION_RELATIONSHIP() );
#1472 = ITEM_DEFINED_TRANSFORMATION('','',#11,#71);
#1473 = PRODUCT_DEFINITION_SHAPE('Placement','Placement of an item',
  #1474);
#1474 = NEXT_ASSEMBLY_USAGE_OCCURRENCE('15','','',#5,#1389,$);
#1475 = PRODUCT_RELATED_PRODUCT_CATEGORY('part',$,(#1391));
#1476 = SHAPE_DEFINITION_REPRESENTATION(#1477,#1483);
#1477 = PRODUCT_DEFINITION_SHAPE('','',#1478);
#1478 = PRODUCT_DEFINITION('design','',#1479,#1482);
#1479 = PRODUCT_DEFINITION_FORMATION('','',#1480);
#1480 = PRODUCT('Open CASCADE STEP translator 7.9 1.16',
  'Open CASCADE STEP translator 7.9 1.16','',(#1481));
#1481 = PRODUCT_CONTEXT('',#2,'mechanical');
#1482 = PRODUCT_DEFINITION_CONTEXT('part definition',#2,'design');
#1483 = MANIFOLD_SURFACE_SHAPE_REPRESENTATION('',(#11,#1484),#1554);
#1484 = SHELL_BASED_SURFACE_MODEL('',(#1485));
#1485 = OPEN_SHELL('',(#1486));
#1486 = ADVANCED_FACE('',(#1487),#1500,.T.);
#1487 = FACE_BOUND('',#1488,.T.);
#1488 = EDGE_LOOP('',(#1489,#1511,#1526,#1541));
#1489 = ORIENTED_EDGE('',*,*,#1490,.F.);
#1490 = EDGE_CURVE('',#1491,#1493,#1495,.T.);
#1491 = VERTEX_POINT('',#1492);
#1492 = CARTESIAN_POINT('',(0.1,5.000000000472E-02,0.99999999995));
#1493 = VERTEX_POINT('',#1494);
#1494 = CARTESIAN_POINT('',(0.2,5.000000000472E-02,0.99999999995));
#1495 = SURFACE_CURVE('',#1496,(#1499),.PCURVE_S1.);
#1496 = B_SPLINE_CURVE_WITH_KNOTS('',1,(#1497,#1498),.UNSPECIFIED.,.F.,
  .F.,(2,2),(-0.3,-0.2),.PIECEWISE_BEZIER_KNOTS.);
#1497 = CARTESIAN_POINT('',(0.1,5.000000000472E-02,0.99999999995));
#1498 = CARTESIAN_POINT('',(0.2,5.000000000472E-02,0.99999999995));
#1499 = PCURVE('',#1500,#1505);
#1500 = B_SPLINE_SURFACE_WITH_KNOTS('',1,1,(
    (#1501,#1502)
    ,(#1503,#1504
    )),.UNSPECIFIED.,.F.,.F.,.F.,(2,2),(2,2),(-0.1,0.),(-0.3,-0.2),
  .PIECEWISE_BEZIER_KNOTS.);
#1501 = CARTESIAN_POINT('',(0.1,5.000000000472E-02,0.99999999995));
#1502 = CARTESIAN_POINT('',(0.2,5.000000000472E-02,0.99999999995));
#1503 = CARTESIAN_POINT('',(0.1,5.000000000472E-02,0.89999999995));
#1504 = CARTESIAN_POINT('',(0.2,5.000000000472E-02,0.89999999995));
#1505 = DEFINITIONAL_REPRESENTATION('',(#1506),#1510);
#1506 = LINE('',#1507,#1508);
#1507 = CARTESIAN_POINT('',(-0.1,0.));
#1508 = VECTOR('',#1509,1.);
#1509 = DIRECTION('',(0.,1.));
#1510 = ( GEOMETRIC_REPRESENTATION_CONTEXT(2) 
PARAMETRIC_REPRESENTATION_CONTEXT() REPRESENTATION_CONTEXT('2D SPACE',''
  ) );
#1511 = ORIENTED_EDGE('',*,*,#1512,.T.);
#1512 = EDGE_CURVE('',#1491,#1513,#1515,.T.);
#1513 = VERTEX_POINT('',#1514);
#1514 = CARTESIAN_POINT('',(0.1,5.000000000472E-02,0.89999999995));
#1515 = SURFACE_CURVE('',#1516,(#1519),.PCURVE_S1.);
#1516 = B_SPLINE_CURVE_WITH_KNOTS('',1,(#1517,#1518),.UNSPECIFIED.,.F.,
  .F.,(2,2),(-0.1,0.),.PIECEWISE_BEZIER_KNOTS.);
#1517 = CARTESIAN_POINT('',(0.1,5.000000000472E-02,0.99999999995));
#1518 = CARTESIAN_POINT('',(0.1,5.000000000472E-02,0.89999999995));
#1519 = PCURVE('',#1500,#1520);
#1520 = DEFINITIONAL_REPRESENTATION('',(#1521),#1525);
#1521 = LINE('',#1522,#1523);
#1522 = CARTESIAN_POINT('',(0.,-0.3));
#1523 = VECTOR('',#1524,1.);
#1524 = DIRECTION('',(1.,0.));
#1525 = ( GEOMETRIC_REPRESENTATION_CONTEXT(2) 
PARAMETRIC_REPRESENTATION_CONTEXT() REPRESENTATION_CONTEXT('2D SPACE',''
  ) );
#1526 = ORIENTED_EDGE('',*,*,#1527,.T.);
#1527 = EDGE_CURVE('',#1513,#1528,#1530,.T.);
#1528 = VERTEX_POINT('',#1529);
#1529 = CARTESIAN_POINT('',(0.2,5.000000000472E-02,0.89999999995));
#1530 = SURFACE_CURVE('',#1531,(#1534),.PCURVE_S1.);
#1531 = B_SPLINE_CURVE_WITH_KNOTS('',1,(#1532,#1533),.UNSPECIFIED.,.F.,
  .F.,(2,2),(-0.3,-0.2),.PIECEWISE_BEZIER_KNOTS.);
#1532 = CARTESIAN_POINT('',(0.1,5.000000000472E-02,0.89999999995));
#1533 = CARTESIAN_POINT('',(0.2,5.000000000472E-02,0.89999999995));
#1534 = PCURVE('',#1500,#1535);
#1535 = DEFINITIONAL_REPRESENTATION('',(#1536),#1540);
#1536 = LINE('',#1537,#1538);
#1537 = CARTESIAN_POINT('',(0.,0.));
#1538 = VECTOR('',#1539,1.);
#1539 = DIRECTION('',(0.,1.));
#1540 = ( GEOMETRIC_REPRESENTATION_CONTEXT(2) 
PARAMETRIC_REPRESENTATION_CONTEXT() REPRESENTATION_CONTEXT('2D SPACE',''
  ) );
#1541 = ORIENTED_EDGE('',*,*,#1542,.F.);
#1542 = EDGE_CURVE('',#1493,#1528,#1543,.T.);
#1543 = SURFACE_CURVE('',#1544,(#1547),.PCURVE_S1.);
#1544 = B_SPLINE_CURVE_WITH_KNOTS('',1,(#1545,#1546),.UNSPECIFIED.,.F.,
  .F.,(2,2),(-0.1,0.),.PIECEWISE_BEZIER_KNOTS.);
#1545 = CARTESIAN_POINT('',(0.2,5.000000000472E-02,0.99999999995));
#1546 = CARTESIAN_POINT('',(0.2,5.000000000472E-02,0.89999999995));
#1547 = PCURVE('',#1500,#1548);
#1548 = DEFINITIONAL_REPRESENTATION('',(#1549),#1553);
#1549 = LINE('',#1550,#1551);
#1550 = CARTESIAN_POINT('',(0.,-0.2));
#1551 = VECTOR('',#1552,1.);
#1552 = DIRECTION('',(1.,0.));
#1553 = ( GEOMETRIC_REPRESENTATION_CONTEXT(2) 
PARAMETRIC_REPRESENTATION_CONTEXT() REPRESENTATION_CONTEXT('2D SPACE',''
  ) );
#1554 = ( GEOMETRIC_REPRESENTATION_CONTEXT(3) 
GLOBAL_UNCERTAINTY_ASSIGNED_CONTEXT((#1558)) 
GLOBAL_UNIT_ASSIGNED_CONTEXT((#1555,#1556,#1557)) REPRESENTATION_CONTEXT
('Context #1','3D Context with UNIT and UNCERTAINTY') );
#1555 = ( LENGTH_UNIT() NAMED_UNIT(*) SI_UNIT(.MILLI.,.METRE.) );
#1556 = ( NAMED_UNIT(*) PLANE_ANGLE_UNIT() SI_UNIT($,.RADIAN.) );
#1557 = ( NAMED_UNIT(*) SI_UNIT($,.STERADIAN.) SOLID_ANGLE_UNIT() );
#1558 = UNCERTAINTY_MEASURE_WITH_UNIT(LENGTH_MEASURE(1.E-07),#1555,
  'distance_accuracy_value','confusion accuracy');
#1559 = CONTEXT_DEPENDENT_SHAPE_REPRESENTATION(#1560,#1562);
#1560 = ( REPRESENTATION_RELATIONSHIP('','',#1483,#10) 
REPRESENTATION_RELATIONSHIP_WITH_TRANSFORMATION(#1561) 
SHAPE_REPRESENTATION_RELATIONSHIP() );
#1561 = ITEM_DEFINED_TRANSFORMATION('','',#11,#75);
#1562 = PRODUCT_DEFINITION_SHAPE('Placement','Placement of an item',
  #1563);
#1563 = NEXT_ASSEMBLY_USAGE_OCCURRENCE('16','','',#5,#1478,$);
#1564 = PRODUCT_RELATED_PRODUCT_CATEGORY('part',$,(#1480));
#1565 = SHAPE_DEFINITION_REPRESENTATION(#1566,#1572);
#1566 = PRODUCT_DEFINITION_SHAPE('','',#1567);
#1567 = PRODUCT_DEFINITION('design','',#1568,#1571);
#1568 = PRODUCT_DEFINITION_FORMATION('','',#1569);
#1569 = PRODUCT('Open CASCADE STEP translator 7.9 1.17',
  'Open CASCADE STEP translator 7.9 1.17','',(#1570));
#1570 = PRODUCT_CONTEXT('',#2,'mechanical');
#1571 = PRODUCT_DEFINITION_CONTEXT('part definition',#2,'design');
#1572 = MANIFOLD_SURFACE_SHAPE_REPRESENTATION('',(#11,#1573),#1643);
#1573 = SHELL_BASED_SURFACE_MODEL('',(#1574));
#1574 = OPEN_SHELL('',(#1575));
#1575 = ADVANCED_FACE('',(#1576),#1589,.T.);
#1576 = FACE_BOUND('',#1577,.T.);
#1577 = EDGE_LOOP('',(#1578,#1600,#1615,#1630));
#1578 = ORIENTED_EDGE('',*,*,#1579,.F.);
#1579 = EDGE_CURVE('',#1580,#1582,#1584,.T.);
#1580 = VERTEX_POINT('',#1581);
#1581 = CARTESIAN_POINT('',(0.1,5.000000000472E-02,0.9));
#1582 = VERTEX_POINT('',#1583);
#1583 = CARTESIAN_POINT('',(0.2,5.000000000472E-02,0.9));
#1584 = SURFACE_CURVE('',#1585,(#1588),.PCURVE_S1.);
#1585 = B_SPLINE_CURVE_WITH_KNOTS('',1,(#1586,#1587),.UNSPECIFIED.,.F.,
  .F.,(2,2),(-0.3,-0.2),.PIECEWISE_BEZIER_KNOTS.);
#1586 = CARTESIAN_POINT('',(0.1,5.000000000472E-02,0.9));
#1587 = CARTESIAN_POINT('',(0.2,5.000000000472E-02,0.9));
#1588 = PCURVE('',#1589,#1594);
#1589 = B_SPLINE_SURFACE_WITH_KNOTS('',1,1,(
    (#1590,#1591)
    ,(#1592,#1593
    )),.UNSPECIFIED.,.F.,.F.,.F.,(2,2),(2,2),(-0.1,0.),(-0.3,-0.2),
  .PIECEWISE_BEZIER_KNOTS.);
#1590 = CARTESIAN_POINT('',(0.1,5.000000000472E-02,0.9));
#1591 = CARTESIAN_POINT('',(0.2,5.000000000472E-02,0.9));
#1592 = CARTESIAN_POINT('',(0.1,5.000000000472E-02,0.8));
#1593 = CARTESIAN_POINT('',(0.2,5.000000000472E-02,0.8));
#1594 = DEFINITIONAL_REPRESENTATION('',(#1595),#1599);
#1595 = LINE('',#1596,#1597);
#1596 = CARTESIAN_POINT('',(-0.1,0.));
#1597 = VECTOR('',#1598,1.);
#1598 = DIRECTION('',(0.,1.));
#1599 = ( GEOMETRIC_REPRESENTATION_CONTEXT(2) 
PARAMETRIC_REPRESENTATION_CONTEXT() REPRESENTATION_CONTEXT('2D SPACE',''
  ) );
#1600 = ORIENTED_EDGE('',*,*,#1601,.T.);
#1601 = EDGE_CURVE('',#1580,#1602,#1604,.T.);
#1602 = VERTEX_POINT('',#1603);
#1603 = CARTESIAN_POINT('',(0.1,5.000000000472E-02,0.8));
#1604 = SURFACE_CURVE('',#1605,(#1608),.PCURVE_S1.);
#1605 = B_SPLINE_CURVE_WITH_KNOTS('',1,(#1606,#1607),.UNSPECIFIED.,.F.,
  .F.,(2,2),(-0.1,0.),.PIECEWISE_BEZIER_KNOTS.);
#1606 = CARTESIAN_POINT('',(0.1,5.000000000472E-02,0.9));
#1607 = CARTESIAN_POINT('',(0.1,5.000000000472E-02,0.8));
#1608 = PCURVE('',#1589,#1609);
#1609 = DEFINITIONAL_REPRESENTATION('',(#1610),#1614);
#1610 = LINE('',#1611,#1612);
#1611 = CARTESIAN_POINT('',(0.,-0.3));
#1612 = VECTOR('',#1613,1.);
#1613 = DIRECTION('',(1.,0.));
#1614 = ( GEOMETRIC_REPRESENTATION_CONTEXT(2) 
PARAMETRIC_REPRESENTATION_CONTEXT() REPRESENTATION_CONTEXT('2D SPACE',''
  ) );
#1615 = ORIENTED_EDGE('',*,*,#1616,.T.);
#1616 = EDGE_CURVE('',#1602,#1617,#1619,.T.);
#1617 = VERTEX_POINT('',#1618);
#1618 = CARTESIAN_POINT('',(0.2,5.000000000472E-02,0.8));
#1619 = SURFACE_CURVE('',#1620,(#1623),.PCURVE_S1.);
#1620 = B_SPLINE_CURVE_WITH_KNOTS('',1,(#1621,#1622),.UNSPECIFIED.,.F.,
  .F.,(2,2),(-0.3,-0.2),.PIECEWISE_BEZIER_KNOTS.);
#1621 = CARTESIAN_POINT('',(0.1,5.000000000472E-02,0.8));
#1622 = CARTESIAN_POINT('',(0.2,5.000000000472E-02,0.8));
#1623 = PCURVE('',#1589,#1624);
#1624 = DEFINITIONAL_REPRESENTATION('',(#1625),#1629);
#1625 = LINE('',#1626,#1627);
#1626 = CARTESIAN_POINT('',(0.,0.));
#1627 = VECTOR('',#1628,1.);
#1628 = DIRECTION('',(0.,1.));
#1629 = ( GEOMETRIC_REPRESENTATION_CONTEXT(2) 
PARAMETRIC_REPRESENTATION_CONTEXT() REPRESENTATION_CONTEXT('2D SPACE',''
  ) );
#1630 = ORIENTED_EDGE('',*,*,#1631,.F.);
#1631 = EDGE_CURVE('',#1582,#1617,#1632,.T.);
#1632 = SURFACE_CURVE('',#1633,(#1636),.PCURVE_S1.);
#1633 = B_SPLINE_CURVE_WITH_KNOTS('',1,(#1634,#1635),.UNSPECIFIED.,.F.,
  .F.,(2,2),(-0.1,0.),.PIECEWISE_BEZIER_KNOTS.);
#1634 = CARTESIAN_POINT('',(0.2,5.000000000472E-02,0.9));
#1635 = CARTESIAN_POINT('',(0.2,5.000000000472E-02,0.8));
#1636 = PCURVE('',#1589,#1637);
#1637 = DEFINITIONAL_REPRESENTATION('',(#1638),#1642);
#1638 = LINE('',#1639,#1640);
#1639 = CARTESIAN_POINT('',(0.,-0.2));
#1640 = VECTOR('',#1641,1.);
#1641 = DIRECTION('',(1.,0.));
#1642 = ( GEOMETRIC_REPRESENTATION_CONTEXT(2) 
PARAMETRIC_REPRESENTATION_CONTEXT() REPRESENTATION_CONTEXT('2D SPACE',''
  ) );
#1643 = ( GEOMETRIC_REPRESENTATION_CONTEXT(3) 
GLOBAL_UNCERTAINTY_ASSIGNED_CONTEXT((#1647)) 
GLOBAL_UNIT_ASSIGNED_CONTEXT((#1644,#1645,#1646)) REPRESENTATION_CONTEXT
('Context #1','3D Context with UNIT and UNCERTAINTY') );
#1644 = ( LENGTH_UNIT() NAMED_UNIT(*) SI_UNIT(.MILLI.,.METRE.) );
#1645 = ( NAMED_UNIT(*) PLANE_ANGLE_UNIT() SI_UNIT($,.RADIAN.) );
#1646 = ( NAMED_UNIT(*) SI_UNIT($,.STERADIAN.) SOLID_ANGLE_UNIT() );
#1647 = UNCERTAINTY_MEASURE_WITH_UNIT(LENGTH_MEASURE(1.E-07),#1644,
  'distance_accuracy_value','confusion accuracy');
#1648 = CONTEXT_DEPENDENT_SHAPE_REPRESENTATION(#1649,#1651);
#1649 = ( REPRESENTATION_RELATIONSHIP('','',#1572,#10) 
REPRESENTATION_RELATIONSHIP_WITH_TRANSFORMATION(#1650) 
SHAPE_REPRESENTATION_RELATIONSHIP() );
#1650 = ITEM_DEFINED_TRANSFORMATION('','',#11,#79);
#1651 = PRODUCT_DEFINITION_SHAPE('Placement','Placement of an item',
  #1652);
#1652 = NEXT_ASSEMBLY_USAGE_OCCURRENCE('17','','',#5,#1567,$);
#1653 = PRODUCT_RELATED_PRODUCT_CATEGORY('part',$,(#1569));
#1654 = SHAPE_DEFINITION_REPRESENTATION(#1655,#1661);
#1655 = PRODUCT_DEFINITION_SHAPE('','',#1656);
#1656 = PRODUCT_DEFINITION('design','',#1657,#1660);
#1657 = PRODUCT_DEFINITION_FORMATION('','',#1658);
#1658 = PRODUCT('Open CASCADE STEP translator 7.9 1.18',
  'Open CASCADE STEP translator 7.9 1.18','',(#1659));
#1659 = PRODUCT_CONTEXT('',#2,'mechanical');
#1660 = PRODUCT_DEFINITION_CONTEXT('part definition',#2,'design');
#1661 = MANIFOLD_SURFACE_SHAPE_REPRESENTATION('',(#11,#1662),#1732);
#1662 = SHELL_BASED_SURFACE_MODEL('',(#1663));
#1663 = OPEN_SHELL('',(#1664));
#1664 = ADVANCED_FACE('',(#1665),#1678,.T.);
#1665 = FACE_BOUND('',#1666,.T.);
#1666 = EDGE_LOOP('',(#1667,#1689,#1704,#1719));
#1667 = ORIENTED_EDGE('',*,*,#1668,.F.);
#1668 = EDGE_CURVE('',#1669,#1671,#1673,.T.);
#1669 = VERTEX_POINT('',#1670);
#1670 = CARTESIAN_POINT('',(0.1,5.000000000472E-02,0.8));
#1671 = VERTEX_POINT('',#1672);
#1672 = CARTESIAN_POINT('',(0.1,5.000000000472E-02,0.9));
#1673 = SURFACE_CURVE('',#1674,(#1677),.PCURVE_S1.);
#1674 = B_SPLINE_CURVE_WITH_KNOTS('',1,(#1675,#1676),.UNSPECIFIED.,.F.,
  .F.,(2,2),(-0.1,0.),.PIECEWISE_BEZIER_KNOTS.);
#1675 = CARTESIAN_POINT('',(0.1,5.000000000472E-02,0.8));
#1676 = CARTESIAN_POINT('',(0.1,5.000000000472E-02,0.9));
#1677 = PCURVE('',#1678,#1683);
#1678 = B_SPLINE_SURFACE_WITH_KNOTS('',1,1,(
    (#1679,#1680)
    ,(#1681,#1682
    )),.UNSPECIFIED.,.F.,.F.,.F.,(2,2),(2,2),(2.5E-02,7.5E-02),(-0.1,0.)
  ,.PIECEWISE_BEZIER_KNOTS.);
#1679 = CARTESIAN_POINT('',(0.1,5.000000000472E-02,0.8));
#1680 = CARTESIAN_POINT('',(0.1,5.000000000472E-02,0.9));
#1681 = CARTESIAN_POINT('',(0.1,5.000000413702E-12,0.8));
#1682 = CARTESIAN_POINT('',(0.1,5.000000413702E-12,0.9));
#1683 = DEFINITIONAL_REPRESENTATION('',(#1684),#1688);
#1684 = LINE('',#1685,#1686);
#1685 = CARTESIAN_POINT('',(2.5E-02,0.));
#1686 = VECTOR('',#1687,1.);
#1687 = DIRECTION('',(0.,1.));
#1688 = ( GEOMETRIC_REPRESENTATION_CONTEXT(2) 
PARAMETRIC_REPRESENTATION_CONTEXT() REPRESENTATION_CONTEXT('2D SPACE',''
  ) );
#1689 = ORIENTED_EDGE('',*,*,#1690,.T.);
#1690 = EDGE_CURVE('',#1669,#1691,#1693,.T.);
#1691 = VERTEX_POINT('',#1692);
#1692 = CARTESIAN_POINT('',(0.1,5.000000413702E-12,0.8));
#1693 = SURFACE_CURVE('',#1694,(#1697),.PCURVE_S1.);
#1694 = B_SPLINE_CURVE_WITH_KNOTS('',1,(#1695,#1696),.UNSPECIFIED.,.F.,
  .F.,(2,2),(2.5E-02,7.5E-02),.PIECEWISE_BEZIER_KNOTS.);
#1695 = CARTESIAN_POINT('',(0.1,5.000000000472E-02,0.8));
#1696 = CARTESIAN_POINT('',(0.1,5.000000413702E-12,0.8));
#1697 = PCURVE('',#1678,#1698);
#1698 = DEFINITIONAL_REPRESENTATION('',(#1699),#1703);
#1699 = LINE('',#1700,#1701);
#1700 = CARTESIAN_POINT('',(0.,-0.1));
#1701 = VECTOR('',#1702,1.);
#1702 = DIRECTION('',(1.,0.));
#1703 = ( GEOMETRIC_REPRESENTATION_CONTEXT(2) 
PARAMETRIC_REPRESENTATION_CONTEXT() REPRESENTATION_CONTEXT('2D SPACE',''
  ) );
#1704 = ORIENTED_EDGE('',*,*,#1705,.T.);
#1705 = EDGE_CURVE('',#1691,#1706,#1708,.T.);
#1706 = VERTEX_POINT('',#1707);
#1707 = CARTESIAN_POINT('',(0.1,5.000000413702E-12,0.9));
#1708 = SURFACE_CURVE('',#1709,(#1712),.PCURVE_S1.);
#1709 = B_SPLINE_CURVE_WITH_KNOTS('',1,(#1710,#1711),.UNSPECIFIED.,.F.,
  .F.,(2,2),(-0.1,0.),.PIECEWISE_BEZIER_KNOTS.);
#1710 = CARTESIAN_POINT('',(0.1,5.000000413702E-12,0.8));
#1711 = CARTESIAN_POINT('',(0.1,5.000000413702E-12,0.9));
#1712 = PCURVE('',#1678,#1713);
#1713 = DEFINITIONAL_REPRESENTATION('',(#1714),#1718);
#1714 = LINE('',#1715,#1716);
#1715 = CARTESIAN_POINT('',(7.5E-02,0.));
#1716 = VECTOR('',#1717,1.);
#1717 = DIRECTION('',(0.,1.));
#1718 = ( GEOMETRIC_REPRESENTATION_CONTEXT(2) 
PARAMETRIC_REPRESENTATION_CONTEXT() REPRESENTATION_CONTEXT('2D SPACE',''
  ) );
#1719 = ORIENTED_EDGE('',*,*,#1720,.F.);
#1720 = EDGE_CURVE('',#1671,#1706,#1721,.T.);
#1721 = SURFACE_CURVE('',#1722,(#1725),.PCURVE_S1.);
#1722 = B_SPLINE_CURVE_WITH_KNOTS('',1,(#1723,#1724),.UNSPECIFIED.,.F.,
  .F.,(2,2),(2.5E-02,7.5E-02),.PIECEWISE_BEZIER_KNOTS.);
#1723 = CARTESIAN_POINT('',(0.1,5.000000000472E-02,0.9));
#1724 = CARTESIAN_POINT('',(0.1,5.000000413702E-12,0.9));
#1725 = PCURVE('',#1678,#1726);
#1726 = DEFINITIONAL_REPRESENTATION('',(#1727),#1731);
#1727 = LINE('',#1728,#1729);
#1728 = CARTESIAN_POINT('',(0.,0.));
#1729 = VECTOR('',#1730,1.);
#1730 = DIRECTION('',(1.,0.));
#1731 = ( GEOMETRIC_REPRESENTATION_CONTEXT(2) 
PARAMETRIC_REPRESENTATION_CONTEXT() REPRESENTATION_CONTEXT('2D SPACE',''
  ) );
#1732 = ( GEOMETRIC_REPRESENTATION_CONTEXT(3) 
GLOBAL_UNCERTAINTY_ASSIGNED_CONTEXT((#1736)) 
GLOBAL_UNIT_ASSIGNED_CONTEXT((#1733,#1734,#1735)) REPRESENTATION_CONTEXT
('Context #1','3D Context with UNIT and UNCERTAINTY') );
#1733 = ( LENGTH_UNIT() NAMED_UNIT(*) SI_UNIT(.MILLI.,.METRE.) );
#1734 = ( NAMED_UNIT(*) PLANE_ANGLE_UNIT() SI_UNIT($,.RADIAN.) );
#1735 = ( NAMED_UNIT(*) SI_UNIT($,.STERADIAN.) SOLID_ANGLE_UNIT() );
#1736 = UNCERTAINTY_MEASURE_WITH_UNIT(LENGTH_MEASURE(1.E-07),#1733,
  'distance_accuracy_value','confusion accuracy');
#1737 = CONTEXT_DEPENDENT_SHAPE_REPRESENTATION(#1738,#1740);
#1738 = ( REPRESENTATION_RELATIONSHIP('','',#1661,#10) 
REPRESENTATION_RELATIONSHIP_WITH_TRANSFORMATION(#1739) 
SHAPE_REPRESENTATION_RELATIONSHIP() );
#1739 = ITEM_DEFINED_TRANSFORMATION('','',#11,#83);
#1740 = PRODUCT_DEFINITION_SHAPE('Placement','Placement of an item',
  #1741);
#1741 = NEXT_ASSEMBLY_USAGE_OCCURRENCE('18','','',#5,#1656,$);
#1742 = PRODUCT_RELATED_PRODUCT_CATEGORY('part',$,(#1658));
#1743 = SHAPE_DEFINITION_REPRESENTATION(#1744,#1750);
#1744 = PRODUCT_DEFINITION_SHAPE('','',#1745);
#1745 = PRODUCT_DEFINITION('design','',#1746,#1749);
#1746 = PRODUCT_DEFINITION_FORMATION('','',#1747);
#1747 = PRODUCT('Open CASCADE STEP translator 7.9 1.19',
  'Open CASCADE STEP translator 7.9 1.19','',(#1748));
#1748 = PRODUCT_CONTEXT('',#2,'mechanical');
#1749 = PRODUCT_DEFINITION_CONTEXT('part definition',#2,'design');
#1750 = MANIFOLD_SURFACE_SHAPE_REPRESENTATION('',(#11,#1751),#1821);
#1751 = SHELL_BASED_SURFACE_MODEL('',(#1752));
#1752 = OPEN_SHELL('',(#1753));
#1753 = ADVANCED_FACE('',(#1754),#1767,.T.);
#1754 = FACE_BOUND('',#1755,.T.);
#1755 = EDGE_LOOP('',(#1756,#1778,#1793,#1808));
#1756 = ORIENTED_EDGE('',*,*,#1757,.F.);
#1757 = EDGE_CURVE('',#1758,#1760,#1762,.T.);
#1758 = VERTEX_POINT('',#1759);
#1759 = CARTESIAN_POINT('',(0.1,5.000000000472E-02,0.7));
#1760 = VERTEX_POINT('',#1761);
#1761 = CARTESIAN_POINT('',(0.1,5.000000000472E-02,0.8));
#1762 = SURFACE_CURVE('',#1763,(#1766),.PCURVE_S1.);
#1763 = B_SPLINE_CURVE_WITH_KNOTS('',1,(#1764,#1765),.UNSPECIFIED.,.F.,
  .F.,(2,2),(-0.1,0.),.PIECEWISE_BEZIER_KNOTS.);
#1764 = CARTESIAN_POINT('',(0.1,5.000000000472E-02,0.7));
#1765 = CARTESIAN_POINT('',(0.1,5.000000000472E-02,0.8));
#1766 = PCURVE('',#1767,#1772);
#1767 = B_SPLINE_SURFACE_WITH_KNOTS('',1,1,(
    (#1768,#1769)
    ,(#1770,#1771
    )),.UNSPECIFIED.,.F.,.F.,.F.,(2,2),(2,2),(2.5E-02,7.5E-02),(-0.1,0.)
  ,.PIECEWISE_BEZIER_KNOTS.);
#1768 = CARTESIAN_POINT('',(0.1,5.000000000472E-02,0.7));
#1769 = CARTESIAN_POINT('',(0.1,5.000000000472E-02,0.8));
#1770 = CARTESIAN_POINT('',(0.1,5.000000413702E-12,0.7));
#1771 = CARTESIAN_POINT('',(0.1,5.000000413702E-12,0.8));
#1772 = DEFINITIONAL_REPRESENTATION('',(#1773),#1777);
#1773 = LINE('',#1774,#1775);
#1774 = CARTESIAN_POINT('',(2.5E-02,0.));
#1775 = VECTOR('',#1776,1.);
#1776 = DIRECTION('',(0.,1.));
#1777 = ( GEOMETRIC_REPRESENTATION_CONTEXT(2) 
PARAMETRIC_REPRESENTATION_CONTEXT() REPRESENTATION_CONTEXT('2D SPACE',''
  ) );
#1778 = ORIENTED_EDGE('',*,*,#1779,.T.);
#1779 = EDGE_CURVE('',#1758,#1780,#1782,.T.);
#1780 = VERTEX_POINT('',#1781);
#1781 = CARTESIAN_POINT('',(0.1,5.000000413702E-12,0.7));
#1782 = SURFACE_CURVE('',#1783,(#1786),.PCURVE_S1.);
#1783 = B_SPLINE_CURVE_WITH_KNOTS('',1,(#1784,#1785),.UNSPECIFIED.,.F.,
  .F.,(2,2),(2.5E-02,7.5E-02),.PIECEWISE_BEZIER_KNOTS.);
#1784 = CARTESIAN_POINT('',(0.1,5.000000000472E-02,0.7));
#1785 = CARTESIAN_POINT('',(0.1,5.000000413702E-12,0.7));
#1786 = PCURVE('',#1767,#1787);
#1787 = DEFINITIONAL_REPRESENTATION('',(#1788),#1792);
#1788 = LINE('',#1789,#1790);
#1789 = CARTESIAN_POINT('',(0.,-0.1));
#1790 = VECTOR('',#1791,1.);
#1791 = DIRECTION('',(1.,0.));
#1792 = ( GEOMETRIC_REPRESENTATION_CONTEXT(2) 
PARAMETRIC_REPRESENTATION_CONTEXT() REPRESENTATION_CONTEXT('2D SPACE',''
  ) );
#1793 = ORIENTED_EDGE('',*,*,#1794,.T.);
#1794 = EDGE_CURVE('',#1780,#1795,#1797,.T.);
#1795 = VERTEX_POINT('',#1796);
#1796 = CARTESIAN_POINT('',(0.1,5.000000413702E-12,0.8));
#1797 = SURFACE_CURVE('',#1798,(#1801),.PCURVE_S1.);
#1798 = B_SPLINE_CURVE_WITH_KNOTS('',1,(#1799,#1800),.UNSPECIFIED.,.F.,
  .F.,(2,2),(-0.1,0.),.PIECEWISE_BEZIER_KNOTS.);
#1799 = CARTESIAN_POINT('',(0.1,5.000000413702E-12,0.7));
#1800 = CARTESIAN_POINT('',(0.1,5.000000413702E-12,0.8));
#1801 = PCURVE('',#1767,#1802);
#1802 = DEFINITIONAL_REPRESENTATION('',(#1803),#1807);
#1803 = LINE('',#1804,#1805);
#1804 = CARTESIAN_POINT('',(7.5E-02,0.));
#1805 = VECTOR('',#1806,1.);
#1806 = DIRECTION('',(0.,1.));
#1807 = ( GEOMETRIC_REPRESENTATION_CONTEXT(2) 
PARAMETRIC_REPRESENTATION_CONTEXT() REPRESENTATION_CONTEXT('2D SPACE',''
  ) );
#1808 = ORIENTED_EDGE('',*,*,#1809,.F.);
#1809 = EDGE_CURVE('',#1760,#1795,#1810,.T.);
#1810 = SURFACE_CURVE('',#1811,(#1814),.PCURVE_S1.);
#1811 = B_SPLINE_CURVE_WITH_KNOTS('',1,(#1812,#1813),.UNSPECIFIED.,.F.,
  .F.,(2,2),(2.5E-02,7.5E-02),.PIECEWISE_BEZIER_KNOTS.);
#1812 = CARTESIAN_POINT('',(0.1,5.000000000472E-02,0.8));
#1813 = CARTESIAN_POINT('',(0.1,5.000000413702E-12,0.8));
#1814 = PCURVE('',#1767,#1815);
#1815 = DEFINITIONAL_REPRESENTATION('',(#1816),#1820);
#1816 = LINE('',#1817,#1818);
#1817 = CARTESIAN_POINT('',(0.,0.));
#1818 = VECTOR('',#1819,1.);
#1819 = DIRECTION('',(1.,0.));
#1820 = ( GEOMETRIC_REPRESENTATION_CONTEXT(2) 
PARAMETRIC_REPRESENTATION_CONTEXT() REPRESENTATION_CONTEXT('2D SPACE',''
  ) );
#1821 = ( GEOMETRIC_REPRESENTATION_CONTEXT(3) 
GLOBAL_UNCERTAINTY_ASSIGNED_CONTEXT((#1825)) 
GLOBAL_UNIT_ASSIGNED_CONTEXT((#1822,#1823,#1824)) REPRESENTATION_CONTEXT
('Context #1','3D Context with UNIT and UNCERTAINTY') );
#1822 = ( LENGTH_UNIT() NAMED_UNIT(*) SI_UNIT(.MILLI.,.METRE.) );
#1823 = ( NAMED_UNIT(*) PLANE_ANGLE_UNIT() SI_UNIT($,.RADIAN.) );
#1824 = ( NAMED_UNIT(*) SI_UNIT($,.STERADIAN.) SOLID_ANGLE_UNIT() );
#1825 = UNCERTAINTY_MEASURE_WITH_UNIT(LENGTH_MEASURE(1.E-07),#1822,
  'distance_accuracy_value','confusion accuracy');
#1826 = CONTEXT_DEPENDENT_SHAPE_REPRESENTATION(#1827,#1829);
#1827 = ( REPRESENTATION_RELATIONSHIP('','',#1750,#10) 
REPRESENTATION_RELATIONSHIP_WITH_TRANSFORMATION(#1828) 
SHAPE_REPRESENTATION_RELATIONSHIP() );
#1828 = ITEM_DEFINED_TRANSFORMATION('','',#11,#87);
#1829 = PRODUCT_DEFINITION_SHAPE('Placement','Placement of an item',
  #1830);
#1830 = NEXT_ASSEMBLY_USAGE_OCCURRENCE('19','','',#5,#1745,$);
#1831 = PRODUCT_RELATED_PRODUCT_CATEGORY('part',$,(#1747));
#1832 = SHAPE_DEFINITION_REPRESENTATION(#1833,#1839);
#1833 = PRODUCT_DEFINITION_SHAPE('','',#1834);
#1834 = PRODUCT_DEFINITION('design','',#1835,#1838);
#1835 = PRODUCT_DEFINITION_FORMATION('','',#1836);
#1836 = PRODUCT('Open CASCADE STEP translator 7.9 1.20',
  'Open CASCADE STEP translator 7.9 1.20','',(#1837));
#1837 = PRODUCT_CONTEXT('',#2,'mechanical');
#1838 = PRODUCT_DEFINITION_CONTEXT('part definition',#2,'design');
#1839 = MANIFOLD_SURFACE_SHAPE_REPRESENTATION('',(#11,#1840),#1910);
#1840 = SHELL_BASED_SURFACE_MODEL('',(#1841));
#1841 = OPEN_SHELL('',(#1842));
#1842 = ADVANCED_FACE('',(#1843),#1856,.T.);
#1843 = FACE_BOUND('',#1844,.T.);
#1844 = EDGE_LOOP('',(#1845,#1867,#1882,#1897));
#1845 = ORIENTED_EDGE('',*,*,#1846,.F.);
#1846 = EDGE_CURVE('',#1847,#1849,#1851,.T.);
#1847 = VERTEX_POINT('',#1848);
#1848 = CARTESIAN_POINT('',(0.1,5.000000000472E-02,0.6));
#1849 = VERTEX_POINT('',#1850);
#1850 = CARTESIAN_POINT('',(0.1,5.000000000472E-02,0.7));
#1851 = SURFACE_CURVE('',#1852,(#1855),.PCURVE_S1.);
#1852 = B_SPLINE_CURVE_WITH_KNOTS('',1,(#1853,#1854),.UNSPECIFIED.,.F.,
  .F.,(2,2),(-0.1,0.),.PIECEWISE_BEZIER_KNOTS.);
#1853 = CARTESIAN_POINT('',(0.1,5.000000000472E-02,0.6));
#1854 = CARTESIAN_POINT('',(0.1,5.000000000472E-02,0.7));
#1855 = PCURVE('',#1856,#1861);
#1856 = B_SPLINE_SURFACE_WITH_KNOTS('',1,1,(
    (#1857,#1858)
    ,(#1859,#1860
    )),.UNSPECIFIED.,.F.,.F.,.F.,(2,2),(2,2),(2.5E-02,7.5E-02),(-0.1,0.)
  ,.PIECEWISE_BEZIER_KNOTS.);
#1857 = CARTESIAN_POINT('',(0.1,5.000000000472E-02,0.6));
#1858 = CARTESIAN_POINT('',(0.1,5.000000000472E-02,0.7));
#1859 = CARTESIAN_POINT('',(0.1,5.000000413702E-12,0.6));
#1860 = CARTESIAN_POINT('',(0.1,5.000000413702E-12,0.7));
#1861 = DEFINITIONAL_REPRESENTATION('',(#1862),#1866);
#1862 = LINE('',#1863,#1864);
#1863 = CARTESIAN_POINT('',(2.5E-02,0.));
#1864 = VECTOR('',#1865,1.);
#1865 = DIRECTION('',(0.,1.));
#1866 = ( GEOMETRIC_REPRESENTATION_CONTEXT(2) 
PARAMETRIC_REPRESENTATION_CONTEXT() REPRESENTATION_CONTEXT('2D SPACE',''
  ) );
#1867 = ORIENTED_EDGE('',*,*,#1868,.T.);
#1868 = EDGE_CURVE('',#1847,#1869,#1871,.T.);
#1869 = VERTEX_POINT('',#1870);
#1870 = CARTESIAN_POINT('',(0.1,5.000000413702E-12,0.6));
#1871 = SURFACE_CURVE('',#1872,(#1875),.PCURVE_S1.);
#1872 = B_SPLINE_CURVE_WITH_KNOTS('',1,(#1873,#1874),.UNSPECIFIED.,.F.,
  .F.,(2,2),(2.5E-02,7.5E-02),.PIECEWISE_BEZIER_KNOTS.);
#1873 = CARTESIAN_POINT('',(0.1,5.000000000472E-02,0.6));
#1874 = CARTESIAN_POINT('',(0.1,5.000000413702E-12,0.6));
#1875 = PCURVE('',#1856,#1876);
#1876 = DEFINITIONAL_REPRESENTATION('',(#1877),#1881);
#1877 = LINE('',#1878,#1879);
#1878 = CARTESIAN_POINT('',(0.,-0.1));
#1879 = VECTOR('',#1880,1.);
#1880 = DIRECTION('',(1.,0.));
#1881 = ( GEOMETRIC_REPRESENTATION_CONTEXT(2) 
PARAMETRIC_REPRESENTATION_CONTEXT() REPRESENTATION_CONTEXT('2D SPACE',''
  ) );
#1882 = ORIENTED_EDGE('',*,*,#1883,.T.);
#1883 = EDGE_CURVE('',#1869,#1884,#1886,.T.);
#1884 = VERTEX_POINT('',#1885);
#1885 = CARTESIAN_POINT('',(0.1,5.000000413702E-12,0.7));
#1886 = SURFACE_CURVE('',#1887,(#1890),.PCURVE_S1.);
#1887 = B_SPLINE_CURVE_WITH_KNOTS('',1,(#1888,#1889),.UNSPECIFIED.,.F.,
  .F.,(2,2),(-0.1,0.),.PIECEWISE_BEZIER_KNOTS.);
#1888 = CARTESIAN_POINT('',(0.1,5.000000413702E-12,0.6));
#1889 = CARTESIAN_POINT('',(0.1,5.000000413702E-12,0.7));
#1890 = PCURVE('',#1856,#1891);
#1891 = DEFINITIONAL_REPRESENTATION('',(#1892),#1896);
#1892 = LINE('',#1893,#1894);
#1893 = CARTESIAN_POINT('',(7.5E-02,0.));
#1894 = VECTOR('',#1895,1.);
#1895 = DIRECTION('',(0.,1.));
#1896 = ( GEOMETRIC_REPRESENTATION_CONTEXT(2) 
PARAMETRIC_REPRESENTATION_CONTEXT() REPRESENTATION_CONTEXT('2D SPACE',''
  ) );
#1897 = ORIENTED_EDGE('',*,*,#1898,.F.);
#1898 = EDGE_CURVE('',#1849,#1884,#1899,.T.);
#1899 = SURFACE_CURVE('',#1900,(#1903),.PCURVE_S1.);
#1900 = B_SPLINE_CURVE_WITH_KNOTS('',1,(#1901,#1902),.UNSPECIFIED.,.F.,
  .F.,(2,2),(2.5E-02,7.5E-02),.PIECEWISE_BEZIER_KNOTS.);
#1901 = CARTESIAN_POINT('',(0.1,5.000000000472E-02,0.7));
#1902 = CARTESIAN_POINT('',(0.1,5.000000413702E-12,0.7));
#1903 = PCURVE('',#1856,#1904);
#1904 = DEFINITIONAL_REPRESENTATION('',(#1905),#1909);
#1905 = LINE('',#1906,#1907);
#1906 = CARTESIAN_POINT('',(0.,0.));
#1907 = VECTOR('',#1908,1.);
#1908 = DIRECTION('',(1.,0.));
#1909 = ( GEOMETRIC_REPRESENTATION_CONTEXT(2) 
PARAMETRIC_REPRESENTATION_CONTEXT() REPRESENTATION_CONTEXT('2D SPACE',''
  ) );
#1910 = ( GEOMETRIC_REPRESENTATION_CONTEXT(3) 
GLOBAL_UNCERTAINTY_ASSIGNED_CONTEXT((#1914)) 
GLOBAL_UNIT_ASSIGNED_CONTEXT((#1911,#1912,#1913)) REPRESENTATION_CONTEXT
('Context #1','3D Context with UNIT and UNCERTAINTY') );
#1911 = ( LENGTH_UNIT() NAMED_UNIT(*) SI_UNIT(.MILLI.,.METRE.) );
#1912 = ( NAMED_UNIT(*) PLANE_ANGLE_UNIT() SI_UNIT($,.RADIAN.) );
#1913 = ( NAMED_UNIT(*) SI_UNIT($,.STERADIAN.) SOLID_ANGLE_UNIT() );
#1914 = UNCERTAINTY_MEASURE_WITH_UNIT(LENGTH_MEASURE(1.E-07),#1911,
  'distance_accuracy_value','confusion accuracy');
#1915 = CONTEXT_DEPENDENT_SHAPE_REPRESENTATION(#1916,#1918);
#1916 = ( REPRESENTATION_RELATIONSHIP('','',#1839,#10) 
REPRESENTATION_RELATIONSHIP_WITH_TRANSFORMATION(#1917) 
SHAPE_REPRESENTATION_RELATIONSHIP() );
#1917 = ITEM_DEFINED_TRANSFORMATION('','',#11,#91);
#1918 = PRODUCT_DEFINITION_SHAPE('Placement','Placement of an item',
  #1919);
#1919 = NEXT_ASSEMBLY_USAGE_OCCURRENCE('20','','',#5,#1834,$);
#1920 = PRODUCT_RELATED_PRODUCT_CATEGORY('part',$,(#1836));
#1921 = SHAPE_DEFINITION_REPRESENTATION(#1922,#1928);
#1922 = PRODUCT_DEFINITION_SHAPE('','',#1923);
#1923 = PRODUCT_DEFINITION('design','',#1924,#1927);
#1924 = PRODUCT_DEFINITION_FORMATION('','',#1925);
#1925 = PRODUCT('Open CASCADE STEP translator 7.9 1.21',
  'Open CASCADE STEP translator 7.9 1.21','',(#1926));
#1926 = PRODUCT_CONTEXT('',#2,'mechanical');
#1927 = PRODUCT_DEFINITION_CONTEXT('part definition',#2,'design');
#1928 = MANIFOLD_SURFACE_SHAPE_REPRESENTATION('',(#11,#1929),#1999);
#1929 = SHELL_BASED_SURFACE_MODEL('',(#1930));
#1930 = OPEN_SHELL('',(#1931));
#1931 = ADVANCED_FACE('',(#1932),#1945,.T.);
#1932 = FACE_BOUND('',#1933,.T.);
#1933 = EDGE_LOOP('',(#1934,#1956,#1971,#1986));
#1934 = ORIENTED_EDGE('',*,*,#1935,.F.);
#1935 = EDGE_CURVE('',#1936,#1938,#1940,.T.);
#1936 = VERTEX_POINT('',#1937);
#1937 = CARTESIAN_POINT('',(0.1,5.000000000472E-02,0.5));
#1938 = VERTEX_POINT('',#1939);
#1939 = CARTESIAN_POINT('',(0.1,5.000000000472E-02,0.6));
#1940 = SURFACE_CURVE('',#1941,(#1944),.PCURVE_S1.);
#1941 = B_SPLINE_CURVE_WITH_KNOTS('',1,(#1942,#1943),.UNSPECIFIED.,.F.,
  .F.,(2,2),(-0.1,0.),.PIECEWISE_BEZIER_KNOTS.);
#1942 = CARTESIAN_POINT('',(0.1,5.000000000472E-02,0.5));
#1943 = CARTESIAN_POINT('',(0.1,5.000000000472E-02,0.6));
#1944 = PCURVE('',#1945,#1950);
#1945 = B_SPLINE_SURFACE_WITH_KNOTS('',1,1,(
    (#1946,#1947)
    ,(#1948,#1949
    )),.UNSPECIFIED.,.F.,.F.,.F.,(2,2),(2,2),(2.5E-02,7.5E-02),(-0.1,0.)
  ,.PIECEWISE_BEZIER_KNOTS.);
#1946 = CARTESIAN_POINT('',(0.1,5.000000000472E-02,0.5));
#1947 = CARTESIAN_POINT('',(0.1,5.000000000472E-02,0.6));
#1948 = CARTESIAN_POINT('',(0.1,5.000000413702E-12,0.5));
#1949 = CARTESIAN_POINT('',(0.1,5.000000413702E-12,0.6));
#1950 = DEFINITIONAL_REPRESENTATION('',(#1951),#1955);
#1951 = LINE('',#1952,#1953);
#1952 = CARTESIAN_POINT('',(2.5E-02,0.));
#1953 = VECTOR('',#1954,1.);
#1954 = DIRECTION('',(0.,1.));
#1955 = ( GEOMETRIC_REPRESENTATION_CONTEXT(2) 
PARAMETRIC_REPRESENTATION_CONTEXT() REPRESENTATION_CONTEXT('2D SPACE',''
  ) );
#1956 = ORIENTED_EDGE('',*,*,#1957,.T.);
#1957 = EDGE_CURVE('',#1936,#1958,#1960,.T.);
#1958 = VERTEX_POINT('',#1959);
#1959 = CARTESIAN_POINT('',(0.1,5.000000413702E-12,0.5));
#1960 = SURFACE_CURVE('',#1961,(#1964),.PCURVE_S1.);
#1961 = B_SPLINE_CURVE_WITH_KNOTS('',1,(#1962,#1963),.UNSPECIFIED.,.F.,
  .F.,(2,2),(2.5E-02,7.5E-02),.PIECEWISE_BEZIER_KNOTS.);
#1962 = CARTESIAN_POINT('',(0.1,5.000000000472E-02,0.5));
#1963 = CARTESIAN_POINT('',(0.1,5.000000413702E-12,0.5));
#1964 = PCURVE('',#1945,#1965);
#1965 = DEFINITIONAL_REPRESENTATION('',(#1966),#1970);
#1966 = LINE('',#1967,#1968);
#1967 = CARTESIAN_POINT('',(0.,-0.1));
#1968 = VECTOR('',#1969,1.);
#1969 = DIRECTION('',(1.,0.));
#1970 = ( GEOMETRIC_REPRESENTATION_CONTEXT(2) 
PARAMETRIC_REPRESENTATION_CONTEXT() REPRESENTATION_CONTEXT('2D SPACE',''
  ) );
#1971 = ORIENTED_EDGE('',*,*,#1972,.T.);
#1972 = EDGE_CURVE('',#1958,#1973,#1975,.T.);
#1973 = VERTEX_POINT('',#1974);
#1974 = CARTESIAN_POINT('',(0.1,5.000000413702E-12,0.6));
#1975 = SURFACE_CURVE('',#1976,(#1979),.PCURVE_S1.);
#1976 = B_SPLINE_CURVE_WITH_KNOTS('',1,(#1977,#1978),.UNSPECIFIED.,.F.,
  .F.,(2,2),(-0.1,0.),.PIECEWISE_BEZIER_KNOTS.);
#1977 = CARTESIAN_POINT('',(0.1,5.000000413702E-12,0.5));
#1978 = CARTESIAN_POINT('',(0.1,5.000000413702E-12,0.6));
#1979 = PCURVE('',#1945,#1980);
#1980 = DEFINITIONAL_REPRESENTATION('',(#1981),#1985);
#1981 = LINE('',#1982,#1983);
#1982 = CARTESIAN_POINT('',(7.5E-02,0.));
#1983 = VECTOR('',#1984,1.);
#1984 = DIRECTION('',(0.,1.));
#1985 = ( GEOMETRIC_REPRESENTATION_CONTEXT(2) 
PARAMETRIC_REPRESENTATION_CONTEXT() REPRESENTATION_CONTEXT('2D SPACE',''
  ) );
#1986 = ORIENTED_EDGE('',*,*,#1987,.F.);
#1987 = EDGE_CURVE('',#1938,#1973,#1988,.T.);
#1988 = SURFACE_CURVE('',#1989,(#1992),.PCURVE_S1.);
#1989 = B_SPLINE_CURVE_WITH_KNOTS('',1,(#1990,#1991),.UNSPECIFIED.,.F.,
  .F.,(2,2),(2.5E-02,7.5E-02),.PIECEWISE_BEZIER_KNOTS.);
#1990 = CARTESIAN_POINT('',(0.1,5.000000000472E-02,0.6));
#1991 = CARTESIAN_POINT('',(0.1,5.000000413702E-12,0.6));
#1992 = PCURVE('',#1945,#1993);
#1993 = DEFINITIONAL_REPRESENTATION('',(#1994),#1998);
#1994 = LINE('',#1995,#1996);
#1995 = CARTESIAN_POINT('',(0.,0.));
#1996 = VECTOR('',#1997,1.);
#1997 = DIRECTION('',(1.,0.));
#1998 = ( GEOMETRIC_REPRESENTATION_CONTEXT(2) 
PARAMETRIC_REPRESENTATION_CONTEXT() REPRESENTATION_CONTEXT('2D SPACE',''
  ) );
#1999 = ( GEOMETRIC_REPRESENTATION_CONTEXT(3) 
GLOBAL_UNCERTAINTY_ASSIGNED_CONTEXT((#2003)) 
GLOBAL_UNIT_ASSIGNED_CONTEXT((#2000,#2001,#2002)) REPRESENTATION_CONTEXT
('Context #1','3D Context with UNIT and UNCERTAINTY') );
#2000 = ( LENGTH_UNIT() NAMED_UNIT(*) SI_UNIT(.MILLI.,.METRE.) );
#2001 = ( NAMED_UNIT(*) PLANE_ANGLE_UNIT() SI_UNIT($,.RADIAN.) );
#2002 = ( NAMED_UNIT(*) SI_UNIT($,.STERADIAN.) SOLID_ANGLE_UNIT() );
#2003 = UNCERTAINTY_MEASURE_WITH_UNIT(LENGTH_MEASURE(1.E-07),#2000,
  'distance_accuracy_value','confusion accuracy');
#2004 = CONTEXT_DEPENDENT_SHAPE_REPRESENTATION(#2005,#2007);
#2005 = ( REPRESENTATION_RELATIONSHIP('','',#1928,#10) 
REPRESENTATION_RELATIONSHIP_WITH_TRANSFORMATION(#2006) 
SHAPE_REPRESENTATION_RELATIONSHIP() );
#2006 = ITEM_DEFINED_TRANSFORMATION('','',#11,#95);
#2007 = PRODUCT_DEFINITION_SHAPE('Placement','Placement of an item',
  #2008);
#2008 = NEXT_ASSEMBLY_USAGE_OCCURRENCE('21','','',#5,#1923,$);
#2009 = PRODUCT_RELATED_PRODUCT_CATEGORY('part',$,(#1925));
#2010 = SHAPE_DEFINITION_REPRESENTATION(#2011,#2017);
#2011 = PRODUCT_DEFINITION_SHAPE('','',#2012);
#2012 = PRODUCT_DEFINITION('design','',#2013,#2016);
#2013 = PRODUCT_DEFINITION_FORMATION('','',#2014);
#2014 = PRODUCT('Open CASCADE STEP translator 7.9 1.22',
  'Open CASCADE STEP translator 7.9 1.22','',(#2015));
#2015 = PRODUCT_CONTEXT('',#2,'mechanical');
#2016 = PRODUCT_DEFINITION_CONTEXT('part definition',#2,'design');
#2017 = MANIFOLD_SURFACE_SHAPE_REPRESENTATION('',(#11,#2018),#2088);
#2018 = SHELL_BASED_SURFACE_MODEL('',(#2019));
#2019 = OPEN_SHELL('',(#2020));
#2020 = ADVANCED_FACE('',(#2021),#2034,.T.);
#2021 = FACE_BOUND('',#2022,.T.);
#2022 = EDGE_LOOP('',(#2023,#2045,#2060,#2075));
#2023 = ORIENTED_EDGE('',*,*,#2024,.F.);
#2024 = EDGE_CURVE('',#2025,#2027,#2029,.T.);
#2025 = VERTEX_POINT('',#2026);
#2026 = CARTESIAN_POINT('',(0.1,5.000000000472E-02,0.4));
#2027 = VERTEX_POINT('',#2028);
#2028 = CARTESIAN_POINT('',(0.1,5.000000000472E-02,0.5));
#2029 = SURFACE_CURVE('',#2030,(#2033),.PCURVE_S1.);
#2030 = B_SPLINE_CURVE_WITH_KNOTS('',1,(#2031,#2032),.UNSPECIFIED.,.F.,
  .F.,(2,2),(-0.1,0.),.PIECEWISE_BEZIER_KNOTS.);
#2031 = CARTESIAN_POINT('',(0.1,5.000000000472E-02,0.4));
#2032 = CARTESIAN_POINT('',(0.1,5.000000000472E-02,0.5));
#2033 = PCURVE('',#2034,#2039);
#2034 = B_SPLINE_SURFACE_WITH_KNOTS('',1,1,(
    (#2035,#2036)
    ,(#2037,#2038
    )),.UNSPECIFIED.,.F.,.F.,.F.,(2,2),(2,2),(2.5E-02,7.5E-02),(-0.1,0.)
  ,.PIECEWISE_BEZIER_KNOTS.);
#2035 = CARTESIAN_POINT('',(0.1,5.000000000472E-02,0.4));
#2036 = CARTESIAN_POINT('',(0.1,5.000000000472E-02,0.5));
#2037 = CARTESIAN_POINT('',(0.1,5.000000413702E-12,0.4));
#2038 = CARTESIAN_POINT('',(0.1,5.000000413702E-12,0.5));
#2039 = DEFINITIONAL_REPRESENTATION('',(#2040),#2044);
#2040 = LINE('',#2041,#2042);
#2041 = CARTESIAN_POINT('',(2.5E-02,0.));
#2042 = VECTOR('',#2043,1.);
#2043 = DIRECTION('',(0.,1.));
#2044 = ( GEOMETRIC_REPRESENTATION_CONTEXT(2) 
PARAMETRIC_REPRESENTATION_CONTEXT() REPRESENTATION_CONTEXT('2D SPACE',''
  ) );
#2045 = ORIENTED_EDGE('',*,*,#2046,.T.);
#2046 = EDGE_CURVE('',#2025,#2047,#2049,.T.);
#2047 = VERTEX_POINT('',#2048);
#2048 = CARTESIAN_POINT('',(0.1,5.000000413702E-12,0.4));
#2049 = SURFACE_CURVE('',#2050,(#2053),.PCURVE_S1.);
#2050 = B_SPLINE_CURVE_WITH_KNOTS('',1,(#2051,#2052),.UNSPECIFIED.,.F.,
  .F.,(2,2),(2.5E-02,7.5E-02),.PIECEWISE_BEZIER_KNOTS.);
#2051 = CARTESIAN_POINT('',(0.1,5.000000000472E-02,0.4));
#2052 = CARTESIAN_POINT('',(0.1,5.000000413702E-12,0.4));
#2053 = PCURVE('',#2034,#2054);
#2054 = DEFINITIONAL_REPRESENTATION('',(#2055),#2059);
#2055 = LINE('',#2056,#2057);
#2056 = CARTESIAN_POINT('',(0.,-0.1));
#2057 = VECTOR('',#2058,1.);
#2058 = DIRECTION('',(1.,0.));
#2059 = ( GEOMETRIC_REPRESENTATION_CONTEXT(2) 
PARAMETRIC_REPRESENTATION_CONTEXT() REPRESENTATION_CONTEXT('2D SPACE',''
  ) );
#2060 = ORIENTED_EDGE('',*,*,#2061,.T.);
#2061 = EDGE_CURVE('',#2047,#2062,#2064,.T.);
#2062 = VERTEX_POINT('',#2063);
#2063 = CARTESIAN_POINT('',(0.1,5.000000413702E-12,0.5));
#2064 = SURFACE_CURVE('',#2065,(#2068),.PCURVE_S1.);
#2065 = B_SPLINE_CURVE_WITH_KNOTS('',1,(#2066,#2067),.UNSPECIFIED.,.F.,
  .F.,(2,2),(-0.1,0.),.PIECEWISE_BEZIER_KNOTS.);
#2066 = CARTESIAN_POINT('',(0.1,5.000000413702E-12,0.4));
#2067 = CARTESIAN_POINT('',(0.1,5.000000413702E-12,0.5));
#2068 = PCURVE('',#2034,#2069);
#2069 = DEFINITIONAL_REPRESENTATION('',(#2070),#2074);
#2070 = LINE('',#2071,#2072);
#2071 = CARTESIAN_POINT('',(7.5E-02,0.));
#2072 = VECTOR('',#2073,1.);
#2073 = DIRECTION('',(0.,1.));
#2074 = ( GEOMETRIC_REPRESENTATION_CONTEXT(2) 
PARAMETRIC_REPRESENTATION_CONTEXT() REPRESENTATION_CONTEXT('2D SPACE',''
  ) );
#2075 = ORIENTED_EDGE('',*,*,#2076,.F.);
#2076 = EDGE_CURVE('',#2027,#2062,#2077,.T.);
#2077 = SURFACE_CURVE('',#2078,(#2081),.PCURVE_S1.);
#2078 = B_SPLINE_CURVE_WITH_KNOTS('',1,(#2079,#2080),.UNSPECIFIED.,.F.,
  .F.,(2,2),(2.5E-02,7.5E-02),.PIECEWISE_BEZIER_KNOTS.);
#2079 = CARTESIAN_POINT('',(0.1,5.000000000472E-02,0.5));
#2080 = CARTESIAN_POINT('',(0.1,5.000000413702E-12,0.5));
#2081 = PCURVE('',#2034,#2082);
#2082 = DEFINITIONAL_REPRESENTATION('',(#2083),#2087);
#2083 = LINE('',#2084,#2085);
#2084 = CARTESIAN_POINT('',(0.,0.));
#2085 = VECTOR('',#2086,1.);
#2086 = DIRECTION('',(1.,0.));
#2087 = ( GEOMETRIC_REPRESENTATION_CONTEXT(2) 
PARAMETRIC_REPRESENTATION_CONTEXT() REPRESENTATION_CONTEXT('2D SPACE',''
  ) );
#2088 = ( GEOMETRIC_REPRESENTATION_CONTEXT(3) 
GLOBAL_UNCERTAINTY_ASSIGNED_CONTEXT((#2092)) 
GLOBAL_UNIT_ASSIGNED_CONTEXT((#2089,#2090,#2091)) REPRESENTATION_CONTEXT
('Context #1','3D Context with UNIT and UNCERTAINTY') );
#2089 = ( LENGTH_UNIT() NAMED_UNIT(*) SI_UNIT(.MILLI.,.METRE.) );
#2090 = ( NAMED_UNIT(*) PLANE_ANGLE_UNIT() SI_UNIT($,.RADIAN.) );
#2091 = ( NAMED_UNIT(*) SI_UNIT($,.STERADIAN.) SOLID_ANGLE_UNIT() );
#2092 = UNCERTAINTY_MEASURE_WITH_UNIT(LENGTH_MEASURE(1.E-07),#2089,
  'distance_accuracy_value','confusion accuracy');
#2093 = CONTEXT_DEPENDENT_SHAPE_REPRESENTATION(#2094,#2096);
#2094 = ( REPRESENTATION_RELATIONSHIP('','',#2017,#10) 
REPRESENTATION_RELATIONSHIP_WITH_TRANSFORMATION(#2095) 
SHAPE_REPRESENTATION_RELATIONSHIP() );
#2095 = ITEM_DEFINED_TRANSFORMATION('','',#11,#99);
#2096 = PRODUCT_DEFINITION_SHAPE('Placement','Placement of an item',
  #2097);
#2097 = NEXT_ASSEMBLY_USAGE_OCCURRENCE('22','','',#5,#2012,$);
#2098 = PRODUCT_RELATED_PRODUCT_CATEGORY('part',$,(#2014));
#2099 = SHAPE_DEFINITION_REPRESENTATION(#2100,#2106);
#2100 = PRODUCT_DEFINITION_SHAPE('','',#2101);
#2101 = PRODUCT_DEFINITION('design','',#2102,#2105);
#2102 = PRODUCT_DEFINITION_FORMATION('','',#2103);
#2103 = PRODUCT('Open CASCADE STEP translator 7.9 1.23',
  'Open CASCADE STEP translator 7.9 1.23','',(#2104));
#2104 = PRODUCT_CONTEXT('',#2,'mechanical');
#2105 = PRODUCT_DEFINITION_CONTEXT('part definition',#2,'design');
#2106 = MANIFOLD_SURFACE_SHAPE_REPRESENTATION('',(#11,#2107),#2177);
#2107 = SHELL_BASED_SURFACE_MODEL('',(#2108));
#2108 = OPEN_SHELL('',(#2109));
#2109 = ADVANCED_FACE('',(#2110),#2123,.T.);
#2110 = FACE_BOUND('',#2111,.T.);
#2111 = EDGE_LOOP('',(#2112,#2134,#2149,#2164));
#2112 = ORIENTED_EDGE('',*,*,#2113,.F.);
#2113 = EDGE_CURVE('',#2114,#2116,#2118,.T.);
#2114 = VERTEX_POINT('',#2115);
#2115 = CARTESIAN_POINT('',(0.1,5.000000000472E-02,0.3));
#2116 = VERTEX_POINT('',#2117);
#2117 = CARTESIAN_POINT('',(0.1,5.000000000472E-02,0.4));
#2118 = SURFACE_CURVE('',#2119,(#2122),.PCURVE_S1.);
#2119 = B_SPLINE_CURVE_WITH_KNOTS('',1,(#2120,#2121),.UNSPECIFIED.,.F.,
  .F.,(2,2),(-0.1,0.),.PIECEWISE_BEZIER_KNOTS.);
#2120 = CARTESIAN_POINT('',(0.1,5.000000000472E-02,0.3));
#2121 = CARTESIAN_POINT('',(0.1,5.000000000472E-02,0.4));
#2122 = PCURVE('',#2123,#2128);
#2123 = B_SPLINE_SURFACE_WITH_KNOTS('',1,1,(
    (#2124,#2125)
    ,(#2126,#2127
    )),.UNSPECIFIED.,.F.,.F.,.F.,(2,2),(2,2),(2.5E-02,7.5E-02),(-0.1,0.)
  ,.PIECEWISE_BEZIER_KNOTS.);
#2124 = CARTESIAN_POINT('',(0.1,5.000000000472E-02,0.3));
#2125 = CARTESIAN_POINT('',(0.1,5.000000000472E-02,0.4));
#2126 = CARTESIAN_POINT('',(0.1,5.000000413702E-12,0.3));
#2127 = CARTESIAN_POINT('',(0.1,5.000000413702E-12,0.4));
#2128 = DEFINITIONAL_REPRESENTATION('',(#2129),#2133);
#2129 = LINE('',#2130,#2131);
#2130 = CARTESIAN_POINT('',(2.5E-02,0.));
#2131 = VECTOR('',#2132,1.);
#2132 = DIRECTION('',(0.,1.));
#2133 = ( GEOMETRIC_REPRESENTATION_CONTEXT(2) 
PARAMETRIC_REPRESENTATION_CONTEXT() REPRESENTATION_CONTEXT('2D SPACE',''
  ) );
#2134 = ORIENTED_EDGE('',*,*,#2135,.T.);
#2135 = EDGE_CURVE('',#2114,#2136,#2138,.T.);
#2136 = VERTEX_POINT('',#2137);
#2137 = CARTESIAN_POINT('',(0.1,5.000000413702E-12,0.3));
#2138 = SURFACE_CURVE('',#2139,(#2142),.PCURVE_S1.);
#2139 = B_SPLINE_CURVE_WITH_KNOTS('',1,(#2140,#2141),.UNSPECIFIED.,.F.,
  .F.,(2,2),(2.5E-02,7.5E-02),.PIECEWISE_BEZIER_KNOTS.);
#2140 = CARTESIAN_POINT('',(0.1,5.000000000472E-02,0.3));
#2141 = CARTESIAN_POINT('',(0.1,5.000000413702E-12,0.3));
#2142 = PCURVE('',#2123,#2143);
#2143 = DEFINITIONAL_REPRESENTATION('',(#2144),#2148);
#2144 = LINE('',#2145,#2146);
#2145 = CARTESIAN_POINT('',(0.,-0.1));
#2146 = VECTOR('',#2147,1.);
#2147 = DIRECTION('',(1.,0.));
#2148 = ( GEOMETRIC_REPRESENTATION_CONTEXT(2) 
PARAMETRIC_REPRESENTATION_CONTEXT() REPRESENTATION_CONTEXT('2D SPACE',''
  ) );
#2149 = ORIENTED_EDGE('',*,*,#2150,.T.);
#2150 = EDGE_CURVE('',#2136,#2151,#2153,.T.);
#2151 = VERTEX_POINT('',#2152);
#2152 = CARTESIAN_POINT('',(0.1,5.000000413702E-12,0.4));
#2153 = SURFACE_CURVE('',#2154,(#2157),.PCURVE_S1.);
#2154 = B_SPLINE_CURVE_WITH_KNOTS('',1,(#2155,#2156),.UNSPECIFIED.,.F.,
  .F.,(2,2),(-0.1,0.),.PIECEWISE_BEZIER_KNOTS.);
#2155 = CARTESIAN_POINT('',(0.1,5.000000413702E-12,0.3));
#2156 = CARTESIAN_POINT('',(0.1,5.000000413702E-12,0.4));
#2157 = PCURVE('',#2123,#2158);
#2158 = DEFINITIONAL_REPRESENTATION('',(#2159),#2163);
#2159 = LINE('',#2160,#2161);
#2160 = CARTESIAN_POINT('',(7.5E-02,0.));
#2161 = VECTOR('',#2162,1.);
#2162 = DIRECTION('',(0.,1.));
#2163 = ( GEOMETRIC_REPRESENTATION_CONTEXT(2) 
PARAMETRIC_REPRESENTATION_CONTEXT() REPRESENTATION_CONTEXT('2D SPACE',''
  ) );
#2164 = ORIENTED_EDGE('',*,*,#2165,.F.);
#2165 = EDGE_CURVE('',#2116,#2151,#2166,.T.);
#2166 = SURFACE_CURVE('',#2167,(#2170),.PCURVE_S1.);
#2167 = B_SPLINE_CURVE_WITH_KNOTS('',1,(#2168,#2169),.UNSPECIFIED.,.F.,
  .F.,(2,2),(2.5E-02,7.5E-02),.PIECEWISE_BEZIER_KNOTS.);
#2168 = CARTESIAN_POINT('',(0.1,5.000000000472E-02,0.4));
#2169 = CARTESIAN_POINT('',(0.1,5.000000413702E-12,0.4));
#2170 = PCURVE('',#2123,#2171);
#2171 = DEFINITIONAL_REPRESENTATION('',(#2172),#2176);
#2172 = LINE('',#2173,#2174);
#2173 = CARTESIAN_POINT('',(0.,0.));
#2174 = VECTOR('',#2175,1.);
#2175 = DIRECTION('',(1.,0.));
#2176 = ( GEOMETRIC_REPRESENTATION_CONTEXT(2) 
PARAMETRIC_REPRESENTATION_CONTEXT() REPRESENTATION_CONTEXT('2D SPACE',''
  ) );
#2177 = ( GEOMETRIC_REPRESENTATION_CONTEXT(3) 
GLOBAL_UNCERTAINTY_ASSIGNED_CONTEXT((#2181)) 
GLOBAL_UNIT_ASSIGNED_CONTEXT((#2178,#2179,#2180)) REPRESENTATION_CONTEXT
('Context #1','3D Context with UNIT and UNCERTAINTY') );
#2178 = ( LENGTH_UNIT() NAMED_UNIT(*) SI_UNIT(.MILLI.,.METRE.) );
#2179 = ( NAMED_UNIT(*) PLANE_ANGLE_UNIT() SI_UNIT($,.RADIAN.) );
#2180 = ( NAMED_UNIT(*) SI_UNIT($,.STERADIAN.) SOLID_ANGLE_UNIT() );
#2181 = UNCERTAINTY_MEASURE_WITH_UNIT(LENGTH_MEASURE(1.E-07),#2178,
  'distance_accuracy_value','confusion accuracy');
#2182 = CONTEXT_DEPENDENT_SHAPE_REPRESENTATION(#2183,#2185);
#2183 = ( REPRESENTATION_RELATIONSHIP('','',#2106,#10) 
REPRESENTATION_RELATIONSHIP_WITH_TRANSFORMATION(#2184) 
SHAPE_REPRESENTATION_RELATIONSHIP() );
#2184 = ITEM_DEFINED_TRANSFORMATION('','',#11,#103);
#2185 = PRODUCT_DEFINITION_SHAPE('Placement','Placement of an item',
  #2186);
#2186 = NEXT_ASSEMBLY_USAGE_OCCURRENCE('23','','',#5,#2101,$);
#2187 = PRODUCT_RELATED_PRODUCT_CATEGORY('part',$,(#2103));
#2188 = SHAPE_DEFINITION_REPRESENTATION(#2189,#2195);
#2189 = PRODUCT_DEFINITION_SHAPE('','',#2190);
#2190 = PRODUCT_DEFINITION('design','',#2191,#2194);
#2191 = PRODUCT_DEFINITION_FORMATION('','',#2192);
#2192 = PRODUCT('Open CASCADE STEP translator 7.9 1.24',
  'Open CASCADE STEP translator 7.9 1.24','',(#2193));
#2193 = PRODUCT_CONTEXT('',#2,'mechanical');
#2194 = PRODUCT_DEFINITION_CONTEXT('part definition',#2,'design');
#2195 = MANIFOLD_SURFACE_SHAPE_REPRESENTATION('',(#11,#2196),#2266);
#2196 = SHELL_BASED_SURFACE_MODEL('',(#2197));
#2197 = OPEN_SHELL('',(#2198));
#2198 = ADVANCED_FACE('',(#2199),#2212,.T.);
#2199 = FACE_BOUND('',#2200,.T.);
#2200 = EDGE_LOOP('',(#2201,#2223,#2238,#2253));
#2201 = ORIENTED_EDGE('',*,*,#2202,.F.);
#2202 = EDGE_CURVE('',#2203,#2205,#2207,.T.);
#2203 = VERTEX_POINT('',#2204);
#2204 = CARTESIAN_POINT('',(0.1,5.000000000472E-02,0.2));
#2205 = VERTEX_POINT('',#2206);
#2206 = CARTESIAN_POINT('',(0.1,5.000000000472E-02,0.3));
#2207 = SURFACE_CURVE('',#2208,(#2211),.PCURVE_S1.);
#2208 = B_SPLINE_CURVE_WITH_KNOTS('',1,(#2209,#2210),.UNSPECIFIED.,.F.,
  .F.,(2,2),(-0.1,0.),.PIECEWISE_BEZIER_KNOTS.);
#2209 = CARTESIAN_POINT('',(0.1,5.000000000472E-02,0.2));
#2210 = CARTESIAN_POINT('',(0.1,5.000000000472E-02,0.3));
#2211 = PCURVE('',#2212,#2217);
#2212 = B_SPLINE_SURFACE_WITH_KNOTS('',1,1,(
    (#2213,#2214)
    ,(#2215,#2216
    )),.UNSPECIFIED.,.F.,.F.,.F.,(2,2),(2,2),(2.5E-02,7.5E-02),(-0.1,0.)
  ,.PIECEWISE_BEZIER_KNOTS.);
#2213 = CARTESIAN_POINT('',(0.1,5.000000000472E-02,0.2));
#2214 = CARTESIAN_POINT('',(0.1,5.000000000472E-02,0.3));
#2215 = CARTESIAN_POINT('',(0.1,5.000000413702E-12,0.2));
#2216 = CARTESIAN_POINT('',(0.1,5.000000413702E-12,0.3));
#2217 = DEFINITIONAL_REPRESENTATION('',(#2218),#2222);
#2218 = LINE('',#2219,#2220);
#2219 = CARTESIAN_POINT('',(2.5E-02,0.));
#2220 = VECTOR('',#2221,1.);
#2221 = DIRECTION('',(0.,1.));
#2222 = ( GEOMETRIC_REPRESENTATION_CONTEXT(2) 
PARAMETRIC_REPRESENTATION_CONTEXT() REPRESENTATION_CONTEXT('2D SPACE',''
  ) );
#2223 = ORIENTED_EDGE('',*,*,#2224,.T.);
#2224 = EDGE_CURVE('',#2203,#2225,#2227,.T.);
#2225 = VERTEX_POINT('',#2226);
#2226 = CARTESIAN_POINT('',(0.1,5.000000413702E-12,0.2));
#2227 = SURFACE_CURVE('',#2228,(#2231),.PCURVE_S1.);
#2228 = B_SPLINE_CURVE_WITH_KNOTS('',1,(#2229,#2230),.UNSPECIFIED.,.F.,
  .F.,(2,2),(2.5E-02,7.5E-02),.PIECEWISE_BEZIER_KNOTS.);
#2229 = CARTESIAN_POINT('',(0.1,5.000000000472E-02,0.2));
#2230 = CARTESIAN_POINT('',(0.1,5.000000413702E-12,0.2));
#2231 = PCURVE('',#2212,#2232);
#2232 = DEFINITIONAL_REPRESENTATION('',(#2233),#2237);
#2233 = LINE('',#2234,#2235);
#2234 = CARTESIAN_POINT('',(0.,-0.1));
#2235 = VECTOR('',#2236,1.);
#2236 = DIRECTION('',(1.,0.));
#2237 = ( GEOMETRIC_REPRESENTATION_CONTEXT(2) 
PARAMETRIC_REPRESENTATION_CONTEXT() REPRESENTATION_CONTEXT('2D SPACE',''
  ) );
#2238 = ORIENTED_EDGE('',*,*,#2239,.T.);
#2239 = EDGE_CURVE('',#2225,#2240,#2242,.T.);
#2240 = VERTEX_POINT('',#2241);
#2241 = CARTESIAN_POINT('',(0.1,5.000000413702E-12,0.3));
#2242 = SURFACE_CURVE('',#2243,(#2246),.PCURVE_S1.);
#2243 = B_SPLINE_CURVE_WITH_KNOTS('',1,(#2244,#2245),.UNSPECIFIED.,.F.,
  .F.,(2,2),(-0.1,0.),.PIECEWISE_BEZIER_KNOTS.);
#2244 = CARTESIAN_POINT('',(0.1,5.000000413702E-12,0.2));
#2245 = CARTESIAN_POINT('',(0.1,5.000000413702E-12,0.3));
#2246 = PCURVE('',#2212,#2247);
#2247 = DEFINITIONAL_REPRESENTATION('',(#2248),#2252);
#2248 = LINE('',#2249,#2250);
#2249 = CARTESIAN_POINT('',(7.5E-02,0.));
#2250 = VECTOR('',#2251,1.);
#2251 = DIRECTION('',(0.,1.));
#2252 = ( GEOMETRIC_REPRESENTATION_CONTEXT(2) 
PARAMETRIC_REPRESENTATION_CONTEXT() REPRESENTATION_CONTEXT('2D SPACE',''
  ) );
#2253 = ORIENTED_EDGE('',*,*,#2254,.F.);
#2254 = EDGE_CURVE('',#2205,#2240,#2255,.T.);
#2255 = SURFACE_CURVE('',#2256,(#2259),.PCURVE_S1.);
#2256 = B_SPLINE_CURVE_WITH_KNOTS('',1,(#2257,#2258),.UNSPECIFIED.,.F.,
  .F.,(2,2),(2.5E-02,7.5E-02),.PIECEWISE_BEZIER_KNOTS.);
#2257 = CARTESIAN_POINT('',(0.1,5.000000000472E-02,0.3));
#2258 = CARTESIAN_POINT('',(0.1,5.000000413702E-12,0.3));
#2259 = PCURVE('',#2212,#2260);
#2260 = DEFINITIONAL_REPRESENTATION('',(#2261),#2265);
#2261 = LINE('',#2262,#2263);
#2262 = CARTESIAN_POINT('',(0.,0.));
#2263 = VECTOR('',#2264,1.);
#2264 = DIRECTION('',(1.,0.));
#2265 = ( GEOMETRIC_REPRESENTATION_CONTEXT(2) 
PARAMETRIC_REPRESENTATION_CONTEXT() REPRESENTATION_CONTEXT('2D SPACE',''
  ) );
#2266 = ( GEOMETRIC_REPRESENTATION_CONTEXT(3) 
GLOBAL_UNCERTAINTY_ASSIGNED_CONTEXT((#2270)) 
GLOBAL_UNIT_ASSIGNED_CONTEXT((#2267,#2268,#2269)) REPRESENTATION_CONTEXT
('Context #1','3D Context with UNIT and UNCERTAINTY') );
#2267 = ( LENGTH_UNIT() NAMED_UNIT(*) SI_UNIT(.MILLI.,.METRE.) );
#2268 = ( NAMED_UNIT(*) PLANE_ANGLE_UNIT() SI_UNIT($,.RADIAN.) );
#2269 = ( NAMED_UNIT(*) SI_UNIT($,.STERADIAN.) SOLID_ANGLE_UNIT() );
#2270 = UNCERTAINTY_MEASURE_WITH_UNIT(LENGTH_MEASURE(1.E-07),#2267,
  'distance_accuracy_value','confusion accuracy');
#2271 = CONTEXT_DEPENDENT_SHAPE_REPRESENTATION(#2272,#2274);
#2272 = ( REPRESENTATION_RELATIONSHIP('','',#2195,#10) 
REPRESENTATION_RELATIONSHIP_WITH_TRANSFORMATION(#2273) 
SHAPE_REPRESENTATION_RELATIONSHIP() );
#2273 = ITEM_DEFINED_TRANSFORMATION('','',#11,#107);
#2274 = PRODUCT_DEFINITION_SHAPE('Placement','Placement of an item',
  #2275);
#2275 = NEXT_ASSEMBLY_USAGE_OCCURRENCE('24','','',#5,#2190,$);
#2276 = PRODUCT_RELATED_PRODUCT_CATEGORY('part',$,(#2192));
#2277 = SHAPE_DEFINITION_REPRESENTATION(#2278,#2284);
#2278 = PRODUCT_DEFINITION_SHAPE('','',#2279);
#2279 = PRODUCT_DEFINITION('design','',#2280,#2283);
#2280 = PRODUCT_DEFINITION_FORMATION('','',#2281);
#2281 = PRODUCT('Open CASCADE STEP translator 7.9 1.25',
  'Open CASCADE STEP translator 7.9 1.25','',(#2282));
#2282 = PRODUCT_CONTEXT('',#2,'mechanical');
#2283 = PRODUCT_DEFINITION_CONTEXT('part definition',#2,'design');
#2284 = MANIFOLD_SURFACE_SHAPE_REPRESENTATION('',(#11,#2285),#2355);
#2285 = SHELL_BASED_SURFACE_MODEL('',(#2286));
#2286 = OPEN_SHELL('',(#2287));
#2287 = ADVANCED_FACE('',(#2288),#2301,.T.);
#2288 = FACE_BOUND('',#2289,.T.);
#2289 = EDGE_LOOP('',(#2290,#2312,#2327,#2342));
#2290 = ORIENTED_EDGE('',*,*,#2291,.F.);
#2291 = EDGE_CURVE('',#2292,#2294,#2296,.T.);
#2292 = VERTEX_POINT('',#2293);
#2293 = CARTESIAN_POINT('',(0.1,5.000000000472E-02,0.1));
#2294 = VERTEX_POINT('',#2295);
#2295 = CARTESIAN_POINT('',(0.1,5.000000000472E-02,0.2));
#2296 = SURFACE_CURVE('',#2297,(#2300),.PCURVE_S1.);
#2297 = B_SPLINE_CURVE_WITH_KNOTS('',1,(#2298,#2299),.UNSPECIFIED.,.F.,
  .F.,(2,2),(-0.1,0.),.PIECEWISE_BEZIER_KNOTS.);
#2298 = CARTESIAN_POINT('',(0.1,5.000000000472E-02,0.1));
#2299 = CARTESIAN_POINT('',(0.1,5.000000000472E-02,0.2));
#2300 = PCURVE('',#2301,#2306);
#2301 = B_SPLINE_SURFACE_WITH_KNOTS('',1,1,(
    (#2302,#2303)
    ,(#2304,#2305
    )),.UNSPECIFIED.,.F.,.F.,.F.,(2,2),(2,2),(2.5E-02,7.5E-02),(-0.1,0.)
  ,.PIECEWISE_BEZIER_KNOTS.);
#2302 = CARTESIAN_POINT('',(0.1,5.000000000472E-02,0.1));
#2303 = CARTESIAN_POINT('',(0.1,5.000000000472E-02,0.2));
#2304 = CARTESIAN_POINT('',(0.1,5.000000413702E-12,0.1));
#2305 = CARTESIAN_POINT('',(0.1,5.000000413702E-12,0.2));
#2306 = DEFINITIONAL_REPRESENTATION('',(#2307),#2311);
#2307 = LINE('',#2308,#2309);
#2308 = CARTESIAN_POINT('',(2.5E-02,0.));
#2309 = VECTOR('',#2310,1.);
#2310 = DIRECTION('',(0.,1.));
#2311 = ( GEOMETRIC_REPRESENTATION_CONTEXT(2) 
PARAMETRIC_REPRESENTATION_CONTEXT() REPRESENTATION_CONTEXT('2D SPACE',''
  ) );
#2312 = ORIENTED_EDGE('',*,*,#2313,.T.);
#2313 = EDGE_CURVE('',#2292,#2314,#2316,.T.);
#2314 = VERTEX_POINT('',#2315);
#2315 = CARTESIAN_POINT('',(0.1,5.000000413702E-12,0.1));
#2316 = SURFACE_CURVE('',#2317,(#2320),.PCURVE_S1.);
#2317 = B_SPLINE_CURVE_WITH_KNOTS('',1,(#2318,#2319),.UNSPECIFIED.,.F.,
  .F.,(2,2),(2.5E-02,7.5E-02),.PIECEWISE_BEZIER_KNOTS.);
#2318 = CARTESIAN_POINT('',(0.1,5.000000000472E-02,0.1));
#2319 = CARTESIAN_POINT('',(0.1,5.000000413702E-12,0.1));
#2320 = PCURVE('',#2301,#2321);
#2321 = DEFINITIONAL_REPRESENTATION('',(#2322),#2326);
#2322 = LINE('',#2323,#2324);
#2323 = CARTESIAN_POINT('',(0.,-0.1));
#2324 = VECTOR('',#2325,1.);
#2325 = DIRECTION('',(1.,0.));
#2326 = ( GEOMETRIC_REPRESENTATION_CONTEXT(2) 
PARAMETRIC_REPRESENTATION_CONTEXT() REPRESENTATION_CONTEXT('2D SPACE',''
  ) );
#2327 = ORIENTED_EDGE('',*,*,#2328,.T.);
#2328 = EDGE_CURVE('',#2314,#2329,#2331,.T.);
#2329 = VERTEX_POINT('',#2330);
#2330 = CARTESIAN_POINT('',(0.1,5.000000413702E-12,0.2));
#2331 = SURFACE_CURVE('',#2332,(#2335),.PCURVE_S1.);
#2332 = B_SPLINE_CURVE_WITH_KNOTS('',1,(#2333,#2334),.UNSPECIFIED.,.F.,
  .F.,(2,2),(-0.1,0.),.PIECEWISE_BEZIER_KNOTS.);
#2333 = CARTESIAN_POINT('',(0.1,5.000000413702E-12,0.1));
#2334 = CARTESIAN_POINT('',(0.1,5.000000413702E-12,0.2));
#2335 = PCURVE('',#2301,#2336);
#2336 = DEFINITIONAL_REPRESENTATION('',(#2337),#2341);
#2337 = LINE('',#2338,#2339);
#2338 = CARTESIAN_POINT('',(7.5E-02,0.));
#2339 = VECTOR('',#2340,1.);
#2340 = DIRECTION('',(0.,1.));
#2341 = ( GEOMETRIC_REPRESENTATION_CONTEXT(2) 
PARAMETRIC_REPRESENTATION_CONTEXT() REPRESENTATION_CONTEXT('2D SPACE',''
  ) );
#2342 = ORIENTED_EDGE('',*,*,#2343,.F.);
#2343 = EDGE_CURVE('',#2294,#2329,#2344,.T.);
#2344 = SURFACE_CURVE('',#2345,(#2348),.PCURVE_S1.);
#2345 = B_SPLINE_CURVE_WITH_KNOTS('',1,(#2346,#2347),.UNSPECIFIED.,.F.,
  .F.,(2,2),(2.5E-02,7.5E-02),.PIECEWISE_BEZIER_KNOTS.);
#2346 = CARTESIAN_POINT('',(0.1,5.000000000472E-02,0.2));
#2347 = CARTESIAN_POINT('',(0.1,5.000000413702E-12,0.2));
#2348 = PCURVE('',#2301,#2349);
#2349 = DEFINITIONAL_REPRESENTATION('',(#2350),#2354);
#2350 = LINE('',#2351,#2352);
#2351 = CARTESIAN_POINT('',(0.,0.));
#2352 = VECTOR('',#2353,1.);
#2353 = DIRECTION('',(1.,0.));
#2354 = ( GEOMETRIC_REPRESENTATION_CONTEXT(2) 
PARAMETRIC_REPRESENTATION_CONTEXT() REPRESENTATION_CONTEXT('2D SPACE',''
  ) );
#2355 = ( GEOMETRIC_REPRESENTATION_CONTEXT(3) 
GLOBAL_UNCERTAINTY_ASSIGNED_CONTEXT((#2359)) 
GLOBAL_UNIT_ASSIGNED_CONTEXT((#2356,#2357,#2358)) REPRESENTATION_CONTEXT
('Context #1','3D Context with UNIT and UNCERTAINTY') );
#2356 = ( LENGTH_UNIT() NAMED_UNIT(*) SI_UNIT(.MILLI.,.METRE.) );
#2357 = ( NAMED_UNIT(*) PLANE_ANGLE_UNIT() SI_UNIT($,.RADIAN.) );
#2358 = ( NAMED_UNIT(*) SI_UNIT($,.STERADIAN.) SOLID_ANGLE_UNIT() );
#2359 = UNCERTAINTY_MEASURE_WITH_UNIT(LENGTH_MEASURE(1.E-07),#2356,
  'distance_accuracy_value','confusion accuracy');
#2360 = CONTEXT_DEPENDENT_SHAPE_REPRESENTATION(#2361,#2363);
#2361 = ( REPRESENTATION_RELATIONSHIP('','',#2284,#10) 
REPRESENTATION_RELATIONSHIP_WITH_TRANSFORMATION(#2362) 
SHAPE_REPRESENTATION_RELATIONSHIP() );
#2362 = ITEM_DEFINED_TRANSFORMATION('','',#11,#111);
#2363 = PRODUCT_DEFINITION_SHAPE('Placement','Placement of an item',
  #2364);
#2364 = NEXT_ASSEMBLY_USAGE_OCCURRENCE('25','','',#5,#2279,$);
#2365 = PRODUCT_RELATED_PRODUCT_CATEGORY('part',$,(#2281));
#2366 = SHAPE_DEFINITION_REPRESENTATION(#2367,#2373);
#2367 = PRODUCT_DEFINITION_SHAPE('','',#2368);
#2368 = PRODUCT_DEFINITION('design','',#2369,#2372);
#2369 = PRODUCT_DEFINITION_FORMATION('','',#2370);
#2370 = PRODUCT('Open CASCADE STEP translator 7.9 1.26',
  'Open CASCADE STEP translator 7.9 1.26','',(#2371));
#2371 = PRODUCT_CONTEXT('',#2,'mechanical');
#2372 = PRODUCT_DEFINITION_CONTEXT('part definition',#2,'design');
#2373 = MANIFOLD_SURFACE_SHAPE_REPRESENTATION('',(#11,#2374),#2444);
#2374 = SHELL_BASED_SURFACE_MODEL('',(#2375));
#2375 = OPEN_SHELL('',(#2376));
#2376 = ADVANCED_FACE('',(#2377),#2390,.T.);
#2377 = FACE_BOUND('',#2378,.T.);
#2378 = EDGE_LOOP('',(#2379,#2401,#2416,#2431));
#2379 = ORIENTED_EDGE('',*,*,#2380,.F.);
#2380 = EDGE_CURVE('',#2381,#2383,#2385,.T.);
#2381 = VERTEX_POINT('',#2382);
#2382 = CARTESIAN_POINT('',(0.1,5.000000000472E-02,4.99999985859E-11));
#2383 = VERTEX_POINT('',#2384);
#2384 = CARTESIAN_POINT('',(0.1,5.000000000472E-02,0.10000000005));
#2385 = SURFACE_CURVE('',#2386,(#2389),.PCURVE_S1.);
#2386 = B_SPLINE_CURVE_WITH_KNOTS('',1,(#2387,#2388),.UNSPECIFIED.,.F.,
  .F.,(2,2),(-0.1,0.),.PIECEWISE_BEZIER_KNOTS.);
#2387 = CARTESIAN_POINT('',(0.1,5.000000000472E-02,4.99999985859E-11));
#2388 = CARTESIAN_POINT('',(0.1,5.000000000472E-02,0.10000000005));
#2389 = PCURVE('',#2390,#2395);
#2390 = B_SPLINE_SURFACE_WITH_KNOTS('',1,1,(
    (#2391,#2392)
    ,(#2393,#2394
    )),.UNSPECIFIED.,.F.,.F.,.F.,(2,2),(2,2),(2.5E-02,7.5E-02),(-0.1,0.)
  ,.PIECEWISE_BEZIER_KNOTS.);
#2391 = CARTESIAN_POINT('',(0.1,5.000000000472E-02,4.99999985859E-11));
#2392 = CARTESIAN_POINT('',(0.1,5.000000000472E-02,0.10000000005));
#2393 = CARTESIAN_POINT('',(0.1,5.000000413702E-12,4.99999985859E-11));
#2394 = CARTESIAN_POINT('',(0.1,5.000000413702E-12,0.10000000005));
#2395 = DEFINITIONAL_REPRESENTATION('',(#2396),#2400);
#2396 = LINE('',#2397,#2398);
#2397 = CARTESIAN_POINT('',(2.5E-02,0.));
#2398 = VECTOR('',#2399,1.);
#2399 = DIRECTION('',(0.,1.));
#2400 = ( GEOMETRIC_REPRESENTATION_CONTEXT(2) 
PARAMETRIC_REPRESENTATION_CONTEXT() REPRESENTATION_CONTEXT('2D SPACE',''
  ) );
#2401 = ORIENTED_EDGE('',*,*,#2402,.T.);
#2402 = EDGE_CURVE('',#2381,#2403,#2405,.T.);
#2403 = VERTEX_POINT('',#2404);
#2404 = CARTESIAN_POINT('',(0.1,5.000000413702E-12,4.99999985859E-11));
#2405 = SURFACE_CURVE('',#2406,(#2409),.PCURVE_S1.);
#2406 = B_SPLINE_CURVE_WITH_KNOTS('',1,(#2407,#2408),.UNSPECIFIED.,.F.,
  .F.,(2,2),(2.5E-02,7.5E-02),.PIECEWISE_BEZIER_KNOTS.);
#2407 = CARTESIAN_POINT('',(0.1,5.000000000472E-02,4.99999985859E-11));
#2408 = CARTESIAN_POINT('',(0.1,5.000000413702E-12,4.99999985859E-11));
#2409 = PCURVE('',#2390,#2410);
#2410 = DEFINITIONAL_REPRESENTATION('',(#2411),#2415);
#2411 = LINE('',#2412,#2413);
#2412 = CARTESIAN_POINT('',(0.,-0.1));
#2413 = VECTOR('',#2414,1.);
#2414 = DIRECTION('',(1.,0.));
#2415 = ( GEOMETRIC_REPRESENTATION_CONTEXT(2) 
PARAMETRIC_REPRESENTATION_CONTEXT() REPRESENTATION_CONTEXT('2D SPACE',''
  ) );
#2416 = ORIENTED_EDGE('',*,*,#2417,.T.);
#2417 = EDGE_CURVE('',#2403,#2418,#2420,.T.);
#2418 = VERTEX_POINT('',#2419);
#2419 = CARTESIAN_POINT('',(0.1,5.000000413702E-12,0.10000000005));
#2420 = SURFACE_CURVE('',#2421,(#2424),.PCURVE_S1.);
#2421 = B_SPLINE_CURVE_WITH_KNOTS('',1,(#2422,#2423),.UNSPECIFIED.,.F.,
  .F.,(2,2),(-0.1,0.),.PIECEWISE_BEZIER_KNOTS.);
#2422 = CARTESIAN_POINT('',(0.1,5.000000413702E-12,4.99999985859E-11));
#2423 = CARTESIAN_POINT('',(0.1,5.000000413702E-12,0.10000000005));
#2424 = PCURVE('',#2390,#2425);
#2425 = DEFINITIONAL_REPRESENTATION('',(#2426),#2430);
#2426 = LINE('',#2427,#2428);
#2427 = CARTESIAN_POINT('',(7.5E-02,0.));
#2428 = VECTOR('',#2429,1.);
#2429 = DIRECTION('',(0.,1.));
#2430 = ( GEOMETRIC_REPRESENTATION_CONTEXT(2) 
PARAMETRIC_REPRESENTATION_CONTEXT() REPRESENTATION_CONTEXT('2D SPACE',''
  ) );
#2431 = ORIENTED_EDGE('',*,*,#2432,.F.);
#2432 = EDGE_CURVE('',#2383,#2418,#2433,.T.);
#2433 = SURFACE_CURVE('',#2434,(#2437),.PCURVE_S1.);
#2434 = B_SPLINE_CURVE_WITH_KNOTS('',1,(#2435,#2436),.UNSPECIFIED.,.F.,
  .F.,(2,2),(2.5E-02,7.5E-02),.PIECEWISE_BEZIER_KNOTS.);
#2435 = CARTESIAN_POINT('',(0.1,5.000000000472E-02,0.10000000005));
#2436 = CARTESIAN_POINT('',(0.1,5.000000413702E-12,0.10000000005));
#2437 = PCURVE('',#2390,#2438);
#2438 = DEFINITIONAL_REPRESENTATION('',(#2439),#2443);
#2439 = LINE('',#2440,#2441);
#2440 = CARTESIAN_POINT('',(0.,0.));
#2441 = VECTOR('',#2442,1.);
#2442 = DIRECTION('',(1.,0.));
#2443 = ( GEOMETRIC_REPRESENTATION_CONTEXT(2) 
PARAMETRIC_REPRESENTATION_CONTEXT() REPRESENTATION_CONTEXT('2D SPACE',''
  ) );
#2444 = ( GEOMETRIC_REPRESENTATION_CONTEXT(3) 
GLOBAL_UNCERTAINTY_ASSIGNED_CONTEXT((#2448)) 
GLOBAL_UNIT_ASSIGNED_CONTEXT((#2445,#2446,#2447)) REPRESENTATION_CONTEXT
('Context #1','3D Context with UNIT and UNCERTAINTY') );
#2445 = ( LENGTH_UNIT() NAMED_UNIT(*) SI_UNIT(.MILLI.,.METRE.) );
#2446 = ( NAMED_UNIT(*) PLANE_ANGLE_UNIT() SI_UNIT($,.RADIAN.) );
#2447 = ( NAMED_UNIT(*) SI_UNIT($,.STERADIAN.) SOLID_ANGLE_UNIT() );
#2448 = UNCERTAINTY_MEASURE_WITH_UNIT(LENGTH_MEASURE(1.E-07),#2445,
  'distance_accuracy_value','confusion accuracy');
#2449 = CONTEXT_DEPENDENT_SHAPE_REPRESENTATION(#2450,#2452);
#2450 = ( REPRESENTATION_RELATIONSHIP('','',#2373,#10) 
REPRESENTATION_RELATIONSHIP_WITH_TRANSFORMATION(#2451) 
SHAPE_REPRESENTATION_RELATIONSHIP() );
#2451 = ITEM_DEFINED_TRANSFORMATION('','',#11,#115);
#2452 = PRODUCT_DEFINITION_SHAPE('Placement','Placement of an item',
  #2453);
#2453 = NEXT_ASSEMBLY_USAGE_OCCURRENCE('26','','',#5,#2368,$);
#2454 = PRODUCT_RELATED_PRODUCT_CATEGORY('part',$,(#2370));
#2455 = SHAPE_DEFINITION_REPRESENTATION(#2456,#2462);
#2456 = PRODUCT_DEFINITION_SHAPE('','',#2457);
#2457 = PRODUCT_DEFINITION('design','',#2458,#2461);
#2458 = PRODUCT_DEFINITION_FORMATION('','',#2459);
#2459 = PRODUCT('Open CASCADE STEP translator 7.9 1.27',
  'Open CASCADE STEP translator 7.9 1.27','',(#2460));
#2460 = PRODUCT_CONTEXT('',#2,'mechanical');
#2461 = PRODUCT_DEFINITION_CONTEXT('part definition',#2,'design');
#2462 = MANIFOLD_SURFACE_SHAPE_REPRESENTATION('',(#11,#2463),#2533);
#2463 = SHELL_BASED_SURFACE_MODEL('',(#2464));
#2464 = OPEN_SHELL('',(#2465));
#2465 = ADVANCED_FACE('',(#2466),#2479,.T.);
#2466 = FACE_BOUND('',#2467,.T.);
#2467 = EDGE_LOOP('',(#2468,#2490,#2505,#2520));
#2468 = ORIENTED_EDGE('',*,*,#2469,.F.);
#2469 = EDGE_CURVE('',#2470,#2472,#2474,.T.);
#2470 = VERTEX_POINT('',#2471);
#2471 = CARTESIAN_POINT('',(0.1,5.000000000472E-02,4.999999698159E-11));
#2472 = VERTEX_POINT('',#2473);
#2473 = CARTESIAN_POINT('',(0.2,5.000000000472E-02,4.999999698159E-11));
#2474 = SURFACE_CURVE('',#2475,(#2478),.PCURVE_S1.);
#2475 = B_SPLINE_CURVE_WITH_KNOTS('',1,(#2476,#2477),.UNSPECIFIED.,.F.,
  .F.,(2,2),(-0.3,-0.2),.PIECEWISE_BEZIER_KNOTS.);
#2476 = CARTESIAN_POINT('',(0.1,5.000000000472E-02,4.999999698159E-11));
#2477 = CARTESIAN_POINT('',(0.2,5.000000000472E-02,4.999999698159E-11));
#2478 = PCURVE('',#2479,#2484);
#2479 = B_SPLINE_SURFACE_WITH_KNOTS('',1,1,(
    (#2480,#2481)
    ,(#2482,#2483
    )),.UNSPECIFIED.,.F.,.F.,.F.,(2,2),(2,2),(0.,0.1),(-0.3,-0.2),
  .PIECEWISE_BEZIER_KNOTS.);
#2480 = CARTESIAN_POINT('',(0.1,5.000000000472E-02,4.999999698159E-11));
#2481 = CARTESIAN_POINT('',(0.2,5.000000000472E-02,4.999999698159E-11));
#2482 = CARTESIAN_POINT('',(0.1,5.000000000472E-02,0.10000000005));
#2483 = CARTESIAN_POINT('',(0.2,5.000000000472E-02,0.10000000005));
#2484 = DEFINITIONAL_REPRESENTATION('',(#2485),#2489);
#2485 = LINE('',#2486,#2487);
#2486 = CARTESIAN_POINT('',(0.,0.));
#2487 = VECTOR('',#2488,1.);
#2488 = DIRECTION('',(0.,1.));
#2489 = ( GEOMETRIC_REPRESENTATION_CONTEXT(2) 
PARAMETRIC_REPRESENTATION_CONTEXT() REPRESENTATION_CONTEXT('2D SPACE',''
  ) );
#2490 = ORIENTED_EDGE('',*,*,#2491,.T.);
#2491 = EDGE_CURVE('',#2470,#2492,#2494,.T.);
#2492 = VERTEX_POINT('',#2493);
#2493 = CARTESIAN_POINT('',(0.1,5.000000000472E-02,0.10000000005));
#2494 = SURFACE_CURVE('',#2495,(#2498),.PCURVE_S1.);
#2495 = B_SPLINE_CURVE_WITH_KNOTS('',1,(#2496,#2497),.UNSPECIFIED.,.F.,
  .F.,(2,2),(0.,0.1),.PIECEWISE_BEZIER_KNOTS.);
#2496 = CARTESIAN_POINT('',(0.1,5.000000000472E-02,4.999999698159E-11));
#2497 = CARTESIAN_POINT('',(0.1,5.000000000472E-02,0.10000000005));
#2498 = PCURVE('',#2479,#2499);
#2499 = DEFINITIONAL_REPRESENTATION('',(#2500),#2504);
#2500 = LINE('',#2501,#2502);
#2501 = CARTESIAN_POINT('',(0.,-0.3));
#2502 = VECTOR('',#2503,1.);
#2503 = DIRECTION('',(1.,0.));
#2504 = ( GEOMETRIC_REPRESENTATION_CONTEXT(2) 
PARAMETRIC_REPRESENTATION_CONTEXT() REPRESENTATION_CONTEXT('2D SPACE',''
  ) );
#2505 = ORIENTED_EDGE('',*,*,#2506,.T.);
#2506 = EDGE_CURVE('',#2492,#2507,#2509,.T.);
#2507 = VERTEX_POINT('',#2508);
#2508 = CARTESIAN_POINT('',(0.2,5.000000000472E-02,0.10000000005));
#2509 = SURFACE_CURVE('',#2510,(#2513),.PCURVE_S1.);
#2510 = B_SPLINE_CURVE_WITH_KNOTS('',1,(#2511,#2512),.UNSPECIFIED.,.F.,
  .F.,(2,2),(-0.3,-0.2),.PIECEWISE_BEZIER_KNOTS.);
#2511 = CARTESIAN_POINT('',(0.1,5.000000000472E-02,0.10000000005));
#2512 = CARTESIAN_POINT('',(0.2,5.000000000472E-02,0.10000000005));
#2513 = PCURVE('',#2479,#2514);
#2514 = DEFINITIONAL_REPRESENTATION('',(#2515),#2519);
#2515 = LINE('',#2516,#2517);
#2516 = CARTESIAN_POINT('',(0.1,0.));
#2517 = VECTOR('',#2518,1.);
#2518 = DIRECTION('',(0.,1.));
#2519 = ( GEOMETRIC_REPRESENTATION_CONTEXT(2) 
PARAMETRIC_REPRESENTATION_CONTEXT() REPRESENTATION_CONTEXT('2D SPACE',''
  ) );
#2520 = ORIENTED_EDGE('',*,*,#2521,.F.);
#2521 = EDGE_CURVE('',#2472,#2507,#2522,.T.);
#2522 = SURFACE_CURVE('',#2523,(#2526),.PCURVE_S1.);
#2523 = B_SPLINE_CURVE_WITH_KNOTS('',1,(#2524,#2525),.UNSPECIFIED.,.F.,
  .F.,(2,2),(0.,0.1),.PIECEWISE_BEZIER_KNOTS.);
#2524 = CARTESIAN_POINT('',(0.2,5.000000000472E-02,4.999999698159E-11));
#2525 = CARTESIAN_POINT('',(0.2,5.000000000472E-02,0.10000000005));
#2526 = PCURVE('',#2479,#2527);
#2527 = DEFINITIONAL_REPRESENTATION('',(#2528),#2532);
#2528 = LINE('',#2529,#2530);
#2529 = CARTESIAN_POINT('',(0.,-0.2));
#2530 = VECTOR('',#2531,1.);
#2531 = DIRECTION('',(1.,0.));
#2532 = ( GEOMETRIC_REPRESENTATION_CONTEXT(2) 
PARAMETRIC_REPRESENTATION_CONTEXT() REPRESENTATION_CONTEXT('2D SPACE',''
  ) );
#2533 = ( GEOMETRIC_REPRESENTATION_CONTEXT(3) 
GLOBAL_UNCERTAINTY_ASSIGNED_CONTEXT((#2537)) 
GLOBAL_UNIT_ASSIGNED_CONTEXT((#2534,#2535,#2536)) REPRESENTATION_CONTEXT
('Context #1','3D Context with UNIT and UNCERTAINTY') );
#2534 = ( LENGTH_UNIT() NAMED_UNIT(*) SI_UNIT(.MILLI.,.METRE.) );
#2535 = ( NAMED_UNIT(*) PLANE_ANGLE_UNIT() SI_UNIT($,.RADIAN.) );
#2536 = ( NAMED_UNIT(*) SI_UNIT($,.STERADIAN.) SOLID_ANGLE_UNIT() );
#2537 = UNCERTAINTY_MEASURE_WITH_UNIT(LENGTH_MEASURE(1.E-07),#2534,
  'distance_accuracy_value','confusion accuracy');
#2538 = CONTEXT_DEPENDENT_SHAPE_REPRESENTATION(#2539,#2541);
#2539 = ( REPRESENTATION_RELATIONSHIP('','',#2462,#10) 
REPRESENTATION_RELATIONSHIP_WITH_TRANSFORMATION(#2540) 
SHAPE_REPRESENTATION_RELATIONSHIP() );
#2540 = ITEM_DEFINED_TRANSFORMATION('','',#11,#119);
#2541 = PRODUCT_DEFINITION_SHAPE('Placement','Placement of an item',
  #2542);
#2542 = NEXT_ASSEMBLY_USAGE_OCCURRENCE('27','','',#5,#2457,$);
#2543 = PRODUCT_RELATED_PRODUCT_CATEGORY('part',$,(#2459));
#2544 = SHAPE_DEFINITION_REPRESENTATION(#2545,#2551);
#2545 = PRODUCT_DEFINITION_SHAPE('','',#2546);
#2546 = PRODUCT_DEFINITION('design','',#2547,#2550);
#2547 = PRODUCT_DEFINITION_FORMATION('','',#2548);
#2548 = PRODUCT('Open CASCADE STEP translator 7.9 1.28',
  'Open CASCADE STEP translator 7.9 1.28','',(#2549));
#2549 = PRODUCT_CONTEXT('',#2,'mechanical');
#2550 = PRODUCT_DEFINITION_CONTEXT('part definition',#2,'design');
#2551 = MANIFOLD_SURFACE_SHAPE_REPRESENTATION('',(#11,#2552),#2622);
#2552 = SHELL_BASED_SURFACE_MODEL('',(#2553));
#2553 = OPEN_SHELL('',(#2554));
#2554 = ADVANCED_FACE('',(#2555),#2568,.T.);
#2555 = FACE_BOUND('',#2556,.T.);
#2556 = EDGE_LOOP('',(#2557,#2579,#2594,#2609));
#2557 = ORIENTED_EDGE('',*,*,#2558,.F.);
#2558 = EDGE_CURVE('',#2559,#2561,#2563,.T.);
#2559 = VERTEX_POINT('',#2560);
#2560 = CARTESIAN_POINT('',(0.1,5.000000000472E-02,4.999999698159E-11));
#2561 = VERTEX_POINT('',#2562);
#2562 = CARTESIAN_POINT('',(0.1,5.000000413702E-12,4.999999698159E-11));
#2563 = SURFACE_CURVE('',#2564,(#2567),.PCURVE_S1.);
#2564 = B_SPLINE_CURVE_WITH_KNOTS('',1,(#2565,#2566),.UNSPECIFIED.,.F.,
  .F.,(2,2),(2.5E-02,7.5E-02),.PIECEWISE_BEZIER_KNOTS.);
#2565 = CARTESIAN_POINT('',(0.1,5.000000000472E-02,4.999999698159E-11));
#2566 = CARTESIAN_POINT('',(0.1,5.000000413702E-12,4.999999698159E-11));
#2567 = PCURVE('',#2568,#2573);
#2568 = B_SPLINE_SURFACE_WITH_KNOTS('',1,1,(
    (#2569,#2570)
    ,(#2571,#2572
    )),.UNSPECIFIED.,.F.,.F.,.F.,(2,2),(2,2),(-0.3,-0.2),(2.5E-02,
    7.5E-02),.PIECEWISE_BEZIER_KNOTS.);
#2569 = CARTESIAN_POINT('',(0.1,5.000000000472E-02,4.999999698159E-11));
#2570 = CARTESIAN_POINT('',(0.1,5.000000413702E-12,4.999999698159E-11));
#2571 = CARTESIAN_POINT('',(0.2,5.000000000472E-02,4.999999698159E-11));
#2572 = CARTESIAN_POINT('',(0.2,5.000000413702E-12,4.999999698159E-11));
#2573 = DEFINITIONAL_REPRESENTATION('',(#2574),#2578);
#2574 = LINE('',#2575,#2576);
#2575 = CARTESIAN_POINT('',(-0.3,0.));
#2576 = VECTOR('',#2577,1.);
#2577 = DIRECTION('',(0.,1.));
#2578 = ( GEOMETRIC_REPRESENTATION_CONTEXT(2) 
PARAMETRIC_REPRESENTATION_CONTEXT() REPRESENTATION_CONTEXT('2D SPACE',''
  ) );
#2579 = ORIENTED_EDGE('',*,*,#2580,.T.);
#2580 = EDGE_CURVE('',#2559,#2581,#2583,.T.);
#2581 = VERTEX_POINT('',#2582);
#2582 = CARTESIAN_POINT('',(0.2,5.000000000472E-02,4.999999698159E-11));
#2583 = SURFACE_CURVE('',#2584,(#2587),.PCURVE_S1.);
#2584 = B_SPLINE_CURVE_WITH_KNOTS('',1,(#2585,#2586),.UNSPECIFIED.,.F.,
  .F.,(2,2),(-0.3,-0.2),.PIECEWISE_BEZIER_KNOTS.);
#2585 = CARTESIAN_POINT('',(0.1,5.000000000472E-02,4.999999698159E-11));
#2586 = CARTESIAN_POINT('',(0.2,5.000000000472E-02,4.999999698159E-11));
#2587 = PCURVE('',#2568,#2588);
#2588 = DEFINITIONAL_REPRESENTATION('',(#2589),#2593);
#2589 = LINE('',#2590,#2591);
#2590 = CARTESIAN_POINT('',(0.,2.5E-02));
#2591 = VECTOR('',#2592,1.);
#2592 = DIRECTION('',(1.,0.));
#2593 = ( GEOMETRIC_REPRESENTATION_CONTEXT(2) 
PARAMETRIC_REPRESENTATION_CONTEXT() REPRESENTATION_CONTEXT('2D SPACE',''
  ) );
#2594 = ORIENTED_EDGE('',*,*,#2595,.T.);
#2595 = EDGE_CURVE('',#2581,#2596,#2598,.T.);
#2596 = VERTEX_POINT('',#2597);
#2597 = CARTESIAN_POINT('',(0.2,5.000000413702E-12,4.999999698159E-11));
#2598 = SURFACE_CURVE('',#2599,(#2602),.PCURVE_S1.);
#2599 = B_SPLINE_CURVE_WITH_KNOTS('',1,(#2600,#2601),.UNSPECIFIED.,.F.,
  .F.,(2,2),(2.5E-02,7.5E-02),.PIECEWISE_BEZIER_KNOTS.);
#2600 = CARTESIAN_POINT('',(0.2,5.000000000472E-02,4.999999698159E-11));
#2601 = CARTESIAN_POINT('',(0.2,5.000000413702E-12,4.999999698159E-11));
#2602 = PCURVE('',#2568,#2603);
#2603 = DEFINITIONAL_REPRESENTATION('',(#2604),#2608);
#2604 = LINE('',#2605,#2606);
#2605 = CARTESIAN_POINT('',(-0.2,0.));
#2606 = VECTOR('',#2607,1.);
#2607 = DIRECTION('',(0.,1.));
#2608 = ( GEOMETRIC_REPRESENTATION_CONTEXT(2) 
PARAMETRIC_REPRESENTATION_CONTEXT() REPRESENTATION_CONTEXT('2D SPACE',''
  ) );
#2609 = ORIENTED_EDGE('',*,*,#2610,.F.);
#2610 = EDGE_CURVE('',#2561,#2596,#2611,.T.);
#2611 = SURFACE_CURVE('',#2612,(#2615),.PCURVE_S1.);
#2612 = B_SPLINE_CURVE_WITH_KNOTS('',1,(#2613,#2614),.UNSPECIFIED.,.F.,
  .F.,(2,2),(-0.3,-0.2),.PIECEWISE_BEZIER_KNOTS.);
#2613 = CARTESIAN_POINT('',(0.1,5.000000413702E-12,4.999999698159E-11));
#2614 = CARTESIAN_POINT('',(0.2,5.000000413702E-12,4.999999698159E-11));
#2615 = PCURVE('',#2568,#2616);
#2616 = DEFINITIONAL_REPRESENTATION('',(#2617),#2621);
#2617 = LINE('',#2618,#2619);
#2618 = CARTESIAN_POINT('',(0.,7.5E-02));
#2619 = VECTOR('',#2620,1.);
#2620 = DIRECTION('',(1.,0.));
#2621 = ( GEOMETRIC_REPRESENTATION_CONTEXT(2) 
PARAMETRIC_REPRESENTATION_CONTEXT() REPRESENTATION_CONTEXT('2D SPACE',''
  ) );
#2622 = ( GEOMETRIC_REPRESENTATION_CONTEXT(3) 
GLOBAL_UNCERTAINTY_ASSIGNED_CONTEXT((#2626)) 
GLOBAL_UNIT_ASSIGNED_CONTEXT((#2623,#2624,#2625)) REPRESENTATION_CONTEXT
('Context #1','3D Context with UNIT and UNCERTAINTY') );
#2623 = ( LENGTH_UNIT() NAMED_UNIT(*) SI_UNIT(.MILLI.,.METRE.) );
#2624 = ( NAMED_UNIT(*) PLANE_ANGLE_UNIT() SI_UNIT($,.RADIAN.) );
#2625 = ( NAMED_UNIT(*) SI_UNIT($,.STERADIAN.) SOLID_ANGLE_UNIT() );
#2626 = UNCERTAINTY_MEASURE_WITH_UNIT(LENGTH_MEASURE(1.E-07),#2623,
  'distance_accuracy_value','confusion accuracy');
#2627 = CONTEXT_DEPENDENT_SHAPE_REPRESENTATION(#2628,#2630);
#2628 = ( REPRESENTATION_RELATIONSHIP('','',#2551,#10) 
REPRESENTATION_RELATIONSHIP_WITH_TRANSFORMATION(#2629) 
SHAPE_REPRESENTATION_RELATIONSHIP() );
#2629 = ITEM_DEFINED_TRANSFORMATION('','',#11,#123);
#2630 = PRODUCT_DEFINITION_SHAPE('Placement','Placement of an item',
  #2631);
#2631 = NEXT_ASSEMBLY_USAGE_OCCURRENCE('28','','',#5,#2546,$);
#2632 = PRODUCT_RELATED_PRODUCT_CATEGORY('part',$,(#2548));
#2633 = SHAPE_DEFINITION_REPRESENTATION(#2634,#2640);
#2634 = PRODUCT_DEFINITION_SHAPE('','',#2635);
#2635 = PRODUCT_DEFINITION('design','',#2636,#2639);
#2636 = PRODUCT_DEFINITION_FORMATION('','',#2637);
#2637 = PRODUCT('Open CASCADE STEP translator 7.9 1.29',
  'Open CASCADE STEP translator 7.9 1.29','',(#2638));
#2638 = PRODUCT_CONTEXT('',#2,'mechanical');
#2639 = PRODUCT_DEFINITION_CONTEXT('part definition',#2,'design');
#2640 = MANIFOLD_SURFACE_SHAPE_REPRESENTATION('',(#11,#2641),#2711);
#2641 = SHELL_BASED_SURFACE_MODEL('',(#2642));
#2642 = OPEN_SHELL('',(#2643));
#2643 = ADVANCED_FACE('',(#2644),#2657,.T.);
#2644 = FACE_BOUND('',#2645,.T.);
#2645 = EDGE_LOOP('',(#2646,#2668,#2683,#2698));
#2646 = ORIENTED_EDGE('',*,*,#2647,.F.);
#2647 = EDGE_CURVE('',#2648,#2650,#2652,.T.);
#2648 = VERTEX_POINT('',#2649);
#2649 = CARTESIAN_POINT('',(0.1,5.000000000472E-02,0.1));
#2650 = VERTEX_POINT('',#2651);
#2651 = CARTESIAN_POINT('',(0.1,5.000000413702E-12,0.1));
#2652 = SURFACE_CURVE('',#2653,(#2656),.PCURVE_S1.);
#2653 = B_SPLINE_CURVE_WITH_KNOTS('',1,(#2654,#2655),.UNSPECIFIED.,.F.,
  .F.,(2,2),(2.5E-02,7.5E-02),.PIECEWISE_BEZIER_KNOTS.);
#2654 = CARTESIAN_POINT('',(0.1,5.000000000472E-02,0.1));
#2655 = CARTESIAN_POINT('',(0.1,5.000000413702E-12,0.1));
#2656 = PCURVE('',#2657,#2662);
#2657 = B_SPLINE_SURFACE_WITH_KNOTS('',1,1,(
    (#2658,#2659)
    ,(#2660,#2661
    )),.UNSPECIFIED.,.F.,.F.,.F.,(2,2),(2,2),(-0.3,-0.2),(2.5E-02,
    7.5E-02),.PIECEWISE_BEZIER_KNOTS.);
#2658 = CARTESIAN_POINT('',(0.1,5.000000000472E-02,0.1));
#2659 = CARTESIAN_POINT('',(0.1,5.000000413702E-12,0.1));
#2660 = CARTESIAN_POINT('',(0.2,5.000000000472E-02,0.1));
#2661 = CARTESIAN_POINT('',(0.2,5.000000413702E-12,0.1));
#2662 = DEFINITIONAL_REPRESENTATION('',(#2663),#2667);
#2663 = LINE('',#2664,#2665);
#2664 = CARTESIAN_POINT('',(-0.3,0.));
#2665 = VECTOR('',#2666,1.);
#2666 = DIRECTION('',(0.,1.));
#2667 = ( GEOMETRIC_REPRESENTATION_CONTEXT(2) 
PARAMETRIC_REPRESENTATION_CONTEXT() REPRESENTATION_CONTEXT('2D SPACE',''
  ) );
#2668 = ORIENTED_EDGE('',*,*,#2669,.T.);
#2669 = EDGE_CURVE('',#2648,#2670,#2672,.T.);
#2670 = VERTEX_POINT('',#2671);
#2671 = CARTESIAN_POINT('',(0.2,5.000000000472E-02,0.1));
#2672 = SURFACE_CURVE('',#2673,(#2676),.PCURVE_S1.);
#2673 = B_SPLINE_CURVE_WITH_KNOTS('',1,(#2674,#2675),.UNSPECIFIED.,.F.,
  .F.,(2,2),(-0.3,-0.2),.PIECEWISE_BEZIER_KNOTS.);
#2674 = CARTESIAN_POINT('',(0.1,5.000000000472E-02,0.1));
#2675 = CARTESIAN_POINT('',(0.2,5.000000000472E-02,0.1));
#2676 = PCURVE('',#2657,#2677);
#2677 = DEFINITIONAL_REPRESENTATION('',(#2678),#2682);
#2678 = LINE('',#2679,#2680);
#2679 = CARTESIAN_POINT('',(0.,2.5E-02));
#2680 = VECTOR('',#2681,1.);
#2681 = DIRECTION('',(1.,0.));
#2682 = ( GEOMETRIC_REPRESENTATION_CONTEXT(2) 
PARAMETRIC_REPRESENTATION_CONTEXT() REPRESENTATION_CONTEXT('2D SPACE',''
  ) );
#2683 = ORIENTED_EDGE('',*,*,#2684,.T.);
#2684 = EDGE_CURVE('',#2670,#2685,#2687,.T.);
#2685 = VERTEX_POINT('',#2686);
#2686 = CARTESIAN_POINT('',(0.2,5.000000413702E-12,0.1));
#2687 = SURFACE_CURVE('',#2688,(#2691),.PCURVE_S1.);
#2688 = B_SPLINE_CURVE_WITH_KNOTS('',1,(#2689,#2690),.UNSPECIFIED.,.F.,
  .F.,(2,2),(2.5E-02,7.5E-02),.PIECEWISE_BEZIER_KNOTS.);
#2689 = CARTESIAN_POINT('',(0.2,5.000000000472E-02,0.1));
#2690 = CARTESIAN_POINT('',(0.2,5.000000413702E-12,0.1));
#2691 = PCURVE('',#2657,#2692);
#2692 = DEFINITIONAL_REPRESENTATION('',(#2693),#2697);
#2693 = LINE('',#2694,#2695);
#2694 = CARTESIAN_POINT('',(-0.2,0.));
#2695 = VECTOR('',#2696,1.);
#2696 = DIRECTION('',(0.,1.));
#2697 = ( GEOMETRIC_REPRESENTATION_CONTEXT(2) 
PARAMETRIC_REPRESENTATION_CONTEXT() REPRESENTATION_CONTEXT('2D SPACE',''
  ) );
#2698 = ORIENTED_EDGE('',*,*,#2699,.F.);
#2699 = EDGE_CURVE('',#2650,#2685,#2700,.T.);
#2700 = SURFACE_CURVE('',#2701,(#2704),.PCURVE_S1.);
#2701 = B_SPLINE_CURVE_WITH_KNOTS('',1,(#2702,#2703),.UNSPECIFIED.,.F.,
  .F.,(2,2),(-0.3,-0.2),.PIECEWISE_BEZIER_KNOTS.);
#2702 = CARTESIAN_POINT('',(0.1,5.000000413702E-12,0.1));
#2703 = CARTESIAN_POINT('',(0.2,5.000000413702E-12,0.1));
#2704 = PCURVE('',#2657,#2705);
#2705 = DEFINITIONAL_REPRESENTATION('',(#2706),#2710);
#2706 = LINE('',#2707,#2708);
#2707 = CARTESIAN_POINT('',(0.,7.5E-02));
#2708 = VECTOR('',#2709,1.);
#2709 = DIRECTION('',(1.,0.));
#2710 = ( GEOMETRIC_REPRESENTATION_CONTEXT(2) 
PARAMETRIC_REPRESENTATION_CONTEXT() REPRESENTATION_CONTEXT('2D SPACE',''
  ) );
#2711 = ( GEOMETRIC_REPRESENTATION_CONTEXT(3) 
GLOBAL_UNCERTAINTY_ASSIGNED_CONTEXT((#2715)) 
GLOBAL_UNIT_ASSIGNED_CONTEXT((#2712,#2713,#2714)) REPRESENTATION_CONTEXT
('Context #1','3D Context with UNIT and UNCERTAINTY') );
#2712 = ( LENGTH_UNIT() NAMED_UNIT(*) SI_UNIT(.MILLI.,.METRE.) );
#2713 = ( NAMED_UNIT(*) PLANE_ANGLE_UNIT() SI_UNIT($,.RADIAN.) );
#2714 = ( NAMED_UNIT(*) SI_UNIT($,.STERADIAN.) SOLID_ANGLE_UNIT() );
#2715 = UNCERTAINTY_MEASURE_WITH_UNIT(LENGTH_MEASURE(1.E-07),#2712,
  'distance_accuracy_value','confusion accuracy');
#2716 = CONTEXT_DEPENDENT_SHAPE_REPRESENTATION(#2717,#2719);
#2717 = ( REPRESENTATION_RELATIONSHIP('','',#2640,#10) 
REPRESENTATION_RELATIONSHIP_WITH_TRANSFORMATION(#2718) 
SHAPE_REPRESENTATION_RELATIONSHIP() );
#2718 = ITEM_DEFINED_TRANSFORMATION('','',#11,#127);
#2719 = PRODUCT_DEFINITION_SHAPE('Placement','Placement of an item',
  #2720);
#2720 = NEXT_ASSEMBLY_USAGE_OCCURRENCE('29','','',#5,#2635,$);
#2721 = PRODUCT_RELATED_PRODUCT_CATEGORY('part',$,(#2637));
#2722 = SHAPE_DEFINITION_REPRESENTATION(#2723,#2729);
#2723 = PRODUCT_DEFINITION_SHAPE('','',#2724);
#2724 = PRODUCT_DEFINITION('design','',#2725,#2728);
#2725 = PRODUCT_DEFINITION_FORMATION('','',#2726);
#2726 = PRODUCT('Open CASCADE STEP translator 7.9 1.30',
  'Open CASCADE STEP translator 7.9 1.30','',(#2727));
#2727 = PRODUCT_CONTEXT('',#2,'mechanical');
#2728 = PRODUCT_DEFINITION_CONTEXT('part definition',#2,'design');
#2729 = MANIFOLD_SURFACE_SHAPE_REPRESENTATION('',(#11,#2730),#2800);
#2730 = SHELL_BASED_SURFACE_MODEL('',(#2731));
#2731 = OPEN_SHELL('',(#2732));
#2732 = ADVANCED_FACE('',(#2733),#2746,.T.);
#2733 = FACE_BOUND('',#2734,.T.);
#2734 = EDGE_LOOP('',(#2735,#2757,#2772,#2787));
#2735 = ORIENTED_EDGE('',*,*,#2736,.F.);
#2736 = EDGE_CURVE('',#2737,#2739,#2741,.T.);
#2737 = VERTEX_POINT('',#2738);
#2738 = CARTESIAN_POINT('',(0.1,5.000000000472E-02,0.99999999995));
#2739 = VERTEX_POINT('',#2740);
#2740 = CARTESIAN_POINT('',(0.1,5.000000413702E-12,0.99999999995));
#2741 = SURFACE_CURVE('',#2742,(#2745),.PCURVE_S1.);
#2742 = B_SPLINE_CURVE_WITH_KNOTS('',1,(#2743,#2744),.UNSPECIFIED.,.F.,
  .F.,(2,2),(2.5E-02,7.5E-02),.PIECEWISE_BEZIER_KNOTS.);
#2743 = CARTESIAN_POINT('',(0.1,5.000000000472E-02,0.99999999995));
#2744 = CARTESIAN_POINT('',(0.1,5.000000413702E-12,0.99999999995));
#2745 = PCURVE('',#2746,#2751);
#2746 = B_SPLINE_SURFACE_WITH_KNOTS('',1,1,(
    (#2747,#2748)
    ,(#2749,#2750
    )),.UNSPECIFIED.,.F.,.F.,.F.,(2,2),(2,2),(-0.3,-0.2),(2.5E-02,
    7.5E-02),.PIECEWISE_BEZIER_KNOTS.);
#2747 = CARTESIAN_POINT('',(0.1,5.000000000472E-02,0.99999999995));
#2748 = CARTESIAN_POINT('',(0.1,5.000000413702E-12,0.99999999995));
#2749 = CARTESIAN_POINT('',(0.2,5.000000000472E-02,0.99999999995));
#2750 = CARTESIAN_POINT('',(0.2,5.000000413702E-12,0.99999999995));
#2751 = DEFINITIONAL_REPRESENTATION('',(#2752),#2756);
#2752 = LINE('',#2753,#2754);
#2753 = CARTESIAN_POINT('',(-0.3,0.));
#2754 = VECTOR('',#2755,1.);
#2755 = DIRECTION('',(0.,1.));
#2756 = ( GEOMETRIC_REPRESENTATION_CONTEXT(2) 
PARAMETRIC_REPRESENTATION_CONTEXT() REPRESENTATION_CONTEXT('2D SPACE',''
  ) );
#2757 = ORIENTED_EDGE('',*,*,#2758,.T.);
#2758 = EDGE_CURVE('',#2737,#2759,#2761,.T.);
#2759 = VERTEX_POINT('',#2760);
#2760 = CARTESIAN_POINT('',(0.2,5.000000000472E-02,0.99999999995));
#2761 = SURFACE_CURVE('',#2762,(#2765),.PCURVE_S1.);
#2762 = B_SPLINE_CURVE_WITH_KNOTS('',1,(#2763,#2764),.UNSPECIFIED.,.F.,
  .F.,(2,2),(-0.3,-0.2),.PIECEWISE_BEZIER_KNOTS.);
#2763 = CARTESIAN_POINT('',(0.1,5.000000000472E-02,0.99999999995));
#2764 = CARTESIAN_POINT('',(0.2,5.000000000472E-02,0.99999999995));
#2765 = PCURVE('',#2746,#2766);
#2766 = DEFINITIONAL_REPRESENTATION('',(#2767),#2771);
#2767 = LINE('',#2768,#2769);
#2768 = CARTESIAN_POINT('',(0.,2.5E-02));
#2769 = VECTOR('',#2770,1.);
#2770 = DIRECTION('',(1.,0.));
#2771 = ( GEOMETRIC_REPRESENTATION_CONTEXT(2) 
PARAMETRIC_REPRESENTATION_CONTEXT() REPRESENTATION_CONTEXT('2D SPACE',''
  ) );
#2772 = ORIENTED_EDGE('',*,*,#2773,.T.);
#2773 = EDGE_CURVE('',#2759,#2774,#2776,.T.);
#2774 = VERTEX_POINT('',#2775);
#2775 = CARTESIAN_POINT('',(0.2,5.000000413702E-12,0.99999999995));
#2776 = SURFACE_CURVE('',#2777,(#2780),.PCURVE_S1.);
#2777 = B_SPLINE_CURVE_WITH_KNOTS('',1,(#2778,#2779),.UNSPECIFIED.,.F.,
  .F.,(2,2),(2.5E-02,7.5E-02),.PIECEWISE_BEZIER_KNOTS.);
#2778 = CARTESIAN_POINT('',(0.2,5.000000000472E-02,0.99999999995));
#2779 = CARTESIAN_POINT('',(0.2,5.000000413702E-12,0.99999999995));
#2780 = PCURVE('',#2746,#2781);
#2781 = DEFINITIONAL_REPRESENTATION('',(#2782),#2786);
#2782 = LINE('',#2783,#2784);
#2783 = CARTESIAN_POINT('',(-0.2,0.));
#2784 = VECTOR('',#2785,1.);
#2785 = DIRECTION('',(0.,1.));
#2786 = ( GEOMETRIC_REPRESENTATION_CONTEXT(2) 
PARAMETRIC_REPRESENTATION_CONTEXT() REPRESENTATION_CONTEXT('2D SPACE',''
  ) );
#2787 = ORIENTED_EDGE('',*,*,#2788,.F.);
#2788 = EDGE_CURVE('',#2739,#2774,#2789,.T.);
#2789 = SURFACE_CURVE('',#2790,(#2793),.PCURVE_S1.);
#2790 = B_SPLINE_CURVE_WITH_KNOTS('',1,(#2791,#2792),.UNSPECIFIED.,.F.,
  .F.,(2,2),(-0.3,-0.2),.PIECEWISE_BEZIER_KNOTS.);
#2791 = CARTESIAN_POINT('',(0.1,5.000000413702E-12,0.99999999995));
#2792 = CARTESIAN_POINT('',(0.2,5.000000413702E-12,0.99999999995));
#2793 = PCURVE('',#2746,#2794);
#2794 = DEFINITIONAL_REPRESENTATION('',(#2795),#2799);
#2795 = LINE('',#2796,#2797);
#2796 = CARTESIAN_POINT('',(0.,7.5E-02));
#2797 = VECTOR('',#2798,1.);
#2798 = DIRECTION('',(1.,0.));
#2799 = ( GEOMETRIC_REPRESENTATION_CONTEXT(2) 
PARAMETRIC_REPRESENTATION_CONTEXT() REPRESENTATION_CONTEXT('2D SPACE',''
  ) );
#2800 = ( GEOMETRIC_REPRESENTATION_CONTEXT(3) 
GLOBAL_UNCERTAINTY_ASSIGNED_CONTEXT((#2804)) 
GLOBAL_UNIT_ASSIGNED_CONTEXT((#2801,#2802,#2803)) REPRESENTATION_CONTEXT
('Context #1','3D Context with UNIT and UNCERTAINTY') );
#2801 = ( LENGTH_UNIT() NAMED_UNIT(*) SI_UNIT(.MILLI.,.METRE.) );
#2802 = ( NAMED_UNIT(*) PLANE_ANGLE_UNIT() SI_UNIT($,.RADIAN.) );
#2803 = ( NAMED_UNIT(*) SI_UNIT($,.STERADIAN.) SOLID_ANGLE_UNIT() );
#2804 = UNCERTAINTY_MEASURE_WITH_UNIT(LENGTH_MEASURE(1.E-07),#2801,
  'distance_accuracy_value','confusion accuracy');
#2805 = CONTEXT_DEPENDENT_SHAPE_REPRESENTATION(#2806,#2808);
#2806 = ( REPRESENTATION_RELATIONSHIP('','',#2729,#10) 
REPRESENTATION_RELATIONSHIP_WITH_TRANSFORMATION(#2807) 
SHAPE_REPRESENTATION_RELATIONSHIP() );
#2807 = ITEM_DEFINED_TRANSFORMATION('','',#11,#131);
#2808 = PRODUCT_DEFINITION_SHAPE('Placement','Placement of an item',
  #2809);
#2809 = NEXT_ASSEMBLY_USAGE_OCCURRENCE('30','','',#5,#2724,$);
#2810 = PRODUCT_RELATED_PRODUCT_CATEGORY('part',$,(#2726));
ENDSEC;
END-ISO-10303-21;
