solid 
 facet normal -1.073089e-01 -9.941609e-01 -1.135250e-02
   outer loop
     vertex  7.898643e-02  1.123013e-01  8.538565e-01
     vertex  7.908080e-02  1.123013e-01  8.529645e-01
     vertex  8.357606e-02  1.118161e-01  8.529645e-01
   endloop
 endfacet
 facet normal -9.899198e-01 -9.103230e-02 -1.084985e-01
   outer loop
     vertex  9.590127e-02  9.426087e-02  8.640951e-01
     vertex  9.676535e-02  9.813065e-02  8.529645e-01
     vertex  9.712121e-02  9.426087e-02  8.529645e-01
   endloop
 endfacet
 facet normal -1.080894e-01 -9.940441e-01  1.389053e-02
   outer loop
     vertex  8.357606e-02  1.118161e-01  8.529645e-01
     vertex  7.906549e-02  1.123013e-01  8.525887e-01
     vertex  7.902124e-02  1.123013e-01  8.522443e-01
   endloop
 endfacet
 facet normal -1.073148e-01 -9.942155e-01  4.372558e-03
   outer loop
     vertex  8.357606e-02  1.118161e-01  8.529645e-01
     vertex  7.908080e-02  1.123013e-01  8.529645e-01
     vertex  7.906549e-02  1.123013e-01  8.525887e-01
   endloop
 endfacet
 facet normal -9.166146e-01 -3.453722e-01  2.013347e-01
   outer loop
     vertex  9.663707e-02  9.426087e-02  8.457422e-01
     vertex  9.676535e-02  9.813065e-02  8.529645e-01
     vertex  9.527309e-02  9.426087e-02  8.395325e-01
   endloop
 endfacet
 facet normal -9.935872e-01 -9.136956e-02  6.660396e-02
   outer loop
     vertex  9.712121e-02  9.426087e-02  8.529645e-01
     vertex  9.676535e-02  9.813065e-02  8.529645e-01
     vertex  9.663707e-02  9.426087e-02  8.457422e-01
   endloop
 endfacet
 facet normal -3.288343e-01 -9.422886e-01 -6.293063e-02
   outer loop
     vertex  8.749775e-02  1.099660e-01  8.601734e-01
     vertex  8.357606e-02  1.118161e-01  8.529645e-01
     vertex  8.757779e-02  1.104196e-01  8.529645e-01
   endloop
 endfacet
 facet normal -5.434289e-01 -8.373993e-01 -5.871447e-02
   outer loop
     vertex  8.749775e-02  1.099660e-01  8.601734e-01
     vertex  8.757779e-02  1.104196e-01  8.529645e-01
     vertex  9.099727e-02  1.082005e-01  8.529645e-01
   endloop
 endfacet
 facet normal -9.513833e-01 -2.604585e-01 -1.644117e-01
   outer loop
     vertex  9.329675e-02  1.036218e-01  8.643368e-01
     vertex  9.676535e-02  9.813065e-02  8.529645e-01
     vertex  9.590127e-02  9.426087e-02  8.640951e-01
   endloop
 endfacet
 facet normal -7.262167e-01 -6.759495e-01 -1.253061e-01
   outer loop
     vertex  9.329675e-02  1.036218e-01  8.643368e-01
     vertex  9.099727e-02  1.082005e-01  8.529645e-01
     vertex  9.374580e-02  1.052476e-01  8.529645e-01
   endloop
 endfacet
 facet normal -8.705252e-01 -4.811895e-01 -1.031624e-01
   outer loop
     vertex  9.329675e-02  1.036218e-01  8.643368e-01
     vertex  9.374580e-02  1.052476e-01  8.529645e-01
     vertex  9.573466e-02  1.016495e-01  8.529645e-01
   endloop
 endfacet
 facet normal -9.480700e-01 -2.776939e-01 -1.550789e-01
   outer loop
     vertex  9.329675e-02  1.036218e-01  8.643368e-01
     vertex  9.573466e-02  1.016495e-01  8.529645e-01
     vertex  9.676535e-02  9.813065e-02  8.529645e-01
   endloop
 endfacet
 facet normal -9.129376e-01 -2.455907e-01 -3.259297e-01
   outer loop
     vertex  9.329675e-02  1.036218e-01  8.643368e-01
     vertex  9.590127e-02  9.426087e-02  8.640951e-01
     vertex  9.336936e-02  9.426087e-02  8.711870e-01
   endloop
 endfacet
 facet normal -4.540839e-02 -9.855360e-01 -1.632691e-01
   outer loop
     vertex  8.149034e-02  1.099660e-01  8.684121e-01
     vertex  7.764185e-02  1.123013e-01  8.553864e-01
     vertex  7.792931e-02  1.123013e-01  8.553065e-01
   endloop
 endfacet
 facet normal -7.207212e-03 -9.864367e-01 -1.639840e-01
   outer loop
     vertex  7.745679e-02  1.099660e-01  8.694420e-01
     vertex  7.737830e-02  1.123013e-01  8.553980e-01
     vertex  7.764185e-02  1.123013e-01  8.553864e-01
   endloop
 endfacet
 facet normal  2.860158e-02 -9.860263e-01 -1.641159e-01
   outer loop
     vertex  7.745679e-02  1.099660e-01  8.694420e-01
     vertex  7.711660e-02  1.123013e-01  8.553524e-01
     vertex  7.737830e-02  1.123013e-01  8.553980e-01
   endloop
 endfacet
 facet normal -4.194616e-02 -9.855200e-01 -1.642891e-01
   outer loop
     vertex  7.745679e-02  1.099660e-01  8.694420e-01
     vertex  7.764185e-02  1.123013e-01  8.553864e-01
     vertex  8.149034e-02  1.099660e-01  8.684121e-01
   endloop
 endfacet
 facet normal  6.406166e-02 -9.853470e-01 -1.580740e-01
   outer loop
     vertex  7.342324e-02  1.099660e-01  8.684121e-01
     vertex  7.686294e-02  1.123013e-01  8.552496e-01
     vertex  7.711660e-02  1.123013e-01  8.553524e-01
   endloop
 endfacet
 facet normal  9.930382e-02 -9.838977e-01 -1.486073e-01
   outer loop
     vertex  7.342324e-02  1.099660e-01  8.684121e-01
     vertex  7.662351e-02  1.123013e-01  8.550896e-01
     vertex  7.686294e-02  1.123013e-01  8.552496e-01
   endloop
 endfacet
 facet normal  4.196240e-02 -9.855087e-01 -1.643527e-01
   outer loop
     vertex  7.342324e-02  1.099660e-01  8.684121e-01
     vertex  7.711660e-02  1.123013e-01  8.553524e-01
     vertex  7.745679e-02  1.099660e-01  8.694420e-01
   endloop
 endfacet
 facet normal  1.345413e-01 -9.815774e-01 -1.356627e-01
   outer loop
     vertex  6.990461e-02  1.099660e-01  8.653226e-01
     vertex  7.640451e-02  1.123013e-01  8.548724e-01
     vertex  7.662351e-02  1.123013e-01  8.550896e-01
   endloop
 endfacet
 facet normal  1.248054e-01 -9.819470e-01 -1.421395e-01
   outer loop
     vertex  6.990461e-02  1.099660e-01  8.653226e-01
     vertex  7.662351e-02  1.123013e-01  8.550896e-01
     vertex  7.342324e-02  1.099660e-01  8.684121e-01
   endloop
 endfacet
 facet normal  6.426273e-01 -3.309329e-01 -6.910236e-01
   outer loop
     vertex  6.554297e-02  1.036218e-01  8.724599e-01
     vertex  6.779033e-02  9.426087e-02  8.790328e-01
     vertex  6.520408e-02  9.426087e-02  8.766277e-01
   endloop
 endfacet
 facet normal  7.639305e-01 -2.853493e-01 -5.787796e-01
   outer loop
     vertex  6.554297e-02  1.036218e-01  8.724599e-01
     vertex  6.520408e-02  9.426087e-02  8.766277e-01
     vertex  6.290043e-02  9.426087e-02  8.735871e-01
   endloop
 endfacet
 facet normal  8.443067e-01 -2.924160e-01 -4.490424e-01
   outer loop
     vertex  6.554297e-02  1.036218e-01  8.724599e-01
     vertex  6.290043e-02  9.426087e-02  8.735871e-01
     vertex  6.094533e-02  9.426087e-02  8.699110e-01
   endloop
 endfacet
 facet normal  6.189568e-01 -3.463754e-01 -7.049231e-01
   outer loop
     vertex  6.554297e-02  1.036218e-01  8.724599e-01
     vertex  7.109373e-02  1.036218e-01  8.773337e-01
     vertex  6.779033e-02  9.426087e-02  8.790328e-01
   endloop
 endfacet
 facet normal  9.096083e-01 -2.587928e-01 -3.250217e-01
   outer loop
     vertex  6.161683e-02  1.036218e-01  8.643368e-01
     vertex  6.094533e-02  9.426087e-02  8.699110e-01
     vertex  5.940474e-02  9.426087e-02  8.655995e-01
   endloop
 endfacet
 facet normal  9.509848e-01 -2.493915e-01 -1.828438e-01
   outer loop
     vertex  6.161683e-02  1.036218e-01  8.643368e-01
     vertex  5.940474e-02  9.426087e-02  8.655995e-01
     vertex  5.810939e-02  9.426087e-02  8.588623e-01
   endloop
 endfacet
 facet normal  8.565846e-01 -3.079833e-01 -4.140159e-01
   outer loop
     vertex  6.161683e-02  1.036218e-01  8.643368e-01
     vertex  6.554297e-02  1.036218e-01  8.724599e-01
     vertex  6.094533e-02  9.426087e-02  8.699110e-01
   endloop
 endfacet
 facet normal  9.508666e-01 -2.834571e-01 -1.245182e-01
   outer loop
     vertex  6.012760e-02  1.036218e-01  8.529645e-01
     vertex  6.161683e-02  1.036218e-01  8.643368e-01
     vertex  5.810939e-02  9.426087e-02  8.588623e-01
   endloop
 endfacet
 facet normal  1.207670e-01 -9.823227e-01  1.430296e-01
   outer loop
     vertex  7.342324e-02  1.099660e-01  8.375169e-01
     vertex  7.674918e-02  1.123013e-01  8.507469e-01
     vertex  7.647175e-02  1.123013e-01  8.509811e-01
   endloop
 endfacet
 facet normal  7.652878e-02 -9.850049e-01  1.546243e-01
   outer loop
     vertex  7.342324e-02  1.099660e-01  8.375169e-01
     vertex  7.705190e-02  1.123013e-01  8.505971e-01
     vertex  7.674918e-02  1.123013e-01  8.507469e-01
   endloop
 endfacet
 facet normal  1.247423e-01 -9.819655e-01  1.420676e-01
   outer loop
     vertex  7.342324e-02  1.099660e-01  8.375169e-01
     vertex  7.647175e-02  1.123013e-01  8.509811e-01
     vertex  6.990461e-02  1.099660e-01  8.406064e-01
   endloop
 endfacet
 facet normal  8.210936e-01 -2.742346e-01  5.006003e-01
   outer loop
     vertex  6.554297e-02  1.036218e-01  8.334692e-01
     vertex  6.118256e-02  9.426087e-02  8.354932e-01
     vertex  6.432188e-02  9.426087e-02  8.303440e-01
   endloop
 endfacet
 facet normal  8.561871e-01 -3.093438e-01  4.138238e-01
   outer loop
     vertex  6.554297e-02  1.036218e-01  8.334692e-01
     vertex  6.161683e-02  1.036218e-01  8.415922e-01
     vertex  6.118256e-02  9.426087e-02  8.354932e-01
   endloop
 endfacet
 facet normal  3.611061e-02 -9.857688e-01  1.641822e-01
   outer loop
     vertex  7.745679e-02  1.099660e-01  8.364870e-01
     vertex  7.733677e-02  1.123013e-01  8.505344e-01
     vertex  7.705190e-02  1.123013e-01  8.505971e-01
   endloop
 endfacet
 facet normal -1.314918e-03 -9.864631e-01  1.639779e-01
   outer loop
     vertex  7.745679e-02  1.099660e-01  8.364870e-01
     vertex  7.759627e-02  1.123013e-01  8.505365e-01
     vertex  7.733677e-02  1.123013e-01  8.505344e-01
   endloop
 endfacet
 facet normal -3.681998e-02 -9.857380e-01  1.642098e-01
   outer loop
     vertex  7.745679e-02  1.099660e-01  8.364870e-01
     vertex  7.785259e-02  1.123013e-01  8.505940e-01
     vertex  7.759627e-02  1.123013e-01  8.505365e-01
   endloop
 endfacet
 facet normal  4.195099e-02 -9.855166e-01  1.643081e-01
   outer loop
     vertex  7.745679e-02  1.099660e-01  8.364870e-01
     vertex  7.705190e-02  1.123013e-01  8.505971e-01
     vertex  7.342324e-02  1.099660e-01  8.375169e-01
   endloop
 endfacet
 facet normal -4.195326e-02 -9.855150e-01  1.643169e-01
   outer loop
     vertex  8.149034e-02  1.099660e-01  8.375169e-01
     vertex  7.785259e-02  1.123013e-01  8.505940e-01
     vertex  7.745679e-02  1.099660e-01  8.364870e-01
   endloop
 endfacet
 facet normal -7.126152e-02 -9.851670e-01  1.561019e-01
   outer loop
     vertex  8.149034e-02  1.099660e-01  8.375169e-01
     vertex  7.809983e-02  1.123013e-01  8.507068e-01
     vertex  7.785259e-02  1.123013e-01  8.505940e-01
   endloop
 endfacet
 facet normal -1.063372e-01 -9.834369e-01  1.467793e-01
   outer loop
     vertex  8.149034e-02  1.099660e-01  8.375169e-01
     vertex  7.833209e-02  1.123013e-01  8.508751e-01
     vertex  7.809983e-02  1.123013e-01  8.507068e-01
   endloop
 endfacet
 facet normal -1.398911e-01 -9.813019e-01  1.322008e-01
   outer loop
     vertex  8.500897e-02  1.099660e-01  8.406064e-01
     vertex  7.854345e-02  1.123013e-01  8.510988e-01
     vertex  7.833209e-02  1.123013e-01  8.508751e-01
   endloop
 endfacet
 facet normal -1.248145e-01 -9.819444e-01  1.421499e-01
   outer loop
     vertex  8.500897e-02  1.099660e-01  8.406064e-01
     vertex  7.833209e-02  1.123013e-01  8.508751e-01
     vertex  8.149034e-02  1.099660e-01  8.375169e-01
   endloop
 endfacet
 facet normal -3.288343e-01 -9.422886e-01  6.293063e-02
   outer loop
     vertex  8.749775e-02  1.099660e-01  8.457556e-01
     vertex  8.757779e-02  1.104196e-01  8.529645e-01
     vertex  8.357606e-02  1.118161e-01  8.529645e-01
   endloop
 endfacet
 facet normal -5.434289e-01 -8.373993e-01  5.871447e-02
   outer loop
     vertex  8.749775e-02  1.099660e-01  8.457556e-01
     vertex  9.099727e-02  1.082005e-01  8.529645e-01
     vertex  8.757779e-02  1.104196e-01  8.529645e-01
   endloop
 endfacet
 facet normal -6.195529e-01 -3.439190e-01  7.056019e-01
   outer loop
     vertex  8.937061e-02  1.036218e-01  8.334692e-01
     vertex  8.381985e-02  1.036218e-01  8.285953e-01
     vertex  8.682200e-02  9.426087e-02  8.266687e-01
   endloop
 endfacet
 facet normal -6.255219e-01 -3.398830e-01  7.022833e-01
   outer loop
     vertex  8.937061e-02  1.036218e-01  8.334692e-01
     vertex  8.682200e-02  9.426087e-02  8.266687e-01
     vertex  8.939607e-02  9.426087e-02  8.289614e-01
   endloop
 endfacet
 facet normal -7.498963e-01 -2.886788e-01  5.952479e-01
   outer loop
     vertex  8.937061e-02  1.036218e-01  8.334692e-01
     vertex  8.939607e-02  9.426087e-02  8.289614e-01
     vertex  9.170451e-02  9.426087e-02  8.318696e-01
   endloop
 endfacet
 facet normal -8.347859e-01 -2.882830e-01  4.690687e-01
   outer loop
     vertex  8.937061e-02  1.036218e-01  8.334692e-01
     vertex  9.170451e-02  9.426087e-02  8.318696e-01
     vertex  9.368448e-02  9.426087e-02  8.353933e-01
   endloop
 endfacet
 facet normal -9.547856e-01 -2.401431e-01  1.752588e-01
   outer loop
     vertex  9.329675e-02  1.036218e-01  8.415922e-01
     vertex  9.527309e-02  9.426087e-02  8.395325e-01
     vertex  9.676535e-02  9.813065e-02  8.529645e-01
   endloop
 endfacet
 facet normal -8.561455e-01 -3.094858e-01  4.138036e-01
   outer loop
     vertex  9.329675e-02  1.036218e-01  8.415922e-01
     vertex  8.937061e-02  1.036218e-01  8.334692e-01
     vertex  9.368448e-02  9.426087e-02  8.353933e-01
   endloop
 endfacet
 facet normal -8.999633e-01 -2.660078e-01  3.454070e-01
   outer loop
     vertex  9.329675e-02  1.036218e-01  8.415922e-01
     vertex  9.368448e-02  9.426087e-02  8.353933e-01
     vertex  9.527309e-02  9.426087e-02  8.395325e-01
   endloop
 endfacet
 facet normal -7.262167e-01 -6.759495e-01  1.253061e-01
   outer loop
     vertex  9.329675e-02  1.036218e-01  8.415922e-01
     vertex  9.374580e-02  1.052476e-01  8.529645e-01
     vertex  9.099727e-02  1.082005e-01  8.529645e-01
   endloop
 endfacet
 facet normal -8.705252e-01 -4.811895e-01  1.031624e-01
   outer loop
     vertex  9.329675e-02  1.036218e-01  8.415922e-01
     vertex  9.573466e-02  1.016495e-01  8.529645e-01
     vertex  9.374580e-02  1.052476e-01  8.529645e-01
   endloop
 endfacet
 facet normal -9.480700e-01 -2.776939e-01  1.550789e-01
   outer loop
     vertex  9.329675e-02  1.036218e-01  8.415922e-01
     vertex  9.676535e-02  9.813065e-02  8.529645e-01
     vertex  9.573466e-02  1.016495e-01  8.529645e-01
   endloop
 endfacet
 facet normal -1.042357e-01 -9.938615e-01 -3.707181e-02
   outer loop
     vertex  8.317510e-02  1.116968e-01  8.582847e-01
     vertex  7.876248e-02  1.123013e-01  8.544862e-01
     vertex  7.898643e-02  1.123013e-01  8.538565e-01
   endloop
 endfacet
 facet normal -3.532997e-01 -9.342999e-01 -4.757116e-02
   outer loop
     vertex  8.317510e-02  1.116968e-01  8.582847e-01
     vertex  8.357606e-02  1.118161e-01  8.529645e-01
     vertex  8.749775e-02  1.099660e-01  8.601734e-01
   endloop
 endfacet
 facet normal -1.109704e-01 -9.933515e-01 -3.063169e-02
   outer loop
     vertex  8.317510e-02  1.116968e-01  8.582847e-01
     vertex  7.898643e-02  1.123013e-01  8.538565e-01
     vertex  8.357606e-02  1.118161e-01  8.529645e-01
   endloop
 endfacet
 facet normal -3.103212e-01 -9.387248e-01 -1.499886e-01
   outer loop
     vertex  8.317510e-02  1.116968e-01  8.582847e-01
     vertex  8.749775e-02  1.099660e-01  8.601734e-01
     vertex  8.500897e-02  1.099660e-01  8.653226e-01
   endloop
 endfacet
 facet normal -8.607572e-02 -9.946778e-01 -5.663081e-02
   outer loop
     vertex  8.134199e-02  1.116968e-01  8.611827e-01
     vertex  7.850603e-02  1.123013e-01  8.548760e-01
     vertex  7.876248e-02  1.123013e-01  8.544862e-01
   endloop
 endfacet
 facet normal -6.327911e-02 -9.957454e-01 -6.698419e-02
   outer loop
     vertex  8.134199e-02  1.116968e-01  8.611827e-01
     vertex  7.823206e-02  1.123013e-01  8.551348e-01
     vertex  7.850603e-02  1.123013e-01  8.548760e-01
   endloop
 endfacet
 facet normal -4.370129e-02 -9.960664e-01 -7.708352e-02
   outer loop
     vertex  8.134199e-02  1.116968e-01  8.611827e-01
     vertex  7.792931e-02  1.123013e-01  8.553065e-01
     vertex  7.823206e-02  1.123013e-01  8.551348e-01
   endloop
 endfacet
 facet normal -1.970628e-01 -9.543565e-01 -2.244326e-01
   outer loop
     vertex  8.134199e-02  1.116968e-01  8.611827e-01
     vertex  8.500897e-02  1.099660e-01  8.653226e-01
     vertex  8.149034e-02  1.099660e-01  8.684121e-01
   endloop
 endfacet
 facet normal  2.303741e-01 -9.452791e-01 -2.310306e-01
   outer loop
     vertex  8.134199e-02  1.116968e-01  8.611827e-01
     vertex  8.149034e-02  1.099660e-01  8.684121e-01
     vertex  7.792931e-02  1.123013e-01  8.553065e-01
   endloop
 endfacet
 facet normal -8.821023e-02 -9.945380e-01 -5.579598e-02
   outer loop
     vertex  8.134199e-02  1.116968e-01  8.611827e-01
     vertex  7.876248e-02  1.123013e-01  8.544862e-01
     vertex  8.317510e-02  1.116968e-01  8.582847e-01
   endloop
 endfacet
 facet normal -2.618061e-01 -9.508069e-01 -1.656013e-01
   outer loop
     vertex  8.134199e-02  1.116968e-01  8.611827e-01
     vertex  8.317510e-02  1.116968e-01  8.582847e-01
     vertex  8.500897e-02  1.099660e-01  8.653226e-01
   endloop
 endfacet
 facet normal -7.222051e-01 -5.971373e-01 -3.490658e-01
   outer loop
     vertex  8.935896e-02  1.072331e-01  8.663063e-01
     vertex  9.329675e-02  1.036218e-01  8.643368e-01
     vertex  8.937061e-02  1.036218e-01  8.724599e-01
   endloop
 endfacet
 facet normal -6.526708e-01 -7.456591e-01 -1.342138e-01
   outer loop
     vertex  8.935896e-02  1.072331e-01  8.663063e-01
     vertex  8.749775e-02  1.099660e-01  8.601734e-01
     vertex  9.099727e-02  1.082005e-01  8.529645e-01
   endloop
 endfacet
 facet normal -4.794044e-01 -8.464520e-01 -2.317121e-01
   outer loop
     vertex  8.935896e-02  1.072331e-01  8.663063e-01
     vertex  8.500897e-02  1.099660e-01  8.653226e-01
     vertex  8.749775e-02  1.099660e-01  8.601734e-01
   endloop
 endfacet
 facet normal -7.058725e-01 -6.949502e-01 -1.370697e-01
   outer loop
     vertex  8.935896e-02  1.072331e-01  8.663063e-01
     vertex  9.099727e-02  1.082005e-01  8.529645e-01
     vertex  9.329675e-02  1.036218e-01  8.643368e-01
   endloop
 endfacet
 facet normal -3.148751e-01 -8.787800e-01 -3.586077e-01
   outer loop
     vertex  8.528229e-02  1.072331e-01  8.717799e-01
     vertex  8.149034e-02  1.099660e-01  8.684121e-01
     vertex  8.500897e-02  1.099660e-01  8.653226e-01
   endloop
 endfacet
 facet normal -4.932474e-01 -6.641832e-01 -5.617540e-01
   outer loop
     vertex  8.528229e-02  1.072331e-01  8.717799e-01
     vertex  8.937061e-02  1.036218e-01  8.724599e-01
     vertex  8.381985e-02  1.036218e-01  8.773337e-01
   endloop
 endfacet
 facet normal -4.466173e-01 -8.305936e-01 -3.326369e-01
   outer loop
     vertex  8.528229e-02  1.072331e-01  8.717799e-01
     vertex  8.500897e-02  1.099660e-01  8.653226e-01
     vertex  8.935896e-02  1.072331e-01  8.663063e-01
   endloop
 endfacet
 facet normal -5.613383e-01 -7.142187e-01 -4.180801e-01
   outer loop
     vertex  8.528229e-02  1.072331e-01  8.717799e-01
     vertex  8.935896e-02  1.072331e-01  8.663063e-01
     vertex  8.937061e-02  1.036218e-01  8.724599e-01
   endloop
 endfacet
 facet normal -1.086489e-01 -8.983930e-01 -4.255414e-01
   outer loop
     vertex  8.017932e-02  1.072331e-01  8.745167e-01
     vertex  7.745679e-02  1.099660e-01  8.694420e-01
     vertex  8.149034e-02  1.099660e-01  8.684121e-01
   endloop
 endfacet
 facet normal -3.080039e-01 -7.584947e-01 -5.742990e-01
   outer loop
     vertex  8.017932e-02  1.072331e-01  8.745167e-01
     vertex  8.528229e-02  1.072331e-01  8.717799e-01
     vertex  8.381985e-02  1.036218e-01  8.773337e-01
   endloop
 endfacet
 facet normal -1.744713e-01 -7.089416e-01 -6.833459e-01
   outer loop
     vertex  8.017932e-02  1.072331e-01  8.745167e-01
     vertex  8.381985e-02  1.036218e-01  8.773337e-01
     vertex  7.745679e-02  1.036218e-01  8.789583e-01
   endloop
 endfacet
 facet normal -2.353308e-01 -8.672251e-01 -4.387938e-01
   outer loop
     vertex  8.017932e-02  1.072331e-01  8.745167e-01
     vertex  8.149034e-02  1.099660e-01  8.684121e-01
     vertex  8.528229e-02  1.072331e-01  8.717799e-01
   endloop
 endfacet
 facet normal -8.735754e-01 -2.420526e-01 -4.222281e-01
   outer loop
     vertex  8.849423e-02  9.925644e-02  8.767756e-01
     vertex  8.937061e-02  1.036218e-01  8.724599e-01
     vertex  9.329675e-02  1.036218e-01  8.643368e-01
   endloop
 endfacet
 facet normal -5.631651e-01 -5.210313e-01 -6.413825e-01
   outer loop
     vertex  8.849423e-02  9.925644e-02  8.767756e-01
     vertex  8.381985e-02  1.036218e-01  8.773337e-01
     vertex  8.937061e-02  1.036218e-01  8.724599e-01
   endloop
 endfacet
 facet normal -8.195562e-01 -1.984429e-01 -5.375388e-01
   outer loop
     vertex  8.849423e-02  9.925644e-02  8.767756e-01
     vertex  9.336936e-02  9.426087e-02  8.711870e-01
     vertex  9.006937e-02  9.426087e-02  8.762183e-01
   endloop
 endfacet
 facet normal -6.705688e-01 -1.299531e-01 -7.303764e-01
   outer loop
     vertex  8.849423e-02  9.925644e-02  8.767756e-01
     vertex  9.006937e-02  9.426087e-02  8.762183e-01
     vertex  8.651205e-02  9.426087e-02  8.794843e-01
   endloop
 endfacet
 facet normal -8.373305e-01 -3.270664e-01 -4.380699e-01
   outer loop
     vertex  8.849423e-02  9.925644e-02  8.767756e-01
     vertex  9.329675e-02  1.036218e-01  8.643368e-01
     vertex  9.336936e-02  9.426087e-02  8.711870e-01
   endloop
 endfacet
 facet normal  1.744713e-01 -7.089416e-01 -6.833459e-01
   outer loop
     vertex  7.473426e-02  1.072331e-01  8.745167e-01
     vertex  7.745679e-02  1.036218e-01  8.789583e-01
     vertex  7.109373e-02  1.036218e-01  8.773337e-01
   endloop
 endfacet
 facet normal  1.086489e-01 -8.983930e-01 -4.255414e-01
   outer loop
     vertex  7.473426e-02  1.072331e-01  8.745167e-01
     vertex  7.342324e-02  1.099660e-01  8.684121e-01
     vertex  7.745679e-02  1.099660e-01  8.694420e-01
   endloop
 endfacet
 facet normal  0.000000e+00 -7.759070e-01 -6.308472e-01
   outer loop
     vertex  7.473426e-02  1.072331e-01  8.745167e-01
     vertex  8.017932e-02  1.072331e-01  8.745167e-01
     vertex  7.745679e-02  1.036218e-01  8.789583e-01
   endloop
 endfacet
 facet normal  0.000000e+00 -8.804383e-01 -4.741608e-01
   outer loop
     vertex  7.473426e-02  1.072331e-01  8.745167e-01
     vertex  7.745679e-02  1.099660e-01  8.694420e-01
     vertex  8.017932e-02  1.072331e-01  8.745167e-01
   endloop
 endfacet
 facet normal -1.928429e-01 -6.263636e-01 -7.553014e-01
   outer loop
     vertex  8.046070e-02  1.007877e-01  8.805417e-01
     vertex  7.745679e-02  1.036218e-01  8.789583e-01
     vertex  8.381985e-02  1.036218e-01  8.773337e-01
   endloop
 endfacet
 facet normal -4.683749e-01 -1.905113e-01 -8.627459e-01
   outer loop
     vertex  8.205101e-02  9.925644e-02  8.808031e-01
     vertex  8.651205e-02  9.426087e-02  8.794843e-01
     vertex  8.298084e-02  9.426087e-02  8.814014e-01
   endloop
 endfacet
 facet normal -2.561180e-01 -1.618143e-01 -9.530056e-01
   outer loop
     vertex  8.205101e-02  9.925644e-02  8.808031e-01
     vertex  8.298084e-02  9.426087e-02  8.814014e-01
     vertex  7.964224e-02  9.426087e-02  8.822986e-01
   endloop
 endfacet
 facet normal -5.142766e-01 -2.420581e-01 -8.227560e-01
   outer loop
     vertex  8.205101e-02  9.925644e-02  8.808031e-01
     vertex  8.849423e-02  9.925644e-02  8.767756e-01
     vertex  8.651205e-02  9.426087e-02  8.794843e-01
   endloop
 endfacet
 facet normal -3.448784e-01 -4.943818e-01 -7.979007e-01
   outer loop
     vertex  8.205101e-02  9.925644e-02  8.808031e-01
     vertex  8.046070e-02  1.007877e-01  8.805417e-01
     vertex  8.381985e-02  1.036218e-01  8.773337e-01
   endloop
 endfacet
 facet normal -4.816907e-01 -4.172680e-01 -7.706240e-01
   outer loop
     vertex  8.205101e-02  9.925644e-02  8.808031e-01
     vertex  8.381985e-02  1.036218e-01  8.773337e-01
     vertex  8.849423e-02  9.925644e-02  8.767756e-01
   endloop
 endfacet
 facet normal  8.428385e-02 -9.946881e-01 -5.909145e-02
   outer loop
     vertex  7.184389e-02  1.116968e-01  8.585427e-01
     vertex  7.621215e-02  1.123013e-01  8.545980e-01
     vertex  7.640451e-02  1.123013e-01  8.548724e-01
   endloop
 endfacet
 facet normal  9.591719e-02 -9.943188e-01 -4.615217e-02
   outer loop
     vertex  7.184389e-02  1.116968e-01  8.585427e-01
     vertex  7.605261e-02  1.123013e-01  8.542665e-01
     vertex  7.621215e-02  1.123013e-01  8.545980e-01
   endloop
 endfacet
 facet normal  1.085157e-01 -9.935254e-01 -3.364033e-02
   outer loop
     vertex  7.184389e-02  1.116968e-01  8.585427e-01
     vertex  7.593209e-02  1.123013e-01  8.538777e-01
     vertex  7.605261e-02  1.123013e-01  8.542665e-01
   endloop
 endfacet
 facet normal  3.113315e-01 -9.383120e-01 -1.504769e-01
   outer loop
     vertex  7.184389e-02  1.116968e-01  8.585427e-01
     vertex  6.990461e-02  1.099660e-01  8.653226e-01
     vertex  6.741583e-02  1.099660e-01  8.601734e-01
   endloop
 endfacet
 facet normal -9.075230e-02 -9.584009e-01 -2.706135e-01
   outer loop
     vertex  7.184389e-02  1.116968e-01  8.585427e-01
     vertex  7.640451e-02  1.123013e-01  8.548724e-01
     vertex  6.990461e-02  1.099660e-01  8.653226e-01
   endloop
 endfacet
 facet normal  3.148751e-01 -8.787800e-01 -3.586077e-01
   outer loop
     vertex  6.963129e-02  1.072331e-01  8.717799e-01
     vertex  6.990461e-02  1.099660e-01  8.653226e-01
     vertex  7.342324e-02  1.099660e-01  8.684121e-01
   endloop
 endfacet
 facet normal  3.080039e-01 -7.584947e-01 -5.742990e-01
   outer loop
     vertex  6.963129e-02  1.072331e-01  8.717799e-01
     vertex  7.473426e-02  1.072331e-01  8.745167e-01
     vertex  7.109373e-02  1.036218e-01  8.773337e-01
   endloop
 endfacet
 facet normal  2.353308e-01 -8.672251e-01 -4.387938e-01
   outer loop
     vertex  6.963129e-02  1.072331e-01  8.717799e-01
     vertex  7.342324e-02  1.099660e-01  8.684121e-01
     vertex  7.473426e-02  1.072331e-01  8.745167e-01
   endloop
 endfacet
 facet normal  4.932474e-01 -6.641832e-01 -5.617540e-01
   outer loop
     vertex  6.963129e-02  1.072331e-01  8.717799e-01
     vertex  7.109373e-02  1.036218e-01  8.773337e-01
     vertex  6.554297e-02  1.036218e-01  8.724599e-01
   endloop
 endfacet
 facet normal  1.165377e-01 -9.930385e-01 -1.713173e-02
   outer loop
     vertex  7.107043e-02  1.116968e-01  8.558450e-01
     vertex  7.584281e-02  1.123013e-01  8.532704e-01
     vertex  7.593209e-02  1.123013e-01  8.538777e-01
   endloop
 endfacet
 facet normal  1.106689e-01 -9.933507e-01 -3.173068e-02
   outer loop
     vertex  7.107043e-02  1.116968e-01  8.558450e-01
     vertex  7.593209e-02  1.123013e-01  8.538777e-01
     vertex  7.184389e-02  1.116968e-01  8.585427e-01
   endloop
 endfacet
 facet normal  3.318021e-01 -9.385398e-01 -9.513337e-02
   outer loop
     vertex  7.107043e-02  1.116968e-01  8.558450e-01
     vertex  7.184389e-02  1.116968e-01  8.585427e-01
     vertex  6.741583e-02  1.099660e-01  8.601734e-01
   endloop
 endfacet
 facet normal  3.788807e-01 -9.241146e-01 -4.961533e-02
   outer loop
     vertex  7.107043e-02  1.116968e-01  8.558450e-01
     vertex  6.741583e-02  1.099660e-01  8.601734e-01
     vertex  6.647181e-02  1.099660e-01  8.529645e-01
   endloop
 endfacet
 facet normal  1.925615e-01 -6.277766e-01 -7.541993e-01
   outer loop
     vertex  7.391068e-02  1.007877e-01  8.804120e-01
     vertex  7.109373e-02  1.036218e-01  8.773337e-01
     vertex  7.745679e-02  1.036218e-01  8.789583e-01
   endloop
 endfacet
 facet normal  5.081783e-01 -3.064518e-01 -8.048864e-01
   outer loop
     vertex  7.391068e-02  1.007877e-01  8.804120e-01
     vertex  7.059322e-02  9.426087e-02  8.808025e-01
     vertex  6.779033e-02  9.426087e-02  8.790328e-01
   endloop
 endfacet
 facet normal  5.266924e-01 -3.281957e-01 -7.841445e-01
   outer loop
     vertex  7.391068e-02  1.007877e-01  8.804120e-01
     vertex  6.779033e-02  9.426087e-02  8.790328e-01
     vertex  7.109373e-02  1.036218e-01  8.773337e-01
   endloop
 endfacet
 facet normal -4.027475e-03 -4.909687e-01 -8.711679e-01
   outer loop
     vertex  7.555342e-02  9.925644e-02  8.814273e-01
     vertex  7.745679e-02  1.036218e-01  8.789583e-01
     vertex  8.046070e-02  1.007877e-01  8.805417e-01
   endloop
 endfacet
 facet normal -4.372483e-02 -2.062795e-01 -9.775157e-01
   outer loop
     vertex  7.555342e-02  9.925644e-02  8.814273e-01
     vertex  7.964224e-02  9.426087e-02  8.822986e-01
     vertex  7.658513e-02  9.426087e-02  8.824354e-01
   endloop
 endfacet
 facet normal  1.597977e-01 -1.634418e-01 -9.735253e-01
   outer loop
     vertex  7.555342e-02  9.925644e-02  8.814273e-01
     vertex  7.658513e-02  9.426087e-02  8.824354e-01
     vertex  7.354681e-02  9.426087e-02  8.819366e-01
   endloop
 endfacet
 facet normal  3.486481e-01 -2.326113e-01 -9.079298e-01
   outer loop
     vertex  7.555342e-02  9.925644e-02  8.814273e-01
     vertex  7.354681e-02  9.426087e-02  8.819366e-01
     vertex  7.059322e-02  9.426087e-02  8.808025e-01
   endloop
 endfacet
 facet normal -9.274084e-02 -2.442618e-01 -9.652644e-01
   outer loop
     vertex  7.555342e-02  9.925644e-02  8.814273e-01
     vertex  8.205101e-02  9.925644e-02  8.808031e-01
     vertex  7.964224e-02  9.426087e-02  8.822986e-01
   endloop
 endfacet
 facet normal -9.234890e-02 -2.599905e-01 -9.611850e-01
   outer loop
     vertex  7.555342e-02  9.925644e-02  8.814273e-01
     vertex  8.046070e-02  1.007877e-01  8.805417e-01
     vertex  8.205101e-02  9.925644e-02  8.808031e-01
   endloop
 endfacet
 facet normal  3.468662e-01 -2.306955e-01 -9.091004e-01
   outer loop
     vertex  7.555342e-02  9.925644e-02  8.814273e-01
     vertex  7.059322e-02  9.426087e-02  8.808025e-01
     vertex  7.391068e-02  1.007877e-01  8.804120e-01
   endloop
 endfacet
 facet normal  5.547550e-02 -5.097620e-01 -8.585250e-01
   outer loop
     vertex  7.555342e-02  9.925644e-02  8.814273e-01
     vertex  7.391068e-02  1.007877e-01  8.804120e-01
     vertex  7.745679e-02  1.036218e-01  8.789583e-01
   endloop
 endfacet
 facet normal  5.613383e-01 -7.142187e-01 -4.180801e-01
   outer loop
     vertex  6.555462e-02  1.072331e-01  8.663063e-01
     vertex  6.963129e-02  1.072331e-01  8.717799e-01
     vertex  6.554297e-02  1.036218e-01  8.724599e-01
   endloop
 endfacet
 facet normal  4.794044e-01 -8.464520e-01 -2.317121e-01
   outer loop
     vertex  6.555462e-02  1.072331e-01  8.663063e-01
     vertex  6.741583e-02  1.099660e-01  8.601734e-01
     vertex  6.990461e-02  1.099660e-01  8.653226e-01
   endloop
 endfacet
 facet normal  7.222051e-01 -5.971373e-01 -3.490658e-01
   outer loop
     vertex  6.555462e-02  1.072331e-01  8.663063e-01
     vertex  6.554297e-02  1.036218e-01  8.724599e-01
     vertex  6.161683e-02  1.036218e-01  8.643368e-01
   endloop
 endfacet
 facet normal  4.466173e-01 -8.305936e-01 -3.326369e-01
   outer loop
     vertex  6.555462e-02  1.072331e-01  8.663063e-01
     vertex  6.990461e-02  1.099660e-01  8.653226e-01
     vertex  6.963129e-02  1.072331e-01  8.717799e-01
   endloop
 endfacet
 facet normal  3.778209e-01 -9.245558e-01  4.947654e-02
   outer loop
     vertex  7.111981e-02  1.116968e-01  8.498127e-01
     vertex  6.647181e-02  1.099660e-01  8.529645e-01
     vertex  6.741583e-02  1.099660e-01  8.457556e-01
   endloop
 endfacet
 facet normal  1.254690e-01 -9.920954e-01  2.056409e-03
   outer loop
     vertex  7.111981e-02  1.116968e-01  8.498127e-01
     vertex  7.585524e-02  1.123013e-01  8.525121e-01
     vertex  7.584281e-02  1.123013e-01  8.532704e-01
   endloop
 endfacet
 facet normal  1.139836e-01 -9.932287e-01  2.245891e-02
   outer loop
     vertex  7.111981e-02  1.116968e-01  8.498127e-01
     vertex  7.598334e-02  1.123013e-01  8.518619e-01
     vertex  7.585524e-02  1.123013e-01  8.525121e-01
   endloop
 endfacet
 facet normal  1.262063e-01 -9.920035e-01  1.033213e-03
   outer loop
     vertex  7.111981e-02  1.116968e-01  8.498127e-01
     vertex  7.584281e-02  1.123013e-01  8.532704e-01
     vertex  7.107043e-02  1.116968e-01  8.558450e-01
   endloop
 endfacet
 facet normal  3.506644e-01 -9.364968e-01  2.870783e-03
   outer loop
     vertex  7.111981e-02  1.116968e-01  8.498127e-01
     vertex  7.107043e-02  1.116968e-01  8.558450e-01
     vertex  6.647181e-02  1.099660e-01  8.529645e-01
   endloop
 endfacet
 facet normal  5.668928e-01 -8.204398e-01 -7.423597e-02
   outer loop
     vertex  6.318844e-02  1.072331e-01  8.580960e-01
     vertex  6.647181e-02  1.099660e-01  8.529645e-01
     vertex  6.741583e-02  1.099660e-01  8.601734e-01
   endloop
 endfacet
 facet normal  5.927720e-01 -7.870433e-01 -1.708336e-01
   outer loop
     vertex  6.318844e-02  1.072331e-01  8.580960e-01
     vertex  6.741583e-02  1.099660e-01  8.601734e-01
     vertex  6.555462e-02  1.072331e-01  8.663063e-01
   endloop
 endfacet
 facet normal  7.153781e-01 -6.676293e-01 -2.061680e-01
   outer loop
     vertex  6.318844e-02  1.072331e-01  8.580960e-01
     vertex  6.555462e-02  1.072331e-01  8.663063e-01
     vertex  6.161683e-02  1.036218e-01  8.643368e-01
   endloop
 endfacet
 facet normal  8.290989e-01 -5.484588e-01 -1.085725e-01
   outer loop
     vertex  6.318844e-02  1.072331e-01  8.580960e-01
     vertex  6.161683e-02  1.036218e-01  8.643368e-01
     vertex  6.012760e-02  1.036218e-01  8.529645e-01
   endloop
 endfacet
 facet normal  9.923311e-02 -9.941564e-01  4.249451e-02
   outer loop
     vertex  7.183450e-02  1.116968e-01  8.474086e-01
     vertex  7.620665e-02  1.123013e-01  8.513404e-01
     vertex  7.598334e-02  1.123013e-01  8.518619e-01
   endloop
 endfacet
 facet normal  8.267149e-02 -9.947085e-01  6.099546e-02
   outer loop
     vertex  7.183450e-02  1.116968e-01  8.474086e-01
     vertex  7.647175e-02  1.123013e-01  8.509811e-01
     vertex  7.620665e-02  1.123013e-01  8.513404e-01
   endloop
 endfacet
 facet normal  3.308320e-01 -9.385512e-01  9.834577e-02
   outer loop
     vertex  7.183450e-02  1.116968e-01  8.474086e-01
     vertex  7.111981e-02  1.116968e-01  8.498127e-01
     vertex  6.741583e-02  1.099660e-01  8.457556e-01
   endloop
 endfacet
 facet normal  1.097276e-01 -9.934263e-01  3.261851e-02
   outer loop
     vertex  7.183450e-02  1.116968e-01  8.474086e-01
     vertex  7.598334e-02  1.123013e-01  8.518619e-01
     vertex  7.111981e-02  1.116968e-01  8.498127e-01
   endloop
 endfacet
 facet normal  3.112610e-01 -9.383408e-01  1.504428e-01
   outer loop
     vertex  7.183450e-02  1.116968e-01  8.474086e-01
     vertex  6.741583e-02  1.099660e-01  8.457556e-01
     vertex  6.990461e-02  1.099660e-01  8.406064e-01
   endloop
 endfacet
 facet normal -8.070076e-02 -9.602494e-01  2.672235e-01
   outer loop
     vertex  7.183450e-02  1.116968e-01  8.474086e-01
     vertex  6.990461e-02  1.099660e-01  8.406064e-01
     vertex  7.647175e-02  1.123013e-01  8.509811e-01
   endloop
 endfacet
 facet normal  5.668928e-01 -8.204398e-01  7.423597e-02
   outer loop
     vertex  6.318844e-02  1.072331e-01  8.478330e-01
     vertex  6.741583e-02  1.099660e-01  8.457556e-01
     vertex  6.647181e-02  1.099660e-01  8.529645e-01
   endloop
 endfacet
 facet normal  8.290989e-01 -5.484588e-01  1.085725e-01
   outer loop
     vertex  6.318844e-02  1.072331e-01  8.478330e-01
     vertex  6.012760e-02  1.036218e-01  8.529645e-01
     vertex  6.161683e-02  1.036218e-01  8.415922e-01
   endloop
 endfacet
 facet normal  6.397498e-01 -7.685833e-01  0.000000e+00
   outer loop
     vertex  6.318844e-02  1.072331e-01  8.478330e-01
     vertex  6.647181e-02  1.099660e-01  8.529645e-01
     vertex  6.318844e-02  1.072331e-01  8.580960e-01
   endloop
 endfacet
 facet normal  7.628446e-01 -6.465819e-01  0.000000e+00
   outer loop
     vertex  6.318844e-02  1.072331e-01  8.478330e-01
     vertex  6.318844e-02  1.072331e-01  8.580960e-01
     vertex  6.012760e-02  1.036218e-01  8.529645e-01
   endloop
 endfacet
 facet normal  5.927720e-01 -7.870433e-01  1.708336e-01
   outer loop
     vertex  6.555462e-02  1.072331e-01  8.396227e-01
     vertex  6.741583e-02  1.099660e-01  8.457556e-01
     vertex  6.318844e-02  1.072331e-01  8.478330e-01
   endloop
 endfacet
 facet normal  4.794044e-01 -8.464520e-01  2.317121e-01
   outer loop
     vertex  6.555462e-02  1.072331e-01  8.396227e-01
     vertex  6.990461e-02  1.099660e-01  8.406064e-01
     vertex  6.741583e-02  1.099660e-01  8.457556e-01
   endloop
 endfacet
 facet normal  7.222051e-01 -5.971373e-01  3.490658e-01
   outer loop
     vertex  6.555462e-02  1.072331e-01  8.396227e-01
     vertex  6.161683e-02  1.036218e-01  8.415922e-01
     vertex  6.554297e-02  1.036218e-01  8.334692e-01
   endloop
 endfacet
 facet normal  7.153781e-01 -6.676293e-01  2.061680e-01
   outer loop
     vertex  6.555462e-02  1.072331e-01  8.396227e-01
     vertex  6.318844e-02  1.072331e-01  8.478330e-01
     vertex  6.161683e-02  1.036218e-01  8.415922e-01
   endloop
 endfacet
 facet normal  9.681827e-01 -2.487926e-01 -2.691444e-02
   outer loop
     vertex  5.900850e-02  9.925644e-02  8.450275e-01
     vertex  5.810939e-02  9.426087e-02  8.588623e-01
     vertex  5.786528e-02  9.426087e-02  8.500809e-01
   endloop
 endfacet
 facet normal  9.868418e-01 -8.986130e-02  1.344182e-01
   outer loop
     vertex  5.900850e-02  9.925644e-02  8.450275e-01
     vertex  5.786528e-02  9.426087e-02  8.500809e-01
     vertex  5.895616e-02  9.426087e-02  8.420721e-01
   endloop
 endfacet
 facet normal  9.289139e-01 -1.957038e-01  3.143548e-01
   outer loop
     vertex  5.900850e-02  9.925644e-02  8.450275e-01
     vertex  5.895616e-02  9.426087e-02  8.420721e-01
     vertex  6.118256e-02  9.426087e-02  8.354932e-01
   endloop
 endfacet
 facet normal  8.902956e-01 -4.402060e-01  1.165863e-01
   outer loop
     vertex  5.900850e-02  9.925644e-02  8.450275e-01
     vertex  6.161683e-02  1.036218e-01  8.415922e-01
     vertex  6.012760e-02  1.036218e-01  8.529645e-01
   endloop
 endfacet
 facet normal  9.752536e-01 -2.204923e-01 -1.623607e-02
   outer loop
     vertex  5.900850e-02  9.925644e-02  8.450275e-01
     vertex  6.012760e-02  1.036218e-01  8.529645e-01
     vertex  5.810939e-02  9.426087e-02  8.588623e-01
   endloop
 endfacet
 facet normal  9.000597e-01 -2.664277e-01  3.448316e-01
   outer loop
     vertex  5.900850e-02  9.925644e-02  8.450275e-01
     vertex  6.118256e-02  9.426087e-02  8.354932e-01
     vertex  6.161683e-02  1.036218e-01  8.415922e-01
   endloop
 endfacet
 facet normal  5.613383e-01 -7.142187e-01  4.180801e-01
   outer loop
     vertex  6.963129e-02  1.072331e-01  8.341491e-01
     vertex  6.555462e-02  1.072331e-01  8.396227e-01
     vertex  6.554297e-02  1.036218e-01  8.334692e-01
   endloop
 endfacet
 facet normal  4.932474e-01 -6.641832e-01  5.617540e-01
   outer loop
     vertex  6.963129e-02  1.072331e-01  8.341491e-01
     vertex  6.554297e-02  1.036218e-01  8.334692e-01
     vertex  7.109373e-02  1.036218e-01  8.285953e-01
   endloop
 endfacet
 facet normal  3.148751e-01 -8.787800e-01  3.586077e-01
   outer loop
     vertex  6.963129e-02  1.072331e-01  8.341491e-01
     vertex  7.342324e-02  1.099660e-01  8.375169e-01
     vertex  6.990461e-02  1.099660e-01  8.406064e-01
   endloop
 endfacet
 facet normal  4.466173e-01 -8.305936e-01  3.326369e-01
   outer loop
     vertex  6.963129e-02  1.072331e-01  8.341491e-01
     vertex  6.990461e-02  1.099660e-01  8.406064e-01
     vertex  6.555462e-02  1.072331e-01  8.396227e-01
   endloop
 endfacet
 facet normal  3.080039e-01 -7.584947e-01  5.742990e-01
   outer loop
     vertex  7.473426e-02  1.072331e-01  8.314123e-01
     vertex  6.963129e-02  1.072331e-01  8.341491e-01
     vertex  7.109373e-02  1.036218e-01  8.285953e-01
   endloop
 endfacet
 facet normal  2.353308e-01 -8.672251e-01  4.387938e-01
   outer loop
     vertex  7.473426e-02  1.072331e-01  8.314123e-01
     vertex  7.342324e-02  1.099660e-01  8.375169e-01
     vertex  6.963129e-02  1.072331e-01  8.341491e-01
   endloop
 endfacet
 facet normal  1.086489e-01 -8.983930e-01  4.255414e-01
   outer loop
     vertex  7.473426e-02  1.072331e-01  8.314123e-01
     vertex  7.745679e-02  1.099660e-01  8.364870e-01
     vertex  7.342324e-02  1.099660e-01  8.375169e-01
   endloop
 endfacet
 facet normal  1.744713e-01 -7.089416e-01  6.833459e-01
   outer loop
     vertex  7.473426e-02  1.072331e-01  8.314123e-01
     vertex  7.109373e-02  1.036218e-01  8.285953e-01
     vertex  7.745679e-02  1.036218e-01  8.269707e-01
   endloop
 endfacet
 facet normal -1.086489e-01 -8.983930e-01  4.255414e-01
   outer loop
     vertex  8.017932e-02  1.072331e-01  8.314123e-01
     vertex  8.149034e-02  1.099660e-01  8.375169e-01
     vertex  7.745679e-02  1.099660e-01  8.364870e-01
   endloop
 endfacet
 facet normal  0.000000e+00 -7.759070e-01  6.308472e-01
   outer loop
     vertex  8.017932e-02  1.072331e-01  8.314123e-01
     vertex  7.473426e-02  1.072331e-01  8.314123e-01
     vertex  7.745679e-02  1.036218e-01  8.269707e-01
   endloop
 endfacet
 facet normal  0.000000e+00 -8.804383e-01  4.741608e-01
   outer loop
     vertex  8.017932e-02  1.072331e-01  8.314123e-01
     vertex  7.745679e-02  1.099660e-01  8.364870e-01
     vertex  7.473426e-02  1.072331e-01  8.314123e-01
   endloop
 endfacet
 facet normal -1.744713e-01 -7.089416e-01  6.833459e-01
   outer loop
     vertex  8.017932e-02  1.072331e-01  8.314123e-01
     vertex  7.745679e-02  1.036218e-01  8.269707e-01
     vertex  8.381985e-02  1.036218e-01  8.285953e-01
   endloop
 endfacet
 facet normal  1.926938e-01 -6.271131e-01  7.547174e-01
   outer loop
     vertex  7.430337e-02  1.007877e-01  8.254209e-01
     vertex  7.745679e-02  1.036218e-01  8.269707e-01
     vertex  7.109373e-02  1.036218e-01  8.285953e-01
   endloop
 endfacet
 facet normal  3.502745e-01 -4.943837e-01  7.955454e-01
   outer loop
     vertex  7.263635e-02  9.925644e-02  8.252033e-01
     vertex  7.430337e-02  1.007877e-01  8.254209e-01
     vertex  7.109373e-02  1.036218e-01  8.285953e-01
   endloop
 endfacet
 facet normal  2.968389e-01 -1.535901e-01  9.424950e-01
   outer loop
     vertex  7.263635e-02  9.925644e-02  8.252033e-01
     vertex  7.116761e-02  9.426087e-02  8.248518e-01
     vertex  7.479456e-02  9.426087e-02  8.237095e-01
   endloop
 endfacet
 facet normal -3.496732e-01 -9.355439e-01  4.986322e-02
   outer loop
     vertex  8.311527e-02  1.116968e-01  8.474955e-01
     vertex  8.749775e-02  1.099660e-01  8.457556e-01
     vertex  8.357606e-02  1.118161e-01  8.529645e-01
   endloop
 endfacet
 facet normal -1.107213e-01 -9.933682e-01  3.099146e-02
   outer loop
     vertex  8.311527e-02  1.116968e-01  8.474955e-01
     vertex  8.357606e-02  1.118161e-01  8.529645e-01
     vertex  7.902124e-02  1.123013e-01  8.522443e-01
   endloop
 endfacet
 facet normal -3.109547e-01 -9.384661e-01  1.502948e-01
   outer loop
     vertex  8.311527e-02  1.116968e-01  8.474955e-01
     vertex  8.500897e-02  1.099660e-01  8.406064e-01
     vertex  8.749775e-02  1.099660e-01  8.457556e-01
   endloop
 endfacet
 facet normal -8.644532e-02 -9.946147e-01  5.717368e-02
   outer loop
     vertex  8.311527e-02  1.116968e-01  8.474955e-01
     vertex  7.872801e-02  1.123013e-01  8.513778e-01
     vertex  7.854345e-02  1.123013e-01  8.510988e-01
   endloop
 endfacet
 facet normal -9.772169e-02 -9.942242e-01  4.436978e-02
   outer loop
     vertex  8.311527e-02  1.116968e-01  8.474955e-01
     vertex  7.887986e-02  1.123013e-01  8.517122e-01
     vertex  7.872801e-02  1.123013e-01  8.513778e-01
   endloop
 endfacet
 facet normal -1.121019e-01 -9.932502e-01  2.978625e-02
   outer loop
     vertex  8.311527e-02  1.116968e-01  8.474955e-01
     vertex  7.902124e-02  1.123013e-01  8.522443e-01
     vertex  7.887986e-02  1.123013e-01  8.517122e-01
   endloop
 endfacet
 facet normal  8.072410e-02 -9.612269e-01  2.636786e-01
   outer loop
     vertex  8.311527e-02  1.116968e-01  8.474955e-01
     vertex  7.854345e-02  1.123013e-01  8.510988e-01
     vertex  8.500897e-02  1.099660e-01  8.406064e-01
   endloop
 endfacet
 facet normal -2.353308e-01 -8.672251e-01  4.387938e-01
   outer loop
     vertex  8.528229e-02  1.072331e-01  8.341491e-01
     vertex  8.149034e-02  1.099660e-01  8.375169e-01
     vertex  8.017932e-02  1.072331e-01  8.314123e-01
   endloop
 endfacet
 facet normal -4.932474e-01 -6.641832e-01  5.617540e-01
   outer loop
     vertex  8.528229e-02  1.072331e-01  8.341491e-01
     vertex  8.381985e-02  1.036218e-01  8.285953e-01
     vertex  8.937061e-02  1.036218e-01  8.334692e-01
   endloop
 endfacet
 facet normal -3.148751e-01 -8.787800e-01  3.586077e-01
   outer loop
     vertex  8.528229e-02  1.072331e-01  8.341491e-01
     vertex  8.500897e-02  1.099660e-01  8.406064e-01
     vertex  8.149034e-02  1.099660e-01  8.375169e-01
   endloop
 endfacet
 facet normal -3.080039e-01 -7.584947e-01  5.742990e-01
   outer loop
     vertex  8.528229e-02  1.072331e-01  8.341491e-01
     vertex  8.017932e-02  1.072331e-01  8.314123e-01
     vertex  8.381985e-02  1.036218e-01  8.285953e-01
   endloop
 endfacet
 facet normal -5.209509e-01 -3.291658e-01  7.875659e-01
   outer loop
     vertex  8.092771e-02  1.007877e-01  8.254977e-01
     vertex  8.682200e-02  9.426087e-02  8.266687e-01
     vertex  8.381985e-02  1.036218e-01  8.285953e-01
   endloop
 endfacet
 facet normal -4.933659e-01 -2.990068e-01  8.168140e-01
   outer loop
     vertex  8.092771e-02  1.007877e-01  8.254977e-01
     vertex  8.404519e-02  9.426087e-02  8.249915e-01
     vertex  8.682200e-02  9.426087e-02  8.266687e-01
   endloop
 endfacet
 facet normal -1.925576e-01 -6.277961e-01  7.541841e-01
   outer loop
     vertex  8.092771e-02  1.007877e-01  8.254977e-01
     vertex  8.381985e-02  1.036218e-01  8.285953e-01
     vertex  7.745679e-02  1.036218e-01  8.269707e-01
   endloop
 endfacet
 facet normal  1.046198e-01 -2.431620e-01  9.643272e-01
   outer loop
     vertex  7.924321e-02  9.925644e-02  8.244865e-01
     vertex  7.263635e-02  9.925644e-02  8.252033e-01
     vertex  7.479456e-02  9.426087e-02  8.237095e-01
   endloop
 endfacet
 facet normal -5.195023e-02 -5.098978e-01  8.586649e-01
   outer loop
     vertex  7.924321e-02  9.925644e-02  8.244865e-01
     vertex  8.092771e-02  1.007877e-01  8.254977e-01
     vertex  7.745679e-02  1.036218e-01  8.269707e-01
   endloop
 endfacet
 facet normal -3.370840e-01 -2.317821e-01  9.124974e-01
   outer loop
     vertex  7.924321e-02  9.925644e-02  8.244865e-01
     vertex  8.404519e-02  9.426087e-02  8.249915e-01
     vertex  8.092771e-02  1.007877e-01  8.254977e-01
   endloop
 endfacet
 facet normal  1.272508e-02 -4.906128e-01  8.712848e-01
   outer loop
     vertex  7.924321e-02  9.925644e-02  8.244865e-01
     vertex  7.745679e-02  1.036218e-01  8.269707e-01
     vertex  7.430337e-02  1.007877e-01  8.254209e-01
   endloop
 endfacet
 facet normal  6.599623e-02 -2.104842e-01  9.753671e-01
   outer loop
     vertex  7.924321e-02  9.925644e-02  8.244865e-01
     vertex  7.479456e-02  9.426087e-02  8.237095e-01
     vertex  7.813477e-02  9.426087e-02  8.234835e-01
   endloop
 endfacet
 facet normal -1.454515e-01 -1.636420e-01  9.757383e-01
   outer loop
     vertex  7.924321e-02  9.925644e-02  8.244865e-01
     vertex  7.813477e-02  9.426087e-02  8.234835e-01
     vertex  8.112849e-02  9.426087e-02  8.239297e-01
   endloop
 endfacet
 facet normal -3.330810e-01 -2.276817e-01  9.149963e-01
   outer loop
     vertex  7.924321e-02  9.925644e-02  8.244865e-01
     vertex  8.112849e-02  9.426087e-02  8.239297e-01
     vertex  8.404519e-02  9.426087e-02  8.249915e-01
   endloop
 endfacet
 facet normal  1.044194e-01 -2.504585e-01  9.624797e-01
   outer loop
     vertex  7.924321e-02  9.925644e-02  8.244865e-01
     vertex  7.430337e-02  1.007877e-01  8.254209e-01
     vertex  7.263635e-02  9.925644e-02  8.252033e-01
   endloop
 endfacet
 facet normal -4.794044e-01 -8.464520e-01  2.317121e-01
   outer loop
     vertex  8.935896e-02  1.072331e-01  8.396227e-01
     vertex  8.749775e-02  1.099660e-01  8.457556e-01
     vertex  8.500897e-02  1.099660e-01  8.406064e-01
   endloop
 endfacet
 facet normal -6.526708e-01 -7.456591e-01  1.342138e-01
   outer loop
     vertex  8.935896e-02  1.072331e-01  8.396227e-01
     vertex  9.099727e-02  1.082005e-01  8.529645e-01
     vertex  8.749775e-02  1.099660e-01  8.457556e-01
   endloop
 endfacet
 facet normal -5.613383e-01 -7.142187e-01  4.180801e-01
   outer loop
     vertex  8.935896e-02  1.072331e-01  8.396227e-01
     vertex  8.528229e-02  1.072331e-01  8.341491e-01
     vertex  8.937061e-02  1.036218e-01  8.334692e-01
   endloop
 endfacet
 facet normal -4.466173e-01 -8.305936e-01  3.326369e-01
   outer loop
     vertex  8.935896e-02  1.072331e-01  8.396227e-01
     vertex  8.500897e-02  1.099660e-01  8.406064e-01
     vertex  8.528229e-02  1.072331e-01  8.341491e-01
   endloop
 endfacet
 facet normal -7.058725e-01 -6.949502e-01  1.370697e-01
   outer loop
     vertex  8.935896e-02  1.072331e-01  8.396227e-01
     vertex  9.329675e-02  1.036218e-01  8.415922e-01
     vertex  9.099727e-02  1.082005e-01  8.529645e-01
   endloop
 endfacet
 facet normal -7.222051e-01 -5.971373e-01  3.490658e-01
   outer loop
     vertex  8.935896e-02  1.072331e-01  8.396227e-01
     vertex  8.937061e-02  1.036218e-01  8.334692e-01
     vertex  9.329675e-02  1.036218e-01  8.415922e-01
   endloop
 endfacet
 facet normal  5.639423e-01 -5.190967e-01  6.422676e-01
   outer loop
     vertex  6.817020e-02  9.925644e-02  8.276341e-01
     vertex  7.109373e-02  1.036218e-01  8.285953e-01
     vertex  6.554297e-02  1.036218e-01  8.334692e-01
   endloop
 endfacet
 facet normal  4.252538e-01 -4.568345e-01  7.813203e-01
   outer loop
     vertex  6.817020e-02  9.925644e-02  8.276341e-01
     vertex  7.263635e-02  9.925644e-02  8.252033e-01
     vertex  7.109373e-02  1.036218e-01  8.285953e-01
   endloop
 endfacet
 facet normal  4.685573e-01 -1.983341e-01  8.608819e-01
   outer loop
     vertex  6.817020e-02  9.925644e-02  8.276341e-01
     vertex  7.116761e-02  9.426087e-02  8.248518e-01
     vertex  7.263635e-02  9.925644e-02  8.252033e-01
   endloop
 endfacet
 facet normal  6.972101e-01 -1.577592e-01  6.992925e-01
   outer loop
     vertex  6.817020e-02  9.925644e-02  8.276341e-01
     vertex  6.432188e-02  9.426087e-02  8.303440e-01
     vertex  6.774386e-02  9.426087e-02  8.269322e-01
   endloop
 endfacet
 facet normal  5.124086e-01 -1.622195e-01  8.432807e-01
   outer loop
     vertex  6.817020e-02  9.925644e-02  8.276341e-01
     vertex  6.774386e-02  9.426087e-02  8.269322e-01
     vertex  7.116761e-02  9.426087e-02  8.248518e-01
   endloop
 endfacet
 facet normal  7.730649e-01 -2.893063e-01  5.645109e-01
   outer loop
     vertex  6.817020e-02  9.925644e-02  8.276341e-01
     vertex  6.554297e-02  1.036218e-01  8.334692e-01
     vertex  6.432188e-02  9.426087e-02  8.303440e-01
   endloop
 endfacet
 facet normal  0.000000e+00 -1.000000e+00  0.000000e+00
   outer loop
     vertex  7.859254e-02  8.622000e-02  8.518819e-01
     vertex  7.797929e-02  8.622000e-02  8.543700e-01
     vertex  7.763300e-02  8.622000e-02  8.544120e-01
   endloop
 endfacet
 facet normal  0.000000e+00 -1.000000e+00  0.000000e+00
   outer loop
     vertex  7.859254e-02  8.622000e-02  8.518819e-01
     vertex  7.830545e-02  8.622000e-02  8.542463e-01
     vertex  7.797929e-02  8.622000e-02  8.543700e-01
   endloop
 endfacet
 facet normal  0.000000e+00 -1.000000e+00  0.000000e+00
   outer loop
     vertex  7.859254e-02  8.622000e-02  8.518819e-01
     vertex  7.859254e-02  8.622000e-02  8.540481e-01
     vertex  7.830545e-02  8.622000e-02  8.542463e-01
   endloop
 endfacet
 facet normal  0.000000e+00 -1.000000e+00  0.000000e+00
   outer loop
     vertex  7.859254e-02  8.622000e-02  8.518819e-01
     vertex  7.882386e-02  8.622000e-02  8.537870e-01
     vertex  7.859254e-02  8.622000e-02  8.540481e-01
   endloop
 endfacet
 facet normal  0.000000e+00 -1.000000e+00  0.000000e+00
   outer loop
     vertex  7.859254e-02  8.622000e-02  8.518819e-01
     vertex  7.898597e-02  8.622000e-02  8.534781e-01
     vertex  7.882386e-02  8.622000e-02  8.537870e-01
   endloop
 endfacet
 facet normal  0.000000e+00 -1.000000e+00  0.000000e+00
   outer loop
     vertex  7.859254e-02  8.622000e-02  8.518819e-01
     vertex  7.906945e-02  8.622000e-02  8.531394e-01
     vertex  7.898597e-02  8.622000e-02  8.534781e-01
   endloop
 endfacet
 facet normal  0.000000e+00 -1.000000e+00  0.000000e+00
   outer loop
     vertex  7.859254e-02  8.622000e-02  8.518819e-01
     vertex  7.906945e-02  8.622000e-02  8.527906e-01
     vertex  7.906945e-02  8.622000e-02  8.531394e-01
   endloop
 endfacet
 facet normal  0.000000e+00 -1.000000e+00  0.000000e+00
   outer loop
     vertex  7.859254e-02  8.622000e-02  8.518819e-01
     vertex  7.898597e-02  8.622000e-02  8.524519e-01
     vertex  7.906945e-02  8.622000e-02  8.527906e-01
   endloop
 endfacet
 facet normal  0.000000e+00 -1.000000e+00  0.000000e+00
   outer loop
     vertex  7.859254e-02  8.622000e-02  8.518819e-01
     vertex  7.882386e-02  8.622000e-02  8.521430e-01
     vertex  7.898597e-02  8.622000e-02  8.524519e-01
   endloop
 endfacet
 facet normal  0.000000e+00 -1.000000e+00  0.000000e+00
   outer loop
     vertex  7.859254e-02  8.622000e-02  8.518819e-01
     vertex  7.797929e-02  8.622000e-02  8.515600e-01
     vertex  7.830545e-02  8.622000e-02  8.516837e-01
   endloop
 endfacet
 facet normal  0.000000e+00 -1.000000e+00  0.000000e+00
   outer loop
     vertex  7.859254e-02  8.622000e-02  8.518819e-01
     vertex  7.763300e-02  8.622000e-02  8.515180e-01
     vertex  7.797929e-02  8.622000e-02  8.515600e-01
   endloop
 endfacet
 facet normal  0.000000e+00 -1.000000e+00  0.000000e+00
   outer loop
     vertex  7.859254e-02  8.622000e-02  8.518819e-01
     vertex  7.728671e-02  8.622000e-02  8.515600e-01
     vertex  7.763300e-02  8.622000e-02  8.515180e-01
   endloop
 endfacet
 facet normal  0.000000e+00 -1.000000e+00  0.000000e+00
   outer loop
     vertex  7.859254e-02  8.622000e-02  8.518819e-01
     vertex  7.696055e-02  8.622000e-02  8.516837e-01
     vertex  7.728671e-02  8.622000e-02  8.515600e-01
   endloop
 endfacet
 facet normal  0.000000e+00 -1.000000e+00  0.000000e+00
   outer loop
     vertex  7.859254e-02  8.622000e-02  8.518819e-01
     vertex  7.667346e-02  8.622000e-02  8.518819e-01
     vertex  7.696055e-02  8.622000e-02  8.516837e-01
   endloop
 endfacet
 facet normal -0.000000e+00 -1.000000e+00  0.000000e+00
   outer loop
     vertex  7.859254e-02  8.622000e-02  8.518819e-01
     vertex  7.644214e-02  8.622000e-02  8.521430e-01
     vertex  7.667346e-02  8.622000e-02  8.518819e-01
   endloop
 endfacet
 facet normal  0.000000e+00 -1.000000e+00  0.000000e+00
   outer loop
     vertex  7.859254e-02  8.622000e-02  8.518819e-01
     vertex  7.628003e-02  8.622000e-02  8.524519e-01
     vertex  7.644214e-02  8.622000e-02  8.521430e-01
   endloop
 endfacet
 facet normal  0.000000e+00 -1.000000e+00  0.000000e+00
   outer loop
     vertex  7.859254e-02  8.622000e-02  8.518819e-01
     vertex  7.619655e-02  8.622000e-02  8.527906e-01
     vertex  7.628003e-02  8.622000e-02  8.524519e-01
   endloop
 endfacet
 facet normal  0.000000e+00 -1.000000e+00  0.000000e+00
   outer loop
     vertex  7.859254e-02  8.622000e-02  8.518819e-01
     vertex  7.619655e-02  8.622000e-02  8.531394e-01
     vertex  7.619655e-02  8.622000e-02  8.527906e-01
   endloop
 endfacet
 facet normal  0.000000e+00 -1.000000e+00  0.000000e+00
   outer loop
     vertex  7.859254e-02  8.622000e-02  8.518819e-01
     vertex  7.628003e-02  8.622000e-02  8.534781e-01
     vertex  7.619655e-02  8.622000e-02  8.531394e-01
   endloop
 endfacet
 facet normal  0.000000e+00 -1.000000e+00  0.000000e+00
   outer loop
     vertex  7.859254e-02  8.622000e-02  8.518819e-01
     vertex  7.644214e-02  8.622000e-02  8.537870e-01
     vertex  7.628003e-02  8.622000e-02  8.534781e-01
   endloop
 endfacet
 facet normal  0.000000e+00 -1.000000e+00  0.000000e+00
   outer loop
     vertex  7.859254e-02  8.622000e-02  8.518819e-01
     vertex  7.667346e-02  8.622000e-02  8.540481e-01
     vertex  7.644214e-02  8.622000e-02  8.537870e-01
   endloop
 endfacet
 facet normal  0.000000e+00 -1.000000e+00  0.000000e+00
   outer loop
     vertex  7.859254e-02  8.622000e-02  8.518819e-01
     vertex  7.696055e-02  8.622000e-02  8.542463e-01
     vertex  7.667346e-02  8.622000e-02  8.540481e-01
   endloop
 endfacet
 facet normal  0.000000e+00 -1.000000e+00  0.000000e+00
   outer loop
     vertex  7.859254e-02  8.622000e-02  8.518819e-01
     vertex  7.728671e-02  8.622000e-02  8.543700e-01
     vertex  7.696055e-02  8.622000e-02  8.542463e-01
   endloop
 endfacet
 facet normal  0.000000e+00 -1.000000e+00  0.000000e+00
   outer loop
     vertex  7.859254e-02  8.622000e-02  8.518819e-01
     vertex  7.763300e-02  8.622000e-02  8.544120e-01
     vertex  7.728671e-02  8.622000e-02  8.543700e-01
   endloop
 endfacet
 facet normal -1.073089e-01 -9.941609e-01 -1.135250e-02
   outer loop
     vertex  7.898643e-02  1.123013e-01  8.538565e-01
     vertex  7.908080e-02  1.123013e-01  8.529645e-01
     vertex  8.357606e-02  1.118161e-01  8.529645e-01
   endloop
 endfacet
 facet normal -9.899198e-01 -9.103230e-02 -1.084985e-01
   outer loop
     vertex  9.590127e-02  9.426087e-02  8.640951e-01
     vertex  9.676535e-02  9.813065e-02  8.529645e-01
     vertex  9.712121e-02  9.426087e-02  8.529645e-01
   endloop
 endfacet
 facet normal -1.080894e-01 -9.940441e-01  1.389053e-02
   outer loop
     vertex  8.357606e-02  1.118161e-01  8.529645e-01
     vertex  7.906549e-02  1.123013e-01  8.525887e-01
     vertex  7.902124e-02  1.123013e-01  8.522443e-01
   endloop
 endfacet
 facet normal -1.073148e-01 -9.942155e-01  4.372558e-03
   outer loop
     vertex  8.357606e-02  1.118161e-01  8.529645e-01
     vertex  7.908080e-02  1.123013e-01  8.529645e-01
     vertex  7.906549e-02  1.123013e-01  8.525887e-01
   endloop
 endfacet
 facet normal -9.166146e-01 -3.453722e-01  2.013347e-01
   outer loop
     vertex  9.663707e-02  9.426087e-02  8.457422e-01
     vertex  9.676535e-02  9.813065e-02  8.529645e-01
     vertex  9.527309e-02  9.426087e-02  8.395325e-01
   endloop
 endfacet
 facet normal -9.935872e-01 -9.136956e-02  6.660396e-02
   outer loop
     vertex  9.712121e-02  9.426087e-02  8.529645e-01
     vertex  9.676535e-02  9.813065e-02  8.529645e-01
     vertex  9.663707e-02  9.426087e-02  8.457422e-01
   endloop
 endfacet
 facet normal -3.288343e-01 -9.422886e-01 -6.293063e-02
   outer loop
     vertex  8.749775e-02  1.099660e-01  8.601734e-01
     vertex  8.357606e-02  1.118161e-01  8.529645e-01
     vertex  8.757779e-02  1.104196e-01  8.529645e-01
   endloop
 endfacet
 facet normal -5.434289e-01 -8.373993e-01 -5.871447e-02
   outer loop
     vertex  8.749775e-02  1.099660e-01  8.601734e-01
     vertex  8.757779e-02  1.104196e-01  8.529645e-01
     vertex  9.099727e-02  1.082005e-01  8.529645e-01
   endloop
 endfacet
 facet normal -9.513833e-01 -2.604585e-01 -1.644117e-01
   outer loop
     vertex  9.329675e-02  1.036218e-01  8.643368e-01
     vertex  9.676535e-02  9.813065e-02  8.529645e-01
     vertex  9.590127e-02  9.426087e-02  8.640951e-01
   endloop
 endfacet
 facet normal -7.262167e-01 -6.759495e-01 -1.253061e-01
   outer loop
     vertex  9.329675e-02  1.036218e-01  8.643368e-01
     vertex  9.099727e-02  1.082005e-01  8.529645e-01
     vertex  9.374580e-02  1.052476e-01  8.529645e-01
   endloop
 endfacet
 facet normal -8.705252e-01 -4.811895e-01 -1.031624e-01
   outer loop
     vertex  9.329675e-02  1.036218e-01  8.643368e-01
     vertex  9.374580e-02  1.052476e-01  8.529645e-01
     vertex  9.573466e-02  1.016495e-01  8.529645e-01
   endloop
 endfacet
 facet normal -9.480700e-01 -2.776939e-01 -1.550789e-01
   outer loop
     vertex  9.329675e-02  1.036218e-01  8.643368e-01
     vertex  9.573466e-02  1.016495e-01  8.529645e-01
     vertex  9.676535e-02  9.813065e-02  8.529645e-01
   endloop
 endfacet
 facet normal -9.129376e-01 -2.455907e-01 -3.259297e-01
   outer loop
     vertex  9.329675e-02  1.036218e-01  8.643368e-01
     vertex  9.590127e-02  9.426087e-02  8.640951e-01
     vertex  9.336936e-02  9.426087e-02  8.711870e-01
   endloop
 endfacet
 facet normal -4.540839e-02 -9.855360e-01 -1.632691e-01
   outer loop
     vertex  8.149034e-02  1.099660e-01  8.684121e-01
     vertex  7.764185e-02  1.123013e-01  8.553864e-01
     vertex  7.792931e-02  1.123013e-01  8.553065e-01
   endloop
 endfacet
 facet normal -7.207212e-03 -9.864367e-01 -1.639840e-01
   outer loop
     vertex  7.745679e-02  1.099660e-01  8.694420e-01
     vertex  7.737830e-02  1.123013e-01  8.553980e-01
     vertex  7.764185e-02  1.123013e-01  8.553864e-01
   endloop
 endfacet
 facet normal  2.860158e-02 -9.860263e-01 -1.641159e-01
   outer loop
     vertex  7.745679e-02  1.099660e-01  8.694420e-01
     vertex  7.711660e-02  1.123013e-01  8.553524e-01
     vertex  7.737830e-02  1.123013e-01  8.553980e-01
   endloop
 endfacet
 facet normal -4.194616e-02 -9.855200e-01 -1.642891e-01
   outer loop
     vertex  7.745679e-02  1.099660e-01  8.694420e-01
     vertex  7.764185e-02  1.123013e-01  8.553864e-01
     vertex  8.149034e-02  1.099660e-01  8.684121e-01
   endloop
 endfacet
 facet normal  6.406166e-02 -9.853470e-01 -1.580740e-01
   outer loop
     vertex  7.342324e-02  1.099660e-01  8.684121e-01
     vertex  7.686294e-02  1.123013e-01  8.552496e-01
     vertex  7.711660e-02  1.123013e-01  8.553524e-01
   endloop
 endfacet
 facet normal  9.930382e-02 -9.838977e-01 -1.486073e-01
   outer loop
     vertex  7.342324e-02  1.099660e-01  8.684121e-01
     vertex  7.662351e-02  1.123013e-01  8.550896e-01
     vertex  7.686294e-02  1.123013e-01  8.552496e-01
   endloop
 endfacet
 facet normal  4.196240e-02 -9.855087e-01 -1.643527e-01
   outer loop
     vertex  7.342324e-02  1.099660e-01  8.684121e-01
     vertex  7.711660e-02  1.123013e-01  8.553524e-01
     vertex  7.745679e-02  1.099660e-01  8.694420e-01
   endloop
 endfacet
 facet normal  1.345413e-01 -9.815774e-01 -1.356627e-01
   outer loop
     vertex  6.990461e-02  1.099660e-01  8.653226e-01
     vertex  7.640451e-02  1.123013e-01  8.548724e-01
     vertex  7.662351e-02  1.123013e-01  8.550896e-01
   endloop
 endfacet
 facet normal  1.248054e-01 -9.819470e-01 -1.421395e-01
   outer loop
     vertex  6.990461e-02  1.099660e-01  8.653226e-01
     vertex  7.662351e-02  1.123013e-01  8.550896e-01
     vertex  7.342324e-02  1.099660e-01  8.684121e-01
   endloop
 endfacet
 facet normal  6.426273e-01 -3.309329e-01 -6.910236e-01
   outer loop
     vertex  6.554297e-02  1.036218e-01  8.724599e-01
     vertex  6.779033e-02  9.426087e-02  8.790328e-01
     vertex  6.520408e-02  9.426087e-02  8.766277e-01
   endloop
 endfacet
 facet normal  7.639305e-01 -2.853493e-01 -5.787796e-01
   outer loop
     vertex  6.554297e-02  1.036218e-01  8.724599e-01
     vertex  6.520408e-02  9.426087e-02  8.766277e-01
     vertex  6.290043e-02  9.426087e-02  8.735871e-01
   endloop
 endfacet
 facet normal  8.443067e-01 -2.924160e-01 -4.490424e-01
   outer loop
     vertex  6.554297e-02  1.036218e-01  8.724599e-01
     vertex  6.290043e-02  9.426087e-02  8.735871e-01
     vertex  6.094533e-02  9.426087e-02  8.699110e-01
   endloop
 endfacet
 facet normal  6.189568e-01 -3.463754e-01 -7.049231e-01
   outer loop
     vertex  6.554297e-02  1.036218e-01  8.724599e-01
     vertex  7.109373e-02  1.036218e-01  8.773337e-01
     vertex  6.779033e-02  9.426087e-02  8.790328e-01
   endloop
 endfacet
 facet normal  9.096083e-01 -2.587928e-01 -3.250217e-01
   outer loop
     vertex  6.161683e-02  1.036218e-01  8.643368e-01
     vertex  6.094533e-02  9.426087e-02  8.699110e-01
     vertex  5.940474e-02  9.426087e-02  8.655995e-01
   endloop
 endfacet
 facet normal  9.509848e-01 -2.493915e-01 -1.828438e-01
   outer loop
     vertex  6.161683e-02  1.036218e-01  8.643368e-01
     vertex  5.940474e-02  9.426087e-02  8.655995e-01
     vertex  5.810939e-02  9.426087e-02  8.588623e-01
   endloop
 endfacet
 facet normal  8.565846e-01 -3.079833e-01 -4.140159e-01
   outer loop
     vertex  6.161683e-02  1.036218e-01  8.643368e-01
     vertex  6.554297e-02  1.036218e-01  8.724599e-01
     vertex  6.094533e-02  9.426087e-02  8.699110e-01
   endloop
 endfacet
 facet normal  9.508666e-01 -2.834571e-01 -1.245182e-01
   outer loop
     vertex  6.012760e-02  1.036218e-01  8.529645e-01
     vertex  6.161683e-02  1.036218e-01  8.643368e-01
     vertex  5.810939e-02  9.426087e-02  8.588623e-01
   endloop
 endfacet
 facet normal  1.207670e-01 -9.823227e-01  1.430296e-01
   outer loop
     vertex  7.342324e-02  1.099660e-01  8.375169e-01
     vertex  7.674918e-02  1.123013e-01  8.507469e-01
     vertex  7.647175e-02  1.123013e-01  8.509811e-01
   endloop
 endfacet
 facet normal  7.652878e-02 -9.850049e-01  1.546243e-01
   outer loop
     vertex  7.342324e-02  1.099660e-01  8.375169e-01
     vertex  7.705190e-02  1.123013e-01  8.505971e-01
     vertex  7.674918e-02  1.123013e-01  8.507469e-01
   endloop
 endfacet
 facet normal  1.247423e-01 -9.819655e-01  1.420676e-01
   outer loop
     vertex  7.342324e-02  1.099660e-01  8.375169e-01
     vertex  7.647175e-02  1.123013e-01  8.509811e-01
     vertex  6.990461e-02  1.099660e-01  8.406064e-01
   endloop
 endfacet
 facet normal  8.210936e-01 -2.742346e-01  5.006003e-01
   outer loop
     vertex  6.554297e-02  1.036218e-01  8.334692e-01
     vertex  6.118256e-02  9.426087e-02  8.354932e-01
     vertex  6.432188e-02  9.426087e-02  8.303440e-01
   endloop
 endfacet
 facet normal  8.561871e-01 -3.093438e-01  4.138238e-01
   outer loop
     vertex  6.554297e-02  1.036218e-01  8.334692e-01
     vertex  6.161683e-02  1.036218e-01  8.415922e-01
     vertex  6.118256e-02  9.426087e-02  8.354932e-01
   endloop
 endfacet
 facet normal  3.611061e-02 -9.857688e-01  1.641822e-01
   outer loop
     vertex  7.745679e-02  1.099660e-01  8.364870e-01
     vertex  7.733677e-02  1.123013e-01  8.505344e-01
     vertex  7.705190e-02  1.123013e-01  8.505971e-01
   endloop
 endfacet
 facet normal -1.314918e-03 -9.864631e-01  1.639779e-01
   outer loop
     vertex  7.745679e-02  1.099660e-01  8.364870e-01
     vertex  7.759627e-02  1.123013e-01  8.505365e-01
     vertex  7.733677e-02  1.123013e-01  8.505344e-01
   endloop
 endfacet
 facet normal -3.681998e-02 -9.857380e-01  1.642098e-01
   outer loop
     vertex  7.745679e-02  1.099660e-01  8.364870e-01
     vertex  7.785259e-02  1.123013e-01  8.505940e-01
     vertex  7.759627e-02  1.123013e-01  8.505365e-01
   endloop
 endfacet
 facet normal  4.195099e-02 -9.855166e-01  1.643081e-01
   outer loop
     vertex  7.745679e-02  1.099660e-01  8.364870e-01
     vertex  7.705190e-02  1.123013e-01  8.505971e-01
     vertex  7.342324e-02  1.099660e-01  8.375169e-01
   endloop
 endfacet
 facet normal -4.195326e-02 -9.855150e-01  1.643169e-01
   outer loop
     vertex  8.149034e-02  1.099660e-01  8.375169e-01
     vertex  7.785259e-02  1.123013e-01  8.505940e-01
     vertex  7.745679e-02  1.099660e-01  8.364870e-01
   endloop
 endfacet
 facet normal -7.126152e-02 -9.851670e-01  1.561019e-01
   outer loop
     vertex  8.149034e-02  1.099660e-01  8.375169e-01
     vertex  7.809983e-02  1.123013e-01  8.507068e-01
     vertex  7.785259e-02  1.123013e-01  8.505940e-01
   endloop
 endfacet
 facet normal -1.063372e-01 -9.834369e-01  1.467793e-01
   outer loop
     vertex  8.149034e-02  1.099660e-01  8.375169e-01
     vertex  7.833209e-02  1.123013e-01  8.508751e-01
     vertex  7.809983e-02  1.123013e-01  8.507068e-01
   endloop
 endfacet
 facet normal -1.398911e-01 -9.813019e-01  1.322008e-01
   outer loop
     vertex  8.500897e-02  1.099660e-01  8.406064e-01
     vertex  7.854345e-02  1.123013e-01  8.510988e-01
     vertex  7.833209e-02  1.123013e-01  8.508751e-01
   endloop
 endfacet
 facet normal -1.248145e-01 -9.819444e-01  1.421499e-01
   outer loop
     vertex  8.500897e-02  1.099660e-01  8.406064e-01
     vertex  7.833209e-02  1.123013e-01  8.508751e-01
     vertex  8.149034e-02  1.099660e-01  8.375169e-01
   endloop
 endfacet
 facet normal -3.288343e-01 -9.422886e-01  6.293063e-02
   outer loop
     vertex  8.749775e-02  1.099660e-01  8.457556e-01
     vertex  8.757779e-02  1.104196e-01  8.529645e-01
     vertex  8.357606e-02  1.118161e-01  8.529645e-01
   endloop
 endfacet
 facet normal -5.434289e-01 -8.373993e-01  5.871447e-02
   outer loop
     vertex  8.749775e-02  1.099660e-01  8.457556e-01
     vertex  9.099727e-02  1.082005e-01  8.529645e-01
     vertex  8.757779e-02  1.104196e-01  8.529645e-01
   endloop
 endfacet
 facet normal -6.195529e-01 -3.439190e-01  7.056019e-01
   outer loop
     vertex  8.937061e-02  1.036218e-01  8.334692e-01
     vertex  8.381985e-02  1.036218e-01  8.285953e-01
     vertex  8.682200e-02  9.426087e-02  8.266687e-01
   endloop
 endfacet
 facet normal -6.255219e-01 -3.398830e-01  7.022833e-01
   outer loop
     vertex  8.937061e-02  1.036218e-01  8.334692e-01
     vertex  8.682200e-02  9.426087e-02  8.266687e-01
     vertex  8.939607e-02  9.426087e-02  8.289614e-01
   endloop
 endfacet
 facet normal -7.498963e-01 -2.886788e-01  5.952479e-01
   outer loop
     vertex  8.937061e-02  1.036218e-01  8.334692e-01
     vertex  8.939607e-02  9.426087e-02  8.289614e-01
     vertex  9.170451e-02  9.426087e-02  8.318696e-01
   endloop
 endfacet
 facet normal -8.347859e-01 -2.882830e-01  4.690687e-01
   outer loop
     vertex  8.937061e-02  1.036218e-01  8.334692e-01
     vertex  9.170451e-02  9.426087e-02  8.318696e-01
     vertex  9.368448e-02  9.426087e-02  8.353933e-01
   endloop
 endfacet
 facet normal -9.547856e-01 -2.401431e-01  1.752588e-01
   outer loop
     vertex  9.329675e-02  1.036218e-01  8.415922e-01
     vertex  9.527309e-02  9.426087e-02  8.395325e-01
     vertex  9.676535e-02  9.813065e-02  8.529645e-01
   endloop
 endfacet
 facet normal -8.561455e-01 -3.094858e-01  4.138036e-01
   outer loop
     vertex  9.329675e-02  1.036218e-01  8.415922e-01
     vertex  8.937061e-02  1.036218e-01  8.334692e-01
     vertex  9.368448e-02  9.426087e-02  8.353933e-01
   endloop
 endfacet
 facet normal -8.999633e-01 -2.660078e-01  3.454070e-01
   outer loop
     vertex  9.329675e-02  1.036218e-01  8.415922e-01
     vertex  9.368448e-02  9.426087e-02  8.353933e-01
     vertex  9.527309e-02  9.426087e-02  8.395325e-01
   endloop
 endfacet
 facet normal -7.262167e-01 -6.759495e-01  1.253061e-01
   outer loop
     vertex  9.329675e-02  1.036218e-01  8.415922e-01
     vertex  9.374580e-02  1.052476e-01  8.529645e-01
     vertex  9.099727e-02  1.082005e-01  8.529645e-01
   endloop
 endfacet
 facet normal -8.705252e-01 -4.811895e-01  1.031624e-01
   outer loop
     vertex  9.329675e-02  1.036218e-01  8.415922e-01
     vertex  9.573466e-02  1.016495e-01  8.529645e-01
     vertex  9.374580e-02  1.052476e-01  8.529645e-01
   endloop
 endfacet
 facet normal -9.480700e-01 -2.776939e-01  1.550789e-01
   outer loop
     vertex  9.329675e-02  1.036218e-01  8.415922e-01
     vertex  9.676535e-02  9.813065e-02  8.529645e-01
     vertex  9.573466e-02  1.016495e-01  8.529645e-01
   endloop
 endfacet
 facet normal -1.042357e-01 -9.938615e-01 -3.707181e-02
   outer loop
     vertex  8.317510e-02  1.116968e-01  8.582847e-01
     vertex  7.876248e-02  1.123013e-01  8.544862e-01
     vertex  7.898643e-02  1.123013e-01  8.538565e-01
   endloop
 endfacet
 facet normal -3.532997e-01 -9.342999e-01 -4.757116e-02
   outer loop
     vertex  8.317510e-02  1.116968e-01  8.582847e-01
     vertex  8.357606e-02  1.118161e-01  8.529645e-01
     vertex  8.749775e-02  1.099660e-01  8.601734e-01
   endloop
 endfacet
 facet normal -1.109704e-01 -9.933515e-01 -3.063169e-02
   outer loop
     vertex  8.317510e-02  1.116968e-01  8.582847e-01
     vertex  7.898643e-02  1.123013e-01  8.538565e-01
     vertex  8.357606e-02  1.118161e-01  8.529645e-01
   endloop
 endfacet
 facet normal -3.103212e-01 -9.387248e-01 -1.499886e-01
   outer loop
     vertex  8.317510e-02  1.116968e-01  8.582847e-01
     vertex  8.749775e-02  1.099660e-01  8.601734e-01
     vertex  8.500897e-02  1.099660e-01  8.653226e-01
   endloop
 endfacet
 facet normal -8.607572e-02 -9.946778e-01 -5.663081e-02
   outer loop
     vertex  8.134199e-02  1.116968e-01  8.611827e-01
     vertex  7.850603e-02  1.123013e-01  8.548760e-01
     vertex  7.876248e-02  1.123013e-01  8.544862e-01
   endloop
 endfacet
 facet normal -6.327911e-02 -9.957454e-01 -6.698419e-02
   outer loop
     vertex  8.134199e-02  1.116968e-01  8.611827e-01
     vertex  7.823206e-02  1.123013e-01  8.551348e-01
     vertex  7.850603e-02  1.123013e-01  8.548760e-01
   endloop
 endfacet
 facet normal -4.370129e-02 -9.960664e-01 -7.708352e-02
   outer loop
     vertex  8.134199e-02  1.116968e-01  8.611827e-01
     vertex  7.792931e-02  1.123013e-01  8.553065e-01
     vertex  7.823206e-02  1.123013e-01  8.551348e-01
   endloop
 endfacet
 facet normal -1.970628e-01 -9.543565e-01 -2.244326e-01
   outer loop
     vertex  8.134199e-02  1.116968e-01  8.611827e-01
     vertex  8.500897e-02  1.099660e-01  8.653226e-01
     vertex  8.149034e-02  1.099660e-01  8.684121e-01
   endloop
 endfacet
 facet normal  2.303741e-01 -9.452791e-01 -2.310306e-01
   outer loop
     vertex  8.134199e-02  1.116968e-01  8.611827e-01
     vertex  8.149034e-02  1.099660e-01  8.684121e-01
     vertex  7.792931e-02  1.123013e-01  8.553065e-01
   endloop
 endfacet
 facet normal -8.821023e-02 -9.945380e-01 -5.579598e-02
   outer loop
     vertex  8.134199e-02  1.116968e-01  8.611827e-01
     vertex  7.876248e-02  1.123013e-01  8.544862e-01
     vertex  8.317510e-02  1.116968e-01  8.582847e-01
   endloop
 endfacet
 facet normal -2.618061e-01 -9.508069e-01 -1.656013e-01
   outer loop
     vertex  8.134199e-02  1.116968e-01  8.611827e-01
     vertex  8.317510e-02  1.116968e-01  8.582847e-01
     vertex  8.500897e-02  1.099660e-01  8.653226e-01
   endloop
 endfacet
 facet normal -7.222051e-01 -5.971373e-01 -3.490658e-01
   outer loop
     vertex  8.935896e-02  1.072331e-01  8.663063e-01
     vertex  9.329675e-02  1.036218e-01  8.643368e-01
     vertex  8.937061e-02  1.036218e-01  8.724599e-01
   endloop
 endfacet
 facet normal -6.526708e-01 -7.456591e-01 -1.342138e-01
   outer loop
     vertex  8.935896e-02  1.072331e-01  8.663063e-01
     vertex  8.749775e-02  1.099660e-01  8.601734e-01
     vertex  9.099727e-02  1.082005e-01  8.529645e-01
   endloop
 endfacet
 facet normal -4.794044e-01 -8.464520e-01 -2.317121e-01
   outer loop
     vertex  8.935896e-02  1.072331e-01  8.663063e-01
     vertex  8.500897e-02  1.099660e-01  8.653226e-01
     vertex  8.749775e-02  1.099660e-01  8.601734e-01
   endloop
 endfacet
 facet normal -7.058725e-01 -6.949502e-01 -1.370697e-01
   outer loop
     vertex  8.935896e-02  1.072331e-01  8.663063e-01
     vertex  9.099727e-02  1.082005e-01  8.529645e-01
     vertex  9.329675e-02  1.036218e-01  8.643368e-01
   endloop
 endfacet
 facet normal -3.148751e-01 -8.787800e-01 -3.586077e-01
   outer loop
     vertex  8.528229e-02  1.072331e-01  8.717799e-01
     vertex  8.149034e-02  1.099660e-01  8.684121e-01
     vertex  8.500897e-02  1.099660e-01  8.653226e-01
   endloop
 endfacet
 facet normal -4.932474e-01 -6.641832e-01 -5.617540e-01
   outer loop
     vertex  8.528229e-02  1.072331e-01  8.717799e-01
     vertex  8.937061e-02  1.036218e-01  8.724599e-01
     vertex  8.381985e-02  1.036218e-01  8.773337e-01
   endloop
 endfacet
 facet normal -4.466173e-01 -8.305936e-01 -3.326369e-01
   outer loop
     vertex  8.528229e-02  1.072331e-01  8.717799e-01
     vertex  8.500897e-02  1.099660e-01  8.653226e-01
     vertex  8.935896e-02  1.072331e-01  8.663063e-01
   endloop
 endfacet
 facet normal -5.613383e-01 -7.142187e-01 -4.180801e-01
   outer loop
     vertex  8.528229e-02  1.072331e-01  8.717799e-01
     vertex  8.935896e-02  1.072331e-01  8.663063e-01
     vertex  8.937061e-02  1.036218e-01  8.724599e-01
   endloop
 endfacet
 facet normal -1.086489e-01 -8.983930e-01 -4.255414e-01
   outer loop
     vertex  8.017932e-02  1.072331e-01  8.745167e-01
     vertex  7.745679e-02  1.099660e-01  8.694420e-01
     vertex  8.149034e-02  1.099660e-01  8.684121e-01
   endloop
 endfacet
 facet normal -3.080039e-01 -7.584947e-01 -5.742990e-01
   outer loop
     vertex  8.017932e-02  1.072331e-01  8.745167e-01
     vertex  8.528229e-02  1.072331e-01  8.717799e-01
     vertex  8.381985e-02  1.036218e-01  8.773337e-01
   endloop
 endfacet
 facet normal -1.744713e-01 -7.089416e-01 -6.833459e-01
   outer loop
     vertex  8.017932e-02  1.072331e-01  8.745167e-01
     vertex  8.381985e-02  1.036218e-01  8.773337e-01
     vertex  7.745679e-02  1.036218e-01  8.789583e-01
   endloop
 endfacet
 facet normal -2.353308e-01 -8.672251e-01 -4.387938e-01
   outer loop
     vertex  8.017932e-02  1.072331e-01  8.745167e-01
     vertex  8.149034e-02  1.099660e-01  8.684121e-01
     vertex  8.528229e-02  1.072331e-01  8.717799e-01
   endloop
 endfacet
 facet normal -8.735754e-01 -2.420526e-01 -4.222281e-01
   outer loop
     vertex  8.849423e-02  9.925644e-02  8.767756e-01
     vertex  8.937061e-02  1.036218e-01  8.724599e-01
     vertex  9.329675e-02  1.036218e-01  8.643368e-01
   endloop
 endfacet
 facet normal -5.631651e-01 -5.210313e-01 -6.413825e-01
   outer loop
     vertex  8.849423e-02  9.925644e-02  8.767756e-01
     vertex  8.381985e-02  1.036218e-01  8.773337e-01
     vertex  8.937061e-02  1.036218e-01  8.724599e-01
   endloop
 endfacet
 facet normal -8.195562e-01 -1.984429e-01 -5.375388e-01
   outer loop
     vertex  8.849423e-02  9.925644e-02  8.767756e-01
     vertex  9.336936e-02  9.426087e-02  8.711870e-01
     vertex  9.006937e-02  9.426087e-02  8.762183e-01
   endloop
 endfacet
 facet normal -6.705688e-01 -1.299531e-01 -7.303764e-01
   outer loop
     vertex  8.849423e-02  9.925644e-02  8.767756e-01
     vertex  9.006937e-02  9.426087e-02  8.762183e-01
     vertex  8.651205e-02  9.426087e-02  8.794843e-01
   endloop
 endfacet
 facet normal -8.373305e-01 -3.270664e-01 -4.380699e-01
   outer loop
     vertex  8.849423e-02  9.925644e-02  8.767756e-01
     vertex  9.329675e-02  1.036218e-01  8.643368e-01
     vertex  9.336936e-02  9.426087e-02  8.711870e-01
   endloop
 endfacet
 facet normal  1.744713e-01 -7.089416e-01 -6.833459e-01
   outer loop
     vertex  7.473426e-02  1.072331e-01  8.745167e-01
     vertex  7.745679e-02  1.036218e-01  8.789583e-01
     vertex  7.109373e-02  1.036218e-01  8.773337e-01
   endloop
 endfacet
 facet normal  1.086489e-01 -8.983930e-01 -4.255414e-01
   outer loop
     vertex  7.473426e-02  1.072331e-01  8.745167e-01
     vertex  7.342324e-02  1.099660e-01  8.684121e-01
     vertex  7.745679e-02  1.099660e-01  8.694420e-01
   endloop
 endfacet
 facet normal  0.000000e+00 -7.759070e-01 -6.308472e-01
   outer loop
     vertex  7.473426e-02  1.072331e-01  8.745167e-01
     vertex  8.017932e-02  1.072331e-01  8.745167e-01
     vertex  7.745679e-02  1.036218e-01  8.789583e-01
   endloop
 endfacet
 facet normal  0.000000e+00 -8.804383e-01 -4.741608e-01
   outer loop
     vertex  7.473426e-02  1.072331e-01  8.745167e-01
     vertex  7.745679e-02  1.099660e-01  8.694420e-01
     vertex  8.017932e-02  1.072331e-01  8.745167e-01
   endloop
 endfacet
 facet normal -1.928429e-01 -6.263636e-01 -7.553014e-01
   outer loop
     vertex  8.046070e-02  1.007877e-01  8.805417e-01
     vertex  7.745679e-02  1.036218e-01  8.789583e-01
     vertex  8.381985e-02  1.036218e-01  8.773337e-01
   endloop
 endfacet
 facet normal -4.683749e-01 -1.905113e-01 -8.627459e-01
   outer loop
     vertex  8.205101e-02  9.925644e-02  8.808031e-01
     vertex  8.651205e-02  9.426087e-02  8.794843e-01
     vertex  8.298084e-02  9.426087e-02  8.814014e-01
   endloop
 endfacet
 facet normal -2.561180e-01 -1.618143e-01 -9.530056e-01
   outer loop
     vertex  8.205101e-02  9.925644e-02  8.808031e-01
     vertex  8.298084e-02  9.426087e-02  8.814014e-01
     vertex  7.964224e-02  9.426087e-02  8.822986e-01
   endloop
 endfacet
 facet normal -5.142766e-01 -2.420581e-01 -8.227560e-01
   outer loop
     vertex  8.205101e-02  9.925644e-02  8.808031e-01
     vertex  8.849423e-02  9.925644e-02  8.767756e-01
     vertex  8.651205e-02  9.426087e-02  8.794843e-01
   endloop
 endfacet
 facet normal -3.448784e-01 -4.943818e-01 -7.979007e-01
   outer loop
     vertex  8.205101e-02  9.925644e-02  8.808031e-01
     vertex  8.046070e-02  1.007877e-01  8.805417e-01
     vertex  8.381985e-02  1.036218e-01  8.773337e-01
   endloop
 endfacet
 facet normal -4.816907e-01 -4.172680e-01 -7.706240e-01
   outer loop
     vertex  8.205101e-02  9.925644e-02  8.808031e-01
     vertex  8.381985e-02  1.036218e-01  8.773337e-01
     vertex  8.849423e-02  9.925644e-02  8.767756e-01
   endloop
 endfacet
 facet normal  8.428385e-02 -9.946881e-01 -5.909145e-02
   outer loop
     vertex  7.184389e-02  1.116968e-01  8.585427e-01
     vertex  7.621215e-02  1.123013e-01  8.545980e-01
     vertex  7.640451e-02  1.123013e-01  8.548724e-01
   endloop
 endfacet
 facet normal  9.591719e-02 -9.943188e-01 -4.615217e-02
   outer loop
     vertex  7.184389e-02  1.116968e-01  8.585427e-01
     vertex  7.605261e-02  1.123013e-01  8.542665e-01
     vertex  7.621215e-02  1.123013e-01  8.545980e-01
   endloop
 endfacet
 facet normal  1.085157e-01 -9.935254e-01 -3.364033e-02
   outer loop
     vertex  7.184389e-02  1.116968e-01  8.585427e-01
     vertex  7.593209e-02  1.123013e-01  8.538777e-01
     vertex  7.605261e-02  1.123013e-01  8.542665e-01
   endloop
 endfacet
 facet normal  3.113315e-01 -9.383120e-01 -1.504769e-01
   outer loop
     vertex  7.184389e-02  1.116968e-01  8.585427e-01
     vertex  6.990461e-02  1.099660e-01  8.653226e-01
     vertex  6.741583e-02  1.099660e-01  8.601734e-01
   endloop
 endfacet
 facet normal -9.075230e-02 -9.584009e-01 -2.706135e-01
   outer loop
     vertex  7.184389e-02  1.116968e-01  8.585427e-01
     vertex  7.640451e-02  1.123013e-01  8.548724e-01
     vertex  6.990461e-02  1.099660e-01  8.653226e-01
   endloop
 endfacet
 facet normal  3.148751e-01 -8.787800e-01 -3.586077e-01
   outer loop
     vertex  6.963129e-02  1.072331e-01  8.717799e-01
     vertex  6.990461e-02  1.099660e-01  8.653226e-01
     vertex  7.342324e-02  1.099660e-01  8.684121e-01
   endloop
 endfacet
 facet normal  3.080039e-01 -7.584947e-01 -5.742990e-01
   outer loop
     vertex  6.963129e-02  1.072331e-01  8.717799e-01
     vertex  7.473426e-02  1.072331e-01  8.745167e-01
     vertex  7.109373e-02  1.036218e-01  8.773337e-01
   endloop
 endfacet
 facet normal  2.353308e-01 -8.672251e-01 -4.387938e-01
   outer loop
     vertex  6.963129e-02  1.072331e-01  8.717799e-01
     vertex  7.342324e-02  1.099660e-01  8.684121e-01
     vertex  7.473426e-02  1.072331e-01  8.745167e-01
   endloop
 endfacet
 facet normal  4.932474e-01 -6.641832e-01 -5.617540e-01
   outer loop
     vertex  6.963129e-02  1.072331e-01  8.717799e-01
     vertex  7.109373e-02  1.036218e-01  8.773337e-01
     vertex  6.554297e-02  1.036218e-01  8.724599e-01
   endloop
 endfacet
 facet normal  1.165377e-01 -9.930385e-01 -1.713173e-02
   outer loop
     vertex  7.107043e-02  1.116968e-01  8.558450e-01
     vertex  7.584281e-02  1.123013e-01  8.532704e-01
     vertex  7.593209e-02  1.123013e-01  8.538777e-01
   endloop
 endfacet
 facet normal  1.106689e-01 -9.933507e-01 -3.173068e-02
   outer loop
     vertex  7.107043e-02  1.116968e-01  8.558450e-01
     vertex  7.593209e-02  1.123013e-01  8.538777e-01
     vertex  7.184389e-02  1.116968e-01  8.585427e-01
   endloop
 endfacet
 facet normal  3.318021e-01 -9.385398e-01 -9.513337e-02
   outer loop
     vertex  7.107043e-02  1.116968e-01  8.558450e-01
     vertex  7.184389e-02  1.116968e-01  8.585427e-01
     vertex  6.741583e-02  1.099660e-01  8.601734e-01
   endloop
 endfacet
 facet normal  3.788807e-01 -9.241146e-01 -4.961533e-02
   outer loop
     vertex  7.107043e-02  1.116968e-01  8.558450e-01
     vertex  6.741583e-02  1.099660e-01  8.601734e-01
     vertex  6.647181e-02  1.099660e-01  8.529645e-01
   endloop
 endfacet
 facet normal  1.925615e-01 -6.277766e-01 -7.541993e-01
   outer loop
     vertex  7.391068e-02  1.007877e-01  8.804120e-01
     vertex  7.109373e-02  1.036218e-01  8.773337e-01
     vertex  7.745679e-02  1.036218e-01  8.789583e-01
   endloop
 endfacet
 facet normal  5.081783e-01 -3.064518e-01 -8.048864e-01
   outer loop
     vertex  7.391068e-02  1.007877e-01  8.804120e-01
     vertex  7.059322e-02  9.426087e-02  8.808025e-01
     vertex  6.779033e-02  9.426087e-02  8.790328e-01
   endloop
 endfacet
 facet normal  5.266924e-01 -3.281957e-01 -7.841445e-01
   outer loop
     vertex  7.391068e-02  1.007877e-01  8.804120e-01
     vertex  6.779033e-02  9.426087e-02  8.790328e-01
     vertex  7.109373e-02  1.036218e-01  8.773337e-01
   endloop
 endfacet
 facet normal -4.027475e-03 -4.909687e-01 -8.711679e-01
   outer loop
     vertex  7.555342e-02  9.925644e-02  8.814273e-01
     vertex  7.745679e-02  1.036218e-01  8.789583e-01
     vertex  8.046070e-02  1.007877e-01  8.805417e-01
   endloop
 endfacet
 facet normal -4.372483e-02 -2.062795e-01 -9.775157e-01
   outer loop
     vertex  7.555342e-02  9.925644e-02  8.814273e-01
     vertex  7.964224e-02  9.426087e-02  8.822986e-01
     vertex  7.658513e-02  9.426087e-02  8.824354e-01
   endloop
 endfacet
 facet normal  1.597977e-01 -1.634418e-01 -9.735253e-01
   outer loop
     vertex  7.555342e-02  9.925644e-02  8.814273e-01
     vertex  7.658513e-02  9.426087e-02  8.824354e-01
     vertex  7.354681e-02  9.426087e-02  8.819366e-01
   endloop
 endfacet
 facet normal  3.486481e-01 -2.326113e-01 -9.079298e-01
   outer loop
     vertex  7.555342e-02  9.925644e-02  8.814273e-01
     vertex  7.354681e-02  9.426087e-02  8.819366e-01
     vertex  7.059322e-02  9.426087e-02  8.808025e-01
   endloop
 endfacet
 facet normal -9.274084e-02 -2.442618e-01 -9.652644e-01
   outer loop
     vertex  7.555342e-02  9.925644e-02  8.814273e-01
     vertex  8.205101e-02  9.925644e-02  8.808031e-01
     vertex  7.964224e-02  9.426087e-02  8.822986e-01
   endloop
 endfacet
 facet normal -9.234890e-02 -2.599905e-01 -9.611850e-01
   outer loop
     vertex  7.555342e-02  9.925644e-02  8.814273e-01
     vertex  8.046070e-02  1.007877e-01  8.805417e-01
     vertex  8.205101e-02  9.925644e-02  8.808031e-01
   endloop
 endfacet
 facet normal  3.468662e-01 -2.306955e-01 -9.091004e-01
   outer loop
     vertex  7.555342e-02  9.925644e-02  8.814273e-01
     vertex  7.059322e-02  9.426087e-02  8.808025e-01
     vertex  7.391068e-02  1.007877e-01  8.804120e-01
   endloop
 endfacet
 facet normal  5.547550e-02 -5.097620e-01 -8.585250e-01
   outer loop
     vertex  7.555342e-02  9.925644e-02  8.814273e-01
     vertex  7.391068e-02  1.007877e-01  8.804120e-01
     vertex  7.745679e-02  1.036218e-01  8.789583e-01
   endloop
 endfacet
 facet normal  5.613383e-01 -7.142187e-01 -4.180801e-01
   outer loop
     vertex  6.555462e-02  1.072331e-01  8.663063e-01
     vertex  6.963129e-02  1.072331e-01  8.717799e-01
     vertex  6.554297e-02  1.036218e-01  8.724599e-01
   endloop
 endfacet
 facet normal  4.794044e-01 -8.464520e-01 -2.317121e-01
   outer loop
     vertex  6.555462e-02  1.072331e-01  8.663063e-01
     vertex  6.741583e-02  1.099660e-01  8.601734e-01
     vertex  6.990461e-02  1.099660e-01  8.653226e-01
   endloop
 endfacet
 facet normal  7.222051e-01 -5.971373e-01 -3.490658e-01
   outer loop
     vertex  6.555462e-02  1.072331e-01  8.663063e-01
     vertex  6.554297e-02  1.036218e-01  8.724599e-01
     vertex  6.161683e-02  1.036218e-01  8.643368e-01
   endloop
 endfacet
 facet normal  4.466173e-01 -8.305936e-01 -3.326369e-01
   outer loop
     vertex  6.555462e-02  1.072331e-01  8.663063e-01
     vertex  6.990461e-02  1.099660e-01  8.653226e-01
     vertex  6.963129e-02  1.072331e-01  8.717799e-01
   endloop
 endfacet
 facet normal  3.778209e-01 -9.245558e-01  4.947654e-02
   outer loop
     vertex  7.111981e-02  1.116968e-01  8.498127e-01
     vertex  6.647181e-02  1.099660e-01  8.529645e-01
     vertex  6.741583e-02  1.099660e-01  8.457556e-01
   endloop
 endfacet
 facet normal  1.254690e-01 -9.920954e-01  2.056409e-03
   outer loop
     vertex  7.111981e-02  1.116968e-01  8.498127e-01
     vertex  7.585524e-02  1.123013e-01  8.525121e-01
     vertex  7.584281e-02  1.123013e-01  8.532704e-01
   endloop
 endfacet
 facet normal  1.139836e-01 -9.932287e-01  2.245891e-02
   outer loop
     vertex  7.111981e-02  1.116968e-01  8.498127e-01
     vertex  7.598334e-02  1.123013e-01  8.518619e-01
     vertex  7.585524e-02  1.123013e-01  8.525121e-01
   endloop
 endfacet
 facet normal  1.262063e-01 -9.920035e-01  1.033213e-03
   outer loop
     vertex  7.111981e-02  1.116968e-01  8.498127e-01
     vertex  7.584281e-02  1.123013e-01  8.532704e-01
     vertex  7.107043e-02  1.116968e-01  8.558450e-01
   endloop
 endfacet
 facet normal  3.506644e-01 -9.364968e-01  2.870783e-03
   outer loop
     vertex  7.111981e-02  1.116968e-01  8.498127e-01
     vertex  7.107043e-02  1.116968e-01  8.558450e-01
     vertex  6.647181e-02  1.099660e-01  8.529645e-01
   endloop
 endfacet
 facet normal  5.668928e-01 -8.204398e-01 -7.423597e-02
   outer loop
     vertex  6.318844e-02  1.072331e-01  8.580960e-01
     vertex  6.647181e-02  1.099660e-01  8.529645e-01
     vertex  6.741583e-02  1.099660e-01  8.601734e-01
   endloop
 endfacet
 facet normal  5.927720e-01 -7.870433e-01 -1.708336e-01
   outer loop
     vertex  6.318844e-02  1.072331e-01  8.580960e-01
     vertex  6.741583e-02  1.099660e-01  8.601734e-01
     vertex  6.555462e-02  1.072331e-01  8.663063e-01
   endloop
 endfacet
 facet normal  7.153781e-01 -6.676293e-01 -2.061680e-01
   outer loop
     vertex  6.318844e-02  1.072331e-01  8.580960e-01
     vertex  6.555462e-02  1.072331e-01  8.663063e-01
     vertex  6.161683e-02  1.036218e-01  8.643368e-01
   endloop
 endfacet
 facet normal  8.290989e-01 -5.484588e-01 -1.085725e-01
   outer loop
     vertex  6.318844e-02  1.072331e-01  8.580960e-01
     vertex  6.161683e-02  1.036218e-01  8.643368e-01
     vertex  6.012760e-02  1.036218e-01  8.529645e-01
   endloop
 endfacet
 facet normal  9.923311e-02 -9.941564e-01  4.249451e-02
   outer loop
     vertex  7.183450e-02  1.116968e-01  8.474086e-01
     vertex  7.620665e-02  1.123013e-01  8.513404e-01
     vertex  7.598334e-02  1.123013e-01  8.518619e-01
   endloop
 endfacet
 facet normal  8.267149e-02 -9.947085e-01  6.099546e-02
   outer loop
     vertex  7.183450e-02  1.116968e-01  8.474086e-01
     vertex  7.647175e-02  1.123013e-01  8.509811e-01
     vertex  7.620665e-02  1.123013e-01  8.513404e-01
   endloop
 endfacet
 facet normal  3.308320e-01 -9.385512e-01  9.834577e-02
   outer loop
     vertex  7.183450e-02  1.116968e-01  8.474086e-01
     vertex  7.111981e-02  1.116968e-01  8.498127e-01
     vertex  6.741583e-02  1.099660e-01  8.457556e-01
   endloop
 endfacet
 facet normal  1.097276e-01 -9.934263e-01  3.261851e-02
   outer loop
     vertex  7.183450e-02  1.116968e-01  8.474086e-01
     vertex  7.598334e-02  1.123013e-01  8.518619e-01
     vertex  7.111981e-02  1.116968e-01  8.498127e-01
   endloop
 endfacet
 facet normal  3.112610e-01 -9.383408e-01  1.504428e-01
   outer loop
     vertex  7.183450e-02  1.116968e-01  8.474086e-01
     vertex  6.741583e-02  1.099660e-01  8.457556e-01
     vertex  6.990461e-02  1.099660e-01  8.406064e-01
   endloop
 endfacet
 facet normal -8.070076e-02 -9.602494e-01  2.672235e-01
   outer loop
     vertex  7.183450e-02  1.116968e-01  8.474086e-01
     vertex  6.990461e-02  1.099660e-01  8.406064e-01
     vertex  7.647175e-02  1.123013e-01  8.509811e-01
   endloop
 endfacet
 facet normal  5.668928e-01 -8.204398e-01  7.423597e-02
   outer loop
     vertex  6.318844e-02  1.072331e-01  8.478330e-01
     vertex  6.741583e-02  1.099660e-01  8.457556e-01
     vertex  6.647181e-02  1.099660e-01  8.529645e-01
   endloop
 endfacet
 facet normal  8.290989e-01 -5.484588e-01  1.085725e-01
   outer loop
     vertex  6.318844e-02  1.072331e-01  8.478330e-01
     vertex  6.012760e-02  1.036218e-01  8.529645e-01
     vertex  6.161683e-02  1.036218e-01  8.415922e-01
   endloop
 endfacet
 facet normal  6.397498e-01 -7.685833e-01  0.000000e+00
   outer loop
     vertex  6.318844e-02  1.072331e-01  8.478330e-01
     vertex  6.647181e-02  1.099660e-01  8.529645e-01
     vertex  6.318844e-02  1.072331e-01  8.580960e-01
   endloop
 endfacet
 facet normal  7.628446e-01 -6.465819e-01  0.000000e+00
   outer loop
     vertex  6.318844e-02  1.072331e-01  8.478330e-01
     vertex  6.318844e-02  1.072331e-01  8.580960e-01
     vertex  6.012760e-02  1.036218e-01  8.529645e-01
   endloop
 endfacet
 facet normal  5.927720e-01 -7.870433e-01  1.708336e-01
   outer loop
     vertex  6.555462e-02  1.072331e-01  8.396227e-01
     vertex  6.741583e-02  1.099660e-01  8.457556e-01
     vertex  6.318844e-02  1.072331e-01  8.478330e-01
   endloop
 endfacet
 facet normal  4.794044e-01 -8.464520e-01  2.317121e-01
   outer loop
     vertex  6.555462e-02  1.072331e-01  8.396227e-01
     vertex  6.990461e-02  1.099660e-01  8.406064e-01
     vertex  6.741583e-02  1.099660e-01  8.457556e-01
   endloop
 endfacet
 facet normal  7.222051e-01 -5.971373e-01  3.490658e-01
   outer loop
     vertex  6.555462e-02  1.072331e-01  8.396227e-01
     vertex  6.161683e-02  1.036218e-01  8.415922e-01
     vertex  6.554297e-02  1.036218e-01  8.334692e-01
   endloop
 endfacet
 facet normal  7.153781e-01 -6.676293e-01  2.061680e-01
   outer loop
     vertex  6.555462e-02  1.072331e-01  8.396227e-01
     vertex  6.318844e-02  1.072331e-01  8.478330e-01
     vertex  6.161683e-02  1.036218e-01  8.415922e-01
   endloop
 endfacet
 facet normal  9.681827e-01 -2.487926e-01 -2.691444e-02
   outer loop
     vertex  5.900850e-02  9.925644e-02  8.450275e-01
     vertex  5.810939e-02  9.426087e-02  8.588623e-01
     vertex  5.786528e-02  9.426087e-02  8.500809e-01
   endloop
 endfacet
 facet normal  9.868418e-01 -8.986130e-02  1.344182e-01
   outer loop
     vertex  5.900850e-02  9.925644e-02  8.450275e-01
     vertex  5.786528e-02  9.426087e-02  8.500809e-01
     vertex  5.895616e-02  9.426087e-02  8.420721e-01
   endloop
 endfacet
 facet normal  9.289139e-01 -1.957038e-01  3.143548e-01
   outer loop
     vertex  5.900850e-02  9.925644e-02  8.450275e-01
     vertex  5.895616e-02  9.426087e-02  8.420721e-01
     vertex  6.118256e-02  9.426087e-02  8.354932e-01
   endloop
 endfacet
 facet normal  8.902956e-01 -4.402060e-01  1.165863e-01
   outer loop
     vertex  5.900850e-02  9.925644e-02  8.450275e-01
     vertex  6.161683e-02  1.036218e-01  8.415922e-01
     vertex  6.012760e-02  1.036218e-01  8.529645e-01
   endloop
 endfacet
 facet normal  9.752536e-01 -2.204923e-01 -1.623607e-02
   outer loop
     vertex  5.900850e-02  9.925644e-02  8.450275e-01
     vertex  6.012760e-02  1.036218e-01  8.529645e-01
     vertex  5.810939e-02  9.426087e-02  8.588623e-01
   endloop
 endfacet
 facet normal  9.000597e-01 -2.664277e-01  3.448316e-01
   outer loop
     vertex  5.900850e-02  9.925644e-02  8.450275e-01
     vertex  6.118256e-02  9.426087e-02  8.354932e-01
     vertex  6.161683e-02  1.036218e-01  8.415922e-01
   endloop
 endfacet
 facet normal  5.613383e-01 -7.142187e-01  4.180801e-01
   outer loop
     vertex  6.963129e-02  1.072331e-01  8.341491e-01
     vertex  6.555462e-02  1.072331e-01  8.396227e-01
     vertex  6.554297e-02  1.036218e-01  8.334692e-01
   endloop
 endfacet
 facet normal  4.932474e-01 -6.641832e-01  5.617540e-01
   outer loop
     vertex  6.963129e-02  1.072331e-01  8.341491e-01
     vertex  6.554297e-02  1.036218e-01  8.334692e-01
     vertex  7.109373e-02  1.036218e-01  8.285953e-01
   endloop
 endfacet
 facet normal  3.148751e-01 -8.787800e-01  3.586077e-01
   outer loop
     vertex  6.963129e-02  1.072331e-01  8.341491e-01
     vertex  7.342324e-02  1.099660e-01  8.375169e-01
     vertex  6.990461e-02  1.099660e-01  8.406064e-01
   endloop
 endfacet
 facet normal  4.466173e-01 -8.305936e-01  3.326369e-01
   outer loop
     vertex  6.963129e-02  1.072331e-01  8.341491e-01
     vertex  6.990461e-02  1.099660e-01  8.406064e-01
     vertex  6.555462e-02  1.072331e-01  8.396227e-01
   endloop
 endfacet
 facet normal  3.080039e-01 -7.584947e-01  5.742990e-01
   outer loop
     vertex  7.473426e-02  1.072331e-01  8.314123e-01
     vertex  6.963129e-02  1.072331e-01  8.341491e-01
     vertex  7.109373e-02  1.036218e-01  8.285953e-01
   endloop
 endfacet
 facet normal  2.353308e-01 -8.672251e-01  4.387938e-01
   outer loop
     vertex  7.473426e-02  1.072331e-01  8.314123e-01
     vertex  7.342324e-02  1.099660e-01  8.375169e-01
     vertex  6.963129e-02  1.072331e-01  8.341491e-01
   endloop
 endfacet
 facet normal  1.086489e-01 -8.983930e-01  4.255414e-01
   outer loop
     vertex  7.473426e-02  1.072331e-01  8.314123e-01
     vertex  7.745679e-02  1.099660e-01  8.364870e-01
     vertex  7.342324e-02  1.099660e-01  8.375169e-01
   endloop
 endfacet
 facet normal  1.744713e-01 -7.089416e-01  6.833459e-01
   outer loop
     vertex  7.473426e-02  1.072331e-01  8.314123e-01
     vertex  7.109373e-02  1.036218e-01  8.285953e-01
     vertex  7.745679e-02  1.036218e-01  8.269707e-01
   endloop
 endfacet
 facet normal -1.086489e-01 -8.983930e-01  4.255414e-01
   outer loop
     vertex  8.017932e-02  1.072331e-01  8.314123e-01
     vertex  8.149034e-02  1.099660e-01  8.375169e-01
     vertex  7.745679e-02  1.099660e-01  8.364870e-01
   endloop
 endfacet
 facet normal  0.000000e+00 -7.759070e-01  6.308472e-01
   outer loop
     vertex  8.017932e-02  1.072331e-01  8.314123e-01
     vertex  7.473426e-02  1.072331e-01  8.314123e-01
     vertex  7.745679e-02  1.036218e-01  8.269707e-01
   endloop
 endfacet
 facet normal  0.000000e+00 -8.804383e-01  4.741608e-01
   outer loop
     vertex  8.017932e-02  1.072331e-01  8.314123e-01
     vertex  7.745679e-02  1.099660e-01  8.364870e-01
     vertex  7.473426e-02  1.072331e-01  8.314123e-01
   endloop
 endfacet
 facet normal -1.744713e-01 -7.089416e-01  6.833459e-01
   outer loop
     vertex  8.017932e-02  1.072331e-01  8.314123e-01
     vertex  7.745679e-02  1.036218e-01  8.269707e-01
     vertex  8.381985e-02  1.036218e-01  8.285953e-01
   endloop
 endfacet
 facet normal  1.926938e-01 -6.271131e-01  7.547174e-01
   outer loop
     vertex  7.430337e-02  1.007877e-01  8.254209e-01
     vertex  7.745679e-02  1.036218e-01  8.269707e-01
     vertex  7.109373e-02  1.036218e-01  8.285953e-01
   endloop
 endfacet
 facet normal  3.502745e-01 -4.943837e-01  7.955454e-01
   outer loop
     vertex  7.263635e-02  9.925644e-02  8.252033e-01
     vertex  7.430337e-02  1.007877e-01  8.254209e-01
     vertex  7.109373e-02  1.036218e-01  8.285953e-01
   endloop
 endfacet
 facet normal  2.968389e-01 -1.535901e-01  9.424950e-01
   outer loop
     vertex  7.263635e-02  9.925644e-02  8.252033e-01
     vertex  7.116761e-02  9.426087e-02  8.248518e-01
     vertex  7.479456e-02  9.426087e-02  8.237095e-01
   endloop
 endfacet
 facet normal -3.496732e-01 -9.355439e-01  4.986322e-02
   outer loop
     vertex  8.311527e-02  1.116968e-01  8.474955e-01
     vertex  8.749775e-02  1.099660e-01  8.457556e-01
     vertex  8.357606e-02  1.118161e-01  8.529645e-01
   endloop
 endfacet
 facet normal -1.107213e-01 -9.933682e-01  3.099146e-02
   outer loop
     vertex  8.311527e-02  1.116968e-01  8.474955e-01
     vertex  8.357606e-02  1.118161e-01  8.529645e-01
     vertex  7.902124e-02  1.123013e-01  8.522443e-01
   endloop
 endfacet
 facet normal -3.109547e-01 -9.384661e-01  1.502948e-01
   outer loop
     vertex  8.311527e-02  1.116968e-01  8.474955e-01
     vertex  8.500897e-02  1.099660e-01  8.406064e-01
     vertex  8.749775e-02  1.099660e-01  8.457556e-01
   endloop
 endfacet
 facet normal -8.644532e-02 -9.946147e-01  5.717368e-02
   outer loop
     vertex  8.311527e-02  1.116968e-01  8.474955e-01
     vertex  7.872801e-02  1.123013e-01  8.513778e-01
     vertex  7.854345e-02  1.123013e-01  8.510988e-01
   endloop
 endfacet
 facet normal -9.772169e-02 -9.942242e-01  4.436978e-02
   outer loop
     vertex  8.311527e-02  1.116968e-01  8.474955e-01
     vertex  7.887986e-02  1.123013e-01  8.517122e-01
     vertex  7.872801e-02  1.123013e-01  8.513778e-01
   endloop
 endfacet
 facet normal -1.121019e-01 -9.932502e-01  2.978625e-02
   outer loop
     vertex  8.311527e-02  1.116968e-01  8.474955e-01
     vertex  7.902124e-02  1.123013e-01  8.522443e-01
     vertex  7.887986e-02  1.123013e-01  8.517122e-01
   endloop
 endfacet
 facet normal  8.072410e-02 -9.612269e-01  2.636786e-01
   outer loop
     vertex  8.311527e-02  1.116968e-01  8.474955e-01
     vertex  7.854345e-02  1.123013e-01  8.510988e-01
     vertex  8.500897e-02  1.099660e-01  8.406064e-01
   endloop
 endfacet
 facet normal -2.353308e-01 -8.672251e-01  4.387938e-01
   outer loop
     vertex  8.528229e-02  1.072331e-01  8.341491e-01
     vertex  8.149034e-02  1.099660e-01  8.375169e-01
     vertex  8.017932e-02  1.072331e-01  8.314123e-01
   endloop
 endfacet
 facet normal -4.932474e-01 -6.641832e-01  5.617540e-01
   outer loop
     vertex  8.528229e-02  1.072331e-01  8.341491e-01
     vertex  8.381985e-02  1.036218e-01  8.285953e-01
     vertex  8.937061e-02  1.036218e-01  8.334692e-01
   endloop
 endfacet
 facet normal -3.148751e-01 -8.787800e-01  3.586077e-01
   outer loop
     vertex  8.528229e-02  1.072331e-01  8.341491e-01
     vertex  8.500897e-02  1.099660e-01  8.406064e-01
     vertex  8.149034e-02  1.099660e-01  8.375169e-01
   endloop
 endfacet
 facet normal -3.080039e-01 -7.584947e-01  5.742990e-01
   outer loop
     vertex  8.528229e-02  1.072331e-01  8.341491e-01
     vertex  8.017932e-02  1.072331e-01  8.314123e-01
     vertex  8.381985e-02  1.036218e-01  8.285953e-01
   endloop
 endfacet
 facet normal -5.209509e-01 -3.291658e-01  7.875659e-01
   outer loop
     vertex  8.092771e-02  1.007877e-01  8.254977e-01
     vertex  8.682200e-02  9.426087e-02  8.266687e-01
     vertex  8.381985e-02  1.036218e-01  8.285953e-01
   endloop
 endfacet
 facet normal -4.933659e-01 -2.990068e-01  8.168140e-01
   outer loop
     vertex  8.092771e-02  1.007877e-01  8.254977e-01
     vertex  8.404519e-02  9.426087e-02  8.249915e-01
     vertex  8.682200e-02  9.426087e-02  8.266687e-01
   endloop
 endfacet
 facet normal -1.925576e-01 -6.277961e-01  7.541841e-01
   outer loop
     vertex  8.092771e-02  1.007877e-01  8.254977e-01
     vertex  8.381985e-02  1.036218e-01  8.285953e-01
     vertex  7.745679e-02  1.036218e-01  8.269707e-01
   endloop
 endfacet
 facet normal  1.046198e-01 -2.431620e-01  9.643272e-01
   outer loop
     vertex  7.924321e-02  9.925644e-02  8.244865e-01
     vertex  7.263635e-02  9.925644e-02  8.252033e-01
     vertex  7.479456e-02  9.426087e-02  8.237095e-01
   endloop
 endfacet
 facet normal -5.195023e-02 -5.098978e-01  8.586649e-01
   outer loop
     vertex  7.924321e-02  9.925644e-02  8.244865e-01
     vertex  8.092771e-02  1.007877e-01  8.254977e-01
     vertex  7.745679e-02  1.036218e-01  8.269707e-01
   endloop
 endfacet
 facet normal -3.370840e-01 -2.317821e-01  9.124974e-01
   outer loop
     vertex  7.924321e-02  9.925644e-02  8.244865e-01
     vertex  8.404519e-02  9.426087e-02  8.249915e-01
     vertex  8.092771e-02  1.007877e-01  8.254977e-01
   endloop
 endfacet
 facet normal  1.272508e-02 -4.906128e-01  8.712848e-01
   outer loop
     vertex  7.924321e-02  9.925644e-02  8.244865e-01
     vertex  7.745679e-02  1.036218e-01  8.269707e-01
     vertex  7.430337e-02  1.007877e-01  8.254209e-01
   endloop
 endfacet
 facet normal  6.599623e-02 -2.104842e-01  9.753671e-01
   outer loop
     vertex  7.924321e-02  9.925644e-02  8.244865e-01
     vertex  7.479456e-02  9.426087e-02  8.237095e-01
     vertex  7.813477e-02  9.426087e-02  8.234835e-01
   endloop
 endfacet
 facet normal -1.454515e-01 -1.636420e-01  9.757383e-01
   outer loop
     vertex  7.924321e-02  9.925644e-02  8.244865e-01
     vertex  7.813477e-02  9.426087e-02  8.234835e-01
     vertex  8.112849e-02  9.426087e-02  8.239297e-01
   endloop
 endfacet
 facet normal -3.330810e-01 -2.276817e-01  9.149963e-01
   outer loop
     vertex  7.924321e-02  9.925644e-02  8.244865e-01
     vertex  8.112849e-02  9.426087e-02  8.239297e-01
     vertex  8.404519e-02  9.426087e-02  8.249915e-01
   endloop
 endfacet
 facet normal  1.044194e-01 -2.504585e-01  9.624797e-01
   outer loop
     vertex  7.924321e-02  9.925644e-02  8.244865e-01
     vertex  7.430337e-02  1.007877e-01  8.254209e-01
     vertex  7.263635e-02  9.925644e-02  8.252033e-01
   endloop
 endfacet
 facet normal -4.794044e-01 -8.464520e-01  2.317121e-01
   outer loop
     vertex  8.935896e-02  1.072331e-01  8.396227e-01
     vertex  8.749775e-02  1.099660e-01  8.457556e-01
     vertex  8.500897e-02  1.099660e-01  8.406064e-01
   endloop
 endfacet
 facet normal -6.526708e-01 -7.456591e-01  1.342138e-01
   outer loop
     vertex  8.935896e-02  1.072331e-01  8.396227e-01
     vertex  9.099727e-02  1.082005e-01  8.529645e-01
     vertex  8.749775e-02  1.099660e-01  8.457556e-01
   endloop
 endfacet
 facet normal -5.613383e-01 -7.142187e-01  4.180801e-01
   outer loop
     vertex  8.935896e-02  1.072331e-01  8.396227e-01
     vertex  8.528229e-02  1.072331e-01  8.341491e-01
     vertex  8.937061e-02  1.036218e-01  8.334692e-01
   endloop
 endfacet
 facet normal -4.466173e-01 -8.305936e-01  3.326369e-01
   outer loop
     vertex  8.935896e-02  1.072331e-01  8.396227e-01
     vertex  8.500897e-02  1.099660e-01  8.406064e-01
     vertex  8.528229e-02  1.072331e-01  8.341491e-01
   endloop
 endfacet
 facet normal -7.058725e-01 -6.949502e-01  1.370697e-01
   outer loop
     vertex  8.935896e-02  1.072331e-01  8.396227e-01
     vertex  9.329675e-02  1.036218e-01  8.415922e-01
     vertex  9.099727e-02  1.082005e-01  8.529645e-01
   endloop
 endfacet
 facet normal -7.222051e-01 -5.971373e-01  3.490658e-01
   outer loop
     vertex  8.935896e-02  1.072331e-01  8.396227e-01
     vertex  8.937061e-02  1.036218e-01  8.334692e-01
     vertex  9.329675e-02  1.036218e-01  8.415922e-01
   endloop
 endfacet
 facet normal  5.639423e-01 -5.190967e-01  6.422676e-01
   outer loop
     vertex  6.817020e-02  9.925644e-02  8.276341e-01
     vertex  7.109373e-02  1.036218e-01  8.285953e-01
     vertex  6.554297e-02  1.036218e-01  8.334692e-01
   endloop
 endfacet
 facet normal  4.252538e-01 -4.568345e-01  7.813203e-01
   outer loop
     vertex  6.817020e-02  9.925644e-02  8.276341e-01
     vertex  7.263635e-02  9.925644e-02  8.252033e-01
     vertex  7.109373e-02  1.036218e-01  8.285953e-01
   endloop
 endfacet
 facet normal  4.685573e-01 -1.983341e-01  8.608819e-01
   outer loop
     vertex  6.817020e-02  9.925644e-02  8.276341e-01
     vertex  7.116761e-02  9.426087e-02  8.248518e-01
     vertex  7.263635e-02  9.925644e-02  8.252033e-01
   endloop
 endfacet
 facet normal  6.972101e-01 -1.577592e-01  6.992925e-01
   outer loop
     vertex  6.817020e-02  9.925644e-02  8.276341e-01
     vertex  6.432188e-02  9.426087e-02  8.303440e-01
     vertex  6.774386e-02  9.426087e-02  8.269322e-01
   endloop
 endfacet
 facet normal  5.124086e-01 -1.622195e-01  8.432807e-01
   outer loop
     vertex  6.817020e-02  9.925644e-02  8.276341e-01
     vertex  6.774386e-02  9.426087e-02  8.269322e-01
     vertex  7.116761e-02  9.426087e-02  8.248518e-01
   endloop
 endfacet
 facet normal  7.730649e-01 -2.893063e-01  5.645109e-01
   outer loop
     vertex  6.817020e-02  9.925644e-02  8.276341e-01
     vertex  6.554297e-02  1.036218e-01  8.334692e-01
     vertex  6.432188e-02  9.426087e-02  8.303440e-01
   endloop
 endfacet
 facet normal  0.000000e+00  1.000000e+00  0.000000e+00
   outer loop
     vertex  7.859254e-02  1.123010e-01  8.540481e-01
     vertex  7.763300e-02  1.123010e-01  8.544120e-01
     vertex  7.797929e-02  1.123010e-01  8.543700e-01
   endloop
 endfacet
 facet normal  0.000000e+00  1.000000e+00  0.000000e+00
   outer loop
     vertex  7.859254e-02  1.123010e-01  8.540481e-01
     vertex  7.797929e-02  1.123010e-01  8.543700e-01
     vertex  7.830545e-02  1.123010e-01  8.542463e-01
   endloop
 endfacet
 facet normal  0.000000e+00  1.000000e+00  0.000000e+00
   outer loop
     vertex  7.859254e-02  1.123010e-01  8.540481e-01
     vertex  7.882386e-02  1.123010e-01  8.537870e-01
     vertex  7.898597e-02  1.123010e-01  8.534781e-01
   endloop
 endfacet
 facet normal  0.000000e+00  1.000000e+00  0.000000e+00
   outer loop
     vertex  7.859254e-02  1.123010e-01  8.540481e-01
     vertex  7.898597e-02  1.123010e-01  8.534781e-01
     vertex  7.906945e-02  1.123010e-01  8.531394e-01
   endloop
 endfacet
 facet normal  0.000000e+00  1.000000e+00  0.000000e+00
   outer loop
     vertex  7.859254e-02  1.123010e-01  8.540481e-01
     vertex  7.906945e-02  1.123010e-01  8.531394e-01
     vertex  7.906945e-02  1.123010e-01  8.527906e-01
   endloop
 endfacet
 facet normal  0.000000e+00  1.000000e+00  0.000000e+00
   outer loop
     vertex  7.859254e-02  1.123010e-01  8.540481e-01
     vertex  7.906945e-02  1.123010e-01  8.527906e-01
     vertex  7.898597e-02  1.123010e-01  8.524519e-01
   endloop
 endfacet
 facet normal  0.000000e+00  1.000000e+00  0.000000e+00
   outer loop
     vertex  7.859254e-02  1.123010e-01  8.540481e-01
     vertex  7.898597e-02  1.123010e-01  8.524519e-01
     vertex  7.882386e-02  1.123010e-01  8.521430e-01
   endloop
 endfacet
 facet normal  0.000000e+00  1.000000e+00  0.000000e+00
   outer loop
     vertex  7.859254e-02  1.123010e-01  8.540481e-01
     vertex  7.882386e-02  1.123010e-01  8.521430e-01
     vertex  7.859254e-02  1.123010e-01  8.518819e-01
   endloop
 endfacet
 facet normal  0.000000e+00  1.000000e+00  0.000000e+00
   outer loop
     vertex  7.859254e-02  1.123010e-01  8.540481e-01
     vertex  7.859254e-02  1.123010e-01  8.518819e-01
     vertex  7.830545e-02  1.123010e-01  8.516837e-01
   endloop
 endfacet
 facet normal  0.000000e+00  1.000000e+00  0.000000e+00
   outer loop
     vertex  7.859254e-02  1.123010e-01  8.540481e-01
     vertex  7.830545e-02  1.123010e-01  8.516837e-01
     vertex  7.797929e-02  1.123010e-01  8.515600e-01
   endloop
 endfacet
 facet normal  0.000000e+00  1.000000e+00  0.000000e+00
   outer loop
     vertex  7.859254e-02  1.123010e-01  8.540481e-01
     vertex  7.797929e-02  1.123010e-01  8.515600e-01
     vertex  7.763300e-02  1.123010e-01  8.515180e-01
   endloop
 endfacet
 facet normal  0.000000e+00  1.000000e+00  0.000000e+00
   outer loop
     vertex  7.859254e-02  1.123010e-01  8.540481e-01
     vertex  7.763300e-02  1.123010e-01  8.515180e-01
     vertex  7.728671e-02  1.123010e-01  8.515600e-01
   endloop
 endfacet
 facet normal  0.000000e+00  1.000000e+00  0.000000e+00
   outer loop
     vertex  7.859254e-02  1.123010e-01  8.540481e-01
     vertex  7.728671e-02  1.123010e-01  8.515600e-01
     vertex  7.696055e-02  1.123010e-01  8.516837e-01
   endloop
 endfacet
 facet normal  0.000000e+00  1.000000e+00  0.000000e+00
   outer loop
     vertex  7.859254e-02  1.123010e-01  8.540481e-01
     vertex  7.696055e-02  1.123010e-01  8.516837e-01
     vertex  7.667346e-02  1.123010e-01  8.518819e-01
   endloop
 endfacet
 facet normal  0.000000e+00  1.000000e+00  0.000000e+00
   outer loop
     vertex  7.859254e-02  1.123010e-01  8.540481e-01
     vertex  7.667346e-02  1.123010e-01  8.518819e-01
     vertex  7.644214e-02  1.123010e-01  8.521430e-01
   endloop
 endfacet
 facet normal  0.000000e+00  1.000000e+00  0.000000e+00
   outer loop
     vertex  7.859254e-02  1.123010e-01  8.540481e-01
     vertex  7.644214e-02  1.123010e-01  8.521430e-01
     vertex  7.628003e-02  1.123010e-01  8.524519e-01
   endloop
 endfacet
 facet normal  0.000000e+00  1.000000e+00  0.000000e+00
   outer loop
     vertex  7.859254e-02  1.123010e-01  8.540481e-01
     vertex  7.628003e-02  1.123010e-01  8.524519e-01
     vertex  7.619655e-02  1.123010e-01  8.527906e-01
   endloop
 endfacet
 facet normal  0.000000e+00  1.000000e+00  0.000000e+00
   outer loop
     vertex  7.859254e-02  1.123010e-01  8.540481e-01
     vertex  7.619655e-02  1.123010e-01  8.527906e-01
     vertex  7.619655e-02  1.123010e-01  8.531394e-01
   endloop
 endfacet
 facet normal  0.000000e+00  1.000000e+00  0.000000e+00
   outer loop
     vertex  7.859254e-02  1.123010e-01  8.540481e-01
     vertex  7.619655e-02  1.123010e-01  8.531394e-01
     vertex  7.628003e-02  1.123010e-01  8.534781e-01
   endloop
 endfacet
 facet normal  0.000000e+00  1.000000e+00  0.000000e+00
   outer loop
     vertex  7.859254e-02  1.123010e-01  8.540481e-01
     vertex  7.628003e-02  1.123010e-01  8.534781e-01
     vertex  7.644214e-02  1.123010e-01  8.537870e-01
   endloop
 endfacet
 facet normal  0.000000e+00  1.000000e+00  0.000000e+00
   outer loop
     vertex  7.859254e-02  1.123010e-01  8.540481e-01
     vertex  7.644214e-02  1.123010e-01  8.537870e-01
     vertex  7.667346e-02  1.123010e-01  8.540481e-01
   endloop
 endfacet
 facet normal  0.000000e+00  1.000000e+00  0.000000e+00
   outer loop
     vertex  7.859254e-02  1.123010e-01  8.540481e-01
     vertex  7.667346e-02  1.123010e-01  8.540481e-01
     vertex  7.696055e-02  1.123010e-01  8.542463e-01
   endloop
 endfacet
 facet normal  0.000000e+00  1.000000e+00  0.000000e+00
   outer loop
     vertex  7.859254e-02  1.123010e-01  8.540481e-01
     vertex  7.696055e-02  1.123010e-01  8.542463e-01
     vertex  7.728671e-02  1.123010e-01  8.543700e-01
   endloop
 endfacet
 facet normal  0.000000e+00  1.000000e+00  0.000000e+00
   outer loop
     vertex  7.859254e-02  1.123010e-01  8.540481e-01
     vertex  7.728671e-02  1.123010e-01  8.543700e-01
     vertex  7.763300e-02  1.123010e-01  8.544120e-01
   endloop
 endfacet
endsolid
